synthetic_path,nearest_real_path,cosine_similarity
/content/drive/MyDrive/MedSymmFlow_Project/synthetic_data/pneumoniamnist_normal_2280_filtered/normal_0736.png,/content/drive/MyDrive/MedSymmFlow_Project/fid_analysis/real_normal_1214/real_normal_0571.png,0.9650427103042603
/content/drive/MyDrive/MedSymmFlow_Project/synthetic_data/pneumoniamnist_normal_2280_filtered/normal_1026.png,/content/drive/MyDrive/MedSymmFlow_Project/fid_analysis/real_normal_1214/real_normal_0824.png,0.9647328853607178
/content/drive/MyDrive/MedSymmFlow_Project/synthetic_data/pneumoniamnist_normal_2280_filtered/normal_1600.png,/content/drive/MyDrive/MedSymmFlow_Project/fid_analysis/real_normal_1214/real_normal_0315.png,0.9646477699279785
/content/drive/MyDrive/MedSymmFlow_Project/synthetic_data/pneumoniamnist_normal_2280_filtered/normal_0361.png,/content/drive/MyDrive/MedSymmFlow_Project/fid_analysis/real_normal_1214/real_normal_0017.png,0.9645194411277771
/content/drive/MyDrive/MedSymmFlow_Project/synthetic_data/pneumoniamnist_normal_2280_filtered/normal_1340.png,/content/drive/MyDrive/MedSymmFlow_Project/fid_analysis/real_normal_1214/real_normal_0632.png,0.9640880823135376
/content/drive/MyDrive/MedSymmFlow_Project/synthetic_data/pneumoniamnist_normal_2280_filtered/normal_1605.png,/content/drive/MyDrive/MedSymmFlow_Project/fid_analysis/real_normal_1214/real_normal_0659.png,0.9636964797973633
/content/drive/MyDrive/MedSymmFlow_Project/synthetic_data/pneumoniamnist_normal_2280_filtered/normal_1969.png,/content/drive/MyDrive/MedSymmFlow_Project/fid_analysis/real_normal_1214/real_normal_0137.png,0.9633252620697021
/content/drive/MyDrive/MedSymmFlow_Project/synthetic_data/pneumoniamnist_normal_2280_filtered/normal_0519.png,/content/drive/MyDrive/MedSymmFlow_Project/fid_analysis/real_normal_1214/real_normal_0321.png,0.9633111953735352
/content/drive/MyDrive/MedSymmFlow_Project/synthetic_data/pneumoniamnist_normal_2280_filtered/normal_0261.png,/content/drive/MyDrive/MedSymmFlow_Project/fid_analysis/real_normal_1214/real_normal_0522.png,0.963182806968689
/content/drive/MyDrive/MedSymmFlow_Project/synthetic_data/pneumoniamnist_normal_2280_filtered/normal_1704.png,/content/drive/MyDrive/MedSymmFlow_Project/fid_analysis/real_normal_1214/real_normal_0968.png,0.9631505012512207
/content/drive/MyDrive/MedSymmFlow_Project/synthetic_data/pneumoniamnist_normal_2280_filtered/normal_0197.png,/content/drive/MyDrive/MedSymmFlow_Project/fid_analysis/real_normal_1214/real_normal_0719.png,0.9625874757766724
/content/drive/MyDrive/MedSymmFlow_Project/synthetic_data/pneumoniamnist_normal_2280_filtered/normal_1618.png,/content/drive/MyDrive/MedSymmFlow_Project/fid_analysis/real_normal_1214/real_normal_0659.png,0.9625622034072876
/content/drive/MyDrive/MedSymmFlow_Project/synthetic_data/pneumoniamnist_normal_2280_filtered/normal_1445.png,/content/drive/MyDrive/MedSymmFlow_Project/fid_analysis/real_normal_1214/real_normal_0934.png,0.9624427556991577
/content/drive/MyDrive/MedSymmFlow_Project/synthetic_data/pneumoniamnist_normal_2280_filtered/normal_0663.png,/content/drive/MyDrive/MedSymmFlow_Project/fid_analysis/real_normal_1214/real_normal_0824.png,0.9620732069015503
/content/drive/MyDrive/MedSymmFlow_Project/synthetic_data/pneumoniamnist_normal_2280_filtered/normal_1851.png,/content/drive/MyDrive/MedSymmFlow_Project/fid_analysis/real_normal_1214/real_normal_0928.png,0.9619922637939453
/content/drive/MyDrive/MedSymmFlow_Project/synthetic_data/pneumoniamnist_normal_2280_filtered/normal_1001.png,/content/drive/MyDrive/MedSymmFlow_Project/fid_analysis/real_normal_1214/real_normal_0492.png,0.9619166851043701
/content/drive/MyDrive/MedSymmFlow_Project/synthetic_data/pneumoniamnist_normal_2280_filtered/normal_1738.png,/content/drive/MyDrive/MedSymmFlow_Project/fid_analysis/real_normal_1214/real_normal_0492.png,0.9618520736694336
/content/drive/MyDrive/MedSymmFlow_Project/synthetic_data/pneumoniamnist_normal_2280_filtered/normal_0577.png,/content/drive/MyDrive/MedSymmFlow_Project/fid_analysis/real_normal_1214/real_normal_0552.png,0.9617332220077515
/content/drive/MyDrive/MedSymmFlow_Project/synthetic_data/pneumoniamnist_normal_2280_filtered/normal_0463.png,/content/drive/MyDrive/MedSymmFlow_Project/fid_analysis/real_normal_1214/real_normal_0722.png,0.9615823030471802
/content/drive/MyDrive/MedSymmFlow_Project/synthetic_data/pneumoniamnist_normal_2280_filtered/normal_1967.png,/content/drive/MyDrive/MedSymmFlow_Project/fid_analysis/real_normal_1214/real_normal_0834.png,0.9613218903541565
/content/drive/MyDrive/MedSymmFlow_Project/synthetic_data/pneumoniamnist_normal_2280_filtered/normal_0805.png,/content/drive/MyDrive/MedSymmFlow_Project/fid_analysis/real_normal_1214/real_normal_0390.png,0.9612267017364502
/content/drive/MyDrive/MedSymmFlow_Project/synthetic_data/pneumoniamnist_normal_2280_filtered/normal_0764.png,/content/drive/MyDrive/MedSymmFlow_Project/fid_analysis/real_normal_1214/real_normal_0351.png,0.9611263275146484
/content/drive/MyDrive/MedSymmFlow_Project/synthetic_data/pneumoniamnist_normal_2280_filtered/normal_0055.png,/content/drive/MyDrive/MedSymmFlow_Project/fid_analysis/real_normal_1214/real_normal_0731.png,0.9611119031906128
/content/drive/MyDrive/MedSymmFlow_Project/synthetic_data/pneumoniamnist_normal_2280_filtered/normal_0760.png,/content/drive/MyDrive/MedSymmFlow_Project/fid_analysis/real_normal_1214/real_normal_0089.png,0.9610646963119507
/content/drive/MyDrive/MedSymmFlow_Project/synthetic_data/pneumoniamnist_normal_2280_filtered/normal_1829.png,/content/drive/MyDrive/MedSymmFlow_Project/fid_analysis/real_normal_1214/real_normal_0389.png,0.9608807563781738
/content/drive/MyDrive/MedSymmFlow_Project/synthetic_data/pneumoniamnist_normal_2280_filtered/normal_0046.png,/content/drive/MyDrive/MedSymmFlow_Project/fid_analysis/real_normal_1214/real_normal_0321.png,0.9608192443847656
/content/drive/MyDrive/MedSymmFlow_Project/synthetic_data/pneumoniamnist_normal_2280_filtered/normal_0969.png,/content/drive/MyDrive/MedSymmFlow_Project/fid_analysis/real_normal_1214/real_normal_0321.png,0.9608056545257568
/content/drive/MyDrive/MedSymmFlow_Project/synthetic_data/pneumoniamnist_normal_2280_filtered/normal_1368.png,/content/drive/MyDrive/MedSymmFlow_Project/fid_analysis/real_normal_1214/real_normal_0725.png,0.9607895016670227
/content/drive/MyDrive/MedSymmFlow_Project/synthetic_data/pneumoniamnist_normal_2280_filtered/normal_0300.png,/content/drive/MyDrive/MedSymmFlow_Project/fid_analysis/real_normal_1214/real_normal_0085.png,0.9607817530632019
/content/drive/MyDrive/MedSymmFlow_Project/synthetic_data/pneumoniamnist_normal_2280_filtered/normal_2046.png,/content/drive/MyDrive/MedSymmFlow_Project/fid_analysis/real_normal_1214/real_normal_0644.png,0.9605329036712646
/content/drive/MyDrive/MedSymmFlow_Project/synthetic_data/pneumoniamnist_normal_2280_filtered/normal_1077.png,/content/drive/MyDrive/MedSymmFlow_Project/fid_analysis/real_normal_1214/real_normal_0834.png,0.9603837728500366
/content/drive/MyDrive/MedSymmFlow_Project/synthetic_data/pneumoniamnist_normal_2280_filtered/normal_1896.png,/content/drive/MyDrive/MedSymmFlow_Project/fid_analysis/real_normal_1214/real_normal_0492.png,0.9603288173675537
/content/drive/MyDrive/MedSymmFlow_Project/synthetic_data/pneumoniamnist_normal_2280_filtered/normal_0083.png,/content/drive/MyDrive/MedSymmFlow_Project/fid_analysis/real_normal_1214/real_normal_0934.png,0.9603080153465271
/content/drive/MyDrive/MedSymmFlow_Project/synthetic_data/pneumoniamnist_normal_2280_filtered/normal_1034.png,/content/drive/MyDrive/MedSymmFlow_Project/fid_analysis/real_normal_1214/real_normal_0492.png,0.9602032899856567
/content/drive/MyDrive/MedSymmFlow_Project/synthetic_data/pneumoniamnist_normal_2280_filtered/normal_0421.png,/content/drive/MyDrive/MedSymmFlow_Project/fid_analysis/real_normal_1214/real_normal_0017.png,0.9600955247879028
/content/drive/MyDrive/MedSymmFlow_Project/synthetic_data/pneumoniamnist_normal_2280_filtered/normal_2027.png,/content/drive/MyDrive/MedSymmFlow_Project/fid_analysis/real_normal_1214/real_normal_0351.png,0.9600874185562134
/content/drive/MyDrive/MedSymmFlow_Project/synthetic_data/pneumoniamnist_normal_2280_filtered/normal_2206.png,/content/drive/MyDrive/MedSymmFlow_Project/fid_analysis/real_normal_1214/real_normal_0389.png,0.9599838256835938
/content/drive/MyDrive/MedSymmFlow_Project/synthetic_data/pneumoniamnist_normal_2280_filtered/normal_0271.png,/content/drive/MyDrive/MedSymmFlow_Project/fid_analysis/real_normal_1214/real_normal_0034.png,0.959977388381958
/content/drive/MyDrive/MedSymmFlow_Project/synthetic_data/pneumoniamnist_normal_2280_filtered/normal_1534.png,/content/drive/MyDrive/MedSymmFlow_Project/fid_analysis/real_normal_1214/real_normal_0722.png,0.959869384765625
/content/drive/MyDrive/MedSymmFlow_Project/synthetic_data/pneumoniamnist_normal_2280_filtered/normal_1722.png,/content/drive/MyDrive/MedSymmFlow_Project/fid_analysis/real_normal_1214/real_normal_0492.png,0.9598495364189148
/content/drive/MyDrive/MedSymmFlow_Project/synthetic_data/pneumoniamnist_normal_2280_filtered/normal_0778.png,/content/drive/MyDrive/MedSymmFlow_Project/fid_analysis/real_normal_1214/real_normal_0824.png,0.9598031044006348
/content/drive/MyDrive/MedSymmFlow_Project/synthetic_data/pneumoniamnist_normal_2280_filtered/normal_0613.png,/content/drive/MyDrive/MedSymmFlow_Project/fid_analysis/real_normal_1214/real_normal_0731.png,0.9597395658493042
/content/drive/MyDrive/MedSymmFlow_Project/synthetic_data/pneumoniamnist_normal_2280_filtered/normal_1208.png,/content/drive/MyDrive/MedSymmFlow_Project/fid_analysis/real_normal_1214/real_normal_0492.png,0.9596942663192749
/content/drive/MyDrive/MedSymmFlow_Project/synthetic_data/pneumoniamnist_normal_2280_filtered/normal_0059.png,/content/drive/MyDrive/MedSymmFlow_Project/fid_analysis/real_normal_1214/real_normal_0649.png,0.9596717953681946
/content/drive/MyDrive/MedSymmFlow_Project/synthetic_data/pneumoniamnist_normal_2280_filtered/normal_1746.png,/content/drive/MyDrive/MedSymmFlow_Project/fid_analysis/real_normal_1214/real_normal_0824.png,0.9596442580223083
/content/drive/MyDrive/MedSymmFlow_Project/synthetic_data/pneumoniamnist_normal_2280_filtered/normal_1787.png,/content/drive/MyDrive/MedSymmFlow_Project/fid_analysis/real_normal_1214/real_normal_0286.png,0.9596168398857117
/content/drive/MyDrive/MedSymmFlow_Project/synthetic_data/pneumoniamnist_normal_2280_filtered/normal_1879.png,/content/drive/MyDrive/MedSymmFlow_Project/fid_analysis/real_normal_1214/real_normal_1116.png,0.9595478177070618
/content/drive/MyDrive/MedSymmFlow_Project/synthetic_data/pneumoniamnist_normal_2280_filtered/normal_1031.png,/content/drive/MyDrive/MedSymmFlow_Project/fid_analysis/real_normal_1214/real_normal_0644.png,0.9594554901123047
/content/drive/MyDrive/MedSymmFlow_Project/synthetic_data/pneumoniamnist_normal_2280_filtered/normal_0883.png,/content/drive/MyDrive/MedSymmFlow_Project/fid_analysis/real_normal_1214/real_normal_0492.png,0.9594466686248779
/content/drive/MyDrive/MedSymmFlow_Project/synthetic_data/pneumoniamnist_normal_2280_filtered/normal_1006.png,/content/drive/MyDrive/MedSymmFlow_Project/fid_analysis/real_normal_1214/real_normal_0968.png,0.9594334363937378
/content/drive/MyDrive/MedSymmFlow_Project/synthetic_data/pneumoniamnist_normal_2280_filtered/normal_0444.png,/content/drive/MyDrive/MedSymmFlow_Project/fid_analysis/real_normal_1214/real_normal_0521.png,0.9593863487243652
/content/drive/MyDrive/MedSymmFlow_Project/synthetic_data/pneumoniamnist_normal_2280_filtered/normal_2000.png,/content/drive/MyDrive/MedSymmFlow_Project/fid_analysis/real_normal_1214/real_normal_0156.png,0.9593586921691895
/content/drive/MyDrive/MedSymmFlow_Project/synthetic_data/pneumoniamnist_normal_2280_filtered/normal_1872.png,/content/drive/MyDrive/MedSymmFlow_Project/fid_analysis/real_normal_1214/real_normal_1086.png,0.9592853784561157
/content/drive/MyDrive/MedSymmFlow_Project/synthetic_data/pneumoniamnist_normal_2280_filtered/normal_1273.png,/content/drive/MyDrive/MedSymmFlow_Project/fid_analysis/real_normal_1214/real_normal_1194.png,0.9592453241348267
/content/drive/MyDrive/MedSymmFlow_Project/synthetic_data/pneumoniamnist_normal_2280_filtered/normal_2029.png,/content/drive/MyDrive/MedSymmFlow_Project/fid_analysis/real_normal_1214/real_normal_0813.png,0.9592235088348389
/content/drive/MyDrive/MedSymmFlow_Project/synthetic_data/pneumoniamnist_normal_2280_filtered/normal_1443.png,/content/drive/MyDrive/MedSymmFlow_Project/fid_analysis/real_normal_1214/real_normal_0194.png,0.9591535329818726
/content/drive/MyDrive/MedSymmFlow_Project/synthetic_data/pneumoniamnist_normal_2280_filtered/normal_2040.png,/content/drive/MyDrive/MedSymmFlow_Project/fid_analysis/real_normal_1214/real_normal_0063.png,0.9591021537780762
/content/drive/MyDrive/MedSymmFlow_Project/synthetic_data/pneumoniamnist_normal_2280_filtered/normal_0602.png,/content/drive/MyDrive/MedSymmFlow_Project/fid_analysis/real_normal_1214/real_normal_0239.png,0.9590290784835815
/content/drive/MyDrive/MedSymmFlow_Project/synthetic_data/pneumoniamnist_normal_2280_filtered/normal_0281.png,/content/drive/MyDrive/MedSymmFlow_Project/fid_analysis/real_normal_1214/real_normal_0574.png,0.9590235948562622
/content/drive/MyDrive/MedSymmFlow_Project/synthetic_data/pneumoniamnist_normal_2280_filtered/normal_1703.png,/content/drive/MyDrive/MedSymmFlow_Project/fid_analysis/real_normal_1214/real_normal_0539.png,0.9589346051216125
/content/drive/MyDrive/MedSymmFlow_Project/synthetic_data/pneumoniamnist_normal_2280_filtered/normal_0305.png,/content/drive/MyDrive/MedSymmFlow_Project/fid_analysis/real_normal_1214/real_normal_0133.png,0.9589114785194397
/content/drive/MyDrive/MedSymmFlow_Project/synthetic_data/pneumoniamnist_normal_2280_filtered/normal_0722.png,/content/drive/MyDrive/MedSymmFlow_Project/fid_analysis/real_normal_1214/real_normal_0137.png,0.958898663520813
/content/drive/MyDrive/MedSymmFlow_Project/synthetic_data/pneumoniamnist_normal_2280_filtered/normal_0616.png,/content/drive/MyDrive/MedSymmFlow_Project/fid_analysis/real_normal_1214/real_normal_0522.png,0.9588612914085388
/content/drive/MyDrive/MedSymmFlow_Project/synthetic_data/pneumoniamnist_normal_2280_filtered/normal_0889.png,/content/drive/MyDrive/MedSymmFlow_Project/fid_analysis/real_normal_1214/real_normal_0044.png,0.9588142037391663
/content/drive/MyDrive/MedSymmFlow_Project/synthetic_data/pneumoniamnist_normal_2280_filtered/normal_1852.png,/content/drive/MyDrive/MedSymmFlow_Project/fid_analysis/real_normal_1214/real_normal_1086.png,0.9587587118148804
/content/drive/MyDrive/MedSymmFlow_Project/synthetic_data/pneumoniamnist_normal_2280_filtered/normal_0668.png,/content/drive/MyDrive/MedSymmFlow_Project/fid_analysis/real_normal_1214/real_normal_0706.png,0.958685576915741
/content/drive/MyDrive/MedSymmFlow_Project/synthetic_data/pneumoniamnist_normal_2280_filtered/normal_1767.png,/content/drive/MyDrive/MedSymmFlow_Project/fid_analysis/real_normal_1214/real_normal_0644.png,0.9585944414138794
/content/drive/MyDrive/MedSymmFlow_Project/synthetic_data/pneumoniamnist_normal_2280_filtered/normal_1679.png,/content/drive/MyDrive/MedSymmFlow_Project/fid_analysis/real_normal_1214/real_normal_1140.png,0.9585703611373901
/content/drive/MyDrive/MedSymmFlow_Project/synthetic_data/pneumoniamnist_normal_2280_filtered/normal_1803.png,/content/drive/MyDrive/MedSymmFlow_Project/fid_analysis/real_normal_1214/real_normal_1028.png,0.9585586786270142
/content/drive/MyDrive/MedSymmFlow_Project/synthetic_data/pneumoniamnist_normal_2280_filtered/normal_0868.png,/content/drive/MyDrive/MedSymmFlow_Project/fid_analysis/real_normal_1214/real_normal_0274.png,0.9585347175598145
/content/drive/MyDrive/MedSymmFlow_Project/synthetic_data/pneumoniamnist_normal_2280_filtered/normal_2084.png,/content/drive/MyDrive/MedSymmFlow_Project/fid_analysis/real_normal_1214/real_normal_0663.png,0.9585049152374268
/content/drive/MyDrive/MedSymmFlow_Project/synthetic_data/pneumoniamnist_normal_2280_filtered/normal_1648.png,/content/drive/MyDrive/MedSymmFlow_Project/fid_analysis/real_normal_1214/real_normal_1028.png,0.9584800004959106
/content/drive/MyDrive/MedSymmFlow_Project/synthetic_data/pneumoniamnist_normal_2280_filtered/normal_0572.png,/content/drive/MyDrive/MedSymmFlow_Project/fid_analysis/real_normal_1214/real_normal_0824.png,0.9584617614746094
/content/drive/MyDrive/MedSymmFlow_Project/synthetic_data/pneumoniamnist_normal_2280_filtered/normal_1667.png,/content/drive/MyDrive/MedSymmFlow_Project/fid_analysis/real_normal_1214/real_normal_0492.png,0.9583039283752441
/content/drive/MyDrive/MedSymmFlow_Project/synthetic_data/pneumoniamnist_normal_2280_filtered/normal_1766.png,/content/drive/MyDrive/MedSymmFlow_Project/fid_analysis/real_normal_1214/real_normal_1028.png,0.9583034515380859
/content/drive/MyDrive/MedSymmFlow_Project/synthetic_data/pneumoniamnist_normal_2280_filtered/normal_0711.png,/content/drive/MyDrive/MedSymmFlow_Project/fid_analysis/real_normal_1214/real_normal_0634.png,0.9582797288894653
/content/drive/MyDrive/MedSymmFlow_Project/synthetic_data/pneumoniamnist_normal_2280_filtered/normal_0151.png,/content/drive/MyDrive/MedSymmFlow_Project/fid_analysis/real_normal_1214/real_normal_0824.png,0.9582576751708984
/content/drive/MyDrive/MedSymmFlow_Project/synthetic_data/pneumoniamnist_normal_2280_filtered/normal_1626.png,/content/drive/MyDrive/MedSymmFlow_Project/fid_analysis/real_normal_1214/real_normal_0185.png,0.9582566022872925
/content/drive/MyDrive/MedSymmFlow_Project/synthetic_data/pneumoniamnist_normal_2280_filtered/normal_1625.png,/content/drive/MyDrive/MedSymmFlow_Project/fid_analysis/real_normal_1214/real_normal_0492.png,0.9582432508468628
/content/drive/MyDrive/MedSymmFlow_Project/synthetic_data/pneumoniamnist_normal_2280_filtered/normal_1541.png,/content/drive/MyDrive/MedSymmFlow_Project/fid_analysis/real_normal_1214/real_normal_0758.png,0.9582341909408569
/content/drive/MyDrive/MedSymmFlow_Project/synthetic_data/pneumoniamnist_normal_2280_filtered/normal_1212.png,/content/drive/MyDrive/MedSymmFlow_Project/fid_analysis/real_normal_1214/real_normal_0492.png,0.958193302154541
/content/drive/MyDrive/MedSymmFlow_Project/synthetic_data/pneumoniamnist_normal_2280_filtered/normal_0426.png,/content/drive/MyDrive/MedSymmFlow_Project/fid_analysis/real_normal_1214/real_normal_0492.png,0.958141028881073
/content/drive/MyDrive/MedSymmFlow_Project/synthetic_data/pneumoniamnist_normal_2280_filtered/normal_0123.png,/content/drive/MyDrive/MedSymmFlow_Project/fid_analysis/real_normal_1214/real_normal_1116.png,0.9581186175346375
/content/drive/MyDrive/MedSymmFlow_Project/synthetic_data/pneumoniamnist_normal_2280_filtered/normal_2151.png,/content/drive/MyDrive/MedSymmFlow_Project/fid_analysis/real_normal_1214/real_normal_0282.png,0.9581105709075928
/content/drive/MyDrive/MedSymmFlow_Project/synthetic_data/pneumoniamnist_normal_2280_filtered/normal_0147.png,/content/drive/MyDrive/MedSymmFlow_Project/fid_analysis/real_normal_1214/real_normal_0137.png,0.9579938650131226
/content/drive/MyDrive/MedSymmFlow_Project/synthetic_data/pneumoniamnist_normal_2280_filtered/normal_2195.png,/content/drive/MyDrive/MedSymmFlow_Project/fid_analysis/real_normal_1214/real_normal_0248.png,0.957974910736084
/content/drive/MyDrive/MedSymmFlow_Project/synthetic_data/pneumoniamnist_normal_2280_filtered/normal_0484.png,/content/drive/MyDrive/MedSymmFlow_Project/fid_analysis/real_normal_1214/real_normal_0824.png,0.9579589366912842
/content/drive/MyDrive/MedSymmFlow_Project/synthetic_data/pneumoniamnist_normal_2280_filtered/normal_1802.png,/content/drive/MyDrive/MedSymmFlow_Project/fid_analysis/real_normal_1214/real_normal_0492.png,0.9579356908798218
/content/drive/MyDrive/MedSymmFlow_Project/synthetic_data/pneumoniamnist_normal_2280_filtered/normal_2100.png,/content/drive/MyDrive/MedSymmFlow_Project/fid_analysis/real_normal_1214/real_normal_0829.png,0.957935094833374
/content/drive/MyDrive/MedSymmFlow_Project/synthetic_data/pneumoniamnist_normal_2280_filtered/normal_1012.png,/content/drive/MyDrive/MedSymmFlow_Project/fid_analysis/real_normal_1214/real_normal_0824.png,0.957920253276825
/content/drive/MyDrive/MedSymmFlow_Project/synthetic_data/pneumoniamnist_normal_2280_filtered/normal_2001.png,/content/drive/MyDrive/MedSymmFlow_Project/fid_analysis/real_normal_1214/real_normal_0758.png,0.957912027835846
/content/drive/MyDrive/MedSymmFlow_Project/synthetic_data/pneumoniamnist_normal_2280_filtered/normal_1912.png,/content/drive/MyDrive/MedSymmFlow_Project/fid_analysis/real_normal_1214/real_normal_0592.png,0.9578804969787598
/content/drive/MyDrive/MedSymmFlow_Project/synthetic_data/pneumoniamnist_normal_2280_filtered/normal_2207.png,/content/drive/MyDrive/MedSymmFlow_Project/fid_analysis/real_normal_1214/real_normal_0492.png,0.9577679634094238
/content/drive/MyDrive/MedSymmFlow_Project/synthetic_data/pneumoniamnist_normal_2280_filtered/normal_1807.png,/content/drive/MyDrive/MedSymmFlow_Project/fid_analysis/real_normal_1214/real_normal_0390.png,0.9576514959335327
/content/drive/MyDrive/MedSymmFlow_Project/synthetic_data/pneumoniamnist_normal_2280_filtered/normal_2213.png,/content/drive/MyDrive/MedSymmFlow_Project/fid_analysis/real_normal_1214/real_normal_0389.png,0.9575961828231812
/content/drive/MyDrive/MedSymmFlow_Project/synthetic_data/pneumoniamnist_normal_2280_filtered/normal_0688.png,/content/drive/MyDrive/MedSymmFlow_Project/fid_analysis/real_normal_1214/real_normal_1031.png,0.9575774669647217
/content/drive/MyDrive/MedSymmFlow_Project/synthetic_data/pneumoniamnist_normal_2280_filtered/normal_1019.png,/content/drive/MyDrive/MedSymmFlow_Project/fid_analysis/real_normal_1214/real_normal_0537.png,0.9575468301773071
/content/drive/MyDrive/MedSymmFlow_Project/synthetic_data/pneumoniamnist_normal_2280_filtered/normal_1673.png,/content/drive/MyDrive/MedSymmFlow_Project/fid_analysis/real_normal_1214/real_normal_0644.png,0.9575249552726746
/content/drive/MyDrive/MedSymmFlow_Project/synthetic_data/pneumoniamnist_normal_2280_filtered/normal_0870.png,/content/drive/MyDrive/MedSymmFlow_Project/fid_analysis/real_normal_1214/real_normal_0722.png,0.9575153589248657
/content/drive/MyDrive/MedSymmFlow_Project/synthetic_data/pneumoniamnist_normal_2280_filtered/normal_1105.png,/content/drive/MyDrive/MedSymmFlow_Project/fid_analysis/real_normal_1214/real_normal_0539.png,0.9574987888336182
/content/drive/MyDrive/MedSymmFlow_Project/synthetic_data/pneumoniamnist_normal_2280_filtered/normal_1665.png,/content/drive/MyDrive/MedSymmFlow_Project/fid_analysis/real_normal_1214/real_normal_0522.png,0.9574665427207947
/content/drive/MyDrive/MedSymmFlow_Project/synthetic_data/pneumoniamnist_normal_2280_filtered/normal_1604.png,/content/drive/MyDrive/MedSymmFlow_Project/fid_analysis/real_normal_1214/real_normal_0469.png,0.9574536085128784
/content/drive/MyDrive/MedSymmFlow_Project/synthetic_data/pneumoniamnist_normal_2280_filtered/normal_1518.png,/content/drive/MyDrive/MedSymmFlow_Project/fid_analysis/real_normal_1214/real_normal_1087.png,0.9574315547943115
/content/drive/MyDrive/MedSymmFlow_Project/synthetic_data/pneumoniamnist_normal_2280_filtered/normal_2037.png,/content/drive/MyDrive/MedSymmFlow_Project/fid_analysis/real_normal_1214/real_normal_0492.png,0.9573699235916138
/content/drive/MyDrive/MedSymmFlow_Project/synthetic_data/pneumoniamnist_normal_2280_filtered/normal_0857.png,/content/drive/MyDrive/MedSymmFlow_Project/fid_analysis/real_normal_1214/real_normal_1028.png,0.9573696851730347
/content/drive/MyDrive/MedSymmFlow_Project/synthetic_data/pneumoniamnist_normal_2280_filtered/normal_0723.png,/content/drive/MyDrive/MedSymmFlow_Project/fid_analysis/real_normal_1214/real_normal_0522.png,0.9573580026626587
/content/drive/MyDrive/MedSymmFlow_Project/synthetic_data/pneumoniamnist_normal_2280_filtered/normal_1550.png,/content/drive/MyDrive/MedSymmFlow_Project/fid_analysis/real_normal_1214/real_normal_0492.png,0.9573520421981812
/content/drive/MyDrive/MedSymmFlow_Project/synthetic_data/pneumoniamnist_normal_2280_filtered/normal_2271.png,/content/drive/MyDrive/MedSymmFlow_Project/fid_analysis/real_normal_1214/real_normal_0644.png,0.9572844505310059
/content/drive/MyDrive/MedSymmFlow_Project/synthetic_data/pneumoniamnist_normal_2280_filtered/normal_1033.png,/content/drive/MyDrive/MedSymmFlow_Project/fid_analysis/real_normal_1214/real_normal_0834.png,0.9572659730911255
/content/drive/MyDrive/MedSymmFlow_Project/synthetic_data/pneumoniamnist_normal_2280_filtered/normal_0820.png,/content/drive/MyDrive/MedSymmFlow_Project/fid_analysis/real_normal_1214/real_normal_0107.png,0.9572482109069824
/content/drive/MyDrive/MedSymmFlow_Project/synthetic_data/pneumoniamnist_normal_2280_filtered/normal_1135.png,/content/drive/MyDrive/MedSymmFlow_Project/fid_analysis/real_normal_1214/real_normal_1194.png,0.9572240114212036
/content/drive/MyDrive/MedSymmFlow_Project/synthetic_data/pneumoniamnist_normal_2280_filtered/normal_0492.png,/content/drive/MyDrive/MedSymmFlow_Project/fid_analysis/real_normal_1214/real_normal_0274.png,0.9571707844734192
/content/drive/MyDrive/MedSymmFlow_Project/synthetic_data/pneumoniamnist_normal_2280_filtered/normal_1149.png,/content/drive/MyDrive/MedSymmFlow_Project/fid_analysis/real_normal_1214/real_normal_0389.png,0.9571285843849182
/content/drive/MyDrive/MedSymmFlow_Project/synthetic_data/pneumoniamnist_normal_2280_filtered/normal_1565.png,/content/drive/MyDrive/MedSymmFlow_Project/fid_analysis/real_normal_1214/real_normal_0156.png,0.9570995569229126
/content/drive/MyDrive/MedSymmFlow_Project/synthetic_data/pneumoniamnist_normal_2280_filtered/normal_1245.png,/content/drive/MyDrive/MedSymmFlow_Project/fid_analysis/real_normal_1214/real_normal_0890.png,0.9570456147193909
/content/drive/MyDrive/MedSymmFlow_Project/synthetic_data/pneumoniamnist_normal_2280_filtered/normal_2056.png,/content/drive/MyDrive/MedSymmFlow_Project/fid_analysis/real_normal_1214/real_normal_0137.png,0.9570324420928955
/content/drive/MyDrive/MedSymmFlow_Project/synthetic_data/pneumoniamnist_normal_2280_filtered/normal_1203.png,/content/drive/MyDrive/MedSymmFlow_Project/fid_analysis/real_normal_1214/real_normal_0137.png,0.9570183753967285
/content/drive/MyDrive/MedSymmFlow_Project/synthetic_data/pneumoniamnist_normal_2280_filtered/normal_2018.png,/content/drive/MyDrive/MedSymmFlow_Project/fid_analysis/real_normal_1214/real_normal_0389.png,0.9570045471191406
/content/drive/MyDrive/MedSymmFlow_Project/synthetic_data/pneumoniamnist_normal_2280_filtered/normal_0581.png,/content/drive/MyDrive/MedSymmFlow_Project/fid_analysis/real_normal_1214/real_normal_0824.png,0.9570000767707825
/content/drive/MyDrive/MedSymmFlow_Project/synthetic_data/pneumoniamnist_normal_2280_filtered/normal_1590.png,/content/drive/MyDrive/MedSymmFlow_Project/fid_analysis/real_normal_1214/real_normal_0552.png,0.9569618701934814
/content/drive/MyDrive/MedSymmFlow_Project/synthetic_data/pneumoniamnist_normal_2280_filtered/normal_0695.png,/content/drive/MyDrive/MedSymmFlow_Project/fid_analysis/real_normal_1214/real_normal_0225.png,0.9569333791732788
/content/drive/MyDrive/MedSymmFlow_Project/synthetic_data/pneumoniamnist_normal_2280_filtered/normal_0716.png,/content/drive/MyDrive/MedSymmFlow_Project/fid_analysis/real_normal_1214/real_normal_0968.png,0.9568961262702942
/content/drive/MyDrive/MedSymmFlow_Project/synthetic_data/pneumoniamnist_normal_2280_filtered/normal_0203.png,/content/drive/MyDrive/MedSymmFlow_Project/fid_analysis/real_normal_1214/real_normal_0926.png,0.9568605422973633
/content/drive/MyDrive/MedSymmFlow_Project/synthetic_data/pneumoniamnist_normal_2280_filtered/normal_0110.png,/content/drive/MyDrive/MedSymmFlow_Project/fid_analysis/real_normal_1214/real_normal_0289.png,0.956850528717041
/content/drive/MyDrive/MedSymmFlow_Project/synthetic_data/pneumoniamnist_normal_2280_filtered/normal_0904.png,/content/drive/MyDrive/MedSymmFlow_Project/fid_analysis/real_normal_1214/real_normal_0274.png,0.9568181037902832
/content/drive/MyDrive/MedSymmFlow_Project/synthetic_data/pneumoniamnist_normal_2280_filtered/normal_1835.png,/content/drive/MyDrive/MedSymmFlow_Project/fid_analysis/real_normal_1214/real_normal_1202.png,0.9568062424659729
/content/drive/MyDrive/MedSymmFlow_Project/synthetic_data/pneumoniamnist_normal_2280_filtered/normal_0307.png,/content/drive/MyDrive/MedSymmFlow_Project/fid_analysis/real_normal_1214/real_normal_0222.png,0.9567916393280029
/content/drive/MyDrive/MedSymmFlow_Project/synthetic_data/pneumoniamnist_normal_2280_filtered/normal_0629.png,/content/drive/MyDrive/MedSymmFlow_Project/fid_analysis/real_normal_1214/real_normal_0017.png,0.9567903280258179
/content/drive/MyDrive/MedSymmFlow_Project/synthetic_data/pneumoniamnist_normal_2280_filtered/normal_0386.png,/content/drive/MyDrive/MedSymmFlow_Project/fid_analysis/real_normal_1214/real_normal_0351.png,0.9567760229110718
/content/drive/MyDrive/MedSymmFlow_Project/synthetic_data/pneumoniamnist_normal_2280_filtered/normal_1438.png,/content/drive/MyDrive/MedSymmFlow_Project/fid_analysis/real_normal_1214/real_normal_0303.png,0.9565374851226807
/content/drive/MyDrive/MedSymmFlow_Project/synthetic_data/pneumoniamnist_normal_2280_filtered/normal_0395.png,/content/drive/MyDrive/MedSymmFlow_Project/fid_analysis/real_normal_1214/real_normal_0824.png,0.9565274715423584
/content/drive/MyDrive/MedSymmFlow_Project/synthetic_data/pneumoniamnist_normal_2280_filtered/normal_1809.png,/content/drive/MyDrive/MedSymmFlow_Project/fid_analysis/real_normal_1214/real_normal_1194.png,0.9564608335494995
/content/drive/MyDrive/MedSymmFlow_Project/synthetic_data/pneumoniamnist_normal_2280_filtered/normal_1715.png,/content/drive/MyDrive/MedSymmFlow_Project/fid_analysis/real_normal_1214/real_normal_1038.png,0.9564603567123413
/content/drive/MyDrive/MedSymmFlow_Project/synthetic_data/pneumoniamnist_normal_2280_filtered/normal_1502.png,/content/drive/MyDrive/MedSymmFlow_Project/fid_analysis/real_normal_1214/real_normal_0571.png,0.9564325213432312
/content/drive/MyDrive/MedSymmFlow_Project/synthetic_data/pneumoniamnist_normal_2280_filtered/normal_0424.png,/content/drive/MyDrive/MedSymmFlow_Project/fid_analysis/real_normal_1214/real_normal_0225.png,0.9564319252967834
/content/drive/MyDrive/MedSymmFlow_Project/synthetic_data/pneumoniamnist_normal_2280_filtered/normal_1688.png,/content/drive/MyDrive/MedSymmFlow_Project/fid_analysis/real_normal_1214/real_normal_0858.png,0.956426739692688
/content/drive/MyDrive/MedSymmFlow_Project/synthetic_data/pneumoniamnist_normal_2280_filtered/normal_1854.png,/content/drive/MyDrive/MedSymmFlow_Project/fid_analysis/real_normal_1214/real_normal_0659.png,0.9564177989959717
/content/drive/MyDrive/MedSymmFlow_Project/synthetic_data/pneumoniamnist_normal_2280_filtered/normal_0010.png,/content/drive/MyDrive/MedSymmFlow_Project/fid_analysis/real_normal_1214/real_normal_1042.png,0.956416130065918
/content/drive/MyDrive/MedSymmFlow_Project/synthetic_data/pneumoniamnist_normal_2280_filtered/normal_2267.png,/content/drive/MyDrive/MedSymmFlow_Project/fid_analysis/real_normal_1214/real_normal_0137.png,0.9564048647880554
/content/drive/MyDrive/MedSymmFlow_Project/synthetic_data/pneumoniamnist_normal_2280_filtered/normal_0472.png,/content/drive/MyDrive/MedSymmFlow_Project/fid_analysis/real_normal_1214/real_normal_0837.png,0.9563825130462646
/content/drive/MyDrive/MedSymmFlow_Project/synthetic_data/pneumoniamnist_normal_2280_filtered/normal_1963.png,/content/drive/MyDrive/MedSymmFlow_Project/fid_analysis/real_normal_1214/real_normal_0824.png,0.9563578963279724
/content/drive/MyDrive/MedSymmFlow_Project/synthetic_data/pneumoniamnist_normal_2280_filtered/normal_1288.png,/content/drive/MyDrive/MedSymmFlow_Project/fid_analysis/real_normal_1214/real_normal_0225.png,0.9563543200492859
/content/drive/MyDrive/MedSymmFlow_Project/synthetic_data/pneumoniamnist_normal_2280_filtered/normal_0241.png,/content/drive/MyDrive/MedSymmFlow_Project/fid_analysis/real_normal_1214/real_normal_0112.png,0.9563287496566772
/content/drive/MyDrive/MedSymmFlow_Project/synthetic_data/pneumoniamnist_normal_2280_filtered/normal_0528.png,/content/drive/MyDrive/MedSymmFlow_Project/fid_analysis/real_normal_1214/real_normal_0492.png,0.956311821937561
/content/drive/MyDrive/MedSymmFlow_Project/synthetic_data/pneumoniamnist_normal_2280_filtered/normal_1180.png,/content/drive/MyDrive/MedSymmFlow_Project/fid_analysis/real_normal_1214/real_normal_0351.png,0.9562891721725464
/content/drive/MyDrive/MedSymmFlow_Project/synthetic_data/pneumoniamnist_normal_2280_filtered/normal_1497.png,/content/drive/MyDrive/MedSymmFlow_Project/fid_analysis/real_normal_1214/real_normal_0069.png,0.9562710523605347
/content/drive/MyDrive/MedSymmFlow_Project/synthetic_data/pneumoniamnist_normal_2280_filtered/normal_1970.png,/content/drive/MyDrive/MedSymmFlow_Project/fid_analysis/real_normal_1214/real_normal_0469.png,0.9562448859214783
/content/drive/MyDrive/MedSymmFlow_Project/synthetic_data/pneumoniamnist_normal_2280_filtered/normal_2118.png,/content/drive/MyDrive/MedSymmFlow_Project/fid_analysis/real_normal_1214/real_normal_0225.png,0.9562220573425293
/content/drive/MyDrive/MedSymmFlow_Project/synthetic_data/pneumoniamnist_normal_2280_filtered/normal_0273.png,/content/drive/MyDrive/MedSymmFlow_Project/fid_analysis/real_normal_1214/real_normal_0056.png,0.9562137126922607
/content/drive/MyDrive/MedSymmFlow_Project/synthetic_data/pneumoniamnist_normal_2280_filtered/normal_0062.png,/content/drive/MyDrive/MedSymmFlow_Project/fid_analysis/real_normal_1214/real_normal_0112.png,0.9560890197753906
/content/drive/MyDrive/MedSymmFlow_Project/synthetic_data/pneumoniamnist_normal_2280_filtered/normal_1556.png,/content/drive/MyDrive/MedSymmFlow_Project/fid_analysis/real_normal_1214/real_normal_0337.png,0.9560732245445251
/content/drive/MyDrive/MedSymmFlow_Project/synthetic_data/pneumoniamnist_normal_2280_filtered/normal_0090.png,/content/drive/MyDrive/MedSymmFlow_Project/fid_analysis/real_normal_1214/real_normal_0017.png,0.9560419321060181
/content/drive/MyDrive/MedSymmFlow_Project/synthetic_data/pneumoniamnist_normal_2280_filtered/normal_1583.png,/content/drive/MyDrive/MedSymmFlow_Project/fid_analysis/real_normal_1214/real_normal_0258.png,0.9560078382492065
/content/drive/MyDrive/MedSymmFlow_Project/synthetic_data/pneumoniamnist_normal_2280_filtered/normal_1491.png,/content/drive/MyDrive/MedSymmFlow_Project/fid_analysis/real_normal_1214/real_normal_0471.png,0.9560049176216125
/content/drive/MyDrive/MedSymmFlow_Project/synthetic_data/pneumoniamnist_normal_2280_filtered/normal_0086.png,/content/drive/MyDrive/MedSymmFlow_Project/fid_analysis/real_normal_1214/real_normal_0089.png,0.9560040235519409
/content/drive/MyDrive/MedSymmFlow_Project/synthetic_data/pneumoniamnist_normal_2280_filtered/normal_1537.png,/content/drive/MyDrive/MedSymmFlow_Project/fid_analysis/real_normal_1214/real_normal_1081.png,0.9559335708618164
/content/drive/MyDrive/MedSymmFlow_Project/synthetic_data/pneumoniamnist_normal_2280_filtered/normal_0501.png,/content/drive/MyDrive/MedSymmFlow_Project/fid_analysis/real_normal_1214/real_normal_0390.png,0.9559048414230347
/content/drive/MyDrive/MedSymmFlow_Project/synthetic_data/pneumoniamnist_normal_2280_filtered/normal_1561.png,/content/drive/MyDrive/MedSymmFlow_Project/fid_analysis/real_normal_1214/real_normal_0116.png,0.9558907151222229
/content/drive/MyDrive/MedSymmFlow_Project/synthetic_data/pneumoniamnist_normal_2280_filtered/normal_0553.png,/content/drive/MyDrive/MedSymmFlow_Project/fid_analysis/real_normal_1214/real_normal_0089.png,0.9558649063110352
/content/drive/MyDrive/MedSymmFlow_Project/synthetic_data/pneumoniamnist_normal_2280_filtered/normal_0540.png,/content/drive/MyDrive/MedSymmFlow_Project/fid_analysis/real_normal_1214/real_normal_0834.png,0.955820620059967
/content/drive/MyDrive/MedSymmFlow_Project/synthetic_data/pneumoniamnist_normal_2280_filtered/normal_0072.png,/content/drive/MyDrive/MedSymmFlow_Project/fid_analysis/real_normal_1214/real_normal_0089.png,0.9558185338973999
/content/drive/MyDrive/MedSymmFlow_Project/synthetic_data/pneumoniamnist_normal_2280_filtered/normal_1675.png,/content/drive/MyDrive/MedSymmFlow_Project/fid_analysis/real_normal_1214/real_normal_0644.png,0.9556695222854614
/content/drive/MyDrive/MedSymmFlow_Project/synthetic_data/pneumoniamnist_normal_2280_filtered/normal_1252.png,/content/drive/MyDrive/MedSymmFlow_Project/fid_analysis/real_normal_1214/real_normal_1087.png,0.95562744140625
/content/drive/MyDrive/MedSymmFlow_Project/synthetic_data/pneumoniamnist_normal_2280_filtered/normal_1324.png,/content/drive/MyDrive/MedSymmFlow_Project/fid_analysis/real_normal_1214/real_normal_1028.png,0.9556195139884949
/content/drive/MyDrive/MedSymmFlow_Project/synthetic_data/pneumoniamnist_normal_2280_filtered/normal_0066.png,/content/drive/MyDrive/MedSymmFlow_Project/fid_analysis/real_normal_1214/real_normal_0969.png,0.9556163549423218
/content/drive/MyDrive/MedSymmFlow_Project/synthetic_data/pneumoniamnist_normal_2280_filtered/normal_1160.png,/content/drive/MyDrive/MedSymmFlow_Project/fid_analysis/real_normal_1214/real_normal_0855.png,0.955612301826477
/content/drive/MyDrive/MedSymmFlow_Project/synthetic_data/pneumoniamnist_normal_2280_filtered/normal_2225.png,/content/drive/MyDrive/MedSymmFlow_Project/fid_analysis/real_normal_1214/real_normal_0824.png,0.9555915594100952
/content/drive/MyDrive/MedSymmFlow_Project/synthetic_data/pneumoniamnist_normal_2280_filtered/normal_1981.png,/content/drive/MyDrive/MedSymmFlow_Project/fid_analysis/real_normal_1214/real_normal_0654.png,0.9555851221084595
/content/drive/MyDrive/MedSymmFlow_Project/synthetic_data/pneumoniamnist_normal_2280_filtered/normal_0673.png,/content/drive/MyDrive/MedSymmFlow_Project/fid_analysis/real_normal_1214/real_normal_1028.png,0.9555184245109558
/content/drive/MyDrive/MedSymmFlow_Project/synthetic_data/pneumoniamnist_normal_2280_filtered/normal_0251.png,/content/drive/MyDrive/MedSymmFlow_Project/fid_analysis/real_normal_1214/real_normal_0355.png,0.9554740190505981
/content/drive/MyDrive/MedSymmFlow_Project/synthetic_data/pneumoniamnist_normal_2280_filtered/normal_2079.png,/content/drive/MyDrive/MedSymmFlow_Project/fid_analysis/real_normal_1214/real_normal_0829.png,0.9554614424705505
/content/drive/MyDrive/MedSymmFlow_Project/synthetic_data/pneumoniamnist_normal_2280_filtered/normal_0646.png,/content/drive/MyDrive/MedSymmFlow_Project/fid_analysis/real_normal_1214/real_normal_0634.png,0.9554363489151001
/content/drive/MyDrive/MedSymmFlow_Project/synthetic_data/pneumoniamnist_normal_2280_filtered/normal_1166.png,/content/drive/MyDrive/MedSymmFlow_Project/fid_analysis/real_normal_1214/real_normal_0322.png,0.9554307460784912
/content/drive/MyDrive/MedSymmFlow_Project/synthetic_data/pneumoniamnist_normal_2280_filtered/normal_1014.png,/content/drive/MyDrive/MedSymmFlow_Project/fid_analysis/real_normal_1214/real_normal_0968.png,0.9553883075714111
/content/drive/MyDrive/MedSymmFlow_Project/synthetic_data/pneumoniamnist_normal_2280_filtered/normal_0169.png,/content/drive/MyDrive/MedSymmFlow_Project/fid_analysis/real_normal_1214/real_normal_0571.png,0.9553655385971069
/content/drive/MyDrive/MedSymmFlow_Project/synthetic_data/pneumoniamnist_normal_2280_filtered/normal_0790.png,/content/drive/MyDrive/MedSymmFlow_Project/fid_analysis/real_normal_1214/real_normal_0389.png,0.9553340673446655
/content/drive/MyDrive/MedSymmFlow_Project/synthetic_data/pneumoniamnist_normal_2280_filtered/normal_1439.png,/content/drive/MyDrive/MedSymmFlow_Project/fid_analysis/real_normal_1214/real_normal_0021.png,0.9552997350692749
/content/drive/MyDrive/MedSymmFlow_Project/synthetic_data/pneumoniamnist_normal_2280_filtered/normal_2031.png,/content/drive/MyDrive/MedSymmFlow_Project/fid_analysis/real_normal_1214/real_normal_0389.png,0.9552569389343262
/content/drive/MyDrive/MedSymmFlow_Project/synthetic_data/pneumoniamnist_normal_2280_filtered/normal_0008.png,/content/drive/MyDrive/MedSymmFlow_Project/fid_analysis/real_normal_1214/real_normal_0069.png,0.9552444219589233
/content/drive/MyDrive/MedSymmFlow_Project/synthetic_data/pneumoniamnist_normal_2280_filtered/normal_2014.png,/content/drive/MyDrive/MedSymmFlow_Project/fid_analysis/real_normal_1214/real_normal_1038.png,0.9552323222160339
/content/drive/MyDrive/MedSymmFlow_Project/synthetic_data/pneumoniamnist_normal_2280_filtered/normal_0565.png,/content/drive/MyDrive/MedSymmFlow_Project/fid_analysis/real_normal_1214/real_normal_0552.png,0.9552183151245117
/content/drive/MyDrive/MedSymmFlow_Project/synthetic_data/pneumoniamnist_normal_2280_filtered/normal_1344.png,/content/drive/MyDrive/MedSymmFlow_Project/fid_analysis/real_normal_1214/real_normal_1106.png,0.9552069902420044
/content/drive/MyDrive/MedSymmFlow_Project/synthetic_data/pneumoniamnist_normal_2280_filtered/normal_0924.png,/content/drive/MyDrive/MedSymmFlow_Project/fid_analysis/real_normal_1214/real_normal_0418.png,0.9552063345909119
/content/drive/MyDrive/MedSymmFlow_Project/synthetic_data/pneumoniamnist_normal_2280_filtered/normal_1895.png,/content/drive/MyDrive/MedSymmFlow_Project/fid_analysis/real_normal_1214/real_normal_0336.png,0.9551974534988403
/content/drive/MyDrive/MedSymmFlow_Project/synthetic_data/pneumoniamnist_normal_2280_filtered/normal_0942.png,/content/drive/MyDrive/MedSymmFlow_Project/fid_analysis/real_normal_1214/real_normal_0634.png,0.9551739692687988
/content/drive/MyDrive/MedSymmFlow_Project/synthetic_data/pneumoniamnist_normal_2280_filtered/normal_1582.png,/content/drive/MyDrive/MedSymmFlow_Project/fid_analysis/real_normal_1214/real_normal_0722.png,0.9551314115524292
/content/drive/MyDrive/MedSymmFlow_Project/synthetic_data/pneumoniamnist_normal_2280_filtered/normal_1037.png,/content/drive/MyDrive/MedSymmFlow_Project/fid_analysis/real_normal_1214/real_normal_0089.png,0.9551213979721069
/content/drive/MyDrive/MedSymmFlow_Project/synthetic_data/pneumoniamnist_normal_2280_filtered/normal_1050.png,/content/drive/MyDrive/MedSymmFlow_Project/fid_analysis/real_normal_1214/real_normal_0236.png,0.9551000595092773
/content/drive/MyDrive/MedSymmFlow_Project/synthetic_data/pneumoniamnist_normal_2280_filtered/normal_0823.png,/content/drive/MyDrive/MedSymmFlow_Project/fid_analysis/real_normal_1214/real_normal_0492.png,0.9550626277923584
/content/drive/MyDrive/MedSymmFlow_Project/synthetic_data/pneumoniamnist_normal_2280_filtered/normal_1606.png,/content/drive/MyDrive/MedSymmFlow_Project/fid_analysis/real_normal_1214/real_normal_0089.png,0.9550443887710571
/content/drive/MyDrive/MedSymmFlow_Project/synthetic_data/pneumoniamnist_normal_2280_filtered/normal_1920.png,/content/drive/MyDrive/MedSymmFlow_Project/fid_analysis/real_normal_1214/real_normal_0824.png,0.9550387859344482
/content/drive/MyDrive/MedSymmFlow_Project/synthetic_data/pneumoniamnist_normal_2280_filtered/normal_0331.png,/content/drive/MyDrive/MedSymmFlow_Project/fid_analysis/real_normal_1214/real_normal_1038.png,0.9550387859344482
/content/drive/MyDrive/MedSymmFlow_Project/synthetic_data/pneumoniamnist_normal_2280_filtered/normal_2081.png,/content/drive/MyDrive/MedSymmFlow_Project/fid_analysis/real_normal_1214/real_normal_0492.png,0.9550364017486572
/content/drive/MyDrive/MedSymmFlow_Project/synthetic_data/pneumoniamnist_normal_2280_filtered/normal_1133.png,/content/drive/MyDrive/MedSymmFlow_Project/fid_analysis/real_normal_1214/real_normal_1086.png,0.9550241231918335
/content/drive/MyDrive/MedSymmFlow_Project/synthetic_data/pneumoniamnist_normal_2280_filtered/normal_1655.png,/content/drive/MyDrive/MedSymmFlow_Project/fid_analysis/real_normal_1214/real_normal_0968.png,0.9550142288208008
/content/drive/MyDrive/MedSymmFlow_Project/synthetic_data/pneumoniamnist_normal_2280_filtered/normal_0587.png,/content/drive/MyDrive/MedSymmFlow_Project/fid_analysis/real_normal_1214/real_normal_0321.png,0.9549558162689209
/content/drive/MyDrive/MedSymmFlow_Project/synthetic_data/pneumoniamnist_normal_2280_filtered/normal_1269.png,/content/drive/MyDrive/MedSymmFlow_Project/fid_analysis/real_normal_1214/real_normal_0069.png,0.9549461603164673
/content/drive/MyDrive/MedSymmFlow_Project/synthetic_data/pneumoniamnist_normal_2280_filtered/normal_2096.png,/content/drive/MyDrive/MedSymmFlow_Project/fid_analysis/real_normal_1214/real_normal_1202.png,0.9549455642700195
/content/drive/MyDrive/MedSymmFlow_Project/synthetic_data/pneumoniamnist_normal_2280_filtered/normal_1395.png,/content/drive/MyDrive/MedSymmFlow_Project/fid_analysis/real_normal_1214/real_normal_0968.png,0.9548700451850891
/content/drive/MyDrive/MedSymmFlow_Project/synthetic_data/pneumoniamnist_normal_2280_filtered/normal_1250.png,/content/drive/MyDrive/MedSymmFlow_Project/fid_analysis/real_normal_1214/real_normal_0552.png,0.9548463225364685
/content/drive/MyDrive/MedSymmFlow_Project/synthetic_data/pneumoniamnist_normal_2280_filtered/normal_1098.png,/content/drive/MyDrive/MedSymmFlow_Project/fid_analysis/real_normal_1214/real_normal_0116.png,0.9548453092575073
/content/drive/MyDrive/MedSymmFlow_Project/synthetic_data/pneumoniamnist_normal_2280_filtered/normal_0945.png,/content/drive/MyDrive/MedSymmFlow_Project/fid_analysis/real_normal_1214/real_normal_0427.png,0.9548088312149048
/content/drive/MyDrive/MedSymmFlow_Project/synthetic_data/pneumoniamnist_normal_2280_filtered/normal_1408.png,/content/drive/MyDrive/MedSymmFlow_Project/fid_analysis/real_normal_1214/real_normal_0017.png,0.9547999501228333
/content/drive/MyDrive/MedSymmFlow_Project/synthetic_data/pneumoniamnist_normal_2280_filtered/normal_0874.png,/content/drive/MyDrive/MedSymmFlow_Project/fid_analysis/real_normal_1214/real_normal_0089.png,0.9547431468963623
/content/drive/MyDrive/MedSymmFlow_Project/synthetic_data/pneumoniamnist_normal_2280_filtered/normal_0749.png,/content/drive/MyDrive/MedSymmFlow_Project/fid_analysis/real_normal_1214/real_normal_0225.png,0.9547227025032043
/content/drive/MyDrive/MedSymmFlow_Project/synthetic_data/pneumoniamnist_normal_2280_filtered/normal_2092.png,/content/drive/MyDrive/MedSymmFlow_Project/fid_analysis/real_normal_1214/real_normal_0829.png,0.9547116756439209
/content/drive/MyDrive/MedSymmFlow_Project/synthetic_data/pneumoniamnist_normal_2280_filtered/normal_1332.png,/content/drive/MyDrive/MedSymmFlow_Project/fid_analysis/real_normal_1214/real_normal_0969.png,0.9546972513198853
/content/drive/MyDrive/MedSymmFlow_Project/synthetic_data/pneumoniamnist_normal_2280_filtered/normal_0988.png,/content/drive/MyDrive/MedSymmFlow_Project/fid_analysis/real_normal_1214/real_normal_0834.png,0.9546753764152527
/content/drive/MyDrive/MedSymmFlow_Project/synthetic_data/pneumoniamnist_normal_2280_filtered/normal_0272.png,/content/drive/MyDrive/MedSymmFlow_Project/fid_analysis/real_normal_1214/real_normal_1087.png,0.9546481370925903
/content/drive/MyDrive/MedSymmFlow_Project/synthetic_data/pneumoniamnist_normal_2280_filtered/normal_0388.png,/content/drive/MyDrive/MedSymmFlow_Project/fid_analysis/real_normal_1214/real_normal_0017.png,0.954612135887146
/content/drive/MyDrive/MedSymmFlow_Project/synthetic_data/pneumoniamnist_normal_2280_filtered/normal_1805.png,/content/drive/MyDrive/MedSymmFlow_Project/fid_analysis/real_normal_1214/real_normal_0829.png,0.9545750617980957
/content/drive/MyDrive/MedSymmFlow_Project/synthetic_data/pneumoniamnist_normal_2280_filtered/normal_2082.png,/content/drive/MyDrive/MedSymmFlow_Project/fid_analysis/real_normal_1214/real_normal_1086.png,0.9545727968215942
/content/drive/MyDrive/MedSymmFlow_Project/synthetic_data/pneumoniamnist_normal_2280_filtered/normal_1454.png,/content/drive/MyDrive/MedSymmFlow_Project/fid_analysis/real_normal_1214/real_normal_0659.png,0.954549252986908
/content/drive/MyDrive/MedSymmFlow_Project/synthetic_data/pneumoniamnist_normal_2280_filtered/normal_1126.png,/content/drive/MyDrive/MedSymmFlow_Project/fid_analysis/real_normal_1214/real_normal_0137.png,0.954531192779541
/content/drive/MyDrive/MedSymmFlow_Project/synthetic_data/pneumoniamnist_normal_2280_filtered/normal_0118.png,/content/drive/MyDrive/MedSymmFlow_Project/fid_analysis/real_normal_1214/real_normal_0015.png,0.9544961452484131
/content/drive/MyDrive/MedSymmFlow_Project/synthetic_data/pneumoniamnist_normal_2280_filtered/normal_0318.png,/content/drive/MyDrive/MedSymmFlow_Project/fid_analysis/real_normal_1214/real_normal_0017.png,0.9544956684112549
/content/drive/MyDrive/MedSymmFlow_Project/synthetic_data/pneumoniamnist_normal_2280_filtered/normal_2063.png,/content/drive/MyDrive/MedSymmFlow_Project/fid_analysis/real_normal_1214/real_normal_0054.png,0.9544951915740967
/content/drive/MyDrive/MedSymmFlow_Project/synthetic_data/pneumoniamnist_normal_2280_filtered/normal_1302.png,/content/drive/MyDrive/MedSymmFlow_Project/fid_analysis/real_normal_1214/real_normal_0389.png,0.9544800519943237
/content/drive/MyDrive/MedSymmFlow_Project/synthetic_data/pneumoniamnist_normal_2280_filtered/normal_1818.png,/content/drive/MyDrive/MedSymmFlow_Project/fid_analysis/real_normal_1214/real_normal_0824.png,0.9544639587402344
/content/drive/MyDrive/MedSymmFlow_Project/synthetic_data/pneumoniamnist_normal_2280_filtered/normal_1267.png,/content/drive/MyDrive/MedSymmFlow_Project/fid_analysis/real_normal_1214/real_normal_1086.png,0.9544566869735718
/content/drive/MyDrive/MedSymmFlow_Project/synthetic_data/pneumoniamnist_normal_2280_filtered/normal_0483.png,/content/drive/MyDrive/MedSymmFlow_Project/fid_analysis/real_normal_1214/real_normal_0968.png,0.9544503688812256
/content/drive/MyDrive/MedSymmFlow_Project/synthetic_data/pneumoniamnist_normal_2280_filtered/normal_0861.png,/content/drive/MyDrive/MedSymmFlow_Project/fid_analysis/real_normal_1214/real_normal_1106.png,0.9544451832771301
/content/drive/MyDrive/MedSymmFlow_Project/synthetic_data/pneumoniamnist_normal_2280_filtered/normal_1723.png,/content/drive/MyDrive/MedSymmFlow_Project/fid_analysis/real_normal_1214/real_normal_0490.png,0.954418420791626
/content/drive/MyDrive/MedSymmFlow_Project/synthetic_data/pneumoniamnist_normal_2280_filtered/normal_0450.png,/content/drive/MyDrive/MedSymmFlow_Project/fid_analysis/real_normal_1214/real_normal_0644.png,0.954417884349823
/content/drive/MyDrive/MedSymmFlow_Project/synthetic_data/pneumoniamnist_normal_2280_filtered/normal_0399.png,/content/drive/MyDrive/MedSymmFlow_Project/fid_analysis/real_normal_1214/real_normal_0017.png,0.9544054269790649
/content/drive/MyDrive/MedSymmFlow_Project/synthetic_data/pneumoniamnist_normal_2280_filtered/normal_1406.png,/content/drive/MyDrive/MedSymmFlow_Project/fid_analysis/real_normal_1214/real_normal_0389.png,0.9544049501419067
/content/drive/MyDrive/MedSymmFlow_Project/synthetic_data/pneumoniamnist_normal_2280_filtered/normal_2078.png,/content/drive/MyDrive/MedSymmFlow_Project/fid_analysis/real_normal_1214/real_normal_0481.png,0.9543745517730713
/content/drive/MyDrive/MedSymmFlow_Project/synthetic_data/pneumoniamnist_normal_2280_filtered/normal_1275.png,/content/drive/MyDrive/MedSymmFlow_Project/fid_analysis/real_normal_1214/real_normal_0824.png,0.9543577432632446
/content/drive/MyDrive/MedSymmFlow_Project/synthetic_data/pneumoniamnist_normal_2280_filtered/normal_1726.png,/content/drive/MyDrive/MedSymmFlow_Project/fid_analysis/real_normal_1214/real_normal_0492.png,0.9543513059616089
/content/drive/MyDrive/MedSymmFlow_Project/synthetic_data/pneumoniamnist_normal_2280_filtered/normal_0773.png,/content/drive/MyDrive/MedSymmFlow_Project/fid_analysis/real_normal_1214/real_normal_1028.png,0.9543143510818481
/content/drive/MyDrive/MedSymmFlow_Project/synthetic_data/pneumoniamnist_normal_2280_filtered/normal_1528.png,/content/drive/MyDrive/MedSymmFlow_Project/fid_analysis/real_normal_1214/real_normal_0069.png,0.9543097019195557
/content/drive/MyDrive/MedSymmFlow_Project/synthetic_data/pneumoniamnist_normal_2280_filtered/normal_0096.png,/content/drive/MyDrive/MedSymmFlow_Project/fid_analysis/real_normal_1214/real_normal_0069.png,0.9543096423149109
/content/drive/MyDrive/MedSymmFlow_Project/synthetic_data/pneumoniamnist_normal_2280_filtered/normal_1985.png,/content/drive/MyDrive/MedSymmFlow_Project/fid_analysis/real_normal_1214/real_normal_0274.png,0.9543073177337646
/content/drive/MyDrive/MedSymmFlow_Project/synthetic_data/pneumoniamnist_normal_2280_filtered/normal_0210.png,/content/drive/MyDrive/MedSymmFlow_Project/fid_analysis/real_normal_1214/real_normal_0427.png,0.9542903900146484
/content/drive/MyDrive/MedSymmFlow_Project/synthetic_data/pneumoniamnist_normal_2280_filtered/normal_1153.png,/content/drive/MyDrive/MedSymmFlow_Project/fid_analysis/real_normal_1214/real_normal_0599.png,0.9542845487594604
/content/drive/MyDrive/MedSymmFlow_Project/synthetic_data/pneumoniamnist_normal_2280_filtered/normal_0701.png,/content/drive/MyDrive/MedSymmFlow_Project/fid_analysis/real_normal_1214/real_normal_0552.png,0.9542680978775024
/content/drive/MyDrive/MedSymmFlow_Project/synthetic_data/pneumoniamnist_normal_2280_filtered/normal_1763.png,/content/drive/MyDrive/MedSymmFlow_Project/fid_analysis/real_normal_1214/real_normal_0834.png,0.9542427659034729
/content/drive/MyDrive/MedSymmFlow_Project/synthetic_data/pneumoniamnist_normal_2280_filtered/normal_1897.png,/content/drive/MyDrive/MedSymmFlow_Project/fid_analysis/real_normal_1214/real_normal_1159.png,0.9541906714439392
/content/drive/MyDrive/MedSymmFlow_Project/synthetic_data/pneumoniamnist_normal_2280_filtered/normal_0089.png,/content/drive/MyDrive/MedSymmFlow_Project/fid_analysis/real_normal_1214/real_normal_0326.png,0.9541739225387573
/content/drive/MyDrive/MedSymmFlow_Project/synthetic_data/pneumoniamnist_normal_2280_filtered/normal_1499.png,/content/drive/MyDrive/MedSymmFlow_Project/fid_analysis/real_normal_1214/real_normal_0274.png,0.9541718363761902
/content/drive/MyDrive/MedSymmFlow_Project/synthetic_data/pneumoniamnist_normal_2280_filtered/normal_1376.png,/content/drive/MyDrive/MedSymmFlow_Project/fid_analysis/real_normal_1214/real_normal_0274.png,0.954152524471283
/content/drive/MyDrive/MedSymmFlow_Project/synthetic_data/pneumoniamnist_normal_2280_filtered/normal_2086.png,/content/drive/MyDrive/MedSymmFlow_Project/fid_analysis/real_normal_1214/real_normal_0644.png,0.9541505575180054
/content/drive/MyDrive/MedSymmFlow_Project/synthetic_data/pneumoniamnist_normal_2280_filtered/normal_0485.png,/content/drive/MyDrive/MedSymmFlow_Project/fid_analysis/real_normal_1214/real_normal_1086.png,0.954146146774292
/content/drive/MyDrive/MedSymmFlow_Project/synthetic_data/pneumoniamnist_normal_2280_filtered/normal_0803.png,/content/drive/MyDrive/MedSymmFlow_Project/fid_analysis/real_normal_1214/real_normal_0634.png,0.9541410207748413
/content/drive/MyDrive/MedSymmFlow_Project/synthetic_data/pneumoniamnist_normal_2280_filtered/normal_1739.png,/content/drive/MyDrive/MedSymmFlow_Project/fid_analysis/real_normal_1214/real_normal_1159.png,0.9541339874267578
/content/drive/MyDrive/MedSymmFlow_Project/synthetic_data/pneumoniamnist_normal_2280_filtered/normal_1061.png,/content/drive/MyDrive/MedSymmFlow_Project/fid_analysis/real_normal_1214/real_normal_0855.png,0.9540888667106628
/content/drive/MyDrive/MedSymmFlow_Project/synthetic_data/pneumoniamnist_normal_2280_filtered/normal_0739.png,/content/drive/MyDrive/MedSymmFlow_Project/fid_analysis/real_normal_1214/real_normal_0056.png,0.9540646076202393
/content/drive/MyDrive/MedSymmFlow_Project/synthetic_data/pneumoniamnist_normal_2280_filtered/normal_1784.png,/content/drive/MyDrive/MedSymmFlow_Project/fid_analysis/real_normal_1214/real_normal_1188.png,0.9540464878082275
/content/drive/MyDrive/MedSymmFlow_Project/synthetic_data/pneumoniamnist_normal_2280_filtered/normal_1845.png,/content/drive/MyDrive/MedSymmFlow_Project/fid_analysis/real_normal_1214/real_normal_0644.png,0.9540393948554993
/content/drive/MyDrive/MedSymmFlow_Project/synthetic_data/pneumoniamnist_normal_2280_filtered/normal_0606.png,/content/drive/MyDrive/MedSymmFlow_Project/fid_analysis/real_normal_1214/real_normal_0427.png,0.9540017247200012
/content/drive/MyDrive/MedSymmFlow_Project/synthetic_data/pneumoniamnist_normal_2280_filtered/normal_0902.png,/content/drive/MyDrive/MedSymmFlow_Project/fid_analysis/real_normal_1214/real_normal_0968.png,0.9539891481399536
/content/drive/MyDrive/MedSymmFlow_Project/synthetic_data/pneumoniamnist_normal_2280_filtered/normal_0005.png,/content/drive/MyDrive/MedSymmFlow_Project/fid_analysis/real_normal_1214/real_normal_0357.png,0.9539508819580078
/content/drive/MyDrive/MedSymmFlow_Project/synthetic_data/pneumoniamnist_normal_2280_filtered/normal_1106.png,/content/drive/MyDrive/MedSymmFlow_Project/fid_analysis/real_normal_1214/real_normal_1151.png,0.953934371471405
/content/drive/MyDrive/MedSymmFlow_Project/synthetic_data/pneumoniamnist_normal_2280_filtered/normal_1444.png,/content/drive/MyDrive/MedSymmFlow_Project/fid_analysis/real_normal_1214/real_normal_0504.png,0.953930139541626
/content/drive/MyDrive/MedSymmFlow_Project/synthetic_data/pneumoniamnist_normal_2280_filtered/normal_0309.png,/content/drive/MyDrive/MedSymmFlow_Project/fid_analysis/real_normal_1214/real_normal_0322.png,0.953912615776062
/content/drive/MyDrive/MedSymmFlow_Project/synthetic_data/pneumoniamnist_normal_2280_filtered/normal_2169.png,/content/drive/MyDrive/MedSymmFlow_Project/fid_analysis/real_normal_1214/real_normal_0904.png,0.9539037942886353
/content/drive/MyDrive/MedSymmFlow_Project/synthetic_data/pneumoniamnist_normal_2280_filtered/normal_2067.png,/content/drive/MyDrive/MedSymmFlow_Project/fid_analysis/real_normal_1214/real_normal_0522.png,0.9538528919219971
/content/drive/MyDrive/MedSymmFlow_Project/synthetic_data/pneumoniamnist_normal_2280_filtered/normal_1601.png,/content/drive/MyDrive/MedSymmFlow_Project/fid_analysis/real_normal_1214/real_normal_0824.png,0.9538320899009705
/content/drive/MyDrive/MedSymmFlow_Project/synthetic_data/pneumoniamnist_normal_2280_filtered/normal_1015.png,/content/drive/MyDrive/MedSymmFlow_Project/fid_analysis/real_normal_1214/real_normal_0566.png,0.9538194537162781
/content/drive/MyDrive/MedSymmFlow_Project/synthetic_data/pneumoniamnist_normal_2280_filtered/normal_1571.png,/content/drive/MyDrive/MedSymmFlow_Project/fid_analysis/real_normal_1214/real_normal_0069.png,0.9538187384605408
/content/drive/MyDrive/MedSymmFlow_Project/synthetic_data/pneumoniamnist_normal_2280_filtered/normal_1304.png,/content/drive/MyDrive/MedSymmFlow_Project/fid_analysis/real_normal_1214/real_normal_0634.png,0.9538073539733887
/content/drive/MyDrive/MedSymmFlow_Project/synthetic_data/pneumoniamnist_normal_2280_filtered/normal_1936.png,/content/drive/MyDrive/MedSymmFlow_Project/fid_analysis/real_normal_1214/real_normal_1086.png,0.953799843788147
/content/drive/MyDrive/MedSymmFlow_Project/synthetic_data/pneumoniamnist_normal_2280_filtered/normal_1902.png,/content/drive/MyDrive/MedSymmFlow_Project/fid_analysis/real_normal_1214/real_normal_0566.png,0.9537926912307739
/content/drive/MyDrive/MedSymmFlow_Project/synthetic_data/pneumoniamnist_normal_2280_filtered/normal_1305.png,/content/drive/MyDrive/MedSymmFlow_Project/fid_analysis/real_normal_1214/real_normal_0644.png,0.9537362456321716
/content/drive/MyDrive/MedSymmFlow_Project/synthetic_data/pneumoniamnist_normal_2280_filtered/normal_2226.png,/content/drive/MyDrive/MedSymmFlow_Project/fid_analysis/real_normal_1214/real_normal_0492.png,0.9537210464477539
/content/drive/MyDrive/MedSymmFlow_Project/synthetic_data/pneumoniamnist_normal_2280_filtered/normal_1320.png,/content/drive/MyDrive/MedSymmFlow_Project/fid_analysis/real_normal_1214/real_normal_0537.png,0.9537159204483032
/content/drive/MyDrive/MedSymmFlow_Project/synthetic_data/pneumoniamnist_normal_2280_filtered/normal_0188.png,/content/drive/MyDrive/MedSymmFlow_Project/fid_analysis/real_normal_1214/real_normal_0829.png,0.9536893367767334
/content/drive/MyDrive/MedSymmFlow_Project/synthetic_data/pneumoniamnist_normal_2280_filtered/normal_0910.png,/content/drive/MyDrive/MedSymmFlow_Project/fid_analysis/real_normal_1214/real_normal_0492.png,0.9536783695220947
/content/drive/MyDrive/MedSymmFlow_Project/synthetic_data/pneumoniamnist_normal_2280_filtered/normal_0867.png,/content/drive/MyDrive/MedSymmFlow_Project/fid_analysis/real_normal_1214/real_normal_0855.png,0.9536585807800293
/content/drive/MyDrive/MedSymmFlow_Project/synthetic_data/pneumoniamnist_normal_2280_filtered/normal_1698.png,/content/drive/MyDrive/MedSymmFlow_Project/fid_analysis/real_normal_1214/real_normal_0321.png,0.9536547660827637
/content/drive/MyDrive/MedSymmFlow_Project/synthetic_data/pneumoniamnist_normal_2280_filtered/normal_0774.png,/content/drive/MyDrive/MedSymmFlow_Project/fid_analysis/real_normal_1214/real_normal_0194.png,0.9536387920379639
/content/drive/MyDrive/MedSymmFlow_Project/synthetic_data/pneumoniamnist_normal_2280_filtered/normal_1552.png,/content/drive/MyDrive/MedSymmFlow_Project/fid_analysis/real_normal_1214/real_normal_0017.png,0.95363849401474
/content/drive/MyDrive/MedSymmFlow_Project/synthetic_data/pneumoniamnist_normal_2280_filtered/normal_0795.png,/content/drive/MyDrive/MedSymmFlow_Project/fid_analysis/real_normal_1214/real_normal_0508.png,0.9536031484603882
/content/drive/MyDrive/MedSymmFlow_Project/synthetic_data/pneumoniamnist_normal_2280_filtered/normal_1422.png,/content/drive/MyDrive/MedSymmFlow_Project/fid_analysis/real_normal_1214/real_normal_0185.png,0.9535932540893555
/content/drive/MyDrive/MedSymmFlow_Project/synthetic_data/pneumoniamnist_normal_2280_filtered/normal_0411.png,/content/drive/MyDrive/MedSymmFlow_Project/fid_analysis/real_normal_1214/real_normal_0599.png,0.9535865783691406
/content/drive/MyDrive/MedSymmFlow_Project/synthetic_data/pneumoniamnist_normal_2280_filtered/normal_2194.png,/content/drive/MyDrive/MedSymmFlow_Project/fid_analysis/real_normal_1214/real_normal_0644.png,0.9535864591598511
/content/drive/MyDrive/MedSymmFlow_Project/synthetic_data/pneumoniamnist_normal_2280_filtered/normal_1044.png,/content/drive/MyDrive/MedSymmFlow_Project/fid_analysis/real_normal_1214/real_normal_0824.png,0.9535862803459167
/content/drive/MyDrive/MedSymmFlow_Project/synthetic_data/pneumoniamnist_normal_2280_filtered/normal_1870.png,/content/drive/MyDrive/MedSymmFlow_Project/fid_analysis/real_normal_1214/real_normal_0498.png,0.9535782337188721
/content/drive/MyDrive/MedSymmFlow_Project/synthetic_data/pneumoniamnist_normal_2280_filtered/normal_0060.png,/content/drive/MyDrive/MedSymmFlow_Project/fid_analysis/real_normal_1214/real_normal_0649.png,0.9535673260688782
/content/drive/MyDrive/MedSymmFlow_Project/synthetic_data/pneumoniamnist_normal_2280_filtered/normal_0898.png,/content/drive/MyDrive/MedSymmFlow_Project/fid_analysis/real_normal_1214/real_normal_0137.png,0.9535632133483887
/content/drive/MyDrive/MedSymmFlow_Project/synthetic_data/pneumoniamnist_normal_2280_filtered/normal_1710.png,/content/drive/MyDrive/MedSymmFlow_Project/fid_analysis/real_normal_1214/real_normal_0069.png,0.9535605907440186
/content/drive/MyDrive/MedSymmFlow_Project/synthetic_data/pneumoniamnist_normal_2280_filtered/normal_0486.png,/content/drive/MyDrive/MedSymmFlow_Project/fid_analysis/real_normal_1214/real_normal_0707.png,0.9535496830940247
/content/drive/MyDrive/MedSymmFlow_Project/synthetic_data/pneumoniamnist_normal_2280_filtered/normal_1494.png,/content/drive/MyDrive/MedSymmFlow_Project/fid_analysis/real_normal_1214/real_normal_0294.png,0.9535421133041382
/content/drive/MyDrive/MedSymmFlow_Project/synthetic_data/pneumoniamnist_normal_2280_filtered/normal_2025.png,/content/drive/MyDrive/MedSymmFlow_Project/fid_analysis/real_normal_1214/real_normal_1057.png,0.9535214900970459
/content/drive/MyDrive/MedSymmFlow_Project/synthetic_data/pneumoniamnist_normal_2280_filtered/normal_2167.png,/content/drive/MyDrive/MedSymmFlow_Project/fid_analysis/real_normal_1214/real_normal_0514.png,0.9535097479820251
/content/drive/MyDrive/MedSymmFlow_Project/synthetic_data/pneumoniamnist_normal_2280_filtered/normal_0270.png,/content/drive/MyDrive/MedSymmFlow_Project/fid_analysis/real_normal_1214/real_normal_0490.png,0.9535077214241028
/content/drive/MyDrive/MedSymmFlow_Project/synthetic_data/pneumoniamnist_normal_2280_filtered/normal_1621.png,/content/drive/MyDrive/MedSymmFlow_Project/fid_analysis/real_normal_1214/real_normal_0069.png,0.9534925222396851
/content/drive/MyDrive/MedSymmFlow_Project/synthetic_data/pneumoniamnist_normal_2280_filtered/normal_0040.png,/content/drive/MyDrive/MedSymmFlow_Project/fid_analysis/real_normal_1214/real_normal_0017.png,0.9534494876861572
/content/drive/MyDrive/MedSymmFlow_Project/synthetic_data/pneumoniamnist_normal_2280_filtered/normal_1712.png,/content/drive/MyDrive/MedSymmFlow_Project/fid_analysis/real_normal_1214/real_normal_0659.png,0.9534170627593994
/content/drive/MyDrive/MedSymmFlow_Project/synthetic_data/pneumoniamnist_normal_2280_filtered/normal_1442.png,/content/drive/MyDrive/MedSymmFlow_Project/fid_analysis/real_normal_1214/real_normal_0934.png,0.9534025192260742
/content/drive/MyDrive/MedSymmFlow_Project/synthetic_data/pneumoniamnist_normal_2280_filtered/normal_1049.png,/content/drive/MyDrive/MedSymmFlow_Project/fid_analysis/real_normal_1214/real_normal_0041.png,0.9533909559249878
/content/drive/MyDrive/MedSymmFlow_Project/synthetic_data/pneumoniamnist_normal_2280_filtered/normal_0644.png,/content/drive/MyDrive/MedSymmFlow_Project/fid_analysis/real_normal_1214/real_normal_0225.png,0.9533814191818237
/content/drive/MyDrive/MedSymmFlow_Project/synthetic_data/pneumoniamnist_normal_2280_filtered/normal_1596.png,/content/drive/MyDrive/MedSymmFlow_Project/fid_analysis/real_normal_1214/real_normal_1031.png,0.9533782005310059
/content/drive/MyDrive/MedSymmFlow_Project/synthetic_data/pneumoniamnist_normal_2280_filtered/normal_1661.png,/content/drive/MyDrive/MedSymmFlow_Project/fid_analysis/real_normal_1214/real_normal_0738.png,0.9533592462539673
/content/drive/MyDrive/MedSymmFlow_Project/synthetic_data/pneumoniamnist_normal_2280_filtered/normal_2066.png,/content/drive/MyDrive/MedSymmFlow_Project/fid_analysis/real_normal_1214/real_normal_0274.png,0.9533424377441406
/content/drive/MyDrive/MedSymmFlow_Project/synthetic_data/pneumoniamnist_normal_2280_filtered/normal_0916.png,/content/drive/MyDrive/MedSymmFlow_Project/fid_analysis/real_normal_1214/real_normal_0492.png,0.9532750248908997
/content/drive/MyDrive/MedSymmFlow_Project/synthetic_data/pneumoniamnist_normal_2280_filtered/normal_0676.png,/content/drive/MyDrive/MedSymmFlow_Project/fid_analysis/real_normal_1214/real_normal_0389.png,0.9531840085983276
/content/drive/MyDrive/MedSymmFlow_Project/synthetic_data/pneumoniamnist_normal_2280_filtered/normal_0429.png,/content/drive/MyDrive/MedSymmFlow_Project/fid_analysis/real_normal_1214/real_normal_0116.png,0.9531669616699219
/content/drive/MyDrive/MedSymmFlow_Project/synthetic_data/pneumoniamnist_normal_2280_filtered/normal_1485.png,/content/drive/MyDrive/MedSymmFlow_Project/fid_analysis/real_normal_1214/real_normal_0389.png,0.9531627893447876
/content/drive/MyDrive/MedSymmFlow_Project/synthetic_data/pneumoniamnist_normal_2280_filtered/normal_2153.png,/content/drive/MyDrive/MedSymmFlow_Project/fid_analysis/real_normal_1214/real_normal_0225.png,0.9531385898590088
/content/drive/MyDrive/MedSymmFlow_Project/synthetic_data/pneumoniamnist_normal_2280_filtered/normal_0130.png,/content/drive/MyDrive/MedSymmFlow_Project/fid_analysis/real_normal_1214/real_normal_0017.png,0.9531340003013611
/content/drive/MyDrive/MedSymmFlow_Project/synthetic_data/pneumoniamnist_normal_2280_filtered/normal_1065.png,/content/drive/MyDrive/MedSymmFlow_Project/fid_analysis/real_normal_1214/real_normal_0634.png,0.9531317353248596
/content/drive/MyDrive/MedSymmFlow_Project/synthetic_data/pneumoniamnist_normal_2280_filtered/normal_0139.png,/content/drive/MyDrive/MedSymmFlow_Project/fid_analysis/real_normal_1214/real_normal_0829.png,0.9531164169311523
/content/drive/MyDrive/MedSymmFlow_Project/synthetic_data/pneumoniamnist_normal_2280_filtered/normal_1242.png,/content/drive/MyDrive/MedSymmFlow_Project/fid_analysis/real_normal_1214/real_normal_0659.png,0.9530982971191406
/content/drive/MyDrive/MedSymmFlow_Project/synthetic_data/pneumoniamnist_normal_2280_filtered/normal_0747.png,/content/drive/MyDrive/MedSymmFlow_Project/fid_analysis/real_normal_1214/real_normal_1028.png,0.9530782699584961
/content/drive/MyDrive/MedSymmFlow_Project/synthetic_data/pneumoniamnist_normal_2280_filtered/normal_0726.png,/content/drive/MyDrive/MedSymmFlow_Project/fid_analysis/real_normal_1214/real_normal_0017.png,0.9530603885650635
/content/drive/MyDrive/MedSymmFlow_Project/synthetic_data/pneumoniamnist_normal_2280_filtered/normal_0022.png,/content/drive/MyDrive/MedSymmFlow_Project/fid_analysis/real_normal_1214/real_normal_0069.png,0.9530473351478577
/content/drive/MyDrive/MedSymmFlow_Project/synthetic_data/pneumoniamnist_normal_2280_filtered/normal_0876.png,/content/drive/MyDrive/MedSymmFlow_Project/fid_analysis/real_normal_1214/real_normal_0876.png,0.953035831451416
/content/drive/MyDrive/MedSymmFlow_Project/synthetic_data/pneumoniamnist_normal_2280_filtered/normal_1396.png,/content/drive/MyDrive/MedSymmFlow_Project/fid_analysis/real_normal_1214/real_normal_1194.png,0.9530353546142578
/content/drive/MyDrive/MedSymmFlow_Project/synthetic_data/pneumoniamnist_normal_2280_filtered/normal_1046.png,/content/drive/MyDrive/MedSymmFlow_Project/fid_analysis/real_normal_1214/real_normal_0225.png,0.9530014991760254
/content/drive/MyDrive/MedSymmFlow_Project/synthetic_data/pneumoniamnist_normal_2280_filtered/normal_1132.png,/content/drive/MyDrive/MedSymmFlow_Project/fid_analysis/real_normal_1214/real_normal_1116.png,0.952985405921936
/content/drive/MyDrive/MedSymmFlow_Project/synthetic_data/pneumoniamnist_normal_2280_filtered/normal_2254.png,/content/drive/MyDrive/MedSymmFlow_Project/fid_analysis/real_normal_1214/real_normal_0829.png,0.9529845118522644
/content/drive/MyDrive/MedSymmFlow_Project/synthetic_data/pneumoniamnist_normal_2280_filtered/normal_0204.png,/content/drive/MyDrive/MedSymmFlow_Project/fid_analysis/real_normal_1214/real_normal_0971.png,0.9529726505279541
/content/drive/MyDrive/MedSymmFlow_Project/synthetic_data/pneumoniamnist_normal_2280_filtered/normal_0200.png,/content/drive/MyDrive/MedSymmFlow_Project/fid_analysis/real_normal_1214/real_normal_0427.png,0.9529714584350586
/content/drive/MyDrive/MedSymmFlow_Project/synthetic_data/pneumoniamnist_normal_2280_filtered/normal_0381.png,/content/drive/MyDrive/MedSymmFlow_Project/fid_analysis/real_normal_1214/real_normal_0427.png,0.9529352188110352
/content/drive/MyDrive/MedSymmFlow_Project/synthetic_data/pneumoniamnist_normal_2280_filtered/normal_1745.png,/content/drive/MyDrive/MedSymmFlow_Project/fid_analysis/real_normal_1214/real_normal_0112.png,0.952934741973877
/content/drive/MyDrive/MedSymmFlow_Project/synthetic_data/pneumoniamnist_normal_2280_filtered/normal_2223.png,/content/drive/MyDrive/MedSymmFlow_Project/fid_analysis/real_normal_1214/real_normal_0492.png,0.9529212713241577
/content/drive/MyDrive/MedSymmFlow_Project/synthetic_data/pneumoniamnist_normal_2280_filtered/normal_1401.png,/content/drive/MyDrive/MedSymmFlow_Project/fid_analysis/real_normal_1214/real_normal_1086.png,0.9529194831848145
/content/drive/MyDrive/MedSymmFlow_Project/synthetic_data/pneumoniamnist_normal_2280_filtered/normal_0918.png,/content/drive/MyDrive/MedSymmFlow_Project/fid_analysis/real_normal_1214/real_normal_0012.png,0.9528729319572449
/content/drive/MyDrive/MedSymmFlow_Project/synthetic_data/pneumoniamnist_normal_2280_filtered/normal_0334.png,/content/drive/MyDrive/MedSymmFlow_Project/fid_analysis/real_normal_1214/real_normal_0390.png,0.9528632760047913
/content/drive/MyDrive/MedSymmFlow_Project/synthetic_data/pneumoniamnist_normal_2280_filtered/normal_0705.png,/content/drive/MyDrive/MedSymmFlow_Project/fid_analysis/real_normal_1214/real_normal_0413.png,0.9528559446334839
/content/drive/MyDrive/MedSymmFlow_Project/synthetic_data/pneumoniamnist_normal_2280_filtered/normal_2004.png,/content/drive/MyDrive/MedSymmFlow_Project/fid_analysis/real_normal_1214/real_normal_0358.png,0.952853798866272
/content/drive/MyDrive/MedSymmFlow_Project/synthetic_data/pneumoniamnist_normal_2280_filtered/normal_0729.png,/content/drive/MyDrive/MedSymmFlow_Project/fid_analysis/real_normal_1214/real_normal_0492.png,0.9528414011001587
/content/drive/MyDrive/MedSymmFlow_Project/synthetic_data/pneumoniamnist_normal_2280_filtered/normal_1868.png,/content/drive/MyDrive/MedSymmFlow_Project/fid_analysis/real_normal_1214/real_normal_0137.png,0.9528367519378662
/content/drive/MyDrive/MedSymmFlow_Project/synthetic_data/pneumoniamnist_normal_2280_filtered/normal_0215.png,/content/drive/MyDrive/MedSymmFlow_Project/fid_analysis/real_normal_1214/real_normal_0225.png,0.9528321027755737
/content/drive/MyDrive/MedSymmFlow_Project/synthetic_data/pneumoniamnist_normal_2280_filtered/normal_1124.png,/content/drive/MyDrive/MedSymmFlow_Project/fid_analysis/real_normal_1214/real_normal_0894.png,0.9528144598007202
/content/drive/MyDrive/MedSymmFlow_Project/synthetic_data/pneumoniamnist_normal_2280_filtered/normal_1306.png,/content/drive/MyDrive/MedSymmFlow_Project/fid_analysis/real_normal_1214/real_normal_0731.png,0.9527982473373413
/content/drive/MyDrive/MedSymmFlow_Project/synthetic_data/pneumoniamnist_normal_2280_filtered/normal_1633.png,/content/drive/MyDrive/MedSymmFlow_Project/fid_analysis/real_normal_1214/real_normal_0321.png,0.9527846574783325
/content/drive/MyDrive/MedSymmFlow_Project/synthetic_data/pneumoniamnist_normal_2280_filtered/normal_0456.png,/content/drive/MyDrive/MedSymmFlow_Project/fid_analysis/real_normal_1214/real_normal_0742.png,0.9527725577354431
/content/drive/MyDrive/MedSymmFlow_Project/synthetic_data/pneumoniamnist_normal_2280_filtered/normal_0189.png,/content/drive/MyDrive/MedSymmFlow_Project/fid_analysis/real_normal_1214/real_normal_0552.png,0.9527683854103088
/content/drive/MyDrive/MedSymmFlow_Project/synthetic_data/pneumoniamnist_normal_2280_filtered/normal_1171.png,/content/drive/MyDrive/MedSymmFlow_Project/fid_analysis/real_normal_1214/real_normal_0346.png,0.9527561664581299
/content/drive/MyDrive/MedSymmFlow_Project/synthetic_data/pneumoniamnist_normal_2280_filtered/normal_1861.png,/content/drive/MyDrive/MedSymmFlow_Project/fid_analysis/real_normal_1214/real_normal_0824.png,0.9527320861816406
/content/drive/MyDrive/MedSymmFlow_Project/synthetic_data/pneumoniamnist_normal_2280_filtered/normal_1980.png,/content/drive/MyDrive/MedSymmFlow_Project/fid_analysis/real_normal_1214/real_normal_0829.png,0.952724814414978
/content/drive/MyDrive/MedSymmFlow_Project/synthetic_data/pneumoniamnist_normal_2280_filtered/normal_1185.png,/content/drive/MyDrive/MedSymmFlow_Project/fid_analysis/real_normal_1214/real_normal_0116.png,0.9527180790901184
/content/drive/MyDrive/MedSymmFlow_Project/synthetic_data/pneumoniamnist_normal_2280_filtered/normal_1437.png,/content/drive/MyDrive/MedSymmFlow_Project/fid_analysis/real_normal_1214/real_normal_0824.png,0.9526950120925903
/content/drive/MyDrive/MedSymmFlow_Project/synthetic_data/pneumoniamnist_normal_2280_filtered/normal_1930.png,/content/drive/MyDrive/MedSymmFlow_Project/fid_analysis/real_normal_1214/real_normal_0274.png,0.9526903629302979
/content/drive/MyDrive/MedSymmFlow_Project/synthetic_data/pneumoniamnist_normal_2280_filtered/normal_0997.png,/content/drive/MyDrive/MedSymmFlow_Project/fid_analysis/real_normal_1214/real_normal_0571.png,0.9526883363723755
/content/drive/MyDrive/MedSymmFlow_Project/synthetic_data/pneumoniamnist_normal_2280_filtered/normal_1060.png,/content/drive/MyDrive/MedSymmFlow_Project/fid_analysis/real_normal_1214/real_normal_0900.png,0.9526526927947998
/content/drive/MyDrive/MedSymmFlow_Project/synthetic_data/pneumoniamnist_normal_2280_filtered/normal_0190.png,/content/drive/MyDrive/MedSymmFlow_Project/fid_analysis/real_normal_1214/real_normal_1087.png,0.9526411294937134
/content/drive/MyDrive/MedSymmFlow_Project/synthetic_data/pneumoniamnist_normal_2280_filtered/normal_0785.png,/content/drive/MyDrive/MedSymmFlow_Project/fid_analysis/real_normal_1214/real_normal_0069.png,0.9526408910751343
/content/drive/MyDrive/MedSymmFlow_Project/synthetic_data/pneumoniamnist_normal_2280_filtered/normal_1713.png,/content/drive/MyDrive/MedSymmFlow_Project/fid_analysis/real_normal_1214/real_normal_0697.png,0.9526205658912659
/content/drive/MyDrive/MedSymmFlow_Project/synthetic_data/pneumoniamnist_normal_2280_filtered/normal_1331.png,/content/drive/MyDrive/MedSymmFlow_Project/fid_analysis/real_normal_1214/real_normal_0116.png,0.9526165723800659
/content/drive/MyDrive/MedSymmFlow_Project/synthetic_data/pneumoniamnist_normal_2280_filtered/normal_1666.png,/content/drive/MyDrive/MedSymmFlow_Project/fid_analysis/real_normal_1214/real_normal_0731.png,0.9526135921478271
/content/drive/MyDrive/MedSymmFlow_Project/synthetic_data/pneumoniamnist_normal_2280_filtered/normal_1768.png,/content/drive/MyDrive/MedSymmFlow_Project/fid_analysis/real_normal_1214/real_normal_0763.png,0.9525929689407349
/content/drive/MyDrive/MedSymmFlow_Project/synthetic_data/pneumoniamnist_normal_2280_filtered/normal_2060.png,/content/drive/MyDrive/MedSymmFlow_Project/fid_analysis/real_normal_1214/real_normal_0824.png,0.9525854587554932
/content/drive/MyDrive/MedSymmFlow_Project/synthetic_data/pneumoniamnist_normal_2280_filtered/normal_0719.png,/content/drive/MyDrive/MedSymmFlow_Project/fid_analysis/real_normal_1214/real_normal_0418.png,0.9525749087333679
/content/drive/MyDrive/MedSymmFlow_Project/synthetic_data/pneumoniamnist_normal_2280_filtered/normal_2163.png,/content/drive/MyDrive/MedSymmFlow_Project/fid_analysis/real_normal_1214/real_normal_0539.png,0.9525655508041382
/content/drive/MyDrive/MedSymmFlow_Project/synthetic_data/pneumoniamnist_normal_2280_filtered/normal_0462.png,/content/drive/MyDrive/MedSymmFlow_Project/fid_analysis/real_normal_1214/real_normal_0175.png,0.9525490999221802
/content/drive/MyDrive/MedSymmFlow_Project/synthetic_data/pneumoniamnist_normal_2280_filtered/normal_0446.png,/content/drive/MyDrive/MedSymmFlow_Project/fid_analysis/real_normal_1214/real_normal_0969.png,0.952542781829834
/content/drive/MyDrive/MedSymmFlow_Project/synthetic_data/pneumoniamnist_normal_2280_filtered/normal_2258.png,/content/drive/MyDrive/MedSymmFlow_Project/fid_analysis/real_normal_1214/real_normal_1081.png,0.9525277018547058
/content/drive/MyDrive/MedSymmFlow_Project/synthetic_data/pneumoniamnist_normal_2280_filtered/normal_0815.png,/content/drive/MyDrive/MedSymmFlow_Project/fid_analysis/real_normal_1214/real_normal_0987.png,0.9525161981582642
/content/drive/MyDrive/MedSymmFlow_Project/synthetic_data/pneumoniamnist_normal_2280_filtered/normal_1810.png,/content/drive/MyDrive/MedSymmFlow_Project/fid_analysis/real_normal_1214/real_normal_0634.png,0.9524902105331421
/content/drive/MyDrive/MedSymmFlow_Project/synthetic_data/pneumoniamnist_normal_2280_filtered/normal_1191.png,/content/drive/MyDrive/MedSymmFlow_Project/fid_analysis/real_normal_1214/real_normal_0504.png,0.9524616003036499
/content/drive/MyDrive/MedSymmFlow_Project/synthetic_data/pneumoniamnist_normal_2280_filtered/normal_0932.png,/content/drive/MyDrive/MedSymmFlow_Project/fid_analysis/real_normal_1214/real_normal_0722.png,0.9524452686309814
/content/drive/MyDrive/MedSymmFlow_Project/synthetic_data/pneumoniamnist_normal_2280_filtered/normal_2023.png,/content/drive/MyDrive/MedSymmFlow_Project/fid_analysis/real_normal_1214/real_normal_0492.png,0.9524293541908264
/content/drive/MyDrive/MedSymmFlow_Project/synthetic_data/pneumoniamnist_normal_2280_filtered/normal_0283.png,/content/drive/MyDrive/MedSymmFlow_Project/fid_analysis/real_normal_1214/real_normal_0133.png,0.952426552772522
/content/drive/MyDrive/MedSymmFlow_Project/synthetic_data/pneumoniamnist_normal_2280_filtered/normal_0437.png,/content/drive/MyDrive/MedSymmFlow_Project/fid_analysis/real_normal_1214/real_normal_0063.png,0.9524233341217041
/content/drive/MyDrive/MedSymmFlow_Project/synthetic_data/pneumoniamnist_normal_2280_filtered/normal_1580.png,/content/drive/MyDrive/MedSymmFlow_Project/fid_analysis/real_normal_1214/real_normal_1057.png,0.9524229764938354
/content/drive/MyDrive/MedSymmFlow_Project/synthetic_data/pneumoniamnist_normal_2280_filtered/normal_0433.png,/content/drive/MyDrive/MedSymmFlow_Project/fid_analysis/real_normal_1214/real_normal_0837.png,0.9524140357971191
/content/drive/MyDrive/MedSymmFlow_Project/synthetic_data/pneumoniamnist_normal_2280_filtered/normal_2111.png,/content/drive/MyDrive/MedSymmFlow_Project/fid_analysis/real_normal_1214/real_normal_0315.png,0.9524072408676147
/content/drive/MyDrive/MedSymmFlow_Project/synthetic_data/pneumoniamnist_normal_2280_filtered/normal_0465.png,/content/drive/MyDrive/MedSymmFlow_Project/fid_analysis/real_normal_1214/real_normal_0052.png,0.9523932337760925
/content/drive/MyDrive/MedSymmFlow_Project/synthetic_data/pneumoniamnist_normal_2280_filtered/normal_2244.png,/content/drive/MyDrive/MedSymmFlow_Project/fid_analysis/real_normal_1214/real_normal_0504.png,0.9523926973342896
/content/drive/MyDrive/MedSymmFlow_Project/synthetic_data/pneumoniamnist_normal_2280_filtered/normal_0738.png,/content/drive/MyDrive/MedSymmFlow_Project/fid_analysis/real_normal_1214/real_normal_0441.png,0.9523907899856567
/content/drive/MyDrive/MedSymmFlow_Project/synthetic_data/pneumoniamnist_normal_2280_filtered/normal_1878.png,/content/drive/MyDrive/MedSymmFlow_Project/fid_analysis/real_normal_1214/real_normal_0722.png,0.9523868560791016
/content/drive/MyDrive/MedSymmFlow_Project/synthetic_data/pneumoniamnist_normal_2280_filtered/normal_0596.png,/content/drive/MyDrive/MedSymmFlow_Project/fid_analysis/real_normal_1214/real_normal_0542.png,0.9523773193359375
/content/drive/MyDrive/MedSymmFlow_Project/synthetic_data/pneumoniamnist_normal_2280_filtered/normal_1145.png,/content/drive/MyDrive/MedSymmFlow_Project/fid_analysis/real_normal_1214/real_normal_0721.png,0.9523742198944092
/content/drive/MyDrive/MedSymmFlow_Project/synthetic_data/pneumoniamnist_normal_2280_filtered/normal_1644.png,/content/drive/MyDrive/MedSymmFlow_Project/fid_analysis/real_normal_1214/real_normal_1194.png,0.9523716568946838
/content/drive/MyDrive/MedSymmFlow_Project/synthetic_data/pneumoniamnist_normal_2280_filtered/normal_1669.png,/content/drive/MyDrive/MedSymmFlow_Project/fid_analysis/real_normal_1214/real_normal_1188.png,0.952366828918457
/content/drive/MyDrive/MedSymmFlow_Project/synthetic_data/pneumoniamnist_normal_2280_filtered/normal_1546.png,/content/drive/MyDrive/MedSymmFlow_Project/fid_analysis/real_normal_1214/real_normal_0644.png,0.9523582458496094
/content/drive/MyDrive/MedSymmFlow_Project/synthetic_data/pneumoniamnist_normal_2280_filtered/normal_1020.png,/content/drive/MyDrive/MedSymmFlow_Project/fid_analysis/real_normal_1214/real_normal_1028.png,0.9523518085479736
/content/drive/MyDrive/MedSymmFlow_Project/synthetic_data/pneumoniamnist_normal_2280_filtered/normal_1831.png,/content/drive/MyDrive/MedSymmFlow_Project/fid_analysis/real_normal_1214/real_normal_0834.png,0.952347993850708
/content/drive/MyDrive/MedSymmFlow_Project/synthetic_data/pneumoniamnist_normal_2280_filtered/normal_2052.png,/content/drive/MyDrive/MedSymmFlow_Project/fid_analysis/real_normal_1214/real_normal_0225.png,0.95234614610672
/content/drive/MyDrive/MedSymmFlow_Project/synthetic_data/pneumoniamnist_normal_2280_filtered/normal_0536.png,/content/drive/MyDrive/MedSymmFlow_Project/fid_analysis/real_normal_1214/real_normal_0834.png,0.9523441791534424
/content/drive/MyDrive/MedSymmFlow_Project/synthetic_data/pneumoniamnist_normal_2280_filtered/normal_1825.png,/content/drive/MyDrive/MedSymmFlow_Project/fid_analysis/real_normal_1214/real_normal_0492.png,0.9523172378540039
/content/drive/MyDrive/MedSymmFlow_Project/synthetic_data/pneumoniamnist_normal_2280_filtered/normal_1593.png,/content/drive/MyDrive/MedSymmFlow_Project/fid_analysis/real_normal_1214/real_normal_0025.png,0.9523079991340637
/content/drive/MyDrive/MedSymmFlow_Project/synthetic_data/pneumoniamnist_normal_2280_filtered/normal_0451.png,/content/drive/MyDrive/MedSymmFlow_Project/fid_analysis/real_normal_1214/real_normal_0321.png,0.9522961378097534
/content/drive/MyDrive/MedSymmFlow_Project/synthetic_data/pneumoniamnist_normal_2280_filtered/normal_0709.png,/content/drive/MyDrive/MedSymmFlow_Project/fid_analysis/real_normal_1214/real_normal_0492.png,0.9522959589958191
/content/drive/MyDrive/MedSymmFlow_Project/synthetic_data/pneumoniamnist_normal_2280_filtered/normal_2251.png,/content/drive/MyDrive/MedSymmFlow_Project/fid_analysis/real_normal_1214/real_normal_0248.png,0.9522528052330017
/content/drive/MyDrive/MedSymmFlow_Project/synthetic_data/pneumoniamnist_normal_2280_filtered/normal_1862.png,/content/drive/MyDrive/MedSymmFlow_Project/fid_analysis/real_normal_1214/real_normal_0418.png,0.9522515535354614
/content/drive/MyDrive/MedSymmFlow_Project/synthetic_data/pneumoniamnist_normal_2280_filtered/normal_0987.png,/content/drive/MyDrive/MedSymmFlow_Project/fid_analysis/real_normal_1214/real_normal_1017.png,0.952238917350769
/content/drive/MyDrive/MedSymmFlow_Project/synthetic_data/pneumoniamnist_normal_2280_filtered/normal_1378.png,/content/drive/MyDrive/MedSymmFlow_Project/fid_analysis/real_normal_1214/real_normal_0824.png,0.9522265791893005
/content/drive/MyDrive/MedSymmFlow_Project/synthetic_data/pneumoniamnist_normal_2280_filtered/normal_0248.png,/content/drive/MyDrive/MedSymmFlow_Project/fid_analysis/real_normal_1214/real_normal_0085.png,0.95222407579422
/content/drive/MyDrive/MedSymmFlow_Project/synthetic_data/pneumoniamnist_normal_2280_filtered/normal_1725.png,/content/drive/MyDrive/MedSymmFlow_Project/fid_analysis/real_normal_1214/real_normal_1106.png,0.952218770980835
/content/drive/MyDrive/MedSymmFlow_Project/synthetic_data/pneumoniamnist_normal_2280_filtered/normal_0393.png,/content/drive/MyDrive/MedSymmFlow_Project/fid_analysis/real_normal_1214/real_normal_0236.png,0.952202320098877
/content/drive/MyDrive/MedSymmFlow_Project/synthetic_data/pneumoniamnist_normal_2280_filtered/normal_1163.png,/content/drive/MyDrive/MedSymmFlow_Project/fid_analysis/real_normal_1214/real_normal_0721.png,0.9521945714950562
/content/drive/MyDrive/MedSymmFlow_Project/synthetic_data/pneumoniamnist_normal_2280_filtered/normal_0297.png,/content/drive/MyDrive/MedSymmFlow_Project/fid_analysis/real_normal_1214/real_normal_1194.png,0.9521598815917969
/content/drive/MyDrive/MedSymmFlow_Project/synthetic_data/pneumoniamnist_normal_2280_filtered/normal_1501.png,/content/drive/MyDrive/MedSymmFlow_Project/fid_analysis/real_normal_1214/real_normal_0815.png,0.9521544575691223
/content/drive/MyDrive/MedSymmFlow_Project/synthetic_data/pneumoniamnist_normal_2280_filtered/normal_1859.png,/content/drive/MyDrive/MedSymmFlow_Project/fid_analysis/real_normal_1214/real_normal_0185.png,0.9521411657333374
/content/drive/MyDrive/MedSymmFlow_Project/synthetic_data/pneumoniamnist_normal_2280_filtered/normal_1790.png,/content/drive/MyDrive/MedSymmFlow_Project/fid_analysis/real_normal_1214/real_normal_0075.png,0.9521347880363464
/content/drive/MyDrive/MedSymmFlow_Project/synthetic_data/pneumoniamnist_normal_2280_filtered/normal_0207.png,/content/drive/MyDrive/MedSymmFlow_Project/fid_analysis/real_normal_1214/real_normal_0963.png,0.952129602432251
/content/drive/MyDrive/MedSymmFlow_Project/synthetic_data/pneumoniamnist_normal_2280_filtered/normal_1455.png,/content/drive/MyDrive/MedSymmFlow_Project/fid_analysis/real_normal_1214/real_normal_0492.png,0.9521281719207764
/content/drive/MyDrive/MedSymmFlow_Project/synthetic_data/pneumoniamnist_normal_2280_filtered/normal_1889.png,/content/drive/MyDrive/MedSymmFlow_Project/fid_analysis/real_normal_1214/real_normal_0413.png,0.9521276950836182
/content/drive/MyDrive/MedSymmFlow_Project/synthetic_data/pneumoniamnist_normal_2280_filtered/normal_1101.png,/content/drive/MyDrive/MedSymmFlow_Project/fid_analysis/real_normal_1214/real_normal_0069.png,0.9520876407623291
/content/drive/MyDrive/MedSymmFlow_Project/synthetic_data/pneumoniamnist_normal_2280_filtered/normal_0350.png,/content/drive/MyDrive/MedSymmFlow_Project/fid_analysis/real_normal_1214/real_normal_0968.png,0.9520764350891113
/content/drive/MyDrive/MedSymmFlow_Project/synthetic_data/pneumoniamnist_normal_2280_filtered/normal_1377.png,/content/drive/MyDrive/MedSymmFlow_Project/fid_analysis/real_normal_1214/real_normal_0389.png,0.9520565271377563
/content/drive/MyDrive/MedSymmFlow_Project/synthetic_data/pneumoniamnist_normal_2280_filtered/normal_1918.png,/content/drive/MyDrive/MedSymmFlow_Project/fid_analysis/real_normal_1214/real_normal_0824.png,0.9520487785339355
/content/drive/MyDrive/MedSymmFlow_Project/synthetic_data/pneumoniamnist_normal_2280_filtered/normal_0793.png,/content/drive/MyDrive/MedSymmFlow_Project/fid_analysis/real_normal_1214/real_normal_0725.png,0.9520329236984253
/content/drive/MyDrive/MedSymmFlow_Project/synthetic_data/pneumoniamnist_normal_2280_filtered/normal_0333.png,/content/drive/MyDrive/MedSymmFlow_Project/fid_analysis/real_normal_1214/real_normal_0116.png,0.9520318508148193
/content/drive/MyDrive/MedSymmFlow_Project/synthetic_data/pneumoniamnist_normal_2280_filtered/normal_0056.png,/content/drive/MyDrive/MedSymmFlow_Project/fid_analysis/real_normal_1214/real_normal_1188.png,0.952021598815918
/content/drive/MyDrive/MedSymmFlow_Project/synthetic_data/pneumoniamnist_normal_2280_filtered/normal_0269.png,/content/drive/MyDrive/MedSymmFlow_Project/fid_analysis/real_normal_1214/real_normal_0969.png,0.9520043134689331
/content/drive/MyDrive/MedSymmFlow_Project/synthetic_data/pneumoniamnist_normal_2280_filtered/normal_0111.png,/content/drive/MyDrive/MedSymmFlow_Project/fid_analysis/real_normal_1214/real_normal_0418.png,0.9519992470741272
/content/drive/MyDrive/MedSymmFlow_Project/synthetic_data/pneumoniamnist_normal_2280_filtered/normal_1293.png,/content/drive/MyDrive/MedSymmFlow_Project/fid_analysis/real_normal_1214/real_normal_0763.png,0.9519922733306885
/content/drive/MyDrive/MedSymmFlow_Project/synthetic_data/pneumoniamnist_normal_2280_filtered/normal_0004.png,/content/drive/MyDrive/MedSymmFlow_Project/fid_analysis/real_normal_1214/real_normal_1031.png,0.9519902467727661
/content/drive/MyDrive/MedSymmFlow_Project/synthetic_data/pneumoniamnist_normal_2280_filtered/normal_0767.png,/content/drive/MyDrive/MedSymmFlow_Project/fid_analysis/real_normal_1214/real_normal_0552.png,0.9519866704940796
/content/drive/MyDrive/MedSymmFlow_Project/synthetic_data/pneumoniamnist_normal_2280_filtered/normal_1440.png,/content/drive/MyDrive/MedSymmFlow_Project/fid_analysis/real_normal_1214/real_normal_1028.png,0.9519789814949036
/content/drive/MyDrive/MedSymmFlow_Project/synthetic_data/pneumoniamnist_normal_2280_filtered/normal_2138.png,/content/drive/MyDrive/MedSymmFlow_Project/fid_analysis/real_normal_1214/real_normal_0192.png,0.9519783854484558
/content/drive/MyDrive/MedSymmFlow_Project/synthetic_data/pneumoniamnist_normal_2280_filtered/normal_1786.png,/content/drive/MyDrive/MedSymmFlow_Project/fid_analysis/real_normal_1214/real_normal_0654.png,0.9519549608230591
/content/drive/MyDrive/MedSymmFlow_Project/synthetic_data/pneumoniamnist_normal_2280_filtered/normal_0434.png,/content/drive/MyDrive/MedSymmFlow_Project/fid_analysis/real_normal_1214/real_normal_0112.png,0.9519268870353699
/content/drive/MyDrive/MedSymmFlow_Project/synthetic_data/pneumoniamnist_normal_2280_filtered/normal_2229.png,/content/drive/MyDrive/MedSymmFlow_Project/fid_analysis/real_normal_1214/real_normal_0389.png,0.9519257545471191
/content/drive/MyDrive/MedSymmFlow_Project/synthetic_data/pneumoniamnist_normal_2280_filtered/normal_0471.png,/content/drive/MyDrive/MedSymmFlow_Project/fid_analysis/real_normal_1214/real_normal_0166.png,0.9519244432449341
/content/drive/MyDrive/MedSymmFlow_Project/synthetic_data/pneumoniamnist_normal_2280_filtered/normal_1538.png,/content/drive/MyDrive/MedSymmFlow_Project/fid_analysis/real_normal_1214/real_normal_0389.png,0.951903223991394
/content/drive/MyDrive/MedSymmFlow_Project/synthetic_data/pneumoniamnist_normal_2280_filtered/normal_1727.png,/content/drive/MyDrive/MedSymmFlow_Project/fid_analysis/real_normal_1214/real_normal_0025.png,0.9518779516220093
/content/drive/MyDrive/MedSymmFlow_Project/synthetic_data/pneumoniamnist_normal_2280_filtered/normal_0012.png,/content/drive/MyDrive/MedSymmFlow_Project/fid_analysis/real_normal_1214/real_normal_0282.png,0.9518685936927795
/content/drive/MyDrive/MedSymmFlow_Project/synthetic_data/pneumoniamnist_normal_2280_filtered/normal_1812.png,/content/drive/MyDrive/MedSymmFlow_Project/fid_analysis/real_normal_1214/real_normal_0032.png,0.9518276453018188
/content/drive/MyDrive/MedSymmFlow_Project/synthetic_data/pneumoniamnist_normal_2280_filtered/normal_1474.png,/content/drive/MyDrive/MedSymmFlow_Project/fid_analysis/real_normal_1214/real_normal_0834.png,0.9518045783042908
/content/drive/MyDrive/MedSymmFlow_Project/synthetic_data/pneumoniamnist_normal_2280_filtered/normal_1598.png,/content/drive/MyDrive/MedSymmFlow_Project/fid_analysis/real_normal_1214/real_normal_0731.png,0.9517905712127686
/content/drive/MyDrive/MedSymmFlow_Project/synthetic_data/pneumoniamnist_normal_2280_filtered/normal_2248.png,/content/drive/MyDrive/MedSymmFlow_Project/fid_analysis/real_normal_1214/real_normal_0274.png,0.9517897963523865
/content/drive/MyDrive/MedSymmFlow_Project/synthetic_data/pneumoniamnist_normal_2280_filtered/normal_2095.png,/content/drive/MyDrive/MedSymmFlow_Project/fid_analysis/real_normal_1214/real_normal_1208.png,0.9517815113067627
/content/drive/MyDrive/MedSymmFlow_Project/synthetic_data/pneumoniamnist_normal_2280_filtered/normal_0102.png,/content/drive/MyDrive/MedSymmFlow_Project/fid_analysis/real_normal_1214/real_normal_0017.png,0.9517796635627747
/content/drive/MyDrive/MedSymmFlow_Project/synthetic_data/pneumoniamnist_normal_2280_filtered/normal_0366.png,/content/drive/MyDrive/MedSymmFlow_Project/fid_analysis/real_normal_1214/real_normal_0402.png,0.9517673254013062
/content/drive/MyDrive/MedSymmFlow_Project/synthetic_data/pneumoniamnist_normal_2280_filtered/normal_1168.png,/content/drive/MyDrive/MedSymmFlow_Project/fid_analysis/real_normal_1214/real_normal_0806.png,0.9517614245414734
/content/drive/MyDrive/MedSymmFlow_Project/synthetic_data/pneumoniamnist_normal_2280_filtered/normal_0818.png,/content/drive/MyDrive/MedSymmFlow_Project/fid_analysis/real_normal_1214/real_normal_0684.png,0.9517571330070496
/content/drive/MyDrive/MedSymmFlow_Project/synthetic_data/pneumoniamnist_normal_2280_filtered/normal_2065.png,/content/drive/MyDrive/MedSymmFlow_Project/fid_analysis/real_normal_1214/real_normal_0492.png,0.9517471790313721
/content/drive/MyDrive/MedSymmFlow_Project/synthetic_data/pneumoniamnist_normal_2280_filtered/normal_1307.png,/content/drive/MyDrive/MedSymmFlow_Project/fid_analysis/real_normal_1214/real_normal_0984.png,0.9517349004745483
/content/drive/MyDrive/MedSymmFlow_Project/synthetic_data/pneumoniamnist_normal_2280_filtered/normal_1898.png,/content/drive/MyDrive/MedSymmFlow_Project/fid_analysis/real_normal_1214/real_normal_0716.png,0.951711893081665
/content/drive/MyDrive/MedSymmFlow_Project/synthetic_data/pneumoniamnist_normal_2280_filtered/normal_2182.png,/content/drive/MyDrive/MedSymmFlow_Project/fid_analysis/real_normal_1214/real_normal_0644.png,0.9517002105712891
/content/drive/MyDrive/MedSymmFlow_Project/synthetic_data/pneumoniamnist_normal_2280_filtered/normal_0058.png,/content/drive/MyDrive/MedSymmFlow_Project/fid_analysis/real_normal_1214/real_normal_0137.png,0.9516733884811401
/content/drive/MyDrive/MedSymmFlow_Project/synthetic_data/pneumoniamnist_normal_2280_filtered/normal_0580.png,/content/drive/MyDrive/MedSymmFlow_Project/fid_analysis/real_normal_1214/real_normal_0644.png,0.951659619808197
/content/drive/MyDrive/MedSymmFlow_Project/synthetic_data/pneumoniamnist_normal_2280_filtered/normal_1579.png,/content/drive/MyDrive/MedSymmFlow_Project/fid_analysis/real_normal_1214/real_normal_0041.png,0.9516570568084717
/content/drive/MyDrive/MedSymmFlow_Project/synthetic_data/pneumoniamnist_normal_2280_filtered/normal_0217.png,/content/drive/MyDrive/MedSymmFlow_Project/fid_analysis/real_normal_1214/real_normal_0236.png,0.9516525864601135
/content/drive/MyDrive/MedSymmFlow_Project/synthetic_data/pneumoniamnist_normal_2280_filtered/normal_1779.png,/content/drive/MyDrive/MedSymmFlow_Project/fid_analysis/real_normal_1214/real_normal_0539.png,0.951651930809021
/content/drive/MyDrive/MedSymmFlow_Project/synthetic_data/pneumoniamnist_normal_2280_filtered/normal_1261.png,/content/drive/MyDrive/MedSymmFlow_Project/fid_analysis/real_normal_1214/real_normal_1201.png,0.9516483545303345
/content/drive/MyDrive/MedSymmFlow_Project/synthetic_data/pneumoniamnist_normal_2280_filtered/normal_0487.png,/content/drive/MyDrive/MedSymmFlow_Project/fid_analysis/real_normal_1214/real_normal_0418.png,0.9516470432281494
/content/drive/MyDrive/MedSymmFlow_Project/synthetic_data/pneumoniamnist_normal_2280_filtered/normal_1381.png,/content/drive/MyDrive/MedSymmFlow_Project/fid_analysis/real_normal_1214/real_normal_0017.png,0.9516377449035645
/content/drive/MyDrive/MedSymmFlow_Project/synthetic_data/pneumoniamnist_normal_2280_filtered/normal_0885.png,/content/drive/MyDrive/MedSymmFlow_Project/fid_analysis/real_normal_1214/real_normal_0021.png,0.9516141414642334
/content/drive/MyDrive/MedSymmFlow_Project/synthetic_data/pneumoniamnist_normal_2280_filtered/normal_0744.png,/content/drive/MyDrive/MedSymmFlow_Project/fid_analysis/real_normal_1214/real_normal_0649.png,0.9516130685806274
/content/drive/MyDrive/MedSymmFlow_Project/synthetic_data/pneumoniamnist_normal_2280_filtered/normal_1771.png,/content/drive/MyDrive/MedSymmFlow_Project/fid_analysis/real_normal_1214/real_normal_0089.png,0.9515756964683533
/content/drive/MyDrive/MedSymmFlow_Project/synthetic_data/pneumoniamnist_normal_2280_filtered/normal_1937.png,/content/drive/MyDrive/MedSymmFlow_Project/fid_analysis/real_normal_1214/real_normal_0599.png,0.9515620470046997
/content/drive/MyDrive/MedSymmFlow_Project/synthetic_data/pneumoniamnist_normal_2280_filtered/normal_0645.png,/content/drive/MyDrive/MedSymmFlow_Project/fid_analysis/real_normal_1214/real_normal_0427.png,0.9515509605407715
/content/drive/MyDrive/MedSymmFlow_Project/synthetic_data/pneumoniamnist_normal_2280_filtered/normal_1975.png,/content/drive/MyDrive/MedSymmFlow_Project/fid_analysis/real_normal_1214/real_normal_0968.png,0.9515501260757446
/content/drive/MyDrive/MedSymmFlow_Project/synthetic_data/pneumoniamnist_normal_2280_filtered/normal_0119.png,/content/drive/MyDrive/MedSymmFlow_Project/fid_analysis/real_normal_1214/real_normal_0418.png,0.9515501260757446
/content/drive/MyDrive/MedSymmFlow_Project/synthetic_data/pneumoniamnist_normal_2280_filtered/normal_1914.png,/content/drive/MyDrive/MedSymmFlow_Project/fid_analysis/real_normal_1214/real_normal_0492.png,0.9515280723571777
/content/drive/MyDrive/MedSymmFlow_Project/synthetic_data/pneumoniamnist_normal_2280_filtered/normal_0142.png,/content/drive/MyDrive/MedSymmFlow_Project/fid_analysis/real_normal_1214/real_normal_0501.png,0.9515019655227661
/content/drive/MyDrive/MedSymmFlow_Project/synthetic_data/pneumoniamnist_normal_2280_filtered/normal_1367.png,/content/drive/MyDrive/MedSymmFlow_Project/fid_analysis/real_normal_1214/real_normal_0824.png,0.951490044593811
/content/drive/MyDrive/MedSymmFlow_Project/synthetic_data/pneumoniamnist_normal_2280_filtered/normal_0761.png,/content/drive/MyDrive/MedSymmFlow_Project/fid_analysis/real_normal_1214/real_normal_0194.png,0.9514491558074951
/content/drive/MyDrive/MedSymmFlow_Project/synthetic_data/pneumoniamnist_normal_2280_filtered/normal_1694.png,/content/drive/MyDrive/MedSymmFlow_Project/fid_analysis/real_normal_1214/real_normal_0321.png,0.9514323472976685
/content/drive/MyDrive/MedSymmFlow_Project/synthetic_data/pneumoniamnist_normal_2280_filtered/normal_1627.png,/content/drive/MyDrive/MedSymmFlow_Project/fid_analysis/real_normal_1214/real_normal_0469.png,0.9514145255088806
/content/drive/MyDrive/MedSymmFlow_Project/synthetic_data/pneumoniamnist_normal_2280_filtered/normal_1072.png,/content/drive/MyDrive/MedSymmFlow_Project/fid_analysis/real_normal_1214/real_normal_0490.png,0.9513908624649048
/content/drive/MyDrive/MedSymmFlow_Project/synthetic_data/pneumoniamnist_normal_2280_filtered/normal_0651.png,/content/drive/MyDrive/MedSymmFlow_Project/fid_analysis/real_normal_1214/real_normal_0857.png,0.9513902068138123
/content/drive/MyDrive/MedSymmFlow_Project/synthetic_data/pneumoniamnist_normal_2280_filtered/normal_1018.png,/content/drive/MyDrive/MedSymmFlow_Project/fid_analysis/real_normal_1214/real_normal_0389.png,0.9513853788375854
/content/drive/MyDrive/MedSymmFlow_Project/synthetic_data/pneumoniamnist_normal_2280_filtered/normal_1488.png,/content/drive/MyDrive/MedSymmFlow_Project/fid_analysis/real_normal_1214/real_normal_0722.png,0.9513767957687378
/content/drive/MyDrive/MedSymmFlow_Project/synthetic_data/pneumoniamnist_normal_2280_filtered/normal_1362.png,/content/drive/MyDrive/MedSymmFlow_Project/fid_analysis/real_normal_1214/real_normal_0017.png,0.9513752460479736
/content/drive/MyDrive/MedSymmFlow_Project/synthetic_data/pneumoniamnist_normal_2280_filtered/normal_0504.png,/content/drive/MyDrive/MedSymmFlow_Project/fid_analysis/real_normal_1214/real_normal_0336.png,0.951360821723938
/content/drive/MyDrive/MedSymmFlow_Project/synthetic_data/pneumoniamnist_normal_2280_filtered/normal_0507.png,/content/drive/MyDrive/MedSymmFlow_Project/fid_analysis/real_normal_1214/real_normal_0118.png,0.9513449668884277
/content/drive/MyDrive/MedSymmFlow_Project/synthetic_data/pneumoniamnist_normal_2280_filtered/normal_0029.png,/content/drive/MyDrive/MedSymmFlow_Project/fid_analysis/real_normal_1214/real_normal_0427.png,0.9513413906097412
/content/drive/MyDrive/MedSymmFlow_Project/synthetic_data/pneumoniamnist_normal_2280_filtered/normal_0848.png,/content/drive/MyDrive/MedSymmFlow_Project/fid_analysis/real_normal_1214/real_normal_1073.png,0.9513335227966309
/content/drive/MyDrive/MedSymmFlow_Project/synthetic_data/pneumoniamnist_normal_2280_filtered/normal_1572.png,/content/drive/MyDrive/MedSymmFlow_Project/fid_analysis/real_normal_1214/real_normal_1038.png,0.9513275623321533
/content/drive/MyDrive/MedSymmFlow_Project/synthetic_data/pneumoniamnist_normal_2280_filtered/normal_0895.png,/content/drive/MyDrive/MedSymmFlow_Project/fid_analysis/real_normal_1214/real_normal_0161.png,0.9513189792633057
/content/drive/MyDrive/MedSymmFlow_Project/synthetic_data/pneumoniamnist_normal_2280_filtered/normal_0532.png,/content/drive/MyDrive/MedSymmFlow_Project/fid_analysis/real_normal_1214/real_normal_0017.png,0.9513084888458252
/content/drive/MyDrive/MedSymmFlow_Project/synthetic_data/pneumoniamnist_normal_2280_filtered/normal_0043.png,/content/drive/MyDrive/MedSymmFlow_Project/fid_analysis/real_normal_1214/real_normal_0089.png,0.9513058662414551
/content/drive/MyDrive/MedSymmFlow_Project/synthetic_data/pneumoniamnist_normal_2280_filtered/normal_0323.png,/content/drive/MyDrive/MedSymmFlow_Project/fid_analysis/real_normal_1214/real_normal_0069.png,0.9512979984283447
/content/drive/MyDrive/MedSymmFlow_Project/synthetic_data/pneumoniamnist_normal_2280_filtered/normal_0557.png,/content/drive/MyDrive/MedSymmFlow_Project/fid_analysis/real_normal_1214/real_normal_0091.png,0.9512947797775269
/content/drive/MyDrive/MedSymmFlow_Project/synthetic_data/pneumoniamnist_normal_2280_filtered/normal_0023.png,/content/drive/MyDrive/MedSymmFlow_Project/fid_analysis/real_normal_1214/real_normal_0089.png,0.9512943625450134
/content/drive/MyDrive/MedSymmFlow_Project/synthetic_data/pneumoniamnist_normal_2280_filtered/normal_1674.png,/content/drive/MyDrive/MedSymmFlow_Project/fid_analysis/real_normal_1214/real_normal_0389.png,0.9512714147567749
/content/drive/MyDrive/MedSymmFlow_Project/synthetic_data/pneumoniamnist_normal_2280_filtered/normal_1364.png,/content/drive/MyDrive/MedSymmFlow_Project/fid_analysis/real_normal_1214/real_normal_0824.png,0.9512712955474854
/content/drive/MyDrive/MedSymmFlow_Project/synthetic_data/pneumoniamnist_normal_2280_filtered/normal_1013.png,/content/drive/MyDrive/MedSymmFlow_Project/fid_analysis/real_normal_1214/real_normal_0504.png,0.9512352347373962
/content/drive/MyDrive/MedSymmFlow_Project/synthetic_data/pneumoniamnist_normal_2280_filtered/normal_0499.png,/content/drive/MyDrive/MedSymmFlow_Project/fid_analysis/real_normal_1214/real_normal_0274.png,0.9512261152267456
/content/drive/MyDrive/MedSymmFlow_Project/synthetic_data/pneumoniamnist_normal_2280_filtered/normal_0957.png,/content/drive/MyDrive/MedSymmFlow_Project/fid_analysis/real_normal_1214/real_normal_0144.png,0.9512197375297546
/content/drive/MyDrive/MedSymmFlow_Project/synthetic_data/pneumoniamnist_normal_2280_filtered/normal_2190.png,/content/drive/MyDrive/MedSymmFlow_Project/fid_analysis/real_normal_1214/real_normal_0660.png,0.9512100219726562
/content/drive/MyDrive/MedSymmFlow_Project/synthetic_data/pneumoniamnist_normal_2280_filtered/normal_0235.png,/content/drive/MyDrive/MedSymmFlow_Project/fid_analysis/real_normal_1214/real_normal_0418.png,0.9511892795562744
/content/drive/MyDrive/MedSymmFlow_Project/synthetic_data/pneumoniamnist_normal_2280_filtered/normal_0743.png,/content/drive/MyDrive/MedSymmFlow_Project/fid_analysis/real_normal_1214/real_normal_0837.png,0.9511740207672119
/content/drive/MyDrive/MedSymmFlow_Project/synthetic_data/pneumoniamnist_normal_2280_filtered/normal_1905.png,/content/drive/MyDrive/MedSymmFlow_Project/fid_analysis/real_normal_1214/real_normal_0322.png,0.9511538743972778
/content/drive/MyDrive/MedSymmFlow_Project/synthetic_data/pneumoniamnist_normal_2280_filtered/normal_2149.png,/content/drive/MyDrive/MedSymmFlow_Project/fid_analysis/real_normal_1214/real_normal_1028.png,0.9511358737945557
/content/drive/MyDrive/MedSymmFlow_Project/synthetic_data/pneumoniamnist_normal_2280_filtered/normal_0353.png,/content/drive/MyDrive/MedSymmFlow_Project/fid_analysis/real_normal_1214/real_normal_0069.png,0.9511326551437378
/content/drive/MyDrive/MedSymmFlow_Project/synthetic_data/pneumoniamnist_normal_2280_filtered/normal_2044.png,/content/drive/MyDrive/MedSymmFlow_Project/fid_analysis/real_normal_1214/real_normal_0659.png,0.9511191844940186
/content/drive/MyDrive/MedSymmFlow_Project/synthetic_data/pneumoniamnist_normal_2280_filtered/normal_1010.png,/content/drive/MyDrive/MedSymmFlow_Project/fid_analysis/real_normal_1214/real_normal_0834.png,0.9511148929595947
/content/drive/MyDrive/MedSymmFlow_Project/synthetic_data/pneumoniamnist_normal_2280_filtered/normal_0414.png,/content/drive/MyDrive/MedSymmFlow_Project/fid_analysis/real_normal_1214/real_normal_0855.png,0.9511061906814575
/content/drive/MyDrive/MedSymmFlow_Project/synthetic_data/pneumoniamnist_normal_2280_filtered/normal_0609.png,/content/drive/MyDrive/MedSymmFlow_Project/fid_analysis/real_normal_1214/real_normal_0413.png,0.9510936737060547
/content/drive/MyDrive/MedSymmFlow_Project/synthetic_data/pneumoniamnist_normal_2280_filtered/normal_1047.png,/content/drive/MyDrive/MedSymmFlow_Project/fid_analysis/real_normal_1214/real_normal_0326.png,0.9510828852653503
/content/drive/MyDrive/MedSymmFlow_Project/synthetic_data/pneumoniamnist_normal_2280_filtered/normal_2013.png,/content/drive/MyDrive/MedSymmFlow_Project/fid_analysis/real_normal_1214/real_normal_0492.png,0.9510740041732788
/content/drive/MyDrive/MedSymmFlow_Project/synthetic_data/pneumoniamnist_normal_2280_filtered/normal_0419.png,/content/drive/MyDrive/MedSymmFlow_Project/fid_analysis/real_normal_1214/real_normal_0390.png,0.9510620832443237
/content/drive/MyDrive/MedSymmFlow_Project/synthetic_data/pneumoniamnist_normal_2280_filtered/normal_1553.png,/content/drive/MyDrive/MedSymmFlow_Project/fid_analysis/real_normal_1214/real_normal_0667.png,0.9510599970817566
/content/drive/MyDrive/MedSymmFlow_Project/synthetic_data/pneumoniamnist_normal_2280_filtered/normal_1134.png,/content/drive/MyDrive/MedSymmFlow_Project/fid_analysis/real_normal_1214/real_normal_0336.png,0.9510424137115479
/content/drive/MyDrive/MedSymmFlow_Project/synthetic_data/pneumoniamnist_normal_2280_filtered/normal_0070.png,/content/drive/MyDrive/MedSymmFlow_Project/fid_analysis/real_normal_1214/real_normal_0089.png,0.9510155916213989
/content/drive/MyDrive/MedSymmFlow_Project/synthetic_data/pneumoniamnist_normal_2280_filtered/normal_1414.png,/content/drive/MyDrive/MedSymmFlow_Project/fid_analysis/real_normal_1214/real_normal_0055.png,0.9510074853897095
/content/drive/MyDrive/MedSymmFlow_Project/synthetic_data/pneumoniamnist_normal_2280_filtered/normal_0406.png,/content/drive/MyDrive/MedSymmFlow_Project/fid_analysis/real_normal_1214/real_normal_0855.png,0.9509873390197754
/content/drive/MyDrive/MedSymmFlow_Project/synthetic_data/pneumoniamnist_normal_2280_filtered/normal_1997.png,/content/drive/MyDrive/MedSymmFlow_Project/fid_analysis/real_normal_1214/real_normal_0719.png,0.9509854912757874
/content/drive/MyDrive/MedSymmFlow_Project/synthetic_data/pneumoniamnist_normal_2280_filtered/normal_2196.png,/content/drive/MyDrive/MedSymmFlow_Project/fid_analysis/real_normal_1214/real_normal_0763.png,0.9509822130203247
/content/drive/MyDrive/MedSymmFlow_Project/synthetic_data/pneumoniamnist_normal_2280_filtered/normal_0787.png,/content/drive/MyDrive/MedSymmFlow_Project/fid_analysis/real_normal_1214/real_normal_0322.png,0.9509668350219727
/content/drive/MyDrive/MedSymmFlow_Project/synthetic_data/pneumoniamnist_normal_2280_filtered/normal_0076.png,/content/drive/MyDrive/MedSymmFlow_Project/fid_analysis/real_normal_1214/real_normal_0069.png,0.9509588479995728
/content/drive/MyDrive/MedSymmFlow_Project/synthetic_data/pneumoniamnist_normal_2280_filtered/normal_1509.png,/content/drive/MyDrive/MedSymmFlow_Project/fid_analysis/real_normal_1214/real_normal_0099.png,0.9509551525115967
/content/drive/MyDrive/MedSymmFlow_Project/synthetic_data/pneumoniamnist_normal_2280_filtered/normal_1799.png,/content/drive/MyDrive/MedSymmFlow_Project/fid_analysis/real_normal_1214/real_normal_0552.png,0.9509378671646118
/content/drive/MyDrive/MedSymmFlow_Project/synthetic_data/pneumoniamnist_normal_2280_filtered/normal_1505.png,/content/drive/MyDrive/MedSymmFlow_Project/fid_analysis/real_normal_1214/real_normal_0552.png,0.9509299993515015
/content/drive/MyDrive/MedSymmFlow_Project/synthetic_data/pneumoniamnist_normal_2280_filtered/normal_2243.png,/content/drive/MyDrive/MedSymmFlow_Project/fid_analysis/real_normal_1214/real_normal_0824.png,0.9509260654449463
/content/drive/MyDrive/MedSymmFlow_Project/synthetic_data/pneumoniamnist_normal_2280_filtered/normal_0753.png,/content/drive/MyDrive/MedSymmFlow_Project/fid_analysis/real_normal_1214/real_normal_0069.png,0.9509124755859375
/content/drive/MyDrive/MedSymmFlow_Project/synthetic_data/pneumoniamnist_normal_2280_filtered/normal_0959.png,/content/drive/MyDrive/MedSymmFlow_Project/fid_analysis/real_normal_1214/real_normal_0112.png,0.9509117603302002
/content/drive/MyDrive/MedSymmFlow_Project/synthetic_data/pneumoniamnist_normal_2280_filtered/normal_1662.png,/content/drive/MyDrive/MedSymmFlow_Project/fid_analysis/real_normal_1214/real_normal_1176.png,0.9509103298187256
/content/drive/MyDrive/MedSymmFlow_Project/synthetic_data/pneumoniamnist_normal_2280_filtered/normal_1564.png,/content/drive/MyDrive/MedSymmFlow_Project/fid_analysis/real_normal_1214/real_normal_0539.png,0.950908362865448
/content/drive/MyDrive/MedSymmFlow_Project/synthetic_data/pneumoniamnist_normal_2280_filtered/normal_0258.png,/content/drive/MyDrive/MedSymmFlow_Project/fid_analysis/real_normal_1214/real_normal_0805.png,0.9508837461471558
/content/drive/MyDrive/MedSymmFlow_Project/synthetic_data/pneumoniamnist_normal_2280_filtered/normal_1883.png,/content/drive/MyDrive/MedSymmFlow_Project/fid_analysis/real_normal_1214/real_normal_0492.png,0.9508804082870483
/content/drive/MyDrive/MedSymmFlow_Project/synthetic_data/pneumoniamnist_normal_2280_filtered/normal_1814.png,/content/drive/MyDrive/MedSymmFlow_Project/fid_analysis/real_normal_1214/real_normal_0659.png,0.9508708715438843
/content/drive/MyDrive/MedSymmFlow_Project/synthetic_data/pneumoniamnist_normal_2280_filtered/normal_0162.png,/content/drive/MyDrive/MedSymmFlow_Project/fid_analysis/real_normal_1214/real_normal_0017.png,0.9508674740791321
/content/drive/MyDrive/MedSymmFlow_Project/synthetic_data/pneumoniamnist_normal_2280_filtered/normal_0367.png,/content/drive/MyDrive/MedSymmFlow_Project/fid_analysis/real_normal_1214/real_normal_0017.png,0.9508571028709412
/content/drive/MyDrive/MedSymmFlow_Project/synthetic_data/pneumoniamnist_normal_2280_filtered/normal_0095.png,/content/drive/MyDrive/MedSymmFlow_Project/fid_analysis/real_normal_1214/real_normal_0017.png,0.9508222341537476
/content/drive/MyDrive/MedSymmFlow_Project/synthetic_data/pneumoniamnist_normal_2280_filtered/normal_0712.png,/content/drive/MyDrive/MedSymmFlow_Project/fid_analysis/real_normal_1214/real_normal_0194.png,0.9508219361305237
/content/drive/MyDrive/MedSymmFlow_Project/synthetic_data/pneumoniamnist_normal_2280_filtered/normal_2256.png,/content/drive/MyDrive/MedSymmFlow_Project/fid_analysis/real_normal_1214/real_normal_0904.png,0.9507997035980225
/content/drive/MyDrive/MedSymmFlow_Project/synthetic_data/pneumoniamnist_normal_2280_filtered/normal_0240.png,/content/drive/MyDrive/MedSymmFlow_Project/fid_analysis/real_normal_1214/real_normal_1054.png,0.9507906436920166
/content/drive/MyDrive/MedSymmFlow_Project/synthetic_data/pneumoniamnist_normal_2280_filtered/normal_0335.png,/content/drive/MyDrive/MedSymmFlow_Project/fid_analysis/real_normal_1214/real_normal_0236.png,0.9507830142974854
/content/drive/MyDrive/MedSymmFlow_Project/synthetic_data/pneumoniamnist_normal_2280_filtered/normal_0654.png,/content/drive/MyDrive/MedSymmFlow_Project/fid_analysis/real_normal_1214/real_normal_0963.png,0.9507749080657959
/content/drive/MyDrive/MedSymmFlow_Project/synthetic_data/pneumoniamnist_normal_2280_filtered/normal_1782.png,/content/drive/MyDrive/MedSymmFlow_Project/fid_analysis/real_normal_1214/real_normal_0539.png,0.9507617950439453
/content/drive/MyDrive/MedSymmFlow_Project/synthetic_data/pneumoniamnist_normal_2280_filtered/normal_1246.png,/content/drive/MyDrive/MedSymmFlow_Project/fid_analysis/real_normal_1214/real_normal_0034.png,0.9507566690444946
/content/drive/MyDrive/MedSymmFlow_Project/synthetic_data/pneumoniamnist_normal_2280_filtered/normal_1819.png,/content/drive/MyDrive/MedSymmFlow_Project/fid_analysis/real_normal_1214/real_normal_0659.png,0.9507492780685425
/content/drive/MyDrive/MedSymmFlow_Project/synthetic_data/pneumoniamnist_normal_2280_filtered/normal_0438.png,/content/drive/MyDrive/MedSymmFlow_Project/fid_analysis/real_normal_1214/real_normal_0017.png,0.9507335424423218
/content/drive/MyDrive/MedSymmFlow_Project/synthetic_data/pneumoniamnist_normal_2280_filtered/normal_1567.png,/content/drive/MyDrive/MedSymmFlow_Project/fid_analysis/real_normal_1214/real_normal_0492.png,0.9507224559783936
/content/drive/MyDrive/MedSymmFlow_Project/synthetic_data/pneumoniamnist_normal_2280_filtered/normal_1042.png,/content/drive/MyDrive/MedSymmFlow_Project/fid_analysis/real_normal_1214/real_normal_0321.png,0.950701892375946
/content/drive/MyDrive/MedSymmFlow_Project/synthetic_data/pneumoniamnist_normal_2280_filtered/normal_2085.png,/content/drive/MyDrive/MedSymmFlow_Project/fid_analysis/real_normal_1214/real_normal_0089.png,0.9506949782371521
/content/drive/MyDrive/MedSymmFlow_Project/synthetic_data/pneumoniamnist_normal_2280_filtered/normal_1295.png,/content/drive/MyDrive/MedSymmFlow_Project/fid_analysis/real_normal_1214/real_normal_0847.png,0.950677752494812
/content/drive/MyDrive/MedSymmFlow_Project/synthetic_data/pneumoniamnist_normal_2280_filtered/normal_1353.png,/content/drive/MyDrive/MedSymmFlow_Project/fid_analysis/real_normal_1214/real_normal_0322.png,0.950668454170227
/content/drive/MyDrive/MedSymmFlow_Project/synthetic_data/pneumoniamnist_normal_2280_filtered/normal_0025.png,/content/drive/MyDrive/MedSymmFlow_Project/fid_analysis/real_normal_1214/real_normal_0469.png,0.9506468772888184
/content/drive/MyDrive/MedSymmFlow_Project/synthetic_data/pneumoniamnist_normal_2280_filtered/normal_1128.png,/content/drive/MyDrive/MedSymmFlow_Project/fid_analysis/real_normal_1214/real_normal_1054.png,0.9506446123123169
/content/drive/MyDrive/MedSymmFlow_Project/synthetic_data/pneumoniamnist_normal_2280_filtered/normal_0917.png,/content/drive/MyDrive/MedSymmFlow_Project/fid_analysis/real_normal_1214/real_normal_0069.png,0.9506282806396484
/content/drive/MyDrive/MedSymmFlow_Project/synthetic_data/pneumoniamnist_normal_2280_filtered/normal_0171.png,/content/drive/MyDrive/MedSymmFlow_Project/fid_analysis/real_normal_1214/real_normal_0779.png,0.9506117701530457
/content/drive/MyDrive/MedSymmFlow_Project/synthetic_data/pneumoniamnist_normal_2280_filtered/normal_0344.png,/content/drive/MyDrive/MedSymmFlow_Project/fid_analysis/real_normal_1214/real_normal_0021.png,0.9506100416183472
/content/drive/MyDrive/MedSymmFlow_Project/synthetic_data/pneumoniamnist_normal_2280_filtered/normal_1994.png,/content/drive/MyDrive/MedSymmFlow_Project/fid_analysis/real_normal_1214/real_normal_0492.png,0.9506052732467651
/content/drive/MyDrive/MedSymmFlow_Project/synthetic_data/pneumoniamnist_normal_2280_filtered/normal_0625.png,/content/drive/MyDrive/MedSymmFlow_Project/fid_analysis/real_normal_1214/real_normal_0017.png,0.9505975842475891
/content/drive/MyDrive/MedSymmFlow_Project/synthetic_data/pneumoniamnist_normal_2280_filtered/normal_1127.png,/content/drive/MyDrive/MedSymmFlow_Project/fid_analysis/real_normal_1214/real_normal_0390.png,0.9505879878997803
/content/drive/MyDrive/MedSymmFlow_Project/synthetic_data/pneumoniamnist_normal_2280_filtered/normal_1482.png,/content/drive/MyDrive/MedSymmFlow_Project/fid_analysis/real_normal_1214/real_normal_1116.png,0.950583279132843
/content/drive/MyDrive/MedSymmFlow_Project/synthetic_data/pneumoniamnist_normal_2280_filtered/normal_0733.png,/content/drive/MyDrive/MedSymmFlow_Project/fid_analysis/real_normal_1214/real_normal_0021.png,0.9505507946014404
/content/drive/MyDrive/MedSymmFlow_Project/synthetic_data/pneumoniamnist_normal_2280_filtered/normal_1144.png,/content/drive/MyDrive/MedSymmFlow_Project/fid_analysis/real_normal_1214/real_normal_0017.png,0.9505484700202942
/content/drive/MyDrive/MedSymmFlow_Project/synthetic_data/pneumoniamnist_normal_2280_filtered/normal_0956.png,/content/drive/MyDrive/MedSymmFlow_Project/fid_analysis/real_normal_1214/real_normal_1116.png,0.9505482912063599
/content/drive/MyDrive/MedSymmFlow_Project/synthetic_data/pneumoniamnist_normal_2280_filtered/normal_1056.png,/content/drive/MyDrive/MedSymmFlow_Project/fid_analysis/real_normal_1214/real_normal_0934.png,0.9505404829978943
/content/drive/MyDrive/MedSymmFlow_Project/synthetic_data/pneumoniamnist_normal_2280_filtered/normal_0232.png,/content/drive/MyDrive/MedSymmFlow_Project/fid_analysis/real_normal_1214/real_normal_0483.png,0.9505244493484497
/content/drive/MyDrive/MedSymmFlow_Project/synthetic_data/pneumoniamnist_normal_2280_filtered/normal_2009.png,/content/drive/MyDrive/MedSymmFlow_Project/fid_analysis/real_normal_1214/real_normal_0492.png,0.950519323348999
/content/drive/MyDrive/MedSymmFlow_Project/synthetic_data/pneumoniamnist_normal_2280_filtered/normal_0547.png,/content/drive/MyDrive/MedSymmFlow_Project/fid_analysis/real_normal_1214/real_normal_1176.png,0.9505191445350647
/content/drive/MyDrive/MedSymmFlow_Project/synthetic_data/pneumoniamnist_normal_2280_filtered/normal_0691.png,/content/drive/MyDrive/MedSymmFlow_Project/fid_analysis/real_normal_1214/real_normal_1037.png,0.9504880309104919
/content/drive/MyDrive/MedSymmFlow_Project/synthetic_data/pneumoniamnist_normal_2280_filtered/normal_0888.png,/content/drive/MyDrive/MedSymmFlow_Project/fid_analysis/real_normal_1214/real_normal_0492.png,0.9504861235618591
/content/drive/MyDrive/MedSymmFlow_Project/synthetic_data/pneumoniamnist_normal_2280_filtered/normal_1933.png,/content/drive/MyDrive/MedSymmFlow_Project/fid_analysis/real_normal_1214/real_normal_0937.png,0.9504687190055847
/content/drive/MyDrive/MedSymmFlow_Project/synthetic_data/pneumoniamnist_normal_2280_filtered/normal_0400.png,/content/drive/MyDrive/MedSymmFlow_Project/fid_analysis/real_normal_1214/real_normal_0017.png,0.9504674673080444
/content/drive/MyDrive/MedSymmFlow_Project/synthetic_data/pneumoniamnist_normal_2280_filtered/normal_2239.png,/content/drive/MyDrive/MedSymmFlow_Project/fid_analysis/real_normal_1214/real_normal_0017.png,0.9504544734954834
/content/drive/MyDrive/MedSymmFlow_Project/synthetic_data/pneumoniamnist_normal_2280_filtered/normal_0535.png,/content/drive/MyDrive/MedSymmFlow_Project/fid_analysis/real_normal_1214/real_normal_0552.png,0.9504542946815491
/content/drive/MyDrive/MedSymmFlow_Project/synthetic_data/pneumoniamnist_normal_2280_filtered/normal_0510.png,/content/drive/MyDrive/MedSymmFlow_Project/fid_analysis/real_normal_1214/real_normal_0069.png,0.9504525065422058
/content/drive/MyDrive/MedSymmFlow_Project/synthetic_data/pneumoniamnist_normal_2280_filtered/normal_1451.png,/content/drive/MyDrive/MedSymmFlow_Project/fid_analysis/real_normal_1214/real_normal_0158.png,0.9504431486129761
/content/drive/MyDrive/MedSymmFlow_Project/synthetic_data/pneumoniamnist_normal_2280_filtered/normal_0788.png,/content/drive/MyDrive/MedSymmFlow_Project/fid_analysis/real_normal_1214/real_normal_0539.png,0.9503923654556274
/content/drive/MyDrive/MedSymmFlow_Project/synthetic_data/pneumoniamnist_normal_2280_filtered/normal_0978.png,/content/drive/MyDrive/MedSymmFlow_Project/fid_analysis/real_normal_1214/real_normal_0025.png,0.9503817558288574
/content/drive/MyDrive/MedSymmFlow_Project/synthetic_data/pneumoniamnist_normal_2280_filtered/normal_0355.png,/content/drive/MyDrive/MedSymmFlow_Project/fid_analysis/real_normal_1214/real_normal_0644.png,0.950343132019043
/content/drive/MyDrive/MedSymmFlow_Project/synthetic_data/pneumoniamnist_normal_2280_filtered/normal_2168.png,/content/drive/MyDrive/MedSymmFlow_Project/fid_analysis/real_normal_1214/real_normal_0722.png,0.9503388404846191
/content/drive/MyDrive/MedSymmFlow_Project/synthetic_data/pneumoniamnist_normal_2280_filtered/normal_2278.png,/content/drive/MyDrive/MedSymmFlow_Project/fid_analysis/real_normal_1214/real_normal_0692.png,0.9503215551376343
/content/drive/MyDrive/MedSymmFlow_Project/synthetic_data/pneumoniamnist_normal_2280_filtered/normal_0844.png,/content/drive/MyDrive/MedSymmFlow_Project/fid_analysis/real_normal_1214/real_normal_0654.png,0.9503179788589478
/content/drive/MyDrive/MedSymmFlow_Project/synthetic_data/pneumoniamnist_normal_2280_filtered/normal_1394.png,/content/drive/MyDrive/MedSymmFlow_Project/fid_analysis/real_normal_1214/real_normal_0394.png,0.9503124356269836
/content/drive/MyDrive/MedSymmFlow_Project/synthetic_data/pneumoniamnist_normal_2280_filtered/normal_0440.png,/content/drive/MyDrive/MedSymmFlow_Project/fid_analysis/real_normal_1214/real_normal_1087.png,0.9502893686294556
/content/drive/MyDrive/MedSymmFlow_Project/synthetic_data/pneumoniamnist_normal_2280_filtered/normal_0156.png,/content/drive/MyDrive/MedSymmFlow_Project/fid_analysis/real_normal_1214/real_normal_0927.png,0.950286328792572
/content/drive/MyDrive/MedSymmFlow_Project/synthetic_data/pneumoniamnist_normal_2280_filtered/normal_0525.png,/content/drive/MyDrive/MedSymmFlow_Project/fid_analysis/real_normal_1214/real_normal_0069.png,0.9502846598625183
/content/drive/MyDrive/MedSymmFlow_Project/synthetic_data/pneumoniamnist_normal_2280_filtered/normal_1081.png,/content/drive/MyDrive/MedSymmFlow_Project/fid_analysis/real_normal_1214/real_normal_0619.png,0.9502784013748169
/content/drive/MyDrive/MedSymmFlow_Project/synthetic_data/pneumoniamnist_normal_2280_filtered/normal_1361.png,/content/drive/MyDrive/MedSymmFlow_Project/fid_analysis/real_normal_1214/real_normal_0012.png,0.9502779245376587
/content/drive/MyDrive/MedSymmFlow_Project/synthetic_data/pneumoniamnist_normal_2280_filtered/normal_0220.png,/content/drive/MyDrive/MedSymmFlow_Project/fid_analysis/real_normal_1214/real_normal_1176.png,0.95027756690979
/content/drive/MyDrive/MedSymmFlow_Project/synthetic_data/pneumoniamnist_normal_2280_filtered/normal_1421.png,/content/drive/MyDrive/MedSymmFlow_Project/fid_analysis/real_normal_1214/real_normal_0600.png,0.950239896774292
/content/drive/MyDrive/MedSymmFlow_Project/synthetic_data/pneumoniamnist_normal_2280_filtered/normal_1821.png,/content/drive/MyDrive/MedSymmFlow_Project/fid_analysis/real_normal_1214/real_normal_0806.png,0.9502322673797607
/content/drive/MyDrive/MedSymmFlow_Project/synthetic_data/pneumoniamnist_normal_2280_filtered/normal_2164.png,/content/drive/MyDrive/MedSymmFlow_Project/fid_analysis/real_normal_1214/real_normal_0069.png,0.95023113489151
/content/drive/MyDrive/MedSymmFlow_Project/synthetic_data/pneumoniamnist_normal_2280_filtered/normal_1864.png,/content/drive/MyDrive/MedSymmFlow_Project/fid_analysis/real_normal_1214/real_normal_0592.png,0.9502284526824951
/content/drive/MyDrive/MedSymmFlow_Project/synthetic_data/pneumoniamnist_normal_2280_filtered/normal_0911.png,/content/drive/MyDrive/MedSymmFlow_Project/fid_analysis/real_normal_1214/real_normal_1151.png,0.9502283930778503
/content/drive/MyDrive/MedSymmFlow_Project/synthetic_data/pneumoniamnist_normal_2280_filtered/normal_1204.png,/content/drive/MyDrive/MedSymmFlow_Project/fid_analysis/real_normal_1214/real_normal_1086.png,0.9502183794975281
/content/drive/MyDrive/MedSymmFlow_Project/synthetic_data/pneumoniamnist_normal_2280_filtered/normal_1322.png,/content/drive/MyDrive/MedSymmFlow_Project/fid_analysis/real_normal_1214/real_normal_0584.png,0.9501927495002747
/content/drive/MyDrive/MedSymmFlow_Project/synthetic_data/pneumoniamnist_normal_2280_filtered/normal_1813.png,/content/drive/MyDrive/MedSymmFlow_Project/fid_analysis/real_normal_1214/real_normal_0719.png,0.950188398361206
/content/drive/MyDrive/MedSymmFlow_Project/synthetic_data/pneumoniamnist_normal_2280_filtered/normal_1352.png,/content/drive/MyDrive/MedSymmFlow_Project/fid_analysis/real_normal_1214/real_normal_0389.png,0.9501858949661255
/content/drive/MyDrive/MedSymmFlow_Project/synthetic_data/pneumoniamnist_normal_2280_filtered/normal_2209.png,/content/drive/MyDrive/MedSymmFlow_Project/fid_analysis/real_normal_1214/real_normal_0968.png,0.9501843452453613
/content/drive/MyDrive/MedSymmFlow_Project/synthetic_data/pneumoniamnist_normal_2280_filtered/normal_2241.png,/content/drive/MyDrive/MedSymmFlow_Project/fid_analysis/real_normal_1214/real_normal_1202.png,0.9501839876174927
/content/drive/MyDrive/MedSymmFlow_Project/synthetic_data/pneumoniamnist_normal_2280_filtered/normal_1346.png,/content/drive/MyDrive/MedSymmFlow_Project/fid_analysis/real_normal_1214/real_normal_0968.png,0.9501826763153076
/content/drive/MyDrive/MedSymmFlow_Project/synthetic_data/pneumoniamnist_normal_2280_filtered/normal_1462.png,/content/drive/MyDrive/MedSymmFlow_Project/fid_analysis/real_normal_1214/real_normal_1194.png,0.9501794576644897
/content/drive/MyDrive/MedSymmFlow_Project/synthetic_data/pneumoniamnist_normal_2280_filtered/normal_2059.png,/content/drive/MyDrive/MedSymmFlow_Project/fid_analysis/real_normal_1214/real_normal_0017.png,0.9501776695251465
/content/drive/MyDrive/MedSymmFlow_Project/synthetic_data/pneumoniamnist_normal_2280_filtered/normal_2237.png,/content/drive/MyDrive/MedSymmFlow_Project/fid_analysis/real_normal_1214/real_normal_0089.png,0.9501771926879883
/content/drive/MyDrive/MedSymmFlow_Project/synthetic_data/pneumoniamnist_normal_2280_filtered/normal_1233.png,/content/drive/MyDrive/MedSymmFlow_Project/fid_analysis/real_normal_1214/real_normal_0552.png,0.9501711130142212
/content/drive/MyDrive/MedSymmFlow_Project/synthetic_data/pneumoniamnist_normal_2280_filtered/normal_0594.png,/content/drive/MyDrive/MedSymmFlow_Project/fid_analysis/real_normal_1214/real_normal_0441.png,0.9501355290412903
/content/drive/MyDrive/MedSymmFlow_Project/synthetic_data/pneumoniamnist_normal_2280_filtered/normal_1308.png,/content/drive/MyDrive/MedSymmFlow_Project/fid_analysis/real_normal_1214/real_normal_0619.png,0.9501352310180664
/content/drive/MyDrive/MedSymmFlow_Project/synthetic_data/pneumoniamnist_normal_2280_filtered/normal_1326.png,/content/drive/MyDrive/MedSymmFlow_Project/fid_analysis/real_normal_1214/real_normal_0644.png,0.9501301050186157
/content/drive/MyDrive/MedSymmFlow_Project/synthetic_data/pneumoniamnist_normal_2280_filtered/normal_1188.png,/content/drive/MyDrive/MedSymmFlow_Project/fid_analysis/real_normal_1214/real_normal_0571.png,0.9501276612281799
/content/drive/MyDrive/MedSymmFlow_Project/synthetic_data/pneumoniamnist_normal_2280_filtered/normal_0016.png,/content/drive/MyDrive/MedSymmFlow_Project/fid_analysis/real_normal_1214/real_normal_0413.png,0.9501223564147949
/content/drive/MyDrive/MedSymmFlow_Project/synthetic_data/pneumoniamnist_normal_2280_filtered/normal_1336.png,/content/drive/MyDrive/MedSymmFlow_Project/fid_analysis/real_normal_1214/real_normal_0019.png,0.9501169919967651
/content/drive/MyDrive/MedSymmFlow_Project/synthetic_data/pneumoniamnist_normal_2280_filtered/normal_1249.png,/content/drive/MyDrive/MedSymmFlow_Project/fid_analysis/real_normal_1214/real_normal_0137.png,0.9501094818115234
/content/drive/MyDrive/MedSymmFlow_Project/synthetic_data/pneumoniamnist_normal_2280_filtered/normal_0392.png,/content/drive/MyDrive/MedSymmFlow_Project/fid_analysis/real_normal_1214/real_normal_0161.png,0.9501047134399414
/content/drive/MyDrive/MedSymmFlow_Project/synthetic_data/pneumoniamnist_normal_2280_filtered/normal_1643.png,/content/drive/MyDrive/MedSymmFlow_Project/fid_analysis/real_normal_1214/real_normal_0635.png,0.9500983953475952
/content/drive/MyDrive/MedSymmFlow_Project/synthetic_data/pneumoniamnist_normal_2280_filtered/normal_2021.png,/content/drive/MyDrive/MedSymmFlow_Project/fid_analysis/real_normal_1214/real_normal_1017.png,0.9500827789306641
/content/drive/MyDrive/MedSymmFlow_Project/synthetic_data/pneumoniamnist_normal_2280_filtered/normal_1333.png,/content/drive/MyDrive/MedSymmFlow_Project/fid_analysis/real_normal_1214/real_normal_0634.png,0.9500735998153687
/content/drive/MyDrive/MedSymmFlow_Project/synthetic_data/pneumoniamnist_normal_2280_filtered/normal_1436.png,/content/drive/MyDrive/MedSymmFlow_Project/fid_analysis/real_normal_1214/real_normal_0968.png,0.950069785118103
/content/drive/MyDrive/MedSymmFlow_Project/synthetic_data/pneumoniamnist_normal_2280_filtered/normal_0030.png,/content/drive/MyDrive/MedSymmFlow_Project/fid_analysis/real_normal_1214/real_normal_0760.png,0.950066864490509
/content/drive/MyDrive/MedSymmFlow_Project/synthetic_data/pneumoniamnist_normal_2280_filtered/normal_1450.png,/content/drive/MyDrive/MedSymmFlow_Project/fid_analysis/real_normal_1214/real_normal_0038.png,0.9500483870506287
/content/drive/MyDrive/MedSymmFlow_Project/synthetic_data/pneumoniamnist_normal_2280_filtered/normal_1082.png,/content/drive/MyDrive/MedSymmFlow_Project/fid_analysis/real_normal_1214/real_normal_0407.png,0.9500424861907959
/content/drive/MyDrive/MedSymmFlow_Project/synthetic_data/pneumoniamnist_normal_2280_filtered/normal_0299.png,/content/drive/MyDrive/MedSymmFlow_Project/fid_analysis/real_normal_1214/real_normal_0855.png,0.9500382542610168
/content/drive/MyDrive/MedSymmFlow_Project/synthetic_data/pneumoniamnist_normal_2280_filtered/normal_1094.png,/content/drive/MyDrive/MedSymmFlow_Project/fid_analysis/real_normal_1214/real_normal_0815.png,0.9500333666801453
/content/drive/MyDrive/MedSymmFlow_Project/synthetic_data/pneumoniamnist_normal_2280_filtered/normal_1243.png,/content/drive/MyDrive/MedSymmFlow_Project/fid_analysis/real_normal_1214/real_normal_0492.png,0.9500104188919067
/content/drive/MyDrive/MedSymmFlow_Project/synthetic_data/pneumoniamnist_normal_2280_filtered/normal_0464.png,/content/drive/MyDrive/MedSymmFlow_Project/fid_analysis/real_normal_1214/real_normal_0017.png,0.9499905109405518
/content/drive/MyDrive/MedSymmFlow_Project/synthetic_data/pneumoniamnist_normal_2280_filtered/normal_1083.png,/content/drive/MyDrive/MedSymmFlow_Project/fid_analysis/real_normal_1214/real_normal_0627.png,0.9499850273132324
/content/drive/MyDrive/MedSymmFlow_Project/synthetic_data/pneumoniamnist_normal_2280_filtered/normal_1236.png,/content/drive/MyDrive/MedSymmFlow_Project/fid_analysis/real_normal_1214/real_normal_0552.png,0.9499772787094116
/content/drive/MyDrive/MedSymmFlow_Project/synthetic_data/pneumoniamnist_normal_2280_filtered/normal_1983.png,/content/drive/MyDrive/MedSymmFlow_Project/fid_analysis/real_normal_1214/real_normal_0012.png,0.9499468803405762
/content/drive/MyDrive/MedSymmFlow_Project/synthetic_data/pneumoniamnist_normal_2280_filtered/normal_1271.png,/content/drive/MyDrive/MedSymmFlow_Project/fid_analysis/real_normal_1214/real_normal_0834.png,0.949945330619812
/content/drive/MyDrive/MedSymmFlow_Project/synthetic_data/pneumoniamnist_normal_2280_filtered/normal_1104.png,/content/drive/MyDrive/MedSymmFlow_Project/fid_analysis/real_normal_1214/real_normal_0294.png,0.9499422311782837
/content/drive/MyDrive/MedSymmFlow_Project/synthetic_data/pneumoniamnist_normal_2280_filtered/normal_1254.png,/content/drive/MyDrive/MedSymmFlow_Project/fid_analysis/real_normal_1214/real_normal_0017.png,0.9499255418777466
/content/drive/MyDrive/MedSymmFlow_Project/synthetic_data/pneumoniamnist_normal_2280_filtered/normal_2235.png,/content/drive/MyDrive/MedSymmFlow_Project/fid_analysis/real_normal_1214/real_normal_0963.png,0.9498963356018066
/content/drive/MyDrive/MedSymmFlow_Project/synthetic_data/pneumoniamnist_normal_2280_filtered/normal_1612.png,/content/drive/MyDrive/MedSymmFlow_Project/fid_analysis/real_normal_1214/real_normal_0824.png,0.9498917460441589
/content/drive/MyDrive/MedSymmFlow_Project/synthetic_data/pneumoniamnist_normal_2280_filtered/normal_0150.png,/content/drive/MyDrive/MedSymmFlow_Project/fid_analysis/real_normal_1214/real_normal_0485.png,0.9498907327651978
/content/drive/MyDrive/MedSymmFlow_Project/synthetic_data/pneumoniamnist_normal_2280_filtered/normal_2089.png,/content/drive/MyDrive/MedSymmFlow_Project/fid_analysis/real_normal_1214/real_normal_0402.png,0.9498902559280396
/content/drive/MyDrive/MedSymmFlow_Project/synthetic_data/pneumoniamnist_normal_2280_filtered/normal_1663.png,/content/drive/MyDrive/MedSymmFlow_Project/fid_analysis/real_normal_1214/real_normal_0968.png,0.949874758720398
/content/drive/MyDrive/MedSymmFlow_Project/synthetic_data/pneumoniamnist_normal_2280_filtered/normal_1951.png,/content/drive/MyDrive/MedSymmFlow_Project/fid_analysis/real_normal_1214/real_normal_0592.png,0.9498716592788696
/content/drive/MyDrive/MedSymmFlow_Project/synthetic_data/pneumoniamnist_normal_2280_filtered/normal_1519.png,/content/drive/MyDrive/MedSymmFlow_Project/fid_analysis/real_normal_1214/real_normal_1017.png,0.9498683214187622
/content/drive/MyDrive/MedSymmFlow_Project/synthetic_data/pneumoniamnist_normal_2280_filtered/normal_0161.png,/content/drive/MyDrive/MedSymmFlow_Project/fid_analysis/real_normal_1214/real_normal_0161.png,0.9498672485351562
/content/drive/MyDrive/MedSymmFlow_Project/synthetic_data/pneumoniamnist_normal_2280_filtered/normal_0266.png,/content/drive/MyDrive/MedSymmFlow_Project/fid_analysis/real_normal_1214/real_normal_0069.png,0.9498531818389893
/content/drive/MyDrive/MedSymmFlow_Project/synthetic_data/pneumoniamnist_normal_2280_filtered/normal_0979.png,/content/drive/MyDrive/MedSymmFlow_Project/fid_analysis/real_normal_1214/real_normal_0725.png,0.949836790561676
/content/drive/MyDrive/MedSymmFlow_Project/synthetic_data/pneumoniamnist_normal_2280_filtered/normal_1919.png,/content/drive/MyDrive/MedSymmFlow_Project/fid_analysis/real_normal_1214/real_normal_0069.png,0.949832558631897
/content/drive/MyDrive/MedSymmFlow_Project/synthetic_data/pneumoniamnist_normal_2280_filtered/normal_2047.png,/content/drive/MyDrive/MedSymmFlow_Project/fid_analysis/real_normal_1214/real_normal_0968.png,0.9498226642608643
/content/drive/MyDrive/MedSymmFlow_Project/synthetic_data/pneumoniamnist_normal_2280_filtered/normal_0436.png,/content/drive/MyDrive/MedSymmFlow_Project/fid_analysis/real_normal_1214/real_normal_1028.png,0.9498209953308105
/content/drive/MyDrive/MedSymmFlow_Project/synthetic_data/pneumoniamnist_normal_2280_filtered/normal_1927.png,/content/drive/MyDrive/MedSymmFlow_Project/fid_analysis/real_normal_1214/real_normal_0963.png,0.949813723564148
/content/drive/MyDrive/MedSymmFlow_Project/synthetic_data/pneumoniamnist_normal_2280_filtered/normal_1972.png,/content/drive/MyDrive/MedSymmFlow_Project/fid_analysis/real_normal_1214/real_normal_0829.png,0.9498081207275391
/content/drive/MyDrive/MedSymmFlow_Project/synthetic_data/pneumoniamnist_normal_2280_filtered/normal_2277.png,/content/drive/MyDrive/MedSymmFlow_Project/fid_analysis/real_normal_1214/real_normal_0829.png,0.9497981071472168
/content/drive/MyDrive/MedSymmFlow_Project/synthetic_data/pneumoniamnist_normal_2280_filtered/normal_0407.png,/content/drive/MyDrive/MedSymmFlow_Project/fid_analysis/real_normal_1214/real_normal_0017.png,0.9497895240783691
/content/drive/MyDrive/MedSymmFlow_Project/synthetic_data/pneumoniamnist_normal_2280_filtered/normal_0643.png,/content/drive/MyDrive/MedSymmFlow_Project/fid_analysis/real_normal_1214/real_normal_0336.png,0.9497870206832886
/content/drive/MyDrive/MedSymmFlow_Project/synthetic_data/pneumoniamnist_normal_2280_filtered/normal_0202.png,/content/drive/MyDrive/MedSymmFlow_Project/fid_analysis/real_normal_1214/real_normal_0017.png,0.9497852325439453
/content/drive/MyDrive/MedSymmFlow_Project/synthetic_data/pneumoniamnist_normal_2280_filtered/normal_2272.png,/content/drive/MyDrive/MedSymmFlow_Project/fid_analysis/real_normal_1214/real_normal_0413.png,0.9497667551040649
/content/drive/MyDrive/MedSymmFlow_Project/synthetic_data/pneumoniamnist_normal_2280_filtered/normal_2172.png,/content/drive/MyDrive/MedSymmFlow_Project/fid_analysis/real_normal_1214/real_normal_0389.png,0.9497542381286621
/content/drive/MyDrive/MedSymmFlow_Project/synthetic_data/pneumoniamnist_normal_2280_filtered/normal_2028.png,/content/drive/MyDrive/MedSymmFlow_Project/fid_analysis/real_normal_1214/real_normal_0904.png,0.949752688407898
/content/drive/MyDrive/MedSymmFlow_Project/synthetic_data/pneumoniamnist_normal_2280_filtered/normal_1853.png,/content/drive/MyDrive/MedSymmFlow_Project/fid_analysis/real_normal_1214/real_normal_0037.png,0.9497331380844116
/content/drive/MyDrive/MedSymmFlow_Project/synthetic_data/pneumoniamnist_normal_2280_filtered/normal_2210.png,/content/drive/MyDrive/MedSymmFlow_Project/fid_analysis/real_normal_1214/real_normal_0968.png,0.9497262239456177
/content/drive/MyDrive/MedSymmFlow_Project/synthetic_data/pneumoniamnist_normal_2280_filtered/normal_1111.png,/content/drive/MyDrive/MedSymmFlow_Project/fid_analysis/real_normal_1214/real_normal_0021.png,0.9497056007385254
/content/drive/MyDrive/MedSymmFlow_Project/synthetic_data/pneumoniamnist_normal_2280_filtered/normal_1924.png,/content/drive/MyDrive/MedSymmFlow_Project/fid_analysis/real_normal_1214/real_normal_0315.png,0.9497028589248657
/content/drive/MyDrive/MedSymmFlow_Project/synthetic_data/pneumoniamnist_normal_2280_filtered/normal_1560.png,/content/drive/MyDrive/MedSymmFlow_Project/fid_analysis/real_normal_1214/real_normal_0069.png,0.9496829509735107
/content/drive/MyDrive/MedSymmFlow_Project/synthetic_data/pneumoniamnist_normal_2280_filtered/normal_0238.png,/content/drive/MyDrive/MedSymmFlow_Project/fid_analysis/real_normal_1214/real_normal_0116.png,0.9496700167655945
/content/drive/MyDrive/MedSymmFlow_Project/synthetic_data/pneumoniamnist_normal_2280_filtered/normal_1844.png,/content/drive/MyDrive/MedSymmFlow_Project/fid_analysis/real_normal_1214/real_normal_0225.png,0.9496619701385498
/content/drive/MyDrive/MedSymmFlow_Project/synthetic_data/pneumoniamnist_normal_2280_filtered/normal_1785.png,/content/drive/MyDrive/MedSymmFlow_Project/fid_analysis/real_normal_1214/real_normal_0152.png,0.9496516585350037
/content/drive/MyDrive/MedSymmFlow_Project/synthetic_data/pneumoniamnist_normal_2280_filtered/normal_0063.png,/content/drive/MyDrive/MedSymmFlow_Project/fid_analysis/real_normal_1214/real_normal_0069.png,0.9496487379074097
/content/drive/MyDrive/MedSymmFlow_Project/synthetic_data/pneumoniamnist_normal_2280_filtered/normal_0233.png,/content/drive/MyDrive/MedSymmFlow_Project/fid_analysis/real_normal_1214/real_normal_0402.png,0.9496386647224426
/content/drive/MyDrive/MedSymmFlow_Project/synthetic_data/pneumoniamnist_normal_2280_filtered/normal_2158.png,/content/drive/MyDrive/MedSymmFlow_Project/fid_analysis/real_normal_1214/real_normal_1147.png,0.9496256709098816
/content/drive/MyDrive/MedSymmFlow_Project/synthetic_data/pneumoniamnist_normal_2280_filtered/normal_0228.png,/content/drive/MyDrive/MedSymmFlow_Project/fid_analysis/real_normal_1214/real_normal_1028.png,0.9496195316314697
/content/drive/MyDrive/MedSymmFlow_Project/synthetic_data/pneumoniamnist_normal_2280_filtered/normal_2006.png,/content/drive/MyDrive/MedSymmFlow_Project/fid_analysis/real_normal_1214/real_normal_0427.png,0.9496050477027893
/content/drive/MyDrive/MedSymmFlow_Project/synthetic_data/pneumoniamnist_normal_2280_filtered/normal_1741.png,/content/drive/MyDrive/MedSymmFlow_Project/fid_analysis/real_normal_1214/real_normal_0928.png,0.9496008157730103
/content/drive/MyDrive/MedSymmFlow_Project/synthetic_data/pneumoniamnist_normal_2280_filtered/normal_0447.png,/content/drive/MyDrive/MedSymmFlow_Project/fid_analysis/real_normal_1214/real_normal_0351.png,0.9495881199836731
/content/drive/MyDrive/MedSymmFlow_Project/synthetic_data/pneumoniamnist_normal_2280_filtered/normal_1140.png,/content/drive/MyDrive/MedSymmFlow_Project/fid_analysis/real_normal_1214/real_normal_0322.png,0.949580192565918
/content/drive/MyDrive/MedSymmFlow_Project/synthetic_data/pneumoniamnist_normal_2280_filtered/normal_1882.png,/content/drive/MyDrive/MedSymmFlow_Project/fid_analysis/real_normal_1214/real_normal_0806.png,0.9495569467544556
/content/drive/MyDrive/MedSymmFlow_Project/synthetic_data/pneumoniamnist_normal_2280_filtered/normal_1131.png,/content/drive/MyDrive/MedSymmFlow_Project/fid_analysis/real_normal_1214/real_normal_0225.png,0.9495458006858826
/content/drive/MyDrive/MedSymmFlow_Project/synthetic_data/pneumoniamnist_normal_2280_filtered/normal_0108.png,/content/drive/MyDrive/MedSymmFlow_Project/fid_analysis/real_normal_1214/real_normal_0185.png,0.9495368003845215
/content/drive/MyDrive/MedSymmFlow_Project/synthetic_data/pneumoniamnist_normal_2280_filtered/normal_0385.png,/content/drive/MyDrive/MedSymmFlow_Project/fid_analysis/real_normal_1214/real_normal_0258.png,0.9495313167572021
/content/drive/MyDrive/MedSymmFlow_Project/synthetic_data/pneumoniamnist_normal_2280_filtered/normal_1384.png,/content/drive/MyDrive/MedSymmFlow_Project/fid_analysis/real_normal_1214/real_normal_0642.png,0.9495254755020142
/content/drive/MyDrive/MedSymmFlow_Project/synthetic_data/pneumoniamnist_normal_2280_filtered/normal_1594.png,/content/drive/MyDrive/MedSymmFlow_Project/fid_analysis/real_normal_1214/real_normal_0418.png,0.9495253562927246
/content/drive/MyDrive/MedSymmFlow_Project/synthetic_data/pneumoniamnist_normal_2280_filtered/normal_0018.png,/content/drive/MyDrive/MedSymmFlow_Project/fid_analysis/real_normal_1214/real_normal_0089.png,0.9494976997375488
/content/drive/MyDrive/MedSymmFlow_Project/synthetic_data/pneumoniamnist_normal_2280_filtered/normal_1574.png,/content/drive/MyDrive/MedSymmFlow_Project/fid_analysis/real_normal_1214/real_normal_0855.png,0.9494919776916504
/content/drive/MyDrive/MedSymmFlow_Project/synthetic_data/pneumoniamnist_normal_2280_filtered/normal_0630.png,/content/drive/MyDrive/MedSymmFlow_Project/fid_analysis/real_normal_1214/real_normal_0427.png,0.9494670629501343
/content/drive/MyDrive/MedSymmFlow_Project/synthetic_data/pneumoniamnist_normal_2280_filtered/normal_1103.png,/content/drive/MyDrive/MedSymmFlow_Project/fid_analysis/real_normal_1214/real_normal_0069.png,0.9494601488113403
/content/drive/MyDrive/MedSymmFlow_Project/synthetic_data/pneumoniamnist_normal_2280_filtered/normal_0085.png,/content/drive/MyDrive/MedSymmFlow_Project/fid_analysis/real_normal_1214/real_normal_1028.png,0.9494585990905762
/content/drive/MyDrive/MedSymmFlow_Project/synthetic_data/pneumoniamnist_normal_2280_filtered/normal_1544.png,/content/drive/MyDrive/MedSymmFlow_Project/fid_analysis/real_normal_1214/real_normal_0837.png,0.9494163393974304
/content/drive/MyDrive/MedSymmFlow_Project/synthetic_data/pneumoniamnist_normal_2280_filtered/normal_0106.png,/content/drive/MyDrive/MedSymmFlow_Project/fid_analysis/real_normal_1214/real_normal_0017.png,0.9494161605834961
/content/drive/MyDrive/MedSymmFlow_Project/synthetic_data/pneumoniamnist_normal_2280_filtered/normal_0027.png,/content/drive/MyDrive/MedSymmFlow_Project/fid_analysis/real_normal_1214/real_normal_0389.png,0.9494068622589111
/content/drive/MyDrive/MedSymmFlow_Project/synthetic_data/pneumoniamnist_normal_2280_filtered/normal_1987.png,/content/drive/MyDrive/MedSymmFlow_Project/fid_analysis/real_normal_1214/real_normal_0052.png,0.9494054317474365
/content/drive/MyDrive/MedSymmFlow_Project/synthetic_data/pneumoniamnist_normal_2280_filtered/normal_1318.png,/content/drive/MyDrive/MedSymmFlow_Project/fid_analysis/real_normal_1214/real_normal_0161.png,0.949398934841156
/content/drive/MyDrive/MedSymmFlow_Project/synthetic_data/pneumoniamnist_normal_2280_filtered/normal_1827.png,/content/drive/MyDrive/MedSymmFlow_Project/fid_analysis/real_normal_1214/real_normal_0156.png,0.9493756890296936
/content/drive/MyDrive/MedSymmFlow_Project/synthetic_data/pneumoniamnist_normal_2280_filtered/normal_2216.png,/content/drive/MyDrive/MedSymmFlow_Project/fid_analysis/real_normal_1214/real_normal_0952.png,0.9493682384490967
/content/drive/MyDrive/MedSymmFlow_Project/synthetic_data/pneumoniamnist_normal_2280_filtered/normal_0112.png,/content/drive/MyDrive/MedSymmFlow_Project/fid_analysis/real_normal_1214/real_normal_0017.png,0.9493663311004639
/content/drive/MyDrive/MedSymmFlow_Project/synthetic_data/pneumoniamnist_normal_2280_filtered/normal_1948.png,/content/drive/MyDrive/MedSymmFlow_Project/fid_analysis/real_normal_1214/real_normal_0321.png,0.9493354558944702
/content/drive/MyDrive/MedSymmFlow_Project/synthetic_data/pneumoniamnist_normal_2280_filtered/normal_0373.png,/content/drive/MyDrive/MedSymmFlow_Project/fid_analysis/real_normal_1214/real_normal_0069.png,0.9493268728256226
/content/drive/MyDrive/MedSymmFlow_Project/synthetic_data/pneumoniamnist_normal_2280_filtered/normal_1558.png,/content/drive/MyDrive/MedSymmFlow_Project/fid_analysis/real_normal_1214/real_normal_0834.png,0.9493197202682495
/content/drive/MyDrive/MedSymmFlow_Project/synthetic_data/pneumoniamnist_normal_2280_filtered/normal_1753.png,/content/drive/MyDrive/MedSymmFlow_Project/fid_analysis/real_normal_1214/real_normal_0984.png,0.949317455291748
/content/drive/MyDrive/MedSymmFlow_Project/synthetic_data/pneumoniamnist_normal_2280_filtered/normal_1857.png,/content/drive/MyDrive/MedSymmFlow_Project/fid_analysis/real_normal_1214/real_normal_1086.png,0.9493122100830078
/content/drive/MyDrive/MedSymmFlow_Project/synthetic_data/pneumoniamnist_normal_2280_filtered/normal_1780.png,/content/drive/MyDrive/MedSymmFlow_Project/fid_analysis/real_normal_1214/real_normal_1028.png,0.9492928981781006
/content/drive/MyDrive/MedSymmFlow_Project/synthetic_data/pneumoniamnist_normal_2280_filtered/normal_0377.png,/content/drive/MyDrive/MedSymmFlow_Project/fid_analysis/real_normal_1214/real_normal_1151.png,0.9492436647415161
/content/drive/MyDrive/MedSymmFlow_Project/synthetic_data/pneumoniamnist_normal_2280_filtered/normal_0842.png,/content/drive/MyDrive/MedSymmFlow_Project/fid_analysis/real_normal_1214/real_normal_0806.png,0.9492257833480835
/content/drive/MyDrive/MedSymmFlow_Project/synthetic_data/pneumoniamnist_normal_2280_filtered/normal_0713.png,/content/drive/MyDrive/MedSymmFlow_Project/fid_analysis/real_normal_1214/real_normal_0017.png,0.9492248296737671
/content/drive/MyDrive/MedSymmFlow_Project/synthetic_data/pneumoniamnist_normal_2280_filtered/normal_0765.png,/content/drive/MyDrive/MedSymmFlow_Project/fid_analysis/real_normal_1214/real_normal_0069.png,0.9492226839065552
/content/drive/MyDrive/MedSymmFlow_Project/synthetic_data/pneumoniamnist_normal_2280_filtered/normal_0382.png,/content/drive/MyDrive/MedSymmFlow_Project/fid_analysis/real_normal_1214/real_normal_0644.png,0.9492138028144836
/content/drive/MyDrive/MedSymmFlow_Project/synthetic_data/pneumoniamnist_normal_2280_filtered/normal_0294.png,/content/drive/MyDrive/MedSymmFlow_Project/fid_analysis/real_normal_1214/real_normal_0075.png,0.9492009878158569
/content/drive/MyDrive/MedSymmFlow_Project/synthetic_data/pneumoniamnist_normal_2280_filtered/normal_0303.png,/content/drive/MyDrive/MedSymmFlow_Project/fid_analysis/real_normal_1214/real_normal_0069.png,0.9491885304450989
/content/drive/MyDrive/MedSymmFlow_Project/synthetic_data/pneumoniamnist_normal_2280_filtered/normal_1403.png,/content/drive/MyDrive/MedSymmFlow_Project/fid_analysis/real_normal_1214/real_normal_0492.png,0.9491502642631531
/content/drive/MyDrive/MedSymmFlow_Project/synthetic_data/pneumoniamnist_normal_2280_filtered/normal_1631.png,/content/drive/MyDrive/MedSymmFlow_Project/fid_analysis/real_normal_1214/real_normal_0834.png,0.9491146802902222
/content/drive/MyDrive/MedSymmFlow_Project/synthetic_data/pneumoniamnist_normal_2280_filtered/normal_0750.png,/content/drive/MyDrive/MedSymmFlow_Project/fid_analysis/real_normal_1214/real_normal_0904.png,0.9491112232208252
/content/drive/MyDrive/MedSymmFlow_Project/synthetic_data/pneumoniamnist_normal_2280_filtered/normal_0768.png,/content/drive/MyDrive/MedSymmFlow_Project/fid_analysis/real_normal_1214/real_normal_1188.png,0.9491064548492432
/content/drive/MyDrive/MedSymmFlow_Project/synthetic_data/pneumoniamnist_normal_2280_filtered/normal_1385.png,/content/drive/MyDrive/MedSymmFlow_Project/fid_analysis/real_normal_1214/real_normal_1079.png,0.9490935802459717
/content/drive/MyDrive/MedSymmFlow_Project/synthetic_data/pneumoniamnist_normal_2280_filtered/normal_1177.png,/content/drive/MyDrive/MedSymmFlow_Project/fid_analysis/real_normal_1214/real_normal_0112.png,0.9490786790847778
/content/drive/MyDrive/MedSymmFlow_Project/synthetic_data/pneumoniamnist_normal_2280_filtered/normal_1530.png,/content/drive/MyDrive/MedSymmFlow_Project/fid_analysis/real_normal_1214/real_normal_0017.png,0.9490786194801331
/content/drive/MyDrive/MedSymmFlow_Project/synthetic_data/pneumoniamnist_normal_2280_filtered/normal_1899.png,/content/drive/MyDrive/MedSymmFlow_Project/fid_analysis/real_normal_1214/real_normal_1086.png,0.9490785002708435
/content/drive/MyDrive/MedSymmFlow_Project/synthetic_data/pneumoniamnist_normal_2280_filtered/normal_1545.png,/content/drive/MyDrive/MedSymmFlow_Project/fid_analysis/real_normal_1214/real_normal_0590.png,0.9490560293197632
/content/drive/MyDrive/MedSymmFlow_Project/synthetic_data/pneumoniamnist_normal_2280_filtered/normal_0678.png,/content/drive/MyDrive/MedSymmFlow_Project/fid_analysis/real_normal_1214/real_normal_0175.png,0.9490373134613037
/content/drive/MyDrive/MedSymmFlow_Project/synthetic_data/pneumoniamnist_normal_2280_filtered/normal_1820.png,/content/drive/MyDrive/MedSymmFlow_Project/fid_analysis/real_normal_1214/real_normal_0418.png,0.9490261673927307
/content/drive/MyDrive/MedSymmFlow_Project/synthetic_data/pneumoniamnist_normal_2280_filtered/normal_1214.png,/content/drive/MyDrive/MedSymmFlow_Project/fid_analysis/real_normal_1214/real_normal_0379.png,0.9490223526954651
/content/drive/MyDrive/MedSymmFlow_Project/synthetic_data/pneumoniamnist_normal_2280_filtered/normal_1426.png,/content/drive/MyDrive/MedSymmFlow_Project/fid_analysis/real_normal_1214/real_normal_0130.png,0.9490192532539368
/content/drive/MyDrive/MedSymmFlow_Project/synthetic_data/pneumoniamnist_normal_2280_filtered/normal_2101.png,/content/drive/MyDrive/MedSymmFlow_Project/fid_analysis/real_normal_1214/real_normal_0492.png,0.9490099549293518
/content/drive/MyDrive/MedSymmFlow_Project/synthetic_data/pneumoniamnist_normal_2280_filtered/normal_0552.png,/content/drive/MyDrive/MedSymmFlow_Project/fid_analysis/real_normal_1214/real_normal_1151.png,0.9489885568618774
/content/drive/MyDrive/MedSymmFlow_Project/synthetic_data/pneumoniamnist_normal_2280_filtered/normal_1465.png,/content/drive/MyDrive/MedSymmFlow_Project/fid_analysis/real_normal_1214/real_normal_0492.png,0.9489843249320984
/content/drive/MyDrive/MedSymmFlow_Project/synthetic_data/pneumoniamnist_normal_2280_filtered/normal_0154.png,/content/drive/MyDrive/MedSymmFlow_Project/fid_analysis/real_normal_1214/real_normal_0056.png,0.9489805698394775
/content/drive/MyDrive/MedSymmFlow_Project/synthetic_data/pneumoniamnist_normal_2280_filtered/normal_1653.png,/content/drive/MyDrive/MedSymmFlow_Project/fid_analysis/real_normal_1214/real_normal_1086.png,0.9489668607711792
/content/drive/MyDrive/MedSymmFlow_Project/synthetic_data/pneumoniamnist_normal_2280_filtered/normal_2192.png,/content/drive/MyDrive/MedSymmFlow_Project/fid_analysis/real_normal_1214/real_normal_0336.png,0.9489638209342957
/content/drive/MyDrive/MedSymmFlow_Project/synthetic_data/pneumoniamnist_normal_2280_filtered/normal_1283.png,/content/drive/MyDrive/MedSymmFlow_Project/fid_analysis/real_normal_1214/real_normal_0824.png,0.9489636421203613
/content/drive/MyDrive/MedSymmFlow_Project/synthetic_data/pneumoniamnist_normal_2280_filtered/normal_1187.png,/content/drive/MyDrive/MedSymmFlow_Project/fid_analysis/real_normal_1214/real_normal_0017.png,0.9489607810974121
/content/drive/MyDrive/MedSymmFlow_Project/synthetic_data/pneumoniamnist_normal_2280_filtered/normal_1551.png,/content/drive/MyDrive/MedSymmFlow_Project/fid_analysis/real_normal_1214/real_normal_0552.png,0.9489601850509644
/content/drive/MyDrive/MedSymmFlow_Project/synthetic_data/pneumoniamnist_normal_2280_filtered/normal_2015.png,/content/drive/MyDrive/MedSymmFlow_Project/fid_analysis/real_normal_1214/real_normal_0644.png,0.9489470720291138
/content/drive/MyDrive/MedSymmFlow_Project/synthetic_data/pneumoniamnist_normal_2280_filtered/normal_1388.png,/content/drive/MyDrive/MedSymmFlow_Project/fid_analysis/real_normal_1214/real_normal_0763.png,0.9489409327507019
/content/drive/MyDrive/MedSymmFlow_Project/synthetic_data/pneumoniamnist_normal_2280_filtered/normal_2242.png,/content/drive/MyDrive/MedSymmFlow_Project/fid_analysis/real_normal_1214/real_normal_1057.png,0.9489393830299377
/content/drive/MyDrive/MedSymmFlow_Project/synthetic_data/pneumoniamnist_normal_2280_filtered/normal_1724.png,/content/drive/MyDrive/MedSymmFlow_Project/fid_analysis/real_normal_1214/real_normal_0984.png,0.9489381313323975
/content/drive/MyDrive/MedSymmFlow_Project/synthetic_data/pneumoniamnist_normal_2280_filtered/normal_1461.png,/content/drive/MyDrive/MedSymmFlow_Project/fid_analysis/real_normal_1214/real_normal_0969.png,0.9489327669143677
/content/drive/MyDrive/MedSymmFlow_Project/synthetic_data/pneumoniamnist_normal_2280_filtered/normal_1157.png,/content/drive/MyDrive/MedSymmFlow_Project/fid_analysis/real_normal_1214/real_normal_0865.png,0.9489281177520752
/content/drive/MyDrive/MedSymmFlow_Project/synthetic_data/pneumoniamnist_normal_2280_filtered/normal_0826.png,/content/drive/MyDrive/MedSymmFlow_Project/fid_analysis/real_normal_1214/real_normal_0654.png,0.9489268064498901
/content/drive/MyDrive/MedSymmFlow_Project/synthetic_data/pneumoniamnist_normal_2280_filtered/normal_1769.png,/content/drive/MyDrive/MedSymmFlow_Project/fid_analysis/real_normal_1214/real_normal_0552.png,0.9489220976829529
/content/drive/MyDrive/MedSymmFlow_Project/synthetic_data/pneumoniamnist_normal_2280_filtered/normal_1371.png,/content/drive/MyDrive/MedSymmFlow_Project/fid_analysis/real_normal_1214/real_normal_0492.png,0.9488961696624756
/content/drive/MyDrive/MedSymmFlow_Project/synthetic_data/pneumoniamnist_normal_2280_filtered/normal_0542.png,/content/drive/MyDrive/MedSymmFlow_Project/fid_analysis/real_normal_1214/real_normal_0017.png,0.9488844871520996
/content/drive/MyDrive/MedSymmFlow_Project/synthetic_data/pneumoniamnist_normal_2280_filtered/normal_1891.png,/content/drive/MyDrive/MedSymmFlow_Project/fid_analysis/real_normal_1214/real_normal_0315.png,0.9488699436187744
/content/drive/MyDrive/MedSymmFlow_Project/synthetic_data/pneumoniamnist_normal_2280_filtered/normal_0205.png,/content/drive/MyDrive/MedSymmFlow_Project/fid_analysis/real_normal_1214/real_normal_0133.png,0.9488296508789062
/content/drive/MyDrive/MedSymmFlow_Project/synthetic_data/pneumoniamnist_normal_2280_filtered/normal_1316.png,/content/drive/MyDrive/MedSymmFlow_Project/fid_analysis/real_normal_1214/real_normal_1188.png,0.9488251209259033
/content/drive/MyDrive/MedSymmFlow_Project/synthetic_data/pneumoniamnist_normal_2280_filtered/normal_0822.png,/content/drive/MyDrive/MedSymmFlow_Project/fid_analysis/real_normal_1214/real_normal_0214.png,0.9488205909729004
/content/drive/MyDrive/MedSymmFlow_Project/synthetic_data/pneumoniamnist_normal_2280_filtered/normal_2043.png,/content/drive/MyDrive/MedSymmFlow_Project/fid_analysis/real_normal_1214/real_normal_0592.png,0.9488065242767334
/content/drive/MyDrive/MedSymmFlow_Project/synthetic_data/pneumoniamnist_normal_2280_filtered/normal_1073.png,/content/drive/MyDrive/MedSymmFlow_Project/fid_analysis/real_normal_1214/real_normal_0390.png,0.9487947225570679
/content/drive/MyDrive/MedSymmFlow_Project/synthetic_data/pneumoniamnist_normal_2280_filtered/normal_1215.png,/content/drive/MyDrive/MedSymmFlow_Project/fid_analysis/real_normal_1214/real_normal_0685.png,0.9487893581390381
/content/drive/MyDrive/MedSymmFlow_Project/synthetic_data/pneumoniamnist_normal_2280_filtered/normal_1733.png,/content/drive/MyDrive/MedSymmFlow_Project/fid_analysis/real_normal_1214/real_normal_0718.png,0.9487776756286621
/content/drive/MyDrive/MedSymmFlow_Project/synthetic_data/pneumoniamnist_normal_2280_filtered/normal_1161.png,/content/drive/MyDrive/MedSymmFlow_Project/fid_analysis/real_normal_1214/real_normal_0800.png,0.9487751722335815
/content/drive/MyDrive/MedSymmFlow_Project/synthetic_data/pneumoniamnist_normal_2280_filtered/normal_0282.png,/content/drive/MyDrive/MedSymmFlow_Project/fid_analysis/real_normal_1214/real_normal_0041.png,0.9487677812576294
/content/drive/MyDrive/MedSymmFlow_Project/synthetic_data/pneumoniamnist_normal_2280_filtered/normal_0214.png,/content/drive/MyDrive/MedSymmFlow_Project/fid_analysis/real_normal_1214/real_normal_1028.png,0.9487590193748474
/content/drive/MyDrive/MedSymmFlow_Project/synthetic_data/pneumoniamnist_normal_2280_filtered/normal_0745.png,/content/drive/MyDrive/MedSymmFlow_Project/fid_analysis/real_normal_1214/real_normal_0552.png,0.9487329721450806
/content/drive/MyDrive/MedSymmFlow_Project/synthetic_data/pneumoniamnist_normal_2280_filtered/normal_1511.png,/content/drive/MyDrive/MedSymmFlow_Project/fid_analysis/real_normal_1214/real_normal_0501.png,0.9487197995185852
/content/drive/MyDrive/MedSymmFlow_Project/synthetic_data/pneumoniamnist_normal_2280_filtered/normal_1523.png,/content/drive/MyDrive/MedSymmFlow_Project/fid_analysis/real_normal_1214/real_normal_1087.png,0.9487181901931763
/content/drive/MyDrive/MedSymmFlow_Project/synthetic_data/pneumoniamnist_normal_2280_filtered/normal_0246.png,/content/drive/MyDrive/MedSymmFlow_Project/fid_analysis/real_normal_1214/real_normal_0368.png,0.9487171173095703
/content/drive/MyDrive/MedSymmFlow_Project/synthetic_data/pneumoniamnist_normal_2280_filtered/normal_0087.png,/content/drive/MyDrive/MedSymmFlow_Project/fid_analysis/real_normal_1214/real_normal_0968.png,0.9487160444259644
/content/drive/MyDrive/MedSymmFlow_Project/synthetic_data/pneumoniamnist_normal_2280_filtered/normal_2022.png,/content/drive/MyDrive/MedSymmFlow_Project/fid_analysis/real_normal_1214/real_normal_1086.png,0.9487075805664062
/content/drive/MyDrive/MedSymmFlow_Project/synthetic_data/pneumoniamnist_normal_2280_filtered/normal_1764.png,/content/drive/MyDrive/MedSymmFlow_Project/fid_analysis/real_normal_1214/real_normal_0644.png,0.9486889839172363
/content/drive/MyDrive/MedSymmFlow_Project/synthetic_data/pneumoniamnist_normal_2280_filtered/normal_0921.png,/content/drive/MyDrive/MedSymmFlow_Project/fid_analysis/real_normal_1214/real_normal_0731.png,0.948686957359314
/content/drive/MyDrive/MedSymmFlow_Project/synthetic_data/pneumoniamnist_normal_2280_filtered/normal_2205.png,/content/drive/MyDrive/MedSymmFlow_Project/fid_analysis/real_normal_1214/real_normal_0337.png,0.9486680030822754
/content/drive/MyDrive/MedSymmFlow_Project/synthetic_data/pneumoniamnist_normal_2280_filtered/normal_0948.png,/content/drive/MyDrive/MedSymmFlow_Project/fid_analysis/real_normal_1214/real_normal_1087.png,0.9486436247825623
/content/drive/MyDrive/MedSymmFlow_Project/synthetic_data/pneumoniamnist_normal_2280_filtered/normal_1064.png,/content/drive/MyDrive/MedSymmFlow_Project/fid_analysis/real_normal_1214/real_normal_0824.png,0.9486265182495117
/content/drive/MyDrive/MedSymmFlow_Project/synthetic_data/pneumoniamnist_normal_2280_filtered/normal_1513.png,/content/drive/MyDrive/MedSymmFlow_Project/fid_analysis/real_normal_1214/real_normal_0539.png,0.9486194849014282
/content/drive/MyDrive/MedSymmFlow_Project/synthetic_data/pneumoniamnist_normal_2280_filtered/normal_0304.png,/content/drive/MyDrive/MedSymmFlow_Project/fid_analysis/real_normal_1214/real_normal_0413.png,0.9486137628555298
/content/drive/MyDrive/MedSymmFlow_Project/synthetic_data/pneumoniamnist_normal_2280_filtered/normal_0931.png,/content/drive/MyDrive/MedSymmFlow_Project/fid_analysis/real_normal_1214/real_normal_0204.png,0.948603630065918
/content/drive/MyDrive/MedSymmFlow_Project/synthetic_data/pneumoniamnist_normal_2280_filtered/normal_2003.png,/content/drive/MyDrive/MedSymmFlow_Project/fid_analysis/real_normal_1214/real_normal_0164.png,0.9486014246940613
/content/drive/MyDrive/MedSymmFlow_Project/synthetic_data/pneumoniamnist_normal_2280_filtered/normal_0327.png,/content/drive/MyDrive/MedSymmFlow_Project/fid_analysis/real_normal_1214/real_normal_0552.png,0.9485977292060852
/content/drive/MyDrive/MedSymmFlow_Project/synthetic_data/pneumoniamnist_normal_2280_filtered/normal_1405.png,/content/drive/MyDrive/MedSymmFlow_Project/fid_analysis/real_normal_1214/real_normal_0069.png,0.9485872983932495
/content/drive/MyDrive/MedSymmFlow_Project/synthetic_data/pneumoniamnist_normal_2280_filtered/normal_1113.png,/content/drive/MyDrive/MedSymmFlow_Project/fid_analysis/real_normal_1214/real_normal_0552.png,0.9485855102539062
/content/drive/MyDrive/MedSymmFlow_Project/synthetic_data/pneumoniamnist_normal_2280_filtered/normal_1881.png,/content/drive/MyDrive/MedSymmFlow_Project/fid_analysis/real_normal_1214/real_normal_0427.png,0.9485812187194824
/content/drive/MyDrive/MedSymmFlow_Project/synthetic_data/pneumoniamnist_normal_2280_filtered/normal_2136.png,/content/drive/MyDrive/MedSymmFlow_Project/fid_analysis/real_normal_1214/real_normal_0829.png,0.9485514163970947
/content/drive/MyDrive/MedSymmFlow_Project/synthetic_data/pneumoniamnist_normal_2280_filtered/normal_1237.png,/content/drive/MyDrive/MedSymmFlow_Project/fid_analysis/real_normal_1214/real_normal_0485.png,0.948540449142456
/content/drive/MyDrive/MedSymmFlow_Project/synthetic_data/pneumoniamnist_normal_2280_filtered/normal_1871.png,/content/drive/MyDrive/MedSymmFlow_Project/fid_analysis/real_normal_1214/real_normal_0194.png,0.9485348463058472
/content/drive/MyDrive/MedSymmFlow_Project/synthetic_data/pneumoniamnist_normal_2280_filtered/normal_1211.png,/content/drive/MyDrive/MedSymmFlow_Project/fid_analysis/real_normal_1214/real_normal_0427.png,0.9485337734222412
/content/drive/MyDrive/MedSymmFlow_Project/synthetic_data/pneumoniamnist_normal_2280_filtered/normal_1409.png,/content/drive/MyDrive/MedSymmFlow_Project/fid_analysis/real_normal_1214/real_normal_1086.png,0.9485325813293457
/content/drive/MyDrive/MedSymmFlow_Project/synthetic_data/pneumoniamnist_normal_2280_filtered/normal_2034.png,/content/drive/MyDrive/MedSymmFlow_Project/fid_analysis/real_normal_1214/real_normal_0194.png,0.9484825134277344
/content/drive/MyDrive/MedSymmFlow_Project/synthetic_data/pneumoniamnist_normal_2280_filtered/normal_1681.png,/content/drive/MyDrive/MedSymmFlow_Project/fid_analysis/real_normal_1214/real_normal_0969.png,0.9484817981719971
/content/drive/MyDrive/MedSymmFlow_Project/synthetic_data/pneumoniamnist_normal_2280_filtered/normal_0506.png,/content/drive/MyDrive/MedSymmFlow_Project/fid_analysis/real_normal_1214/real_normal_0225.png,0.9484713673591614
/content/drive/MyDrive/MedSymmFlow_Project/synthetic_data/pneumoniamnist_normal_2280_filtered/normal_0582.png,/content/drive/MyDrive/MedSymmFlow_Project/fid_analysis/real_normal_1214/real_normal_0824.png,0.9484560489654541
/content/drive/MyDrive/MedSymmFlow_Project/synthetic_data/pneumoniamnist_normal_2280_filtered/normal_1682.png,/content/drive/MyDrive/MedSymmFlow_Project/fid_analysis/real_normal_1214/real_normal_0021.png,0.9483914375305176
/content/drive/MyDrive/MedSymmFlow_Project/synthetic_data/pneumoniamnist_normal_2280_filtered/normal_0253.png,/content/drive/MyDrive/MedSymmFlow_Project/fid_analysis/real_normal_1214/real_normal_0834.png,0.9483858346939087
/content/drive/MyDrive/MedSymmFlow_Project/synthetic_data/pneumoniamnist_normal_2280_filtered/normal_0347.png,/content/drive/MyDrive/MedSymmFlow_Project/fid_analysis/real_normal_1214/real_normal_0041.png,0.9483530521392822
/content/drive/MyDrive/MedSymmFlow_Project/synthetic_data/pneumoniamnist_normal_2280_filtered/normal_1575.png,/content/drive/MyDrive/MedSymmFlow_Project/fid_analysis/real_normal_1214/real_normal_0194.png,0.9483462572097778
/content/drive/MyDrive/MedSymmFlow_Project/synthetic_data/pneumoniamnist_normal_2280_filtered/normal_1410.png,/content/drive/MyDrive/MedSymmFlow_Project/fid_analysis/real_normal_1214/real_normal_0185.png,0.948340892791748
/content/drive/MyDrive/MedSymmFlow_Project/synthetic_data/pneumoniamnist_normal_2280_filtered/normal_1053.png,/content/drive/MyDrive/MedSymmFlow_Project/fid_analysis/real_normal_1214/real_normal_1116.png,0.9483321309089661
/content/drive/MyDrive/MedSymmFlow_Project/synthetic_data/pneumoniamnist_normal_2280_filtered/normal_0566.png,/content/drive/MyDrive/MedSymmFlow_Project/fid_analysis/real_normal_1214/real_normal_0571.png,0.9483301043510437
/content/drive/MyDrive/MedSymmFlow_Project/synthetic_data/pneumoniamnist_normal_2280_filtered/normal_1559.png,/content/drive/MyDrive/MedSymmFlow_Project/fid_analysis/real_normal_1214/real_normal_0492.png,0.9483294486999512
/content/drive/MyDrive/MedSymmFlow_Project/synthetic_data/pneumoniamnist_normal_2280_filtered/normal_0655.png,/content/drive/MyDrive/MedSymmFlow_Project/fid_analysis/real_normal_1214/real_normal_0355.png,0.9483276605606079
/content/drive/MyDrive/MedSymmFlow_Project/synthetic_data/pneumoniamnist_normal_2280_filtered/normal_0882.png,/content/drive/MyDrive/MedSymmFlow_Project/fid_analysis/real_normal_1214/real_normal_1049.png,0.9483211040496826
/content/drive/MyDrive/MedSymmFlow_Project/synthetic_data/pneumoniamnist_normal_2280_filtered/normal_2200.png,/content/drive/MyDrive/MedSymmFlow_Project/fid_analysis/real_normal_1214/real_normal_0389.png,0.9483073949813843
/content/drive/MyDrive/MedSymmFlow_Project/synthetic_data/pneumoniamnist_normal_2280_filtered/normal_1341.png,/content/drive/MyDrive/MedSymmFlow_Project/fid_analysis/real_normal_1214/real_normal_0116.png,0.9482946991920471
/content/drive/MyDrive/MedSymmFlow_Project/synthetic_data/pneumoniamnist_normal_2280_filtered/normal_0034.png,/content/drive/MyDrive/MedSymmFlow_Project/fid_analysis/real_normal_1214/real_normal_0804.png,0.9482940435409546
/content/drive/MyDrive/MedSymmFlow_Project/synthetic_data/pneumoniamnist_normal_2280_filtered/normal_1647.png,/content/drive/MyDrive/MedSymmFlow_Project/fid_analysis/real_normal_1214/real_normal_0025.png,0.9482929706573486
/content/drive/MyDrive/MedSymmFlow_Project/synthetic_data/pneumoniamnist_normal_2280_filtered/normal_1849.png,/content/drive/MyDrive/MedSymmFlow_Project/fid_analysis/real_normal_1214/real_normal_0504.png,0.9482821226119995
/content/drive/MyDrive/MedSymmFlow_Project/synthetic_data/pneumoniamnist_normal_2280_filtered/normal_0131.png,/content/drive/MyDrive/MedSymmFlow_Project/fid_analysis/real_normal_1214/real_normal_0336.png,0.9482797384262085
/content/drive/MyDrive/MedSymmFlow_Project/synthetic_data/pneumoniamnist_normal_2280_filtered/normal_2121.png,/content/drive/MyDrive/MedSymmFlow_Project/fid_analysis/real_normal_1214/real_normal_0321.png,0.9482715129852295
/content/drive/MyDrive/MedSymmFlow_Project/synthetic_data/pneumoniamnist_normal_2280_filtered/normal_1789.png,/content/drive/MyDrive/MedSymmFlow_Project/fid_analysis/real_normal_1214/real_normal_0758.png,0.9482678174972534
/content/drive/MyDrive/MedSymmFlow_Project/synthetic_data/pneumoniamnist_normal_2280_filtered/normal_1023.png,/content/drive/MyDrive/MedSymmFlow_Project/fid_analysis/real_normal_1214/real_normal_0685.png,0.9482567310333252
/content/drive/MyDrive/MedSymmFlow_Project/synthetic_data/pneumoniamnist_normal_2280_filtered/normal_0097.png,/content/drive/MyDrive/MedSymmFlow_Project/fid_analysis/real_normal_1214/real_normal_0427.png,0.9482558965682983
/content/drive/MyDrive/MedSymmFlow_Project/synthetic_data/pneumoniamnist_normal_2280_filtered/normal_1890.png,/content/drive/MyDrive/MedSymmFlow_Project/fid_analysis/real_normal_1214/real_normal_0315.png,0.9482329487800598
/content/drive/MyDrive/MedSymmFlow_Project/synthetic_data/pneumoniamnist_normal_2280_filtered/normal_1645.png,/content/drive/MyDrive/MedSymmFlow_Project/fid_analysis/real_normal_1214/real_normal_0089.png,0.948225200176239
/content/drive/MyDrive/MedSymmFlow_Project/synthetic_data/pneumoniamnist_normal_2280_filtered/normal_0840.png,/content/drive/MyDrive/MedSymmFlow_Project/fid_analysis/real_normal_1214/real_normal_0069.png,0.9482203722000122
/content/drive/MyDrive/MedSymmFlow_Project/synthetic_data/pneumoniamnist_normal_2280_filtered/normal_1709.png,/content/drive/MyDrive/MedSymmFlow_Project/fid_analysis/real_normal_1214/real_normal_0721.png,0.9482203125953674
/content/drive/MyDrive/MedSymmFlow_Project/synthetic_data/pneumoniamnist_normal_2280_filtered/normal_1147.png,/content/drive/MyDrive/MedSymmFlow_Project/fid_analysis/real_normal_1214/real_normal_0731.png,0.9482002854347229
/content/drive/MyDrive/MedSymmFlow_Project/synthetic_data/pneumoniamnist_normal_2280_filtered/normal_2270.png,/content/drive/MyDrive/MedSymmFlow_Project/fid_analysis/real_normal_1214/real_normal_1086.png,0.9481858015060425
/content/drive/MyDrive/MedSymmFlow_Project/synthetic_data/pneumoniamnist_normal_2280_filtered/normal_1646.png,/content/drive/MyDrive/MedSymmFlow_Project/fid_analysis/real_normal_1214/real_normal_0069.png,0.9481823444366455
/content/drive/MyDrive/MedSymmFlow_Project/synthetic_data/pneumoniamnist_normal_2280_filtered/normal_0145.png,/content/drive/MyDrive/MedSymmFlow_Project/fid_analysis/real_normal_1214/real_normal_0114.png,0.9481682777404785
/content/drive/MyDrive/MedSymmFlow_Project/synthetic_data/pneumoniamnist_normal_2280_filtered/normal_0101.png,/content/drive/MyDrive/MedSymmFlow_Project/fid_analysis/real_normal_1214/real_normal_1176.png,0.94815993309021
/content/drive/MyDrive/MedSymmFlow_Project/synthetic_data/pneumoniamnist_normal_2280_filtered/normal_0802.png,/content/drive/MyDrive/MedSymmFlow_Project/fid_analysis/real_normal_1214/real_normal_0649.png,0.9481526613235474
/content/drive/MyDrive/MedSymmFlow_Project/synthetic_data/pneumoniamnist_normal_2280_filtered/normal_2203.png,/content/drive/MyDrive/MedSymmFlow_Project/fid_analysis/real_normal_1214/real_normal_0492.png,0.9481408596038818
/content/drive/MyDrive/MedSymmFlow_Project/synthetic_data/pneumoniamnist_normal_2280_filtered/normal_2178.png,/content/drive/MyDrive/MedSymmFlow_Project/fid_analysis/real_normal_1214/real_normal_0552.png,0.9481367468833923
/content/drive/MyDrive/MedSymmFlow_Project/synthetic_data/pneumoniamnist_normal_2280_filtered/normal_1832.png,/content/drive/MyDrive/MedSymmFlow_Project/fid_analysis/real_normal_1214/real_normal_0829.png,0.9481339454650879
/content/drive/MyDrive/MedSymmFlow_Project/synthetic_data/pneumoniamnist_normal_2280_filtered/normal_1032.png,/content/drive/MyDrive/MedSymmFlow_Project/fid_analysis/real_normal_1214/real_normal_0413.png,0.9481314420700073
/content/drive/MyDrive/MedSymmFlow_Project/synthetic_data/pneumoniamnist_normal_2280_filtered/normal_1949.png,/content/drive/MyDrive/MedSymmFlow_Project/fid_analysis/real_normal_1214/real_normal_0659.png,0.9481101036071777
/content/drive/MyDrive/MedSymmFlow_Project/synthetic_data/pneumoniamnist_normal_2280_filtered/normal_1609.png,/content/drive/MyDrive/MedSymmFlow_Project/fid_analysis/real_normal_1214/real_normal_0552.png,0.9480972290039062
/content/drive/MyDrive/MedSymmFlow_Project/synthetic_data/pneumoniamnist_normal_2280_filtered/normal_2228.png,/content/drive/MyDrive/MedSymmFlow_Project/fid_analysis/real_normal_1214/real_normal_0599.png,0.9480966925621033
/content/drive/MyDrive/MedSymmFlow_Project/synthetic_data/pneumoniamnist_normal_2280_filtered/normal_0903.png,/content/drive/MyDrive/MedSymmFlow_Project/fid_analysis/real_normal_1214/real_normal_0427.png,0.9480884075164795
/content/drive/MyDrive/MedSymmFlow_Project/synthetic_data/pneumoniamnist_normal_2280_filtered/normal_0420.png,/content/drive/MyDrive/MedSymmFlow_Project/fid_analysis/real_normal_1214/real_normal_0017.png,0.9480738639831543
/content/drive/MyDrive/MedSymmFlow_Project/synthetic_data/pneumoniamnist_normal_2280_filtered/normal_1382.png,/content/drive/MyDrive/MedSymmFlow_Project/fid_analysis/real_normal_1214/real_normal_0834.png,0.9480677843093872
/content/drive/MyDrive/MedSymmFlow_Project/synthetic_data/pneumoniamnist_normal_2280_filtered/normal_1657.png,/content/drive/MyDrive/MedSymmFlow_Project/fid_analysis/real_normal_1214/real_normal_0824.png,0.9480669498443604
/content/drive/MyDrive/MedSymmFlow_Project/synthetic_data/pneumoniamnist_normal_2280_filtered/normal_1424.png,/content/drive/MyDrive/MedSymmFlow_Project/fid_analysis/real_normal_1214/real_normal_0159.png,0.9480503797531128
/content/drive/MyDrive/MedSymmFlow_Project/synthetic_data/pneumoniamnist_normal_2280_filtered/normal_1512.png,/content/drive/MyDrive/MedSymmFlow_Project/fid_analysis/real_normal_1214/real_normal_0069.png,0.9480500221252441
/content/drive/MyDrive/MedSymmFlow_Project/synthetic_data/pneumoniamnist_normal_2280_filtered/normal_1413.png,/content/drive/MyDrive/MedSymmFlow_Project/fid_analysis/real_normal_1214/real_normal_0303.png,0.9480454921722412
/content/drive/MyDrive/MedSymmFlow_Project/synthetic_data/pneumoniamnist_normal_2280_filtered/normal_1120.png,/content/drive/MyDrive/MedSymmFlow_Project/fid_analysis/real_normal_1214/real_normal_0875.png,0.9480246901512146
/content/drive/MyDrive/MedSymmFlow_Project/synthetic_data/pneumoniamnist_normal_2280_filtered/normal_0212.png,/content/drive/MyDrive/MedSymmFlow_Project/fid_analysis/real_normal_1214/real_normal_0017.png,0.9480102062225342
/content/drive/MyDrive/MedSymmFlow_Project/synthetic_data/pneumoniamnist_normal_2280_filtered/normal_2115.png,/content/drive/MyDrive/MedSymmFlow_Project/fid_analysis/real_normal_1214/real_normal_0274.png,0.9480034112930298
/content/drive/MyDrive/MedSymmFlow_Project/synthetic_data/pneumoniamnist_normal_2280_filtered/normal_2114.png,/content/drive/MyDrive/MedSymmFlow_Project/fid_analysis/real_normal_1214/real_normal_0722.png,0.947982907295227
/content/drive/MyDrive/MedSymmFlow_Project/synthetic_data/pneumoniamnist_normal_2280_filtered/normal_1470.png,/content/drive/MyDrive/MedSymmFlow_Project/fid_analysis/real_normal_1214/real_normal_0824.png,0.9479650259017944
/content/drive/MyDrive/MedSymmFlow_Project/synthetic_data/pneumoniamnist_normal_2280_filtered/normal_1428.png,/content/drive/MyDrive/MedSymmFlow_Project/fid_analysis/real_normal_1214/real_normal_0492.png,0.9479632377624512
/content/drive/MyDrive/MedSymmFlow_Project/synthetic_data/pneumoniamnist_normal_2280_filtered/normal_0170.png,/content/drive/MyDrive/MedSymmFlow_Project/fid_analysis/real_normal_1214/real_normal_0672.png,0.9479527473449707
/content/drive/MyDrive/MedSymmFlow_Project/synthetic_data/pneumoniamnist_normal_2280_filtered/normal_2050.png,/content/drive/MyDrive/MedSymmFlow_Project/fid_analysis/real_normal_1214/real_normal_1022.png,0.9479479789733887
/content/drive/MyDrive/MedSymmFlow_Project/synthetic_data/pneumoniamnist_normal_2280_filtered/normal_1806.png,/content/drive/MyDrive/MedSymmFlow_Project/fid_analysis/real_normal_1214/real_normal_0418.png,0.9479475021362305
/content/drive/MyDrive/MedSymmFlow_Project/synthetic_data/pneumoniamnist_normal_2280_filtered/normal_0555.png,/content/drive/MyDrive/MedSymmFlow_Project/fid_analysis/real_normal_1214/real_normal_0809.png,0.9479418992996216
/content/drive/MyDrive/MedSymmFlow_Project/synthetic_data/pneumoniamnist_normal_2280_filtered/normal_1173.png,/content/drive/MyDrive/MedSymmFlow_Project/fid_analysis/real_normal_1214/real_normal_0829.png,0.9479380249977112
/content/drive/MyDrive/MedSymmFlow_Project/synthetic_data/pneumoniamnist_normal_2280_filtered/normal_0591.png,/content/drive/MyDrive/MedSymmFlow_Project/fid_analysis/real_normal_1214/real_normal_0552.png,0.9479340314865112
/content/drive/MyDrive/MedSymmFlow_Project/synthetic_data/pneumoniamnist_normal_2280_filtered/normal_0674.png,/content/drive/MyDrive/MedSymmFlow_Project/fid_analysis/real_normal_1214/real_normal_0441.png,0.9479293823242188
/content/drive/MyDrive/MedSymmFlow_Project/synthetic_data/pneumoniamnist_normal_2280_filtered/normal_1277.png,/content/drive/MyDrive/MedSymmFlow_Project/fid_analysis/real_normal_1214/real_normal_0969.png,0.9479275941848755
/content/drive/MyDrive/MedSymmFlow_Project/synthetic_data/pneumoniamnist_normal_2280_filtered/normal_1466.png,/content/drive/MyDrive/MedSymmFlow_Project/fid_analysis/real_normal_1214/real_normal_0069.png,0.9479145407676697
/content/drive/MyDrive/MedSymmFlow_Project/synthetic_data/pneumoniamnist_normal_2280_filtered/normal_0737.png,/content/drive/MyDrive/MedSymmFlow_Project/fid_analysis/real_normal_1214/real_normal_0336.png,0.9479055404663086
/content/drive/MyDrive/MedSymmFlow_Project/synthetic_data/pneumoniamnist_normal_2280_filtered/normal_1587.png,/content/drive/MyDrive/MedSymmFlow_Project/fid_analysis/real_normal_1214/real_normal_0824.png,0.9478985667228699
/content/drive/MyDrive/MedSymmFlow_Project/synthetic_data/pneumoniamnist_normal_2280_filtered/normal_2214.png,/content/drive/MyDrive/MedSymmFlow_Project/fid_analysis/real_normal_1214/real_normal_0722.png,0.9478901624679565
/content/drive/MyDrive/MedSymmFlow_Project/synthetic_data/pneumoniamnist_normal_2280_filtered/normal_1263.png,/content/drive/MyDrive/MedSymmFlow_Project/fid_analysis/real_normal_1214/real_normal_0552.png,0.9478815793991089
/content/drive/MyDrive/MedSymmFlow_Project/synthetic_data/pneumoniamnist_normal_2280_filtered/normal_1446.png,/content/drive/MyDrive/MedSymmFlow_Project/fid_analysis/real_normal_1214/real_normal_0644.png,0.9478799104690552
/content/drive/MyDrive/MedSymmFlow_Project/synthetic_data/pneumoniamnist_normal_2280_filtered/normal_0689.png,/content/drive/MyDrive/MedSymmFlow_Project/fid_analysis/real_normal_1214/real_normal_0642.png,0.9478651285171509
/content/drive/MyDrive/MedSymmFlow_Project/synthetic_data/pneumoniamnist_normal_2280_filtered/normal_0763.png,/content/drive/MyDrive/MedSymmFlow_Project/fid_analysis/real_normal_1214/real_normal_1000.png,0.9478510618209839
/content/drive/MyDrive/MedSymmFlow_Project/synthetic_data/pneumoniamnist_normal_2280_filtered/normal_0546.png,/content/drive/MyDrive/MedSymmFlow_Project/fid_analysis/real_normal_1214/real_normal_0448.png,0.9478431940078735
/content/drive/MyDrive/MedSymmFlow_Project/synthetic_data/pneumoniamnist_normal_2280_filtered/normal_0176.png,/content/drive/MyDrive/MedSymmFlow_Project/fid_analysis/real_normal_1214/real_normal_0427.png,0.947839081287384
/content/drive/MyDrive/MedSymmFlow_Project/synthetic_data/pneumoniamnist_normal_2280_filtered/normal_1922.png,/content/drive/MyDrive/MedSymmFlow_Project/fid_analysis/real_normal_1214/real_normal_0952.png,0.9478362798690796
/content/drive/MyDrive/MedSymmFlow_Project/synthetic_data/pneumoniamnist_normal_2280_filtered/normal_0387.png,/content/drive/MyDrive/MedSymmFlow_Project/fid_analysis/real_normal_1214/real_normal_1188.png,0.9478360414505005
/content/drive/MyDrive/MedSymmFlow_Project/synthetic_data/pneumoniamnist_normal_2280_filtered/normal_0631.png,/content/drive/MyDrive/MedSymmFlow_Project/fid_analysis/real_normal_1214/real_normal_0165.png,0.947826623916626
/content/drive/MyDrive/MedSymmFlow_Project/synthetic_data/pneumoniamnist_normal_2280_filtered/normal_0481.png,/content/drive/MyDrive/MedSymmFlow_Project/fid_analysis/real_normal_1214/real_normal_1057.png,0.9478186368942261
/content/drive/MyDrive/MedSymmFlow_Project/synthetic_data/pneumoniamnist_normal_2280_filtered/normal_0694.png,/content/drive/MyDrive/MedSymmFlow_Project/fid_analysis/real_normal_1214/real_normal_0427.png,0.9478163719177246
/content/drive/MyDrive/MedSymmFlow_Project/synthetic_data/pneumoniamnist_normal_2280_filtered/normal_0384.png,/content/drive/MyDrive/MedSymmFlow_Project/fid_analysis/real_normal_1214/real_normal_0824.png,0.947812557220459
/content/drive/MyDrive/MedSymmFlow_Project/synthetic_data/pneumoniamnist_normal_2280_filtered/normal_0632.png,/content/drive/MyDrive/MedSymmFlow_Project/fid_analysis/real_normal_1214/real_normal_0427.png,0.9477958679199219
/content/drive/MyDrive/MedSymmFlow_Project/synthetic_data/pneumoniamnist_normal_2280_filtered/normal_1711.png,/content/drive/MyDrive/MedSymmFlow_Project/fid_analysis/real_normal_1214/real_normal_0834.png,0.9477916359901428
/content/drive/MyDrive/MedSymmFlow_Project/synthetic_data/pneumoniamnist_normal_2280_filtered/normal_0597.png,/content/drive/MyDrive/MedSymmFlow_Project/fid_analysis/real_normal_1214/real_normal_0881.png,0.9477807283401489
/content/drive/MyDrive/MedSymmFlow_Project/synthetic_data/pneumoniamnist_normal_2280_filtered/normal_0923.png,/content/drive/MyDrive/MedSymmFlow_Project/fid_analysis/real_normal_1214/real_normal_0336.png,0.9477723836898804
/content/drive/MyDrive/MedSymmFlow_Project/synthetic_data/pneumoniamnist_normal_2280_filtered/normal_1773.png,/content/drive/MyDrive/MedSymmFlow_Project/fid_analysis/real_normal_1214/real_normal_0402.png,0.9477647542953491
/content/drive/MyDrive/MedSymmFlow_Project/synthetic_data/pneumoniamnist_normal_2280_filtered/normal_0941.png,/content/drive/MyDrive/MedSymmFlow_Project/fid_analysis/real_normal_1214/real_normal_0682.png,0.9477640986442566
/content/drive/MyDrive/MedSymmFlow_Project/synthetic_data/pneumoniamnist_normal_2280_filtered/normal_0534.png,/content/drive/MyDrive/MedSymmFlow_Project/fid_analysis/real_normal_1214/real_normal_1073.png,0.9477556943893433
/content/drive/MyDrive/MedSymmFlow_Project/synthetic_data/pneumoniamnist_normal_2280_filtered/normal_0370.png,/content/drive/MyDrive/MedSymmFlow_Project/fid_analysis/real_normal_1214/real_normal_0968.png,0.9477466344833374
/content/drive/MyDrive/MedSymmFlow_Project/synthetic_data/pneumoniamnist_normal_2280_filtered/normal_0595.png,/content/drive/MyDrive/MedSymmFlow_Project/fid_analysis/real_normal_1214/real_normal_0021.png,0.9477338194847107
/content/drive/MyDrive/MedSymmFlow_Project/synthetic_data/pneumoniamnist_normal_2280_filtered/normal_0758.png,/content/drive/MyDrive/MedSymmFlow_Project/fid_analysis/real_normal_1214/real_normal_0824.png,0.9477261900901794
/content/drive/MyDrive/MedSymmFlow_Project/synthetic_data/pneumoniamnist_normal_2280_filtered/normal_0579.png,/content/drive/MyDrive/MedSymmFlow_Project/fid_analysis/real_normal_1214/real_normal_0469.png,0.9477177858352661
/content/drive/MyDrive/MedSymmFlow_Project/synthetic_data/pneumoniamnist_normal_2280_filtered/normal_1387.png,/content/drive/MyDrive/MedSymmFlow_Project/fid_analysis/real_normal_1214/real_normal_0258.png,0.9477022886276245
/content/drive/MyDrive/MedSymmFlow_Project/synthetic_data/pneumoniamnist_normal_2280_filtered/normal_1280.png,/content/drive/MyDrive/MedSymmFlow_Project/fid_analysis/real_normal_1214/real_normal_0492.png,0.9476929903030396
/content/drive/MyDrive/MedSymmFlow_Project/synthetic_data/pneumoniamnist_normal_2280_filtered/normal_0121.png,/content/drive/MyDrive/MedSymmFlow_Project/fid_analysis/real_normal_1214/real_normal_0413.png,0.9476912617683411
/content/drive/MyDrive/MedSymmFlow_Project/synthetic_data/pneumoniamnist_normal_2280_filtered/normal_1527.png,/content/drive/MyDrive/MedSymmFlow_Project/fid_analysis/real_normal_1214/real_normal_0413.png,0.9476907253265381
/content/drive/MyDrive/MedSymmFlow_Project/synthetic_data/pneumoniamnist_normal_2280_filtered/normal_1893.png,/content/drive/MyDrive/MedSymmFlow_Project/fid_analysis/real_normal_1214/real_normal_0876.png,0.9476892948150635
/content/drive/MyDrive/MedSymmFlow_Project/synthetic_data/pneumoniamnist_normal_2280_filtered/normal_1484.png,/content/drive/MyDrive/MedSymmFlow_Project/fid_analysis/real_normal_1214/real_normal_0194.png,0.9476873874664307
/content/drive/MyDrive/MedSymmFlow_Project/synthetic_data/pneumoniamnist_normal_2280_filtered/normal_0104.png,/content/drive/MyDrive/MedSymmFlow_Project/fid_analysis/real_normal_1214/real_normal_0402.png,0.947675883769989
/content/drive/MyDrive/MedSymmFlow_Project/synthetic_data/pneumoniamnist_normal_2280_filtered/normal_1342.png,/content/drive/MyDrive/MedSymmFlow_Project/fid_analysis/real_normal_1214/real_normal_0315.png,0.9476742744445801
/content/drive/MyDrive/MedSymmFlow_Project/synthetic_data/pneumoniamnist_normal_2280_filtered/normal_0206.png,/content/drive/MyDrive/MedSymmFlow_Project/fid_analysis/real_normal_1214/real_normal_1106.png,0.9476671814918518
/content/drive/MyDrive/MedSymmFlow_Project/synthetic_data/pneumoniamnist_normal_2280_filtered/normal_0963.png,/content/drive/MyDrive/MedSymmFlow_Project/fid_analysis/real_normal_1214/real_normal_0236.png,0.9476652145385742
/content/drive/MyDrive/MedSymmFlow_Project/synthetic_data/pneumoniamnist_normal_2280_filtered/normal_0782.png,/content/drive/MyDrive/MedSymmFlow_Project/fid_analysis/real_normal_1214/real_normal_0075.png,0.9476609230041504
/content/drive/MyDrive/MedSymmFlow_Project/synthetic_data/pneumoniamnist_normal_2280_filtered/normal_0730.png,/content/drive/MyDrive/MedSymmFlow_Project/fid_analysis/real_normal_1214/real_normal_0402.png,0.9476585388183594
/content/drive/MyDrive/MedSymmFlow_Project/synthetic_data/pneumoniamnist_normal_2280_filtered/normal_1199.png,/content/drive/MyDrive/MedSymmFlow_Project/fid_analysis/real_normal_1214/real_normal_0017.png,0.9476279020309448
/content/drive/MyDrive/MedSymmFlow_Project/synthetic_data/pneumoniamnist_normal_2280_filtered/normal_0354.png,/content/drive/MyDrive/MedSymmFlow_Project/fid_analysis/real_normal_1214/real_normal_0809.png,0.9476110339164734
/content/drive/MyDrive/MedSymmFlow_Project/synthetic_data/pneumoniamnist_normal_2280_filtered/normal_0697.png,/content/drive/MyDrive/MedSymmFlow_Project/fid_analysis/real_normal_1214/real_normal_0427.png,0.9475997090339661
/content/drive/MyDrive/MedSymmFlow_Project/synthetic_data/pneumoniamnist_normal_2280_filtered/normal_0601.png,/content/drive/MyDrive/MedSymmFlow_Project/fid_analysis/real_normal_1214/real_normal_1028.png,0.9475867748260498
/content/drive/MyDrive/MedSymmFlow_Project/synthetic_data/pneumoniamnist_normal_2280_filtered/normal_1024.png,/content/drive/MyDrive/MedSymmFlow_Project/fid_analysis/real_normal_1214/real_normal_0238.png,0.9475840330123901
/content/drive/MyDrive/MedSymmFlow_Project/synthetic_data/pneumoniamnist_normal_2280_filtered/normal_1875.png,/content/drive/MyDrive/MedSymmFlow_Project/fid_analysis/real_normal_1214/real_normal_0346.png,0.9475758671760559
/content/drive/MyDrive/MedSymmFlow_Project/synthetic_data/pneumoniamnist_normal_2280_filtered/normal_2002.png,/content/drive/MyDrive/MedSymmFlow_Project/fid_analysis/real_normal_1214/real_normal_0413.png,0.9475754499435425
/content/drive/MyDrive/MedSymmFlow_Project/synthetic_data/pneumoniamnist_normal_2280_filtered/normal_0073.png,/content/drive/MyDrive/MedSymmFlow_Project/fid_analysis/real_normal_1214/real_normal_0900.png,0.9475720524787903
/content/drive/MyDrive/MedSymmFlow_Project/synthetic_data/pneumoniamnist_normal_2280_filtered/normal_1475.png,/content/drive/MyDrive/MedSymmFlow_Project/fid_analysis/real_normal_1214/real_normal_0440.png,0.9475615620613098
/content/drive/MyDrive/MedSymmFlow_Project/synthetic_data/pneumoniamnist_normal_2280_filtered/normal_2211.png,/content/drive/MyDrive/MedSymmFlow_Project/fid_analysis/real_normal_1214/real_normal_0413.png,0.947547197341919
/content/drive/MyDrive/MedSymmFlow_Project/synthetic_data/pneumoniamnist_normal_2280_filtered/normal_2131.png,/content/drive/MyDrive/MedSymmFlow_Project/fid_analysis/real_normal_1214/real_normal_0481.png,0.947541356086731
/content/drive/MyDrive/MedSymmFlow_Project/synthetic_data/pneumoniamnist_normal_2280_filtered/normal_0477.png,/content/drive/MyDrive/MedSymmFlow_Project/fid_analysis/real_normal_1214/real_normal_0634.png,0.947533369064331
/content/drive/MyDrive/MedSymmFlow_Project/synthetic_data/pneumoniamnist_normal_2280_filtered/normal_0692.png,/content/drive/MyDrive/MedSymmFlow_Project/fid_analysis/real_normal_1214/real_normal_0204.png,0.9475153684616089
/content/drive/MyDrive/MedSymmFlow_Project/synthetic_data/pneumoniamnist_normal_2280_filtered/normal_0495.png,/content/drive/MyDrive/MedSymmFlow_Project/fid_analysis/real_normal_1214/real_normal_1028.png,0.9475077390670776
/content/drive/MyDrive/MedSymmFlow_Project/synthetic_data/pneumoniamnist_normal_2280_filtered/normal_0756.png,/content/drive/MyDrive/MedSymmFlow_Project/fid_analysis/real_normal_1214/real_normal_0054.png,0.9475038051605225
/content/drive/MyDrive/MedSymmFlow_Project/synthetic_data/pneumoniamnist_normal_2280_filtered/normal_1257.png,/content/drive/MyDrive/MedSymmFlow_Project/fid_analysis/real_normal_1214/real_normal_0280.png,0.9474917054176331
/content/drive/MyDrive/MedSymmFlow_Project/synthetic_data/pneumoniamnist_normal_2280_filtered/normal_0322.png,/content/drive/MyDrive/MedSymmFlow_Project/fid_analysis/real_normal_1214/real_normal_1116.png,0.9474830627441406
/content/drive/MyDrive/MedSymmFlow_Project/synthetic_data/pneumoniamnist_normal_2280_filtered/normal_1742.png,/content/drive/MyDrive/MedSymmFlow_Project/fid_analysis/real_normal_1214/real_normal_0418.png,0.9474822282791138
/content/drive/MyDrive/MedSymmFlow_Project/synthetic_data/pneumoniamnist_normal_2280_filtered/normal_2238.png,/content/drive/MyDrive/MedSymmFlow_Project/fid_analysis/real_normal_1214/real_normal_0659.png,0.9474753141403198
/content/drive/MyDrive/MedSymmFlow_Project/synthetic_data/pneumoniamnist_normal_2280_filtered/normal_0199.png,/content/drive/MyDrive/MedSymmFlow_Project/fid_analysis/real_normal_1214/real_normal_0336.png,0.9474207758903503
/content/drive/MyDrive/MedSymmFlow_Project/synthetic_data/pneumoniamnist_normal_2280_filtered/normal_2080.png,/content/drive/MyDrive/MedSymmFlow_Project/fid_analysis/real_normal_1214/real_normal_0492.png,0.9474193453788757
/content/drive/MyDrive/MedSymmFlow_Project/synthetic_data/pneumoniamnist_normal_2280_filtered/normal_0313.png,/content/drive/MyDrive/MedSymmFlow_Project/fid_analysis/real_normal_1214/real_normal_0492.png,0.9474101066589355
/content/drive/MyDrive/MedSymmFlow_Project/synthetic_data/pneumoniamnist_normal_2280_filtered/normal_1540.png,/content/drive/MyDrive/MedSymmFlow_Project/fid_analysis/real_normal_1214/real_normal_0083.png,0.9473863840103149
/content/drive/MyDrive/MedSymmFlow_Project/synthetic_data/pneumoniamnist_normal_2280_filtered/normal_1016.png,/content/drive/MyDrive/MedSymmFlow_Project/fid_analysis/real_normal_1214/real_normal_0161.png,0.9473767280578613
/content/drive/MyDrive/MedSymmFlow_Project/synthetic_data/pneumoniamnist_normal_2280_filtered/normal_0125.png,/content/drive/MyDrive/MedSymmFlow_Project/fid_analysis/real_normal_1214/real_normal_0289.png,0.9473737478256226
/content/drive/MyDrive/MedSymmFlow_Project/synthetic_data/pneumoniamnist_normal_2280_filtered/normal_1067.png,/content/drive/MyDrive/MedSymmFlow_Project/fid_analysis/real_normal_1214/real_normal_0289.png,0.9473702907562256
/content/drive/MyDrive/MedSymmFlow_Project/synthetic_data/pneumoniamnist_normal_2280_filtered/normal_0389.png,/content/drive/MyDrive/MedSymmFlow_Project/fid_analysis/real_normal_1214/real_normal_0069.png,0.9473589658737183
/content/drive/MyDrive/MedSymmFlow_Project/synthetic_data/pneumoniamnist_normal_2280_filtered/normal_2035.png,/content/drive/MyDrive/MedSymmFlow_Project/fid_analysis/real_normal_1214/real_normal_0492.png,0.9473578333854675
/content/drive/MyDrive/MedSymmFlow_Project/synthetic_data/pneumoniamnist_normal_2280_filtered/normal_1517.png,/content/drive/MyDrive/MedSymmFlow_Project/fid_analysis/real_normal_1214/real_normal_0821.png,0.947334885597229
/content/drive/MyDrive/MedSymmFlow_Project/synthetic_data/pneumoniamnist_normal_2280_filtered/normal_1978.png,/content/drive/MyDrive/MedSymmFlow_Project/fid_analysis/real_normal_1214/real_normal_0824.png,0.9473174810409546
/content/drive/MyDrive/MedSymmFlow_Project/synthetic_data/pneumoniamnist_normal_2280_filtered/normal_1221.png,/content/drive/MyDrive/MedSymmFlow_Project/fid_analysis/real_normal_1214/real_normal_0963.png,0.9473171830177307
/content/drive/MyDrive/MedSymmFlow_Project/synthetic_data/pneumoniamnist_normal_2280_filtered/normal_0157.png,/content/drive/MyDrive/MedSymmFlow_Project/fid_analysis/real_normal_1214/real_normal_1031.png,0.94731605052948
/content/drive/MyDrive/MedSymmFlow_Project/synthetic_data/pneumoniamnist_normal_2280_filtered/normal_0829.png,/content/drive/MyDrive/MedSymmFlow_Project/fid_analysis/real_normal_1214/real_normal_0855.png,0.9473079442977905
/content/drive/MyDrive/MedSymmFlow_Project/synthetic_data/pneumoniamnist_normal_2280_filtered/normal_1788.png,/content/drive/MyDrive/MedSymmFlow_Project/fid_analysis/real_normal_1214/real_normal_0204.png,0.9473040103912354
/content/drive/MyDrive/MedSymmFlow_Project/synthetic_data/pneumoniamnist_normal_2280_filtered/normal_0522.png,/content/drive/MyDrive/MedSymmFlow_Project/fid_analysis/real_normal_1214/real_normal_0069.png,0.9473000764846802
/content/drive/MyDrive/MedSymmFlow_Project/synthetic_data/pneumoniamnist_normal_2280_filtered/normal_1216.png,/content/drive/MyDrive/MedSymmFlow_Project/fid_analysis/real_normal_1214/real_normal_0619.png,0.9472907781600952
/content/drive/MyDrive/MedSymmFlow_Project/synthetic_data/pneumoniamnist_normal_2280_filtered/normal_2260.png,/content/drive/MyDrive/MedSymmFlow_Project/fid_analysis/real_normal_1214/real_normal_0492.png,0.9472748041152954
/content/drive/MyDrive/MedSymmFlow_Project/synthetic_data/pneumoniamnist_normal_2280_filtered/normal_1162.png,/content/drive/MyDrive/MedSymmFlow_Project/fid_analysis/real_normal_1214/real_normal_0402.png,0.9472715258598328
/content/drive/MyDrive/MedSymmFlow_Project/synthetic_data/pneumoniamnist_normal_2280_filtered/normal_1071.png,/content/drive/MyDrive/MedSymmFlow_Project/fid_analysis/real_normal_1214/real_normal_0236.png,0.9472508430480957
/content/drive/MyDrive/MedSymmFlow_Project/synthetic_data/pneumoniamnist_normal_2280_filtered/normal_2252.png,/content/drive/MyDrive/MedSymmFlow_Project/fid_analysis/real_normal_1214/real_normal_0321.png,0.9472482800483704
/content/drive/MyDrive/MedSymmFlow_Project/synthetic_data/pneumoniamnist_normal_2280_filtered/normal_0050.png,/content/drive/MyDrive/MedSymmFlow_Project/fid_analysis/real_normal_1214/real_normal_0990.png,0.9472396373748779
/content/drive/MyDrive/MedSymmFlow_Project/synthetic_data/pneumoniamnist_normal_2280_filtered/normal_0079.png,/content/drive/MyDrive/MedSymmFlow_Project/fid_analysis/real_normal_1214/real_normal_0322.png,0.9472388029098511
/content/drive/MyDrive/MedSymmFlow_Project/synthetic_data/pneumoniamnist_normal_2280_filtered/normal_1170.png,/content/drive/MyDrive/MedSymmFlow_Project/fid_analysis/real_normal_1214/real_normal_0968.png,0.9472208023071289
/content/drive/MyDrive/MedSymmFlow_Project/synthetic_data/pneumoniamnist_normal_2280_filtered/normal_1533.png,/content/drive/MyDrive/MedSymmFlow_Project/fid_analysis/real_normal_1214/real_normal_0037.png,0.947201132774353
/content/drive/MyDrive/MedSymmFlow_Project/synthetic_data/pneumoniamnist_normal_2280_filtered/normal_1826.png,/content/drive/MyDrive/MedSymmFlow_Project/fid_analysis/real_normal_1214/real_normal_1176.png,0.9472002983093262
/content/drive/MyDrive/MedSymmFlow_Project/synthetic_data/pneumoniamnist_normal_2280_filtered/normal_0250.png,/content/drive/MyDrive/MedSymmFlow_Project/fid_analysis/real_normal_1214/real_normal_0928.png,0.9471967220306396
/content/drive/MyDrive/MedSymmFlow_Project/synthetic_data/pneumoniamnist_normal_2280_filtered/normal_1649.png,/content/drive/MyDrive/MedSymmFlow_Project/fid_analysis/real_normal_1214/real_normal_0413.png,0.9471895694732666
/content/drive/MyDrive/MedSymmFlow_Project/synthetic_data/pneumoniamnist_normal_2280_filtered/normal_1119.png,/content/drive/MyDrive/MedSymmFlow_Project/fid_analysis/real_normal_1214/real_normal_1189.png,0.947186291217804
/content/drive/MyDrive/MedSymmFlow_Project/synthetic_data/pneumoniamnist_normal_2280_filtered/normal_2246.png,/content/drive/MyDrive/MedSymmFlow_Project/fid_analysis/real_normal_1214/real_normal_0225.png,0.9471820592880249
/content/drive/MyDrive/MedSymmFlow_Project/synthetic_data/pneumoniamnist_normal_2280_filtered/normal_1716.png,/content/drive/MyDrive/MedSymmFlow_Project/fid_analysis/real_normal_1214/real_normal_0418.png,0.9471632242202759
/content/drive/MyDrive/MedSymmFlow_Project/synthetic_data/pneumoniamnist_normal_2280_filtered/normal_1366.png,/content/drive/MyDrive/MedSymmFlow_Project/fid_analysis/real_normal_1214/real_normal_1176.png,0.9471572637557983
/content/drive/MyDrive/MedSymmFlow_Project/synthetic_data/pneumoniamnist_normal_2280_filtered/normal_0905.png,/content/drive/MyDrive/MedSymmFlow_Project/fid_analysis/real_normal_1214/real_normal_1194.png,0.9471571445465088
/content/drive/MyDrive/MedSymmFlow_Project/synthetic_data/pneumoniamnist_normal_2280_filtered/normal_1834.png,/content/drive/MyDrive/MedSymmFlow_Project/fid_analysis/real_normal_1214/real_normal_0315.png,0.9471403360366821
/content/drive/MyDrive/MedSymmFlow_Project/synthetic_data/pneumoniamnist_normal_2280_filtered/normal_2156.png,/content/drive/MyDrive/MedSymmFlow_Project/fid_analysis/real_normal_1214/real_normal_0829.png,0.9471380114555359
/content/drive/MyDrive/MedSymmFlow_Project/synthetic_data/pneumoniamnist_normal_2280_filtered/normal_1266.png,/content/drive/MyDrive/MedSymmFlow_Project/fid_analysis/real_normal_1214/real_normal_0069.png,0.9471225142478943
/content/drive/MyDrive/MedSymmFlow_Project/synthetic_data/pneumoniamnist_normal_2280_filtered/normal_1876.png,/content/drive/MyDrive/MedSymmFlow_Project/fid_analysis/real_normal_1214/real_normal_1194.png,0.9471073150634766
/content/drive/MyDrive/MedSymmFlow_Project/synthetic_data/pneumoniamnist_normal_2280_filtered/normal_1947.png,/content/drive/MyDrive/MedSymmFlow_Project/fid_analysis/real_normal_1214/real_normal_0492.png,0.947104811668396
/content/drive/MyDrive/MedSymmFlow_Project/synthetic_data/pneumoniamnist_normal_2280_filtered/normal_0925.png,/content/drive/MyDrive/MedSymmFlow_Project/fid_analysis/real_normal_1214/real_normal_0427.png,0.9471005797386169
/content/drive/MyDrive/MedSymmFlow_Project/synthetic_data/pneumoniamnist_normal_2280_filtered/normal_1447.png,/content/drive/MyDrive/MedSymmFlow_Project/fid_analysis/real_normal_1214/real_normal_0258.png,0.9470983147621155
/content/drive/MyDrive/MedSymmFlow_Project/synthetic_data/pneumoniamnist_normal_2280_filtered/normal_1069.png,/content/drive/MyDrive/MedSymmFlow_Project/fid_analysis/real_normal_1214/real_normal_0274.png,0.9470870494842529
/content/drive/MyDrive/MedSymmFlow_Project/synthetic_data/pneumoniamnist_normal_2280_filtered/normal_1931.png,/content/drive/MyDrive/MedSymmFlow_Project/fid_analysis/real_normal_1214/real_normal_0725.png,0.947070837020874
/content/drive/MyDrive/MedSymmFlow_Project/synthetic_data/pneumoniamnist_normal_2280_filtered/normal_2189.png,/content/drive/MyDrive/MedSymmFlow_Project/fid_analysis/real_normal_1214/real_normal_0627.png,0.9470692276954651
/content/drive/MyDrive/MedSymmFlow_Project/synthetic_data/pneumoniamnist_normal_2280_filtered/normal_1274.png,/content/drive/MyDrive/MedSymmFlow_Project/fid_analysis/real_normal_1214/real_normal_0294.png,0.9470685720443726
/content/drive/MyDrive/MedSymmFlow_Project/synthetic_data/pneumoniamnist_normal_2280_filtered/normal_1955.png,/content/drive/MyDrive/MedSymmFlow_Project/fid_analysis/real_normal_1214/real_normal_1168.png,0.947067141532898
/content/drive/MyDrive/MedSymmFlow_Project/synthetic_data/pneumoniamnist_normal_2280_filtered/normal_1619.png,/content/drive/MyDrive/MedSymmFlow_Project/fid_analysis/real_normal_1214/real_normal_0829.png,0.9470570683479309
/content/drive/MyDrive/MedSymmFlow_Project/synthetic_data/pneumoniamnist_normal_2280_filtered/normal_0657.png,/content/drive/MyDrive/MedSymmFlow_Project/fid_analysis/real_normal_1214/real_normal_0315.png,0.9470517635345459
/content/drive/MyDrive/MedSymmFlow_Project/synthetic_data/pneumoniamnist_normal_2280_filtered/normal_0836.png,/content/drive/MyDrive/MedSymmFlow_Project/fid_analysis/real_normal_1214/real_normal_0888.png,0.9470502734184265
/content/drive/MyDrive/MedSymmFlow_Project/synthetic_data/pneumoniamnist_normal_2280_filtered/normal_0679.png,/content/drive/MyDrive/MedSymmFlow_Project/fid_analysis/real_normal_1214/real_normal_0806.png,0.9470273852348328
/content/drive/MyDrive/MedSymmFlow_Project/synthetic_data/pneumoniamnist_normal_2280_filtered/normal_0376.png,/content/drive/MyDrive/MedSymmFlow_Project/fid_analysis/real_normal_1214/real_normal_0290.png,0.9470268487930298
/content/drive/MyDrive/MedSymmFlow_Project/synthetic_data/pneumoniamnist_normal_2280_filtered/normal_1108.png,/content/drive/MyDrive/MedSymmFlow_Project/fid_analysis/real_normal_1214/real_normal_0413.png,0.9470177292823792
/content/drive/MyDrive/MedSymmFlow_Project/synthetic_data/pneumoniamnist_normal_2280_filtered/normal_1841.png,/content/drive/MyDrive/MedSymmFlow_Project/fid_analysis/real_normal_1214/real_normal_0069.png,0.9470113515853882
/content/drive/MyDrive/MedSymmFlow_Project/synthetic_data/pneumoniamnist_normal_2280_filtered/normal_1284.png,/content/drive/MyDrive/MedSymmFlow_Project/fid_analysis/real_normal_1214/real_normal_0134.png,0.9470111131668091
/content/drive/MyDrive/MedSymmFlow_Project/synthetic_data/pneumoniamnist_normal_2280_filtered/normal_1671.png,/content/drive/MyDrive/MedSymmFlow_Project/fid_analysis/real_normal_1214/real_normal_0834.png,0.9470082521438599
/content/drive/MyDrive/MedSymmFlow_Project/synthetic_data/pneumoniamnist_normal_2280_filtered/normal_0770.png,/content/drive/MyDrive/MedSymmFlow_Project/fid_analysis/real_normal_1214/real_normal_0321.png,0.9470065832138062
/content/drive/MyDrive/MedSymmFlow_Project/synthetic_data/pneumoniamnist_normal_2280_filtered/normal_1532.png,/content/drive/MyDrive/MedSymmFlow_Project/fid_analysis/real_normal_1214/real_normal_0552.png,0.9470044374465942
/content/drive/MyDrive/MedSymmFlow_Project/synthetic_data/pneumoniamnist_normal_2280_filtered/normal_1374.png,/content/drive/MyDrive/MedSymmFlow_Project/fid_analysis/real_normal_1214/real_normal_0824.png,0.9469913840293884
/content/drive/MyDrive/MedSymmFlow_Project/synthetic_data/pneumoniamnist_normal_2280_filtered/normal_1944.png,/content/drive/MyDrive/MedSymmFlow_Project/fid_analysis/real_normal_1214/real_normal_0829.png,0.9469841718673706
/content/drive/MyDrive/MedSymmFlow_Project/synthetic_data/pneumoniamnist_normal_2280_filtered/normal_2140.png,/content/drive/MyDrive/MedSymmFlow_Project/fid_analysis/real_normal_1214/real_normal_0471.png,0.9469791650772095
/content/drive/MyDrive/MedSymmFlow_Project/synthetic_data/pneumoniamnist_normal_2280_filtered/normal_0418.png,/content/drive/MyDrive/MedSymmFlow_Project/fid_analysis/real_normal_1214/real_normal_0927.png,0.9469705820083618
/content/drive/MyDrive/MedSymmFlow_Project/synthetic_data/pneumoniamnist_normal_2280_filtered/normal_0371.png,/content/drive/MyDrive/MedSymmFlow_Project/fid_analysis/real_normal_1214/real_normal_0204.png,0.9469603300094604
/content/drive/MyDrive/MedSymmFlow_Project/synthetic_data/pneumoniamnist_normal_2280_filtered/normal_0569.png,/content/drive/MyDrive/MedSymmFlow_Project/fid_analysis/real_normal_1214/real_normal_0069.png,0.9469577074050903
/content/drive/MyDrive/MedSymmFlow_Project/synthetic_data/pneumoniamnist_normal_2280_filtered/normal_2197.png,/content/drive/MyDrive/MedSymmFlow_Project/fid_analysis/real_normal_1214/real_normal_0017.png,0.9469282627105713
/content/drive/MyDrive/MedSymmFlow_Project/synthetic_data/pneumoniamnist_normal_2280_filtered/normal_0574.png,/content/drive/MyDrive/MedSymmFlow_Project/fid_analysis/real_normal_1214/real_normal_0824.png,0.9469035863876343
/content/drive/MyDrive/MedSymmFlow_Project/synthetic_data/pneumoniamnist_normal_2280_filtered/normal_1102.png,/content/drive/MyDrive/MedSymmFlow_Project/fid_analysis/real_normal_1214/real_normal_0642.png,0.9468895196914673
/content/drive/MyDrive/MedSymmFlow_Project/synthetic_data/pneumoniamnist_normal_2280_filtered/normal_1138.png,/content/drive/MyDrive/MedSymmFlow_Project/fid_analysis/real_normal_1214/real_normal_0355.png,0.9468764066696167
/content/drive/MyDrive/MedSymmFlow_Project/synthetic_data/pneumoniamnist_normal_2280_filtered/normal_0448.png,/content/drive/MyDrive/MedSymmFlow_Project/fid_analysis/real_normal_1214/real_normal_0116.png,0.9468502402305603
/content/drive/MyDrive/MedSymmFlow_Project/synthetic_data/pneumoniamnist_normal_2280_filtered/normal_1045.png,/content/drive/MyDrive/MedSymmFlow_Project/fid_analysis/real_normal_1214/real_normal_0017.png,0.9468487501144409
/content/drive/MyDrive/MedSymmFlow_Project/synthetic_data/pneumoniamnist_normal_2280_filtered/normal_0000.png,/content/drive/MyDrive/MedSymmFlow_Project/fid_analysis/real_normal_1214/real_normal_0413.png,0.946831464767456
/content/drive/MyDrive/MedSymmFlow_Project/synthetic_data/pneumoniamnist_normal_2280_filtered/normal_0369.png,/content/drive/MyDrive/MedSymmFlow_Project/fid_analysis/real_normal_1214/real_normal_0289.png,0.9468245506286621
/content/drive/MyDrive/MedSymmFlow_Project/synthetic_data/pneumoniamnist_normal_2280_filtered/normal_1516.png,/content/drive/MyDrive/MedSymmFlow_Project/fid_analysis/real_normal_1214/real_normal_0763.png,0.9468153715133667
/content/drive/MyDrive/MedSymmFlow_Project/synthetic_data/pneumoniamnist_normal_2280_filtered/normal_0417.png,/content/drive/MyDrive/MedSymmFlow_Project/fid_analysis/real_normal_1214/real_normal_0450.png,0.9468129277229309
/content/drive/MyDrive/MedSymmFlow_Project/synthetic_data/pneumoniamnist_normal_2280_filtered/normal_1503.png,/content/drive/MyDrive/MedSymmFlow_Project/fid_analysis/real_normal_1214/real_normal_0969.png,0.9468066692352295
/content/drive/MyDrive/MedSymmFlow_Project/synthetic_data/pneumoniamnist_normal_2280_filtered/normal_1757.png,/content/drive/MyDrive/MedSymmFlow_Project/fid_analysis/real_normal_1214/real_normal_0539.png,0.9467909336090088
/content/drive/MyDrive/MedSymmFlow_Project/synthetic_data/pneumoniamnist_normal_2280_filtered/normal_0329.png,/content/drive/MyDrive/MedSymmFlow_Project/fid_analysis/real_normal_1214/real_normal_0204.png,0.9467778205871582
/content/drive/MyDrive/MedSymmFlow_Project/synthetic_data/pneumoniamnist_normal_2280_filtered/normal_1833.png,/content/drive/MyDrive/MedSymmFlow_Project/fid_analysis/real_normal_1214/real_normal_0315.png,0.9467769861221313
/content/drive/MyDrive/MedSymmFlow_Project/synthetic_data/pneumoniamnist_normal_2280_filtered/normal_0981.png,/content/drive/MyDrive/MedSymmFlow_Project/fid_analysis/real_normal_1214/real_normal_0504.png,0.9467763900756836
/content/drive/MyDrive/MedSymmFlow_Project/synthetic_data/pneumoniamnist_normal_2280_filtered/normal_0173.png,/content/drive/MyDrive/MedSymmFlow_Project/fid_analysis/real_normal_1214/real_normal_0571.png,0.9467579126358032
/content/drive/MyDrive/MedSymmFlow_Project/synthetic_data/pneumoniamnist_normal_2280_filtered/normal_2057.png,/content/drive/MyDrive/MedSymmFlow_Project/fid_analysis/real_normal_1214/real_normal_0829.png,0.9467541575431824
/content/drive/MyDrive/MedSymmFlow_Project/synthetic_data/pneumoniamnist_normal_2280_filtered/normal_0032.png,/content/drive/MyDrive/MedSymmFlow_Project/fid_analysis/real_normal_1214/real_normal_0742.png,0.9467536211013794
/content/drive/MyDrive/MedSymmFlow_Project/synthetic_data/pneumoniamnist_normal_2280_filtered/normal_1300.png,/content/drive/MyDrive/MedSymmFlow_Project/fid_analysis/real_normal_1214/real_normal_1208.png,0.946738600730896
/content/drive/MyDrive/MedSymmFlow_Project/synthetic_data/pneumoniamnist_normal_2280_filtered/normal_1692.png,/content/drive/MyDrive/MedSymmFlow_Project/fid_analysis/real_normal_1214/real_normal_0427.png,0.9467170834541321
/content/drive/MyDrive/MedSymmFlow_Project/synthetic_data/pneumoniamnist_normal_2280_filtered/normal_1118.png,/content/drive/MyDrive/MedSymmFlow_Project/fid_analysis/real_normal_1214/real_normal_0069.png,0.9467165470123291
/content/drive/MyDrive/MedSymmFlow_Project/synthetic_data/pneumoniamnist_normal_2280_filtered/normal_1130.png,/content/drive/MyDrive/MedSymmFlow_Project/fid_analysis/real_normal_1214/real_normal_0069.png,0.9467054605484009
/content/drive/MyDrive/MedSymmFlow_Project/synthetic_data/pneumoniamnist_normal_2280_filtered/normal_0877.png,/content/drive/MyDrive/MedSymmFlow_Project/fid_analysis/real_normal_1214/real_normal_0152.png,0.946696400642395
/content/drive/MyDrive/MedSymmFlow_Project/synthetic_data/pneumoniamnist_normal_2280_filtered/normal_1154.png,/content/drive/MyDrive/MedSymmFlow_Project/fid_analysis/real_normal_1214/real_normal_0017.png,0.9466806054115295
/content/drive/MyDrive/MedSymmFlow_Project/synthetic_data/pneumoniamnist_normal_2280_filtered/normal_1706.png,/content/drive/MyDrive/MedSymmFlow_Project/fid_analysis/real_normal_1214/real_normal_0336.png,0.9466744065284729
/content/drive/MyDrive/MedSymmFlow_Project/synthetic_data/pneumoniamnist_normal_2280_filtered/normal_0496.png,/content/drive/MyDrive/MedSymmFlow_Project/fid_analysis/real_normal_1214/real_normal_0336.png,0.9466421604156494
/content/drive/MyDrive/MedSymmFlow_Project/synthetic_data/pneumoniamnist_normal_2280_filtered/normal_1178.png,/content/drive/MyDrive/MedSymmFlow_Project/fid_analysis/real_normal_1214/real_normal_0069.png,0.9465967416763306
/content/drive/MyDrive/MedSymmFlow_Project/synthetic_data/pneumoniamnist_normal_2280_filtered/normal_1121.png,/content/drive/MyDrive/MedSymmFlow_Project/fid_analysis/real_normal_1214/real_normal_0225.png,0.9465928077697754
/content/drive/MyDrive/MedSymmFlow_Project/synthetic_data/pneumoniamnist_normal_2280_filtered/normal_1520.png,/content/drive/MyDrive/MedSymmFlow_Project/fid_analysis/real_normal_1214/real_normal_0571.png,0.9465857148170471
/content/drive/MyDrive/MedSymmFlow_Project/synthetic_data/pneumoniamnist_normal_2280_filtered/normal_0618.png,/content/drive/MyDrive/MedSymmFlow_Project/fid_analysis/real_normal_1214/real_normal_0178.png,0.9465740323066711
/content/drive/MyDrive/MedSymmFlow_Project/synthetic_data/pneumoniamnist_normal_2280_filtered/normal_0520.png,/content/drive/MyDrive/MedSymmFlow_Project/fid_analysis/real_normal_1214/real_normal_0017.png,0.9465528726577759
/content/drive/MyDrive/MedSymmFlow_Project/synthetic_data/pneumoniamnist_normal_2280_filtered/normal_1629.png,/content/drive/MyDrive/MedSymmFlow_Project/fid_analysis/real_normal_1214/real_normal_0979.png,0.9465487003326416
/content/drive/MyDrive/MedSymmFlow_Project/synthetic_data/pneumoniamnist_normal_2280_filtered/normal_1976.png,/content/drive/MyDrive/MedSymmFlow_Project/fid_analysis/real_normal_1214/real_normal_0657.png,0.946536123752594
/content/drive/MyDrive/MedSymmFlow_Project/synthetic_data/pneumoniamnist_normal_2280_filtered/normal_2259.png,/content/drive/MyDrive/MedSymmFlow_Project/fid_analysis/real_normal_1214/real_normal_0374.png,0.9465252161026001
/content/drive/MyDrive/MedSymmFlow_Project/synthetic_data/pneumoniamnist_normal_2280_filtered/normal_1441.png,/content/drive/MyDrive/MedSymmFlow_Project/fid_analysis/real_normal_1214/real_normal_0194.png,0.9465163946151733
/content/drive/MyDrive/MedSymmFlow_Project/synthetic_data/pneumoniamnist_normal_2280_filtered/normal_2076.png,/content/drive/MyDrive/MedSymmFlow_Project/fid_analysis/real_normal_1214/real_normal_0492.png,0.9465134143829346
/content/drive/MyDrive/MedSymmFlow_Project/synthetic_data/pneumoniamnist_normal_2280_filtered/normal_1062.png,/content/drive/MyDrive/MedSymmFlow_Project/fid_analysis/real_normal_1214/real_normal_0829.png,0.9465121030807495
/content/drive/MyDrive/MedSymmFlow_Project/synthetic_data/pneumoniamnist_normal_2280_filtered/normal_2049.png,/content/drive/MyDrive/MedSymmFlow_Project/fid_analysis/real_normal_1214/real_normal_0659.png,0.9465107917785645
/content/drive/MyDrive/MedSymmFlow_Project/synthetic_data/pneumoniamnist_normal_2280_filtered/normal_1730.png,/content/drive/MyDrive/MedSymmFlow_Project/fid_analysis/real_normal_1214/real_normal_0984.png,0.9464918971061707
/content/drive/MyDrive/MedSymmFlow_Project/synthetic_data/pneumoniamnist_normal_2280_filtered/normal_0851.png,/content/drive/MyDrive/MedSymmFlow_Project/fid_analysis/real_normal_1214/real_normal_0717.png,0.9464892148971558
/content/drive/MyDrive/MedSymmFlow_Project/synthetic_data/pneumoniamnist_normal_2280_filtered/normal_0155.png,/content/drive/MyDrive/MedSymmFlow_Project/fid_analysis/real_normal_1214/real_normal_0012.png,0.9464854598045349
/content/drive/MyDrive/MedSymmFlow_Project/synthetic_data/pneumoniamnist_normal_2280_filtered/normal_0383.png,/content/drive/MyDrive/MedSymmFlow_Project/fid_analysis/real_normal_1214/real_normal_0017.png,0.9464813470840454
/content/drive/MyDrive/MedSymmFlow_Project/synthetic_data/pneumoniamnist_normal_2280_filtered/normal_0196.png,/content/drive/MyDrive/MedSymmFlow_Project/fid_analysis/real_normal_1214/real_normal_0236.png,0.9464693069458008
/content/drive/MyDrive/MedSymmFlow_Project/synthetic_data/pneumoniamnist_normal_2280_filtered/normal_1783.png,/content/drive/MyDrive/MedSymmFlow_Project/fid_analysis/real_normal_1214/real_normal_0659.png,0.9464681148529053
/content/drive/MyDrive/MedSymmFlow_Project/synthetic_data/pneumoniamnist_normal_2280_filtered/normal_1286.png,/content/drive/MyDrive/MedSymmFlow_Project/fid_analysis/real_normal_1214/real_normal_0888.png,0.9464659690856934
/content/drive/MyDrive/MedSymmFlow_Project/synthetic_data/pneumoniamnist_normal_2280_filtered/normal_1886.png,/content/drive/MyDrive/MedSymmFlow_Project/fid_analysis/real_normal_1214/real_normal_0069.png,0.9464602470397949
/content/drive/MyDrive/MedSymmFlow_Project/synthetic_data/pneumoniamnist_normal_2280_filtered/normal_0222.png,/content/drive/MyDrive/MedSymmFlow_Project/fid_analysis/real_normal_1214/real_normal_0937.png,0.9464540481567383
/content/drive/MyDrive/MedSymmFlow_Project/synthetic_data/pneumoniamnist_normal_2280_filtered/normal_1009.png,/content/drive/MyDrive/MedSymmFlow_Project/fid_analysis/real_normal_1214/real_normal_0021.png,0.946449875831604
/content/drive/MyDrive/MedSymmFlow_Project/synthetic_data/pneumoniamnist_normal_2280_filtered/normal_2088.png,/content/drive/MyDrive/MedSymmFlow_Project/fid_analysis/real_normal_1214/real_normal_0731.png,0.9464472532272339
/content/drive/MyDrive/MedSymmFlow_Project/synthetic_data/pneumoniamnist_normal_2280_filtered/normal_0800.png,/content/drive/MyDrive/MedSymmFlow_Project/fid_analysis/real_normal_1214/real_normal_0225.png,0.9464095830917358
/content/drive/MyDrive/MedSymmFlow_Project/synthetic_data/pneumoniamnist_normal_2280_filtered/normal_2091.png,/content/drive/MyDrive/MedSymmFlow_Project/fid_analysis/real_normal_1214/real_normal_0829.png,0.9463772773742676
/content/drive/MyDrive/MedSymmFlow_Project/synthetic_data/pneumoniamnist_normal_2280_filtered/normal_0661.png,/content/drive/MyDrive/MedSymmFlow_Project/fid_analysis/real_normal_1214/real_normal_0492.png,0.9463722109794617
/content/drive/MyDrive/MedSymmFlow_Project/synthetic_data/pneumoniamnist_normal_2280_filtered/normal_0660.png,/content/drive/MyDrive/MedSymmFlow_Project/fid_analysis/real_normal_1214/real_normal_0017.png,0.9463627338409424
/content/drive/MyDrive/MedSymmFlow_Project/synthetic_data/pneumoniamnist_normal_2280_filtered/normal_1569.png,/content/drive/MyDrive/MedSymmFlow_Project/fid_analysis/real_normal_1214/real_normal_0969.png,0.9463503360748291
/content/drive/MyDrive/MedSymmFlow_Project/synthetic_data/pneumoniamnist_normal_2280_filtered/normal_2016.png,/content/drive/MyDrive/MedSymmFlow_Project/fid_analysis/real_normal_1214/real_normal_0185.png,0.9463385343551636
/content/drive/MyDrive/MedSymmFlow_Project/synthetic_data/pneumoniamnist_normal_2280_filtered/normal_2110.png,/content/drive/MyDrive/MedSymmFlow_Project/fid_analysis/real_normal_1214/real_normal_0552.png,0.946337103843689
/content/drive/MyDrive/MedSymmFlow_Project/synthetic_data/pneumoniamnist_normal_2280_filtered/normal_1311.png,/content/drive/MyDrive/MedSymmFlow_Project/fid_analysis/real_normal_1214/real_normal_0175.png,0.9463368654251099
/content/drive/MyDrive/MedSymmFlow_Project/synthetic_data/pneumoniamnist_normal_2280_filtered/normal_0117.png,/content/drive/MyDrive/MedSymmFlow_Project/fid_analysis/real_normal_1214/real_normal_0824.png,0.9463292360305786
/content/drive/MyDrive/MedSymmFlow_Project/synthetic_data/pneumoniamnist_normal_2280_filtered/normal_2094.png,/content/drive/MyDrive/MedSymmFlow_Project/fid_analysis/real_normal_1214/real_normal_1036.png,0.9463176131248474
/content/drive/MyDrive/MedSymmFlow_Project/synthetic_data/pneumoniamnist_normal_2280_filtered/normal_1260.png,/content/drive/MyDrive/MedSymmFlow_Project/fid_analysis/real_normal_1214/real_normal_0654.png,0.9463150501251221
/content/drive/MyDrive/MedSymmFlow_Project/synthetic_data/pneumoniamnist_normal_2280_filtered/normal_1196.png,/content/drive/MyDrive/MedSymmFlow_Project/fid_analysis/real_normal_1214/real_normal_0806.png,0.9463125467300415
/content/drive/MyDrive/MedSymmFlow_Project/synthetic_data/pneumoniamnist_normal_2280_filtered/normal_2219.png,/content/drive/MyDrive/MedSymmFlow_Project/fid_analysis/real_normal_1214/real_normal_1093.png,0.9463033080101013
/content/drive/MyDrive/MedSymmFlow_Project/synthetic_data/pneumoniamnist_normal_2280_filtered/normal_1573.png,/content/drive/MyDrive/MedSymmFlow_Project/fid_analysis/real_normal_1214/real_normal_1015.png,0.9462992548942566
/content/drive/MyDrive/MedSymmFlow_Project/synthetic_data/pneumoniamnist_normal_2280_filtered/normal_0863.png,/content/drive/MyDrive/MedSymmFlow_Project/fid_analysis/real_normal_1214/real_normal_0685.png,0.9462989568710327
/content/drive/MyDrive/MedSymmFlow_Project/synthetic_data/pneumoniamnist_normal_2280_filtered/normal_0478.png,/content/drive/MyDrive/MedSymmFlow_Project/fid_analysis/real_normal_1214/real_normal_0274.png,0.9462857246398926
/content/drive/MyDrive/MedSymmFlow_Project/synthetic_data/pneumoniamnist_normal_2280_filtered/normal_0237.png,/content/drive/MyDrive/MedSymmFlow_Project/fid_analysis/real_normal_1214/real_normal_0056.png,0.9462804198265076
/content/drive/MyDrive/MedSymmFlow_Project/synthetic_data/pneumoniamnist_normal_2280_filtered/normal_0265.png,/content/drive/MyDrive/MedSymmFlow_Project/fid_analysis/real_normal_1214/real_normal_0289.png,0.9462786912918091
/content/drive/MyDrive/MedSymmFlow_Project/synthetic_data/pneumoniamnist_normal_2280_filtered/normal_1945.png,/content/drive/MyDrive/MedSymmFlow_Project/fid_analysis/real_normal_1214/real_normal_0321.png,0.9462661743164062
/content/drive/MyDrive/MedSymmFlow_Project/synthetic_data/pneumoniamnist_normal_2280_filtered/normal_1837.png,/content/drive/MyDrive/MedSymmFlow_Project/fid_analysis/real_normal_1214/real_normal_0492.png,0.9462587833404541
/content/drive/MyDrive/MedSymmFlow_Project/synthetic_data/pneumoniamnist_normal_2280_filtered/normal_1617.png,/content/drive/MyDrive/MedSymmFlow_Project/fid_analysis/real_normal_1214/real_normal_0069.png,0.9462556838989258
/content/drive/MyDrive/MedSymmFlow_Project/synthetic_data/pneumoniamnist_normal_2280_filtered/normal_0194.png,/content/drive/MyDrive/MedSymmFlow_Project/fid_analysis/real_normal_1214/real_normal_0112.png,0.94625324010849
/content/drive/MyDrive/MedSymmFlow_Project/synthetic_data/pneumoniamnist_normal_2280_filtered/normal_1200.png,/content/drive/MyDrive/MedSymmFlow_Project/fid_analysis/real_normal_1214/real_normal_0684.png,0.94623863697052
/content/drive/MyDrive/MedSymmFlow_Project/synthetic_data/pneumoniamnist_normal_2280_filtered/normal_1847.png,/content/drive/MyDrive/MedSymmFlow_Project/fid_analysis/real_normal_1214/real_normal_0758.png,0.9462257027626038
/content/drive/MyDrive/MedSymmFlow_Project/synthetic_data/pneumoniamnist_normal_2280_filtered/normal_1373.png,/content/drive/MyDrive/MedSymmFlow_Project/fid_analysis/real_normal_1214/real_normal_1086.png,0.9462245106697083
/content/drive/MyDrive/MedSymmFlow_Project/synthetic_data/pneumoniamnist_normal_2280_filtered/normal_1192.png,/content/drive/MyDrive/MedSymmFlow_Project/fid_analysis/real_normal_1214/real_normal_0963.png,0.9462149143218994
/content/drive/MyDrive/MedSymmFlow_Project/synthetic_data/pneumoniamnist_normal_2280_filtered/normal_2107.png,/content/drive/MyDrive/MedSymmFlow_Project/fid_analysis/real_normal_1214/real_normal_1176.png,0.9462143182754517
/content/drive/MyDrive/MedSymmFlow_Project/synthetic_data/pneumoniamnist_normal_2280_filtered/normal_0289.png,/content/drive/MyDrive/MedSymmFlow_Project/fid_analysis/real_normal_1214/real_normal_0427.png,0.9462120532989502
/content/drive/MyDrive/MedSymmFlow_Project/synthetic_data/pneumoniamnist_normal_2280_filtered/normal_0912.png,/content/drive/MyDrive/MedSymmFlow_Project/fid_analysis/real_normal_1214/real_normal_0165.png,0.9461988210678101
/content/drive/MyDrive/MedSymmFlow_Project/synthetic_data/pneumoniamnist_normal_2280_filtered/normal_0053.png,/content/drive/MyDrive/MedSymmFlow_Project/fid_analysis/real_normal_1214/real_normal_0855.png,0.946198582649231
/content/drive/MyDrive/MedSymmFlow_Project/synthetic_data/pneumoniamnist_normal_2280_filtered/normal_0856.png,/content/drive/MyDrive/MedSymmFlow_Project/fid_analysis/real_normal_1214/real_normal_0427.png,0.9461727142333984
/content/drive/MyDrive/MedSymmFlow_Project/synthetic_data/pneumoniamnist_normal_2280_filtered/normal_1654.png,/content/drive/MyDrive/MedSymmFlow_Project/fid_analysis/real_normal_1214/real_normal_0099.png,0.9461715221405029
/content/drive/MyDrive/MedSymmFlow_Project/synthetic_data/pneumoniamnist_normal_2280_filtered/normal_1921.png,/content/drive/MyDrive/MedSymmFlow_Project/fid_analysis/real_normal_1214/real_normal_0829.png,0.9461669921875
/content/drive/MyDrive/MedSymmFlow_Project/synthetic_data/pneumoniamnist_normal_2280_filtered/normal_1639.png,/content/drive/MyDrive/MedSymmFlow_Project/fid_analysis/real_normal_1214/real_normal_1087.png,0.9461575746536255
/content/drive/MyDrive/MedSymmFlow_Project/synthetic_data/pneumoniamnist_normal_2280_filtered/normal_0854.png,/content/drive/MyDrive/MedSymmFlow_Project/fid_analysis/real_normal_1214/real_normal_0571.png,0.9461497068405151
/content/drive/MyDrive/MedSymmFlow_Project/synthetic_data/pneumoniamnist_normal_2280_filtered/normal_0798.png,/content/drive/MyDrive/MedSymmFlow_Project/fid_analysis/real_normal_1214/real_normal_0969.png,0.9461407661437988
/content/drive/MyDrive/MedSymmFlow_Project/synthetic_data/pneumoniamnist_normal_2280_filtered/normal_0624.png,/content/drive/MyDrive/MedSymmFlow_Project/fid_analysis/real_normal_1214/real_normal_0968.png,0.9461374282836914
/content/drive/MyDrive/MedSymmFlow_Project/synthetic_data/pneumoniamnist_normal_2280_filtered/normal_1251.png,/content/drive/MyDrive/MedSymmFlow_Project/fid_analysis/real_normal_1214/real_normal_0017.png,0.9461290836334229
/content/drive/MyDrive/MedSymmFlow_Project/synthetic_data/pneumoniamnist_normal_2280_filtered/normal_1265.png,/content/drive/MyDrive/MedSymmFlow_Project/fid_analysis/real_normal_1214/real_normal_0663.png,0.9461219310760498
/content/drive/MyDrive/MedSymmFlow_Project/synthetic_data/pneumoniamnist_normal_2280_filtered/normal_2030.png,/content/drive/MyDrive/MedSymmFlow_Project/fid_analysis/real_normal_1214/real_normal_0834.png,0.9460799098014832
/content/drive/MyDrive/MedSymmFlow_Project/synthetic_data/pneumoniamnist_normal_2280_filtered/normal_0229.png,/content/drive/MyDrive/MedSymmFlow_Project/fid_analysis/real_normal_1214/real_normal_0100.png,0.946077823638916
/content/drive/MyDrive/MedSymmFlow_Project/synthetic_data/pneumoniamnist_normal_2280_filtered/normal_0468.png,/content/drive/MyDrive/MedSymmFlow_Project/fid_analysis/real_normal_1214/real_normal_0492.png,0.9460724592208862
/content/drive/MyDrive/MedSymmFlow_Project/synthetic_data/pneumoniamnist_normal_2280_filtered/normal_2048.png,/content/drive/MyDrive/MedSymmFlow_Project/fid_analysis/real_normal_1214/real_normal_0492.png,0.9460721015930176
/content/drive/MyDrive/MedSymmFlow_Project/synthetic_data/pneumoniamnist_normal_2280_filtered/normal_1182.png,/content/drive/MyDrive/MedSymmFlow_Project/fid_analysis/real_normal_1214/real_normal_0705.png,0.9460605382919312
/content/drive/MyDrive/MedSymmFlow_Project/synthetic_data/pneumoniamnist_normal_2280_filtered/normal_1229.png,/content/drive/MyDrive/MedSymmFlow_Project/fid_analysis/real_normal_1214/real_normal_0539.png,0.9460603594779968
/content/drive/MyDrive/MedSymmFlow_Project/synthetic_data/pneumoniamnist_normal_2280_filtered/normal_0819.png,/content/drive/MyDrive/MedSymmFlow_Project/fid_analysis/real_normal_1214/real_normal_0908.png,0.9460594058036804
/content/drive/MyDrive/MedSymmFlow_Project/synthetic_data/pneumoniamnist_normal_2280_filtered/normal_0458.png,/content/drive/MyDrive/MedSymmFlow_Project/fid_analysis/real_normal_1214/real_normal_0824.png,0.94605553150177
/content/drive/MyDrive/MedSymmFlow_Project/synthetic_data/pneumoniamnist_normal_2280_filtered/normal_2217.png,/content/drive/MyDrive/MedSymmFlow_Project/fid_analysis/real_normal_1214/real_normal_0389.png,0.9460529685020447
/content/drive/MyDrive/MedSymmFlow_Project/synthetic_data/pneumoniamnist_normal_2280_filtered/normal_1640.png,/content/drive/MyDrive/MedSymmFlow_Project/fid_analysis/real_normal_1214/real_normal_1086.png,0.9460417032241821
/content/drive/MyDrive/MedSymmFlow_Project/synthetic_data/pneumoniamnist_normal_2280_filtered/normal_0914.png,/content/drive/MyDrive/MedSymmFlow_Project/fid_analysis/real_normal_1214/real_normal_0809.png,0.9460323452949524
/content/drive/MyDrive/MedSymmFlow_Project/synthetic_data/pneumoniamnist_normal_2280_filtered/normal_1079.png,/content/drive/MyDrive/MedSymmFlow_Project/fid_analysis/real_normal_1214/real_normal_0355.png,0.9460314512252808
/content/drive/MyDrive/MedSymmFlow_Project/synthetic_data/pneumoniamnist_normal_2280_filtered/normal_1613.png,/content/drive/MyDrive/MedSymmFlow_Project/fid_analysis/real_normal_1214/real_normal_0017.png,0.946029543876648
/content/drive/MyDrive/MedSymmFlow_Project/synthetic_data/pneumoniamnist_normal_2280_filtered/normal_1507.png,/content/drive/MyDrive/MedSymmFlow_Project/fid_analysis/real_normal_1214/real_normal_0322.png,0.9460201263427734
/content/drive/MyDrive/MedSymmFlow_Project/synthetic_data/pneumoniamnist_normal_2280_filtered/normal_1294.png,/content/drive/MyDrive/MedSymmFlow_Project/fid_analysis/real_normal_1214/real_normal_0719.png,0.946019172668457
/content/drive/MyDrive/MedSymmFlow_Project/synthetic_data/pneumoniamnist_normal_2280_filtered/normal_1977.png,/content/drive/MyDrive/MedSymmFlow_Project/fid_analysis/real_normal_1214/real_normal_0413.png,0.9460029602050781
/content/drive/MyDrive/MedSymmFlow_Project/synthetic_data/pneumoniamnist_normal_2280_filtered/normal_1941.png,/content/drive/MyDrive/MedSymmFlow_Project/fid_analysis/real_normal_1214/real_normal_0012.png,0.9459781050682068
/content/drive/MyDrive/MedSymmFlow_Project/synthetic_data/pneumoniamnist_normal_2280_filtered/normal_0568.png,/content/drive/MyDrive/MedSymmFlow_Project/fid_analysis/real_normal_1214/real_normal_1086.png,0.9459762573242188
/content/drive/MyDrive/MedSymmFlow_Project/synthetic_data/pneumoniamnist_normal_2280_filtered/normal_0181.png,/content/drive/MyDrive/MedSymmFlow_Project/fid_analysis/real_normal_1214/real_normal_0592.png,0.9459693431854248
/content/drive/MyDrive/MedSymmFlow_Project/synthetic_data/pneumoniamnist_normal_2280_filtered/normal_0226.png,/content/drive/MyDrive/MedSymmFlow_Project/fid_analysis/real_normal_1214/real_normal_0069.png,0.9459631443023682
/content/drive/MyDrive/MedSymmFlow_Project/synthetic_data/pneumoniamnist_normal_2280_filtered/normal_0849.png,/content/drive/MyDrive/MedSymmFlow_Project/fid_analysis/real_normal_1214/real_normal_0542.png,0.9459528923034668
/content/drive/MyDrive/MedSymmFlow_Project/synthetic_data/pneumoniamnist_normal_2280_filtered/normal_1510.png,/content/drive/MyDrive/MedSymmFlow_Project/fid_analysis/real_normal_1214/real_normal_0984.png,0.9459319114685059
/content/drive/MyDrive/MedSymmFlow_Project/synthetic_data/pneumoniamnist_normal_2280_filtered/normal_2069.png,/content/drive/MyDrive/MedSymmFlow_Project/fid_analysis/real_normal_1214/real_normal_0659.png,0.9458974599838257
/content/drive/MyDrive/MedSymmFlow_Project/synthetic_data/pneumoniamnist_normal_2280_filtered/normal_0771.png,/content/drive/MyDrive/MedSymmFlow_Project/fid_analysis/real_normal_1214/real_normal_0552.png,0.9458961486816406
/content/drive/MyDrive/MedSymmFlow_Project/synthetic_data/pneumoniamnist_normal_2280_filtered/normal_0148.png,/content/drive/MyDrive/MedSymmFlow_Project/fid_analysis/real_normal_1214/real_normal_0642.png,0.9458785653114319
/content/drive/MyDrive/MedSymmFlow_Project/synthetic_data/pneumoniamnist_normal_2280_filtered/normal_1547.png,/content/drive/MyDrive/MedSymmFlow_Project/fid_analysis/real_normal_1214/real_normal_0634.png,0.9458740949630737
/content/drive/MyDrive/MedSymmFlow_Project/synthetic_data/pneumoniamnist_normal_2280_filtered/normal_1798.png,/content/drive/MyDrive/MedSymmFlow_Project/fid_analysis/real_normal_1214/real_normal_0872.png,0.9458690881729126
/content/drive/MyDrive/MedSymmFlow_Project/synthetic_data/pneumoniamnist_normal_2280_filtered/normal_0219.png,/content/drive/MyDrive/MedSymmFlow_Project/fid_analysis/real_normal_1214/real_normal_0056.png,0.9458649158477783
/content/drive/MyDrive/MedSymmFlow_Project/synthetic_data/pneumoniamnist_normal_2280_filtered/normal_1287.png,/content/drive/MyDrive/MedSymmFlow_Project/fid_analysis/real_normal_1214/real_normal_0993.png,0.9458489418029785
/content/drive/MyDrive/MedSymmFlow_Project/synthetic_data/pneumoniamnist_normal_2280_filtered/normal_1372.png,/content/drive/MyDrive/MedSymmFlow_Project/fid_analysis/real_normal_1214/real_normal_1028.png,0.9458457827568054
/content/drive/MyDrive/MedSymmFlow_Project/synthetic_data/pneumoniamnist_normal_2280_filtered/normal_0098.png,/content/drive/MyDrive/MedSymmFlow_Project/fid_analysis/real_normal_1214/real_normal_0322.png,0.9458353519439697
/content/drive/MyDrive/MedSymmFlow_Project/synthetic_data/pneumoniamnist_normal_2280_filtered/normal_1317.png,/content/drive/MyDrive/MedSymmFlow_Project/fid_analysis/real_normal_1214/real_normal_0552.png,0.9458245038986206
/content/drive/MyDrive/MedSymmFlow_Project/synthetic_data/pneumoniamnist_normal_2280_filtered/normal_0494.png,/content/drive/MyDrive/MedSymmFlow_Project/fid_analysis/real_normal_1214/real_normal_0993.png,0.9458242654800415
/content/drive/MyDrive/MedSymmFlow_Project/synthetic_data/pneumoniamnist_normal_2280_filtered/normal_1721.png,/content/drive/MyDrive/MedSymmFlow_Project/fid_analysis/real_normal_1214/real_normal_0069.png,0.9458179473876953
/content/drive/MyDrive/MedSymmFlow_Project/synthetic_data/pneumoniamnist_normal_2280_filtered/normal_0835.png,/content/drive/MyDrive/MedSymmFlow_Project/fid_analysis/real_normal_1214/real_normal_0552.png,0.9458131790161133
/content/drive/MyDrive/MedSymmFlow_Project/synthetic_data/pneumoniamnist_normal_2280_filtered/normal_1650.png,/content/drive/MyDrive/MedSymmFlow_Project/fid_analysis/real_normal_1214/real_normal_0539.png,0.9458125829696655
/content/drive/MyDrive/MedSymmFlow_Project/synthetic_data/pneumoniamnist_normal_2280_filtered/normal_0360.png,/content/drive/MyDrive/MedSymmFlow_Project/fid_analysis/real_normal_1214/real_normal_0806.png,0.9458121657371521
/content/drive/MyDrive/MedSymmFlow_Project/synthetic_data/pneumoniamnist_normal_2280_filtered/normal_1904.png,/content/drive/MyDrive/MedSymmFlow_Project/fid_analysis/real_normal_1214/real_normal_0322.png,0.9457964897155762
/content/drive/MyDrive/MedSymmFlow_Project/synthetic_data/pneumoniamnist_normal_2280_filtered/normal_2269.png,/content/drive/MyDrive/MedSymmFlow_Project/fid_analysis/real_normal_1214/real_normal_0552.png,0.9457963705062866
/content/drive/MyDrive/MedSymmFlow_Project/synthetic_data/pneumoniamnist_normal_2280_filtered/normal_1291.png,/content/drive/MyDrive/MedSymmFlow_Project/fid_analysis/real_normal_1214/real_normal_0684.png,0.9457848072052002
/content/drive/MyDrive/MedSymmFlow_Project/synthetic_data/pneumoniamnist_normal_2280_filtered/normal_0071.png,/content/drive/MyDrive/MedSymmFlow_Project/fid_analysis/real_normal_1214/real_normal_0984.png,0.9457812309265137
/content/drive/MyDrive/MedSymmFlow_Project/synthetic_data/pneumoniamnist_normal_2280_filtered/normal_1085.png,/content/drive/MyDrive/MedSymmFlow_Project/fid_analysis/real_normal_1214/real_normal_0427.png,0.9457648396492004
/content/drive/MyDrive/MedSymmFlow_Project/synthetic_data/pneumoniamnist_normal_2280_filtered/normal_0352.png,/content/drive/MyDrive/MedSymmFlow_Project/fid_analysis/real_normal_1214/real_normal_0402.png,0.9457598328590393
/content/drive/MyDrive/MedSymmFlow_Project/synthetic_data/pneumoniamnist_normal_2280_filtered/normal_1555.png,/content/drive/MyDrive/MedSymmFlow_Project/fid_analysis/real_normal_1214/real_normal_0185.png,0.9457587003707886
/content/drive/MyDrive/MedSymmFlow_Project/synthetic_data/pneumoniamnist_normal_2280_filtered/normal_0665.png,/content/drive/MyDrive/MedSymmFlow_Project/fid_analysis/real_normal_1214/real_normal_0017.png,0.9457374811172485
/content/drive/MyDrive/MedSymmFlow_Project/synthetic_data/pneumoniamnist_normal_2280_filtered/normal_1247.png,/content/drive/MyDrive/MedSymmFlow_Project/fid_analysis/real_normal_1214/real_normal_0619.png,0.9457337856292725
/content/drive/MyDrive/MedSymmFlow_Project/synthetic_data/pneumoniamnist_normal_2280_filtered/normal_1270.png,/content/drive/MyDrive/MedSymmFlow_Project/fid_analysis/real_normal_1214/real_normal_0389.png,0.9457335472106934
/content/drive/MyDrive/MedSymmFlow_Project/synthetic_data/pneumoniamnist_normal_2280_filtered/normal_1035.png,/content/drive/MyDrive/MedSymmFlow_Project/fid_analysis/real_normal_1214/real_normal_0427.png,0.9457085132598877
/content/drive/MyDrive/MedSymmFlow_Project/synthetic_data/pneumoniamnist_normal_2280_filtered/normal_1298.png,/content/drive/MyDrive/MedSymmFlow_Project/fid_analysis/real_normal_1214/real_normal_0684.png,0.9456957578659058
/content/drive/MyDrive/MedSymmFlow_Project/synthetic_data/pneumoniamnist_normal_2280_filtered/normal_0639.png,/content/drive/MyDrive/MedSymmFlow_Project/fid_analysis/real_normal_1214/real_normal_0413.png,0.945681095123291
/content/drive/MyDrive/MedSymmFlow_Project/synthetic_data/pneumoniamnist_normal_2280_filtered/normal_1097.png,/content/drive/MyDrive/MedSymmFlow_Project/fid_analysis/real_normal_1214/real_normal_1176.png,0.9456659555435181
/content/drive/MyDrive/MedSymmFlow_Project/synthetic_data/pneumoniamnist_normal_2280_filtered/normal_0308.png,/content/drive/MyDrive/MedSymmFlow_Project/fid_analysis/real_normal_1214/real_normal_0069.png,0.9456483125686646
/content/drive/MyDrive/MedSymmFlow_Project/synthetic_data/pneumoniamnist_normal_2280_filtered/normal_2264.png,/content/drive/MyDrive/MedSymmFlow_Project/fid_analysis/real_normal_1214/real_normal_0969.png,0.9456462860107422
/content/drive/MyDrive/MedSymmFlow_Project/synthetic_data/pneumoniamnist_normal_2280_filtered/normal_0267.png,/content/drive/MyDrive/MedSymmFlow_Project/fid_analysis/real_normal_1214/real_normal_0411.png,0.9456294775009155
/content/drive/MyDrive/MedSymmFlow_Project/synthetic_data/pneumoniamnist_normal_2280_filtered/normal_0391.png,/content/drive/MyDrive/MedSymmFlow_Project/fid_analysis/real_normal_1214/real_normal_0649.png,0.9456287622451782
/content/drive/MyDrive/MedSymmFlow_Project/synthetic_data/pneumoniamnist_normal_2280_filtered/normal_1207.png,/content/drive/MyDrive/MedSymmFlow_Project/fid_analysis/real_normal_1214/real_normal_0427.png,0.945615828037262
/content/drive/MyDrive/MedSymmFlow_Project/synthetic_data/pneumoniamnist_normal_2280_filtered/normal_0991.png,/content/drive/MyDrive/MedSymmFlow_Project/fid_analysis/real_normal_1214/real_normal_0274.png,0.9456117153167725
/content/drive/MyDrive/MedSymmFlow_Project/synthetic_data/pneumoniamnist_normal_2280_filtered/normal_0617.png,/content/drive/MyDrive/MedSymmFlow_Project/fid_analysis/real_normal_1214/real_normal_0194.png,0.9456108808517456
/content/drive/MyDrive/MedSymmFlow_Project/synthetic_data/pneumoniamnist_normal_2280_filtered/normal_1327.png,/content/drive/MyDrive/MedSymmFlow_Project/fid_analysis/real_normal_1214/real_normal_0824.png,0.9455978274345398
/content/drive/MyDrive/MedSymmFlow_Project/synthetic_data/pneumoniamnist_normal_2280_filtered/normal_0740.png,/content/drive/MyDrive/MedSymmFlow_Project/fid_analysis/real_normal_1214/real_normal_0351.png,0.9455863237380981
/content/drive/MyDrive/MedSymmFlow_Project/synthetic_data/pneumoniamnist_normal_2280_filtered/normal_0828.png,/content/drive/MyDrive/MedSymmFlow_Project/fid_analysis/real_normal_1214/real_normal_0829.png,0.9455822110176086
/content/drive/MyDrive/MedSymmFlow_Project/synthetic_data/pneumoniamnist_normal_2280_filtered/normal_1539.png,/content/drive/MyDrive/MedSymmFlow_Project/fid_analysis/real_normal_1214/real_normal_0875.png,0.9455782175064087
/content/drive/MyDrive/MedSymmFlow_Project/synthetic_data/pneumoniamnist_normal_2280_filtered/normal_1672.png,/content/drive/MyDrive/MedSymmFlow_Project/fid_analysis/real_normal_1214/real_normal_1176.png,0.9455758333206177
/content/drive/MyDrive/MedSymmFlow_Project/synthetic_data/pneumoniamnist_normal_2280_filtered/normal_0810.png,/content/drive/MyDrive/MedSymmFlow_Project/fid_analysis/real_normal_1214/real_normal_0230.png,0.9455724954605103
/content/drive/MyDrive/MedSymmFlow_Project/synthetic_data/pneumoniamnist_normal_2280_filtered/normal_1894.png,/content/drive/MyDrive/MedSymmFlow_Project/fid_analysis/real_normal_1214/real_normal_0539.png,0.9455636739730835
/content/drive/MyDrive/MedSymmFlow_Project/synthetic_data/pneumoniamnist_normal_2280_filtered/normal_1504.png,/content/drive/MyDrive/MedSymmFlow_Project/fid_analysis/real_normal_1214/real_normal_0315.png,0.9455579519271851
/content/drive/MyDrive/MedSymmFlow_Project/synthetic_data/pneumoniamnist_normal_2280_filtered/normal_0368.png,/content/drive/MyDrive/MedSymmFlow_Project/fid_analysis/real_normal_1214/real_normal_0336.png,0.9455429911613464
/content/drive/MyDrive/MedSymmFlow_Project/synthetic_data/pneumoniamnist_normal_2280_filtered/normal_0958.png,/content/drive/MyDrive/MedSymmFlow_Project/fid_analysis/real_normal_1214/real_normal_0469.png,0.9455401301383972
/content/drive/MyDrive/MedSymmFlow_Project/synthetic_data/pneumoniamnist_normal_2280_filtered/normal_0302.png,/content/drive/MyDrive/MedSymmFlow_Project/fid_analysis/real_normal_1214/real_normal_0427.png,0.9455147981643677
/content/drive/MyDrive/MedSymmFlow_Project/synthetic_data/pneumoniamnist_normal_2280_filtered/normal_0038.png,/content/drive/MyDrive/MedSymmFlow_Project/fid_analysis/real_normal_1214/real_normal_0085.png,0.9454845190048218
/content/drive/MyDrive/MedSymmFlow_Project/synthetic_data/pneumoniamnist_normal_2280_filtered/normal_1960.png,/content/drive/MyDrive/MedSymmFlow_Project/fid_analysis/real_normal_1214/real_normal_0806.png,0.945461630821228
/content/drive/MyDrive/MedSymmFlow_Project/synthetic_data/pneumoniamnist_normal_2280_filtered/normal_1796.png,/content/drive/MyDrive/MedSymmFlow_Project/fid_analysis/real_normal_1214/real_normal_0492.png,0.9454584121704102
/content/drive/MyDrive/MedSymmFlow_Project/synthetic_data/pneumoniamnist_normal_2280_filtered/normal_1687.png,/content/drive/MyDrive/MedSymmFlow_Project/fid_analysis/real_normal_1214/real_normal_0829.png,0.9454461336135864
/content/drive/MyDrive/MedSymmFlow_Project/synthetic_data/pneumoniamnist_normal_2280_filtered/normal_0821.png,/content/drive/MyDrive/MedSymmFlow_Project/fid_analysis/real_normal_1214/real_normal_0057.png,0.9454430341720581
/content/drive/MyDrive/MedSymmFlow_Project/synthetic_data/pneumoniamnist_normal_2280_filtered/normal_1652.png,/content/drive/MyDrive/MedSymmFlow_Project/fid_analysis/real_normal_1214/real_normal_0644.png,0.9454385042190552
/content/drive/MyDrive/MedSymmFlow_Project/synthetic_data/pneumoniamnist_normal_2280_filtered/normal_0122.png,/content/drive/MyDrive/MedSymmFlow_Project/fid_analysis/real_normal_1214/real_normal_1106.png,0.9454377889633179
/content/drive/MyDrive/MedSymmFlow_Project/synthetic_data/pneumoniamnist_normal_2280_filtered/normal_0290.png,/content/drive/MyDrive/MedSymmFlow_Project/fid_analysis/real_normal_1214/real_normal_0017.png,0.9454349279403687
/content/drive/MyDrive/MedSymmFlow_Project/synthetic_data/pneumoniamnist_normal_2280_filtered/normal_0669.png,/content/drive/MyDrive/MedSymmFlow_Project/fid_analysis/real_normal_1214/real_normal_0017.png,0.9454345703125
/content/drive/MyDrive/MedSymmFlow_Project/synthetic_data/pneumoniamnist_normal_2280_filtered/normal_1761.png,/content/drive/MyDrive/MedSymmFlow_Project/fid_analysis/real_normal_1214/real_normal_0322.png,0.9454284906387329
/content/drive/MyDrive/MedSymmFlow_Project/synthetic_data/pneumoniamnist_normal_2280_filtered/normal_0599.png,/content/drive/MyDrive/MedSymmFlow_Project/fid_analysis/real_normal_1214/real_normal_0390.png,0.945419192314148
/content/drive/MyDrive/MedSymmFlow_Project/synthetic_data/pneumoniamnist_normal_2280_filtered/normal_0277.png,/content/drive/MyDrive/MedSymmFlow_Project/fid_analysis/real_normal_1214/real_normal_0017.png,0.9454089403152466
/content/drive/MyDrive/MedSymmFlow_Project/synthetic_data/pneumoniamnist_normal_2280_filtered/normal_0718.png,/content/drive/MyDrive/MedSymmFlow_Project/fid_analysis/real_normal_1214/real_normal_0021.png,0.9454048871994019
/content/drive/MyDrive/MedSymmFlow_Project/synthetic_data/pneumoniamnist_normal_2280_filtered/normal_1005.png,/content/drive/MyDrive/MedSymmFlow_Project/fid_analysis/real_normal_1214/real_normal_0336.png,0.9454002976417542
/content/drive/MyDrive/MedSymmFlow_Project/synthetic_data/pneumoniamnist_normal_2280_filtered/normal_2020.png,/content/drive/MyDrive/MedSymmFlow_Project/fid_analysis/real_normal_1214/real_normal_0968.png,0.9453998804092407
/content/drive/MyDrive/MedSymmFlow_Project/synthetic_data/pneumoniamnist_normal_2280_filtered/normal_1599.png,/content/drive/MyDrive/MedSymmFlow_Project/fid_analysis/real_normal_1214/real_normal_0187.png,0.945385217666626
/content/drive/MyDrive/MedSymmFlow_Project/synthetic_data/pneumoniamnist_normal_2280_filtered/normal_0402.png,/content/drive/MyDrive/MedSymmFlow_Project/fid_analysis/real_normal_1214/real_normal_1086.png,0.9453827142715454
/content/drive/MyDrive/MedSymmFlow_Project/synthetic_data/pneumoniamnist_normal_2280_filtered/normal_1321.png,/content/drive/MyDrive/MedSymmFlow_Project/fid_analysis/real_normal_1214/real_normal_0389.png,0.9453815221786499
/content/drive/MyDrive/MedSymmFlow_Project/synthetic_data/pneumoniamnist_normal_2280_filtered/normal_0612.png,/content/drive/MyDrive/MedSymmFlow_Project/fid_analysis/real_normal_1214/real_normal_0642.png,0.9453725814819336
/content/drive/MyDrive/MedSymmFlow_Project/synthetic_data/pneumoniamnist_normal_2280_filtered/normal_2274.png,/content/drive/MyDrive/MedSymmFlow_Project/fid_analysis/real_normal_1214/real_normal_0552.png,0.9453701972961426
/content/drive/MyDrive/MedSymmFlow_Project/synthetic_data/pneumoniamnist_normal_2280_filtered/normal_0634.png,/content/drive/MyDrive/MedSymmFlow_Project/fid_analysis/real_normal_1214/real_normal_0742.png,0.9453517198562622
/content/drive/MyDrive/MedSymmFlow_Project/synthetic_data/pneumoniamnist_normal_2280_filtered/normal_0301.png,/content/drive/MyDrive/MedSymmFlow_Project/fid_analysis/real_normal_1214/real_normal_1189.png,0.9453392028808594
/content/drive/MyDrive/MedSymmFlow_Project/synthetic_data/pneumoniamnist_normal_2280_filtered/normal_0927.png,/content/drive/MyDrive/MedSymmFlow_Project/fid_analysis/real_normal_1214/real_normal_0552.png,0.9453319907188416
/content/drive/MyDrive/MedSymmFlow_Project/synthetic_data/pneumoniamnist_normal_2280_filtered/normal_1869.png,/content/drive/MyDrive/MedSymmFlow_Project/fid_analysis/real_normal_1214/real_normal_0492.png,0.9453184604644775
/content/drive/MyDrive/MedSymmFlow_Project/synthetic_data/pneumoniamnist_normal_2280_filtered/normal_0310.png,/content/drive/MyDrive/MedSymmFlow_Project/fid_analysis/real_normal_1214/real_normal_0427.png,0.9453142285346985
/content/drive/MyDrive/MedSymmFlow_Project/synthetic_data/pneumoniamnist_normal_2280_filtered/normal_0163.png,/content/drive/MyDrive/MedSymmFlow_Project/fid_analysis/real_normal_1214/real_normal_0017.png,0.9452872276306152
/content/drive/MyDrive/MedSymmFlow_Project/synthetic_data/pneumoniamnist_normal_2280_filtered/normal_0708.png,/content/drive/MyDrive/MedSymmFlow_Project/fid_analysis/real_normal_1214/real_normal_0017.png,0.9452609419822693
/content/drive/MyDrive/MedSymmFlow_Project/synthetic_data/pneumoniamnist_normal_2280_filtered/normal_0715.png,/content/drive/MyDrive/MedSymmFlow_Project/fid_analysis/real_normal_1214/real_normal_0411.png,0.9452387690544128
/content/drive/MyDrive/MedSymmFlow_Project/synthetic_data/pneumoniamnist_normal_2280_filtered/normal_1758.png,/content/drive/MyDrive/MedSymmFlow_Project/fid_analysis/real_normal_1214/real_normal_0017.png,0.9452332258224487
/content/drive/MyDrive/MedSymmFlow_Project/synthetic_data/pneumoniamnist_normal_2280_filtered/normal_0541.png,/content/drive/MyDrive/MedSymmFlow_Project/fid_analysis/real_normal_1214/real_normal_0637.png,0.9452112317085266
/content/drive/MyDrive/MedSymmFlow_Project/synthetic_data/pneumoniamnist_normal_2280_filtered/normal_2159.png,/content/drive/MyDrive/MedSymmFlow_Project/fid_analysis/real_normal_1214/real_normal_0829.png,0.9452102184295654
/content/drive/MyDrive/MedSymmFlow_Project/synthetic_data/pneumoniamnist_normal_2280_filtered/normal_2012.png,/content/drive/MyDrive/MedSymmFlow_Project/fid_analysis/real_normal_1214/real_normal_0413.png,0.9452056884765625
/content/drive/MyDrive/MedSymmFlow_Project/synthetic_data/pneumoniamnist_normal_2280_filtered/normal_1586.png,/content/drive/MyDrive/MedSymmFlow_Project/fid_analysis/real_normal_1214/real_normal_0984.png,0.9451987743377686
/content/drive/MyDrive/MedSymmFlow_Project/synthetic_data/pneumoniamnist_normal_2280_filtered/normal_0880.png,/content/drive/MyDrive/MedSymmFlow_Project/fid_analysis/real_normal_1214/real_normal_0934.png,0.9451866149902344
/content/drive/MyDrive/MedSymmFlow_Project/synthetic_data/pneumoniamnist_normal_2280_filtered/normal_1836.png,/content/drive/MyDrive/MedSymmFlow_Project/fid_analysis/real_normal_1214/real_normal_1116.png,0.9451723694801331
/content/drive/MyDrive/MedSymmFlow_Project/synthetic_data/pneumoniamnist_normal_2280_filtered/normal_0341.png,/content/drive/MyDrive/MedSymmFlow_Project/fid_analysis/real_normal_1214/real_normal_0634.png,0.9451602697372437
/content/drive/MyDrive/MedSymmFlow_Project/synthetic_data/pneumoniamnist_normal_2280_filtered/normal_1339.png,/content/drive/MyDrive/MedSymmFlow_Project/fid_analysis/real_normal_1214/real_normal_0900.png,0.9451454281806946
/content/drive/MyDrive/MedSymmFlow_Project/synthetic_data/pneumoniamnist_normal_2280_filtered/normal_0024.png,/content/drive/MyDrive/MedSymmFlow_Project/fid_analysis/real_normal_1214/real_normal_0017.png,0.9451442360877991
/content/drive/MyDrive/MedSymmFlow_Project/synthetic_data/pneumoniamnist_normal_2280_filtered/normal_2068.png,/content/drive/MyDrive/MedSymmFlow_Project/fid_analysis/real_normal_1214/real_normal_1049.png,0.9451364278793335
/content/drive/MyDrive/MedSymmFlow_Project/synthetic_data/pneumoniamnist_normal_2280_filtered/normal_0965.png,/content/drive/MyDrive/MedSymmFlow_Project/fid_analysis/real_normal_1214/real_normal_0552.png,0.9450734853744507
/content/drive/MyDrive/MedSymmFlow_Project/synthetic_data/pneumoniamnist_normal_2280_filtered/normal_0982.png,/content/drive/MyDrive/MedSymmFlow_Project/fid_analysis/real_normal_1214/real_normal_0984.png,0.9450615644454956
/content/drive/MyDrive/MedSymmFlow_Project/synthetic_data/pneumoniamnist_normal_2280_filtered/normal_2058.png,/content/drive/MyDrive/MedSymmFlow_Project/fid_analysis/real_normal_1214/real_normal_0824.png,0.945060133934021
/content/drive/MyDrive/MedSymmFlow_Project/synthetic_data/pneumoniamnist_normal_2280_filtered/normal_1718.png,/content/drive/MyDrive/MedSymmFlow_Project/fid_analysis/real_normal_1214/real_normal_0204.png,0.9450457096099854
/content/drive/MyDrive/MedSymmFlow_Project/synthetic_data/pneumoniamnist_normal_2280_filtered/normal_2188.png,/content/drive/MyDrive/MedSymmFlow_Project/fid_analysis/real_normal_1214/real_normal_0017.png,0.9450323581695557
/content/drive/MyDrive/MedSymmFlow_Project/synthetic_data/pneumoniamnist_normal_2280_filtered/normal_0405.png,/content/drive/MyDrive/MedSymmFlow_Project/fid_analysis/real_normal_1214/real_normal_0336.png,0.9450316429138184
/content/drive/MyDrive/MedSymmFlow_Project/synthetic_data/pneumoniamnist_normal_2280_filtered/normal_2184.png,/content/drive/MyDrive/MedSymmFlow_Project/fid_analysis/real_normal_1214/real_normal_1116.png,0.9450216293334961
/content/drive/MyDrive/MedSymmFlow_Project/synthetic_data/pneumoniamnist_normal_2280_filtered/normal_1136.png,/content/drive/MyDrive/MedSymmFlow_Project/fid_analysis/real_normal_1214/real_normal_0644.png,0.9450132846832275
/content/drive/MyDrive/MedSymmFlow_Project/synthetic_data/pneumoniamnist_normal_2280_filtered/normal_1968.png,/content/drive/MyDrive/MedSymmFlow_Project/fid_analysis/real_normal_1214/real_normal_0829.png,0.9449926614761353
/content/drive/MyDrive/MedSymmFlow_Project/synthetic_data/pneumoniamnist_normal_2280_filtered/normal_1087.png,/content/drive/MyDrive/MedSymmFlow_Project/fid_analysis/real_normal_1214/real_normal_0504.png,0.9449833631515503
/content/drive/MyDrive/MedSymmFlow_Project/synthetic_data/pneumoniamnist_normal_2280_filtered/normal_2113.png,/content/drive/MyDrive/MedSymmFlow_Project/fid_analysis/real_normal_1214/real_normal_0315.png,0.9449827671051025
/content/drive/MyDrive/MedSymmFlow_Project/synthetic_data/pneumoniamnist_normal_2280_filtered/normal_0094.png,/content/drive/MyDrive/MedSymmFlow_Project/fid_analysis/real_normal_1214/real_normal_0855.png,0.9449688196182251
/content/drive/MyDrive/MedSymmFlow_Project/synthetic_data/pneumoniamnist_normal_2280_filtered/normal_0524.png,/content/drive/MyDrive/MedSymmFlow_Project/fid_analysis/real_normal_1214/real_normal_0274.png,0.9449509382247925
/content/drive/MyDrive/MedSymmFlow_Project/synthetic_data/pneumoniamnist_normal_2280_filtered/normal_0731.png,/content/drive/MyDrive/MedSymmFlow_Project/fid_analysis/real_normal_1214/real_normal_1086.png,0.9449478387832642
/content/drive/MyDrive/MedSymmFlow_Project/synthetic_data/pneumoniamnist_normal_2280_filtered/normal_0641.png,/content/drive/MyDrive/MedSymmFlow_Project/fid_analysis/real_normal_1214/real_normal_0056.png,0.944904088973999
/content/drive/MyDrive/MedSymmFlow_Project/synthetic_data/pneumoniamnist_normal_2280_filtered/normal_0074.png,/content/drive/MyDrive/MedSymmFlow_Project/fid_analysis/real_normal_1214/real_normal_0336.png,0.9448931217193604
/content/drive/MyDrive/MedSymmFlow_Project/synthetic_data/pneumoniamnist_normal_2280_filtered/normal_0396.png,/content/drive/MyDrive/MedSymmFlow_Project/fid_analysis/real_normal_1214/real_normal_0069.png,0.944890558719635
/content/drive/MyDrive/MedSymmFlow_Project/synthetic_data/pneumoniamnist_normal_2280_filtered/normal_0425.png,/content/drive/MyDrive/MedSymmFlow_Project/fid_analysis/real_normal_1214/real_normal_0829.png,0.9448782801628113
/content/drive/MyDrive/MedSymmFlow_Project/synthetic_data/pneumoniamnist_normal_2280_filtered/normal_0285.png,/content/drive/MyDrive/MedSymmFlow_Project/fid_analysis/real_normal_1214/real_normal_0083.png,0.944869875907898
/content/drive/MyDrive/MedSymmFlow_Project/synthetic_data/pneumoniamnist_normal_2280_filtered/normal_1816.png,/content/drive/MyDrive/MedSymmFlow_Project/fid_analysis/real_normal_1214/real_normal_0552.png,0.9448511600494385
/content/drive/MyDrive/MedSymmFlow_Project/synthetic_data/pneumoniamnist_normal_2280_filtered/normal_0817.png,/content/drive/MyDrive/MedSymmFlow_Project/fid_analysis/real_normal_1214/real_normal_0017.png,0.9448312520980835
/content/drive/MyDrive/MedSymmFlow_Project/synthetic_data/pneumoniamnist_normal_2280_filtered/normal_0088.png,/content/drive/MyDrive/MedSymmFlow_Project/fid_analysis/real_normal_1214/real_normal_0017.png,0.9448077082633972
/content/drive/MyDrive/MedSymmFlow_Project/synthetic_data/pneumoniamnist_normal_2280_filtered/normal_1276.png,/content/drive/MyDrive/MedSymmFlow_Project/fid_analysis/real_normal_1214/real_normal_0326.png,0.9448012113571167
/content/drive/MyDrive/MedSymmFlow_Project/synthetic_data/pneumoniamnist_normal_2280_filtered/normal_0717.png,/content/drive/MyDrive/MedSymmFlow_Project/fid_analysis/real_normal_1214/real_normal_0124.png,0.9448010921478271
/content/drive/MyDrive/MedSymmFlow_Project/synthetic_data/pneumoniamnist_normal_2280_filtered/normal_0526.png,/content/drive/MyDrive/MedSymmFlow_Project/fid_analysis/real_normal_1214/real_normal_1188.png,0.9447993040084839
/content/drive/MyDrive/MedSymmFlow_Project/synthetic_data/pneumoniamnist_normal_2280_filtered/normal_0926.png,/content/drive/MyDrive/MedSymmFlow_Project/fid_analysis/real_normal_1214/real_normal_0427.png,0.9447968006134033
/content/drive/MyDrive/MedSymmFlow_Project/synthetic_data/pneumoniamnist_normal_2280_filtered/normal_1759.png,/content/drive/MyDrive/MedSymmFlow_Project/fid_analysis/real_normal_1214/real_normal_0166.png,0.9447944164276123
/content/drive/MyDrive/MedSymmFlow_Project/synthetic_data/pneumoniamnist_normal_2280_filtered/normal_1707.png,/content/drive/MyDrive/MedSymmFlow_Project/fid_analysis/real_normal_1214/real_normal_0592.png,0.9447869658470154
/content/drive/MyDrive/MedSymmFlow_Project/synthetic_data/pneumoniamnist_normal_2280_filtered/normal_0479.png,/content/drive/MyDrive/MedSymmFlow_Project/fid_analysis/real_normal_1214/real_normal_0017.png,0.9447790384292603
/content/drive/MyDrive/MedSymmFlow_Project/synthetic_data/pneumoniamnist_normal_2280_filtered/normal_1095.png,/content/drive/MyDrive/MedSymmFlow_Project/fid_analysis/real_normal_1214/real_normal_0194.png,0.9447774887084961
/content/drive/MyDrive/MedSymmFlow_Project/synthetic_data/pneumoniamnist_normal_2280_filtered/normal_1830.png,/content/drive/MyDrive/MedSymmFlow_Project/fid_analysis/real_normal_1214/real_normal_0336.png,0.9447543621063232
/content/drive/MyDrive/MedSymmFlow_Project/synthetic_data/pneumoniamnist_normal_2280_filtered/normal_2104.png,/content/drive/MyDrive/MedSymmFlow_Project/fid_analysis/real_normal_1214/real_normal_0389.png,0.9447501301765442
/content/drive/MyDrive/MedSymmFlow_Project/synthetic_data/pneumoniamnist_normal_2280_filtered/normal_1720.png,/content/drive/MyDrive/MedSymmFlow_Project/fid_analysis/real_normal_1214/real_normal_1079.png,0.9447430968284607
/content/drive/MyDrive/MedSymmFlow_Project/synthetic_data/pneumoniamnist_normal_2280_filtered/normal_0690.png,/content/drive/MyDrive/MedSymmFlow_Project/fid_analysis/real_normal_1214/real_normal_0552.png,0.9447195529937744
/content/drive/MyDrive/MedSymmFlow_Project/synthetic_data/pneumoniamnist_normal_2280_filtered/normal_0326.png,/content/drive/MyDrive/MedSymmFlow_Project/fid_analysis/real_normal_1214/real_normal_1086.png,0.9447174072265625
/content/drive/MyDrive/MedSymmFlow_Project/synthetic_data/pneumoniamnist_normal_2280_filtered/normal_0862.png,/content/drive/MyDrive/MedSymmFlow_Project/fid_analysis/real_normal_1214/real_normal_0017.png,0.9447063207626343
/content/drive/MyDrive/MedSymmFlow_Project/synthetic_data/pneumoniamnist_normal_2280_filtered/normal_1548.png,/content/drive/MyDrive/MedSymmFlow_Project/fid_analysis/real_normal_1214/real_normal_0185.png,0.9446917772293091
/content/drive/MyDrive/MedSymmFlow_Project/synthetic_data/pneumoniamnist_normal_2280_filtered/normal_1777.png,/content/drive/MyDrive/MedSymmFlow_Project/fid_analysis/real_normal_1214/real_normal_0600.png,0.9446842670440674
/content/drive/MyDrive/MedSymmFlow_Project/synthetic_data/pneumoniamnist_normal_2280_filtered/normal_0537.png,/content/drive/MyDrive/MedSymmFlow_Project/fid_analysis/real_normal_1214/real_normal_0315.png,0.9446759819984436
/content/drive/MyDrive/MedSymmFlow_Project/synthetic_data/pneumoniamnist_normal_2280_filtered/normal_1795.png,/content/drive/MyDrive/MedSymmFlow_Project/fid_analysis/real_normal_1214/real_normal_0742.png,0.9446736574172974
/content/drive/MyDrive/MedSymmFlow_Project/synthetic_data/pneumoniamnist_normal_2280_filtered/normal_1228.png,/content/drive/MyDrive/MedSymmFlow_Project/fid_analysis/real_normal_1214/real_normal_0315.png,0.9446568489074707
/content/drive/MyDrive/MedSymmFlow_Project/synthetic_data/pneumoniamnist_normal_2280_filtered/normal_0363.png,/content/drive/MyDrive/MedSymmFlow_Project/fid_analysis/real_normal_1214/real_normal_0968.png,0.9446520805358887
/content/drive/MyDrive/MedSymmFlow_Project/synthetic_data/pneumoniamnist_normal_2280_filtered/normal_1453.png,/content/drive/MyDrive/MedSymmFlow_Project/fid_analysis/real_normal_1214/real_normal_0492.png,0.9446430206298828
/content/drive/MyDrive/MedSymmFlow_Project/synthetic_data/pneumoniamnist_normal_2280_filtered/normal_0825.png,/content/drive/MyDrive/MedSymmFlow_Project/fid_analysis/real_normal_1214/real_normal_0963.png,0.9446414709091187
/content/drive/MyDrive/MedSymmFlow_Project/synthetic_data/pneumoniamnist_normal_2280_filtered/normal_1218.png,/content/drive/MyDrive/MedSymmFlow_Project/fid_analysis/real_normal_1214/real_normal_0834.png,0.9446262121200562
/content/drive/MyDrive/MedSymmFlow_Project/synthetic_data/pneumoniamnist_normal_2280_filtered/normal_0324.png,/content/drive/MyDrive/MedSymmFlow_Project/fid_analysis/real_normal_1214/real_normal_0355.png,0.9446248412132263
/content/drive/MyDrive/MedSymmFlow_Project/synthetic_data/pneumoniamnist_normal_2280_filtered/normal_1190.png,/content/drive/MyDrive/MedSymmFlow_Project/fid_analysis/real_normal_1214/real_normal_0552.png,0.9446089267730713
/content/drive/MyDrive/MedSymmFlow_Project/synthetic_data/pneumoniamnist_normal_2280_filtered/normal_2160.png,/content/drive/MyDrive/MedSymmFlow_Project/fid_analysis/real_normal_1214/real_normal_0834.png,0.9446083903312683
/content/drive/MyDrive/MedSymmFlow_Project/synthetic_data/pneumoniamnist_normal_2280_filtered/normal_1562.png,/content/drive/MyDrive/MedSymmFlow_Project/fid_analysis/real_normal_1214/real_normal_0346.png,0.9445701837539673
/content/drive/MyDrive/MedSymmFlow_Project/synthetic_data/pneumoniamnist_normal_2280_filtered/normal_0017.png,/content/drive/MyDrive/MedSymmFlow_Project/fid_analysis/real_normal_1214/real_normal_0441.png,0.944528341293335
/content/drive/MyDrive/MedSymmFlow_Project/synthetic_data/pneumoniamnist_normal_2280_filtered/normal_0280.png,/content/drive/MyDrive/MedSymmFlow_Project/fid_analysis/real_normal_1214/real_normal_0144.png,0.9445241689682007
/content/drive/MyDrive/MedSymmFlow_Project/synthetic_data/pneumoniamnist_normal_2280_filtered/normal_0357.png,/content/drive/MyDrive/MedSymmFlow_Project/fid_analysis/real_normal_1214/real_normal_0017.png,0.9445173740386963
/content/drive/MyDrive/MedSymmFlow_Project/synthetic_data/pneumoniamnist_normal_2280_filtered/normal_1986.png,/content/drive/MyDrive/MedSymmFlow_Project/fid_analysis/real_normal_1214/real_normal_0315.png,0.9445168972015381
/content/drive/MyDrive/MedSymmFlow_Project/synthetic_data/pneumoniamnist_normal_2280_filtered/normal_0518.png,/content/drive/MyDrive/MedSymmFlow_Project/fid_analysis/real_normal_1214/real_normal_0236.png,0.9445071220397949
/content/drive/MyDrive/MedSymmFlow_Project/synthetic_data/pneumoniamnist_normal_2280_filtered/normal_0871.png,/content/drive/MyDrive/MedSymmFlow_Project/fid_analysis/real_normal_1214/real_normal_0044.png,0.9445010423660278
/content/drive/MyDrive/MedSymmFlow_Project/synthetic_data/pneumoniamnist_normal_2280_filtered/normal_1412.png,/content/drive/MyDrive/MedSymmFlow_Project/fid_analysis/real_normal_1214/real_normal_0592.png,0.9445006847381592
/content/drive/MyDrive/MedSymmFlow_Project/synthetic_data/pneumoniamnist_normal_2280_filtered/normal_0724.png,/content/drive/MyDrive/MedSymmFlow_Project/fid_analysis/real_normal_1214/real_normal_1028.png,0.9444998502731323
/content/drive/MyDrive/MedSymmFlow_Project/synthetic_data/pneumoniamnist_normal_2280_filtered/normal_1717.png,/content/drive/MyDrive/MedSymmFlow_Project/fid_analysis/real_normal_1214/real_normal_0644.png,0.9444834589958191
/content/drive/MyDrive/MedSymmFlow_Project/synthetic_data/pneumoniamnist_normal_2280_filtered/normal_1641.png,/content/drive/MyDrive/MedSymmFlow_Project/fid_analysis/real_normal_1214/real_normal_0552.png,0.9444742202758789
/content/drive/MyDrive/MedSymmFlow_Project/synthetic_data/pneumoniamnist_normal_2280_filtered/normal_1928.png,/content/drive/MyDrive/MedSymmFlow_Project/fid_analysis/real_normal_1214/real_normal_0968.png,0.944473385810852
/content/drive/MyDrive/MedSymmFlow_Project/synthetic_data/pneumoniamnist_normal_2280_filtered/normal_0091.png,/content/drive/MyDrive/MedSymmFlow_Project/fid_analysis/real_normal_1214/real_normal_0336.png,0.9444597959518433
/content/drive/MyDrive/MedSymmFlow_Project/synthetic_data/pneumoniamnist_normal_2280_filtered/normal_0264.png,/content/drive/MyDrive/MedSymmFlow_Project/fid_analysis/real_normal_1214/real_normal_0760.png,0.9444462060928345
/content/drive/MyDrive/MedSymmFlow_Project/synthetic_data/pneumoniamnist_normal_2280_filtered/normal_0020.png,/content/drive/MyDrive/MedSymmFlow_Project/fid_analysis/real_normal_1214/real_normal_0236.png,0.9444161653518677
/content/drive/MyDrive/MedSymmFlow_Project/synthetic_data/pneumoniamnist_normal_2280_filtered/normal_0209.png,/content/drive/MyDrive/MedSymmFlow_Project/fid_analysis/real_normal_1214/real_normal_0192.png,0.9444143176078796
/content/drive/MyDrive/MedSymmFlow_Project/synthetic_data/pneumoniamnist_normal_2280_filtered/normal_0754.png,/content/drive/MyDrive/MedSymmFlow_Project/fid_analysis/real_normal_1214/real_normal_0571.png,0.9444135427474976
/content/drive/MyDrive/MedSymmFlow_Project/synthetic_data/pneumoniamnist_normal_2280_filtered/normal_0666.png,/content/drive/MyDrive/MedSymmFlow_Project/fid_analysis/real_normal_1214/real_normal_1017.png,0.94440758228302
/content/drive/MyDrive/MedSymmFlow_Project/synthetic_data/pneumoniamnist_normal_2280_filtered/normal_0814.png,/content/drive/MyDrive/MedSymmFlow_Project/fid_analysis/real_normal_1214/real_normal_0389.png,0.9444063901901245
/content/drive/MyDrive/MedSymmFlow_Project/synthetic_data/pneumoniamnist_normal_2280_filtered/normal_0124.png,/content/drive/MyDrive/MedSymmFlow_Project/fid_analysis/real_normal_1214/real_normal_0108.png,0.9444015026092529
/content/drive/MyDrive/MedSymmFlow_Project/synthetic_data/pneumoniamnist_normal_2280_filtered/normal_0208.png,/content/drive/MyDrive/MedSymmFlow_Project/fid_analysis/real_normal_1214/real_normal_0017.png,0.944385290145874
/content/drive/MyDrive/MedSymmFlow_Project/synthetic_data/pneumoniamnist_normal_2280_filtered/normal_1822.png,/content/drive/MyDrive/MedSymmFlow_Project/fid_analysis/real_normal_1214/real_normal_0731.png,0.9443850517272949
/content/drive/MyDrive/MedSymmFlow_Project/synthetic_data/pneumoniamnist_normal_2280_filtered/normal_0278.png,/content/drive/MyDrive/MedSymmFlow_Project/fid_analysis/real_normal_1214/real_normal_0649.png,0.9443819522857666
/content/drive/MyDrive/MedSymmFlow_Project/synthetic_data/pneumoniamnist_normal_2280_filtered/normal_0184.png,/content/drive/MyDrive/MedSymmFlow_Project/fid_analysis/real_normal_1214/real_normal_0731.png,0.9443813562393188
/content/drive/MyDrive/MedSymmFlow_Project/synthetic_data/pneumoniamnist_normal_2280_filtered/normal_1231.png,/content/drive/MyDrive/MedSymmFlow_Project/fid_analysis/real_normal_1214/real_normal_1086.png,0.9443792700767517
/content/drive/MyDrive/MedSymmFlow_Project/synthetic_data/pneumoniamnist_normal_2280_filtered/normal_2180.png,/content/drive/MyDrive/MedSymmFlow_Project/fid_analysis/real_normal_1214/real_normal_0052.png,0.94437575340271
/content/drive/MyDrive/MedSymmFlow_Project/synthetic_data/pneumoniamnist_normal_2280_filtered/normal_0201.png,/content/drive/MyDrive/MedSymmFlow_Project/fid_analysis/real_normal_1214/real_normal_0194.png,0.9443667531013489
/content/drive/MyDrive/MedSymmFlow_Project/synthetic_data/pneumoniamnist_normal_2280_filtered/normal_0584.png,/content/drive/MyDrive/MedSymmFlow_Project/fid_analysis/real_normal_1214/real_normal_0089.png,0.9443560242652893
/content/drive/MyDrive/MedSymmFlow_Project/synthetic_data/pneumoniamnist_normal_2280_filtered/normal_1754.png,/content/drive/MyDrive/MedSymmFlow_Project/fid_analysis/real_normal_1214/real_normal_1049.png,0.9443552494049072
/content/drive/MyDrive/MedSymmFlow_Project/synthetic_data/pneumoniamnist_normal_2280_filtered/normal_1099.png,/content/drive/MyDrive/MedSymmFlow_Project/fid_analysis/real_normal_1214/real_normal_1189.png,0.9443488717079163
/content/drive/MyDrive/MedSymmFlow_Project/synthetic_data/pneumoniamnist_normal_2280_filtered/normal_0092.png,/content/drive/MyDrive/MedSymmFlow_Project/fid_analysis/real_normal_1214/real_normal_0968.png,0.9443466663360596
/content/drive/MyDrive/MedSymmFlow_Project/synthetic_data/pneumoniamnist_normal_2280_filtered/normal_1900.png,/content/drive/MyDrive/MedSymmFlow_Project/fid_analysis/real_normal_1214/real_normal_0481.png,0.944337010383606
/content/drive/MyDrive/MedSymmFlow_Project/synthetic_data/pneumoniamnist_normal_2280_filtered/normal_0850.png,/content/drive/MyDrive/MedSymmFlow_Project/fid_analysis/real_normal_1214/real_normal_0763.png,0.9443185329437256
/content/drive/MyDrive/MedSymmFlow_Project/synthetic_data/pneumoniamnist_normal_2280_filtered/normal_1468.png,/content/drive/MyDrive/MedSymmFlow_Project/fid_analysis/real_normal_1214/real_normal_0984.png,0.9443082809448242
/content/drive/MyDrive/MedSymmFlow_Project/synthetic_data/pneumoniamnist_normal_2280_filtered/normal_0586.png,/content/drive/MyDrive/MedSymmFlow_Project/fid_analysis/real_normal_1214/real_normal_0017.png,0.9443045854568481
/content/drive/MyDrive/MedSymmFlow_Project/synthetic_data/pneumoniamnist_normal_2280_filtered/normal_1863.png,/content/drive/MyDrive/MedSymmFlow_Project/fid_analysis/real_normal_1214/real_normal_0984.png,0.9443045854568481
/content/drive/MyDrive/MedSymmFlow_Project/synthetic_data/pneumoniamnist_normal_2280_filtered/normal_0049.png,/content/drive/MyDrive/MedSymmFlow_Project/fid_analysis/real_normal_1214/real_normal_1176.png,0.9443024396896362
/content/drive/MyDrive/MedSymmFlow_Project/synthetic_data/pneumoniamnist_normal_2280_filtered/normal_0067.png,/content/drive/MyDrive/MedSymmFlow_Project/fid_analysis/real_normal_1214/real_normal_0504.png,0.944281280040741
/content/drive/MyDrive/MedSymmFlow_Project/synthetic_data/pneumoniamnist_normal_2280_filtered/normal_0500.png,/content/drive/MyDrive/MedSymmFlow_Project/fid_analysis/real_normal_1214/real_normal_0624.png,0.944251537322998
/content/drive/MyDrive/MedSymmFlow_Project/synthetic_data/pneumoniamnist_normal_2280_filtered/normal_0866.png,/content/drive/MyDrive/MedSymmFlow_Project/fid_analysis/real_normal_1214/real_normal_0321.png,0.944242000579834
/content/drive/MyDrive/MedSymmFlow_Project/synthetic_data/pneumoniamnist_normal_2280_filtered/normal_2157.png,/content/drive/MyDrive/MedSymmFlow_Project/fid_analysis/real_normal_1214/real_normal_0390.png,0.9442381858825684
/content/drive/MyDrive/MedSymmFlow_Project/synthetic_data/pneumoniamnist_normal_2280_filtered/normal_2137.png,/content/drive/MyDrive/MedSymmFlow_Project/fid_analysis/real_normal_1214/real_normal_1086.png,0.9442281723022461
/content/drive/MyDrive/MedSymmFlow_Project/synthetic_data/pneumoniamnist_normal_2280_filtered/normal_1705.png,/content/drive/MyDrive/MedSymmFlow_Project/fid_analysis/real_normal_1214/real_normal_0069.png,0.9442219734191895
/content/drive/MyDrive/MedSymmFlow_Project/synthetic_data/pneumoniamnist_normal_2280_filtered/normal_0403.png,/content/drive/MyDrive/MedSymmFlow_Project/fid_analysis/real_normal_1214/real_normal_0140.png,0.944219172000885
/content/drive/MyDrive/MedSymmFlow_Project/synthetic_data/pneumoniamnist_normal_2280_filtered/normal_0700.png,/content/drive/MyDrive/MedSymmFlow_Project/fid_analysis/real_normal_1214/real_normal_1028.png,0.9442189335823059
/content/drive/MyDrive/MedSymmFlow_Project/synthetic_data/pneumoniamnist_normal_2280_filtered/normal_2174.png,/content/drive/MyDrive/MedSymmFlow_Project/fid_analysis/real_normal_1214/real_normal_0485.png,0.944217324256897
/content/drive/MyDrive/MedSymmFlow_Project/synthetic_data/pneumoniamnist_normal_2280_filtered/normal_0416.png,/content/drive/MyDrive/MedSymmFlow_Project/fid_analysis/real_normal_1214/real_normal_0837.png,0.944212794303894
/content/drive/MyDrive/MedSymmFlow_Project/synthetic_data/pneumoniamnist_normal_2280_filtered/normal_0021.png,/content/drive/MyDrive/MedSymmFlow_Project/fid_analysis/real_normal_1214/real_normal_0834.png,0.9442113041877747
/content/drive/MyDrive/MedSymmFlow_Project/synthetic_data/pneumoniamnist_normal_2280_filtered/normal_0742.png,/content/drive/MyDrive/MedSymmFlow_Project/fid_analysis/real_normal_1214/real_normal_0017.png,0.9442046880722046
/content/drive/MyDrive/MedSymmFlow_Project/synthetic_data/pneumoniamnist_normal_2280_filtered/normal_1543.png,/content/drive/MyDrive/MedSymmFlow_Project/fid_analysis/real_normal_1214/real_normal_0090.png,0.9441878795623779
/content/drive/MyDrive/MedSymmFlow_Project/synthetic_data/pneumoniamnist_normal_2280_filtered/normal_0372.png,/content/drive/MyDrive/MedSymmFlow_Project/fid_analysis/real_normal_1214/real_normal_0649.png,0.9441831111907959
/content/drive/MyDrive/MedSymmFlow_Project/synthetic_data/pneumoniamnist_normal_2280_filtered/normal_1996.png,/content/drive/MyDrive/MedSymmFlow_Project/fid_analysis/real_normal_1214/real_normal_1028.png,0.9441828727722168
/content/drive/MyDrive/MedSymmFlow_Project/synthetic_data/pneumoniamnist_normal_2280_filtered/normal_0398.png,/content/drive/MyDrive/MedSymmFlow_Project/fid_analysis/real_normal_1214/real_normal_1086.png,0.9441824555397034
/content/drive/MyDrive/MedSymmFlow_Project/synthetic_data/pneumoniamnist_normal_2280_filtered/normal_1345.png,/content/drive/MyDrive/MedSymmFlow_Project/fid_analysis/real_normal_1214/real_normal_0649.png,0.9441701173782349
/content/drive/MyDrive/MedSymmFlow_Project/synthetic_data/pneumoniamnist_normal_2280_filtered/normal_2212.png,/content/drive/MyDrive/MedSymmFlow_Project/fid_analysis/real_normal_1214/real_normal_0315.png,0.944167971611023
/content/drive/MyDrive/MedSymmFlow_Project/synthetic_data/pneumoniamnist_normal_2280_filtered/normal_0152.png,/content/drive/MyDrive/MedSymmFlow_Project/fid_analysis/real_normal_1214/real_normal_0017.png,0.9441642761230469
/content/drive/MyDrive/MedSymmFlow_Project/synthetic_data/pneumoniamnist_normal_2280_filtered/normal_2141.png,/content/drive/MyDrive/MedSymmFlow_Project/fid_analysis/real_normal_1214/real_normal_0321.png,0.9441579580307007
/content/drive/MyDrive/MedSymmFlow_Project/synthetic_data/pneumoniamnist_normal_2280_filtered/normal_0234.png,/content/drive/MyDrive/MedSymmFlow_Project/fid_analysis/real_normal_1214/real_normal_0402.png,0.9441425800323486
/content/drive/MyDrive/MedSymmFlow_Project/synthetic_data/pneumoniamnist_normal_2280_filtered/normal_1471.png,/content/drive/MyDrive/MedSymmFlow_Project/fid_analysis/real_normal_1214/real_normal_0684.png,0.9441385269165039
/content/drive/MyDrive/MedSymmFlow_Project/synthetic_data/pneumoniamnist_normal_2280_filtered/normal_0178.png,/content/drive/MyDrive/MedSymmFlow_Project/fid_analysis/real_normal_1214/real_normal_0069.png,0.9441299438476562
/content/drive/MyDrive/MedSymmFlow_Project/synthetic_data/pneumoniamnist_normal_2280_filtered/normal_0746.png,/content/drive/MyDrive/MedSymmFlow_Project/fid_analysis/real_normal_1214/real_normal_0012.png,0.9441239833831787
/content/drive/MyDrive/MedSymmFlow_Project/synthetic_data/pneumoniamnist_normal_2280_filtered/normal_1584.png,/content/drive/MyDrive/MedSymmFlow_Project/fid_analysis/real_normal_1214/real_normal_0834.png,0.9441206455230713
/content/drive/MyDrive/MedSymmFlow_Project/synthetic_data/pneumoniamnist_normal_2280_filtered/normal_0986.png,/content/drive/MyDrive/MedSymmFlow_Project/fid_analysis/real_normal_1214/real_normal_0927.png,0.9441203474998474
/content/drive/MyDrive/MedSymmFlow_Project/synthetic_data/pneumoniamnist_normal_2280_filtered/normal_0291.png,/content/drive/MyDrive/MedSymmFlow_Project/fid_analysis/real_normal_1214/real_normal_0834.png,0.944114089012146
/content/drive/MyDrive/MedSymmFlow_Project/synthetic_data/pneumoniamnist_normal_2280_filtered/normal_1142.png,/content/drive/MyDrive/MedSymmFlow_Project/fid_analysis/real_normal_1214/real_normal_0322.png,0.944109320640564
/content/drive/MyDrive/MedSymmFlow_Project/synthetic_data/pneumoniamnist_normal_2280_filtered/normal_0502.png,/content/drive/MyDrive/MedSymmFlow_Project/fid_analysis/real_normal_1214/real_normal_0413.png,0.9440768957138062
/content/drive/MyDrive/MedSymmFlow_Project/synthetic_data/pneumoniamnist_normal_2280_filtered/normal_0449.png,/content/drive/MyDrive/MedSymmFlow_Project/fid_analysis/real_normal_1214/real_normal_0963.png,0.9440709352493286
/content/drive/MyDrive/MedSymmFlow_Project/synthetic_data/pneumoniamnist_normal_2280_filtered/normal_1934.png,/content/drive/MyDrive/MedSymmFlow_Project/fid_analysis/real_normal_1214/real_normal_0337.png,0.9440674781799316
/content/drive/MyDrive/MedSymmFlow_Project/synthetic_data/pneumoniamnist_normal_2280_filtered/normal_1874.png,/content/drive/MyDrive/MedSymmFlow_Project/fid_analysis/real_normal_1214/real_normal_0984.png,0.9440525770187378
/content/drive/MyDrive/MedSymmFlow_Project/synthetic_data/pneumoniamnist_normal_2280_filtered/normal_1765.png,/content/drive/MyDrive/MedSymmFlow_Project/fid_analysis/real_normal_1214/real_normal_1028.png,0.9440523386001587
/content/drive/MyDrive/MedSymmFlow_Project/synthetic_data/pneumoniamnist_normal_2280_filtered/normal_0732.png,/content/drive/MyDrive/MedSymmFlow_Project/fid_analysis/real_normal_1214/real_normal_0634.png,0.9440467357635498
/content/drive/MyDrive/MedSymmFlow_Project/synthetic_data/pneumoniamnist_normal_2280_filtered/normal_0336.png,/content/drive/MyDrive/MedSymmFlow_Project/fid_analysis/real_normal_1214/real_normal_0211.png,0.9440460205078125
/content/drive/MyDrive/MedSymmFlow_Project/synthetic_data/pneumoniamnist_normal_2280_filtered/normal_0954.png,/content/drive/MyDrive/MedSymmFlow_Project/fid_analysis/real_normal_1214/real_normal_0554.png,0.9440209269523621
/content/drive/MyDrive/MedSymmFlow_Project/synthetic_data/pneumoniamnist_normal_2280_filtered/normal_1961.png,/content/drive/MyDrive/MedSymmFlow_Project/fid_analysis/real_normal_1214/real_normal_1057.png,0.9440190196037292
/content/drive/MyDrive/MedSymmFlow_Project/synthetic_data/pneumoniamnist_normal_2280_filtered/normal_0275.png,/content/drive/MyDrive/MedSymmFlow_Project/fid_analysis/real_normal_1214/real_normal_0552.png,0.9440129399299622
/content/drive/MyDrive/MedSymmFlow_Project/synthetic_data/pneumoniamnist_normal_2280_filtered/normal_2071.png,/content/drive/MyDrive/MedSymmFlow_Project/fid_analysis/real_normal_1214/real_normal_0492.png,0.94400554895401
/content/drive/MyDrive/MedSymmFlow_Project/synthetic_data/pneumoniamnist_normal_2280_filtered/normal_0168.png,/content/drive/MyDrive/MedSymmFlow_Project/fid_analysis/real_normal_1214/real_normal_0069.png,0.9440003633499146
/content/drive/MyDrive/MedSymmFlow_Project/synthetic_data/pneumoniamnist_normal_2280_filtered/normal_0224.png,/content/drive/MyDrive/MedSymmFlow_Project/fid_analysis/real_normal_1214/real_normal_0161.png,0.9439935684204102
/content/drive/MyDrive/MedSymmFlow_Project/synthetic_data/pneumoniamnist_normal_2280_filtered/normal_0129.png,/content/drive/MyDrive/MedSymmFlow_Project/fid_analysis/real_normal_1214/real_normal_0639.png,0.943991482257843
/content/drive/MyDrive/MedSymmFlow_Project/synthetic_data/pneumoniamnist_normal_2280_filtered/normal_1092.png,/content/drive/MyDrive/MedSymmFlow_Project/fid_analysis/real_normal_1214/real_normal_0116.png,0.9439763426780701
/content/drive/MyDrive/MedSymmFlow_Project/synthetic_data/pneumoniamnist_normal_2280_filtered/normal_1950.png,/content/drive/MyDrive/MedSymmFlow_Project/fid_analysis/real_normal_1214/real_normal_0258.png,0.9439727663993835
/content/drive/MyDrive/MedSymmFlow_Project/synthetic_data/pneumoniamnist_normal_2280_filtered/normal_0549.png,/content/drive/MyDrive/MedSymmFlow_Project/fid_analysis/real_normal_1214/real_normal_0389.png,0.9439618587493896
/content/drive/MyDrive/MedSymmFlow_Project/synthetic_data/pneumoniamnist_normal_2280_filtered/normal_2011.png,/content/drive/MyDrive/MedSymmFlow_Project/fid_analysis/real_normal_1214/real_normal_0238.png,0.943916916847229
/content/drive/MyDrive/MedSymmFlow_Project/synthetic_data/pneumoniamnist_normal_2280_filtered/normal_0607.png,/content/drive/MyDrive/MedSymmFlow_Project/fid_analysis/real_normal_1214/real_normal_0322.png,0.9439142346382141
/content/drive/MyDrive/MedSymmFlow_Project/synthetic_data/pneumoniamnist_normal_2280_filtered/normal_0080.png,/content/drive/MyDrive/MedSymmFlow_Project/fid_analysis/real_normal_1214/real_normal_0017.png,0.9439082741737366
/content/drive/MyDrive/MedSymmFlow_Project/synthetic_data/pneumoniamnist_normal_2280_filtered/normal_1038.png,/content/drive/MyDrive/MedSymmFlow_Project/fid_analysis/real_normal_1214/real_normal_0032.png,0.9439040422439575
/content/drive/MyDrive/MedSymmFlow_Project/synthetic_data/pneumoniamnist_normal_2280_filtered/normal_0064.png,/content/drive/MyDrive/MedSymmFlow_Project/fid_analysis/real_normal_1214/real_normal_0032.png,0.9439037442207336
/content/drive/MyDrive/MedSymmFlow_Project/synthetic_data/pneumoniamnist_normal_2280_filtered/normal_0375.png,/content/drive/MyDrive/MedSymmFlow_Project/fid_analysis/real_normal_1214/real_normal_0236.png,0.943891167640686
/content/drive/MyDrive/MedSymmFlow_Project/synthetic_data/pneumoniamnist_normal_2280_filtered/normal_0254.png,/content/drive/MyDrive/MedSymmFlow_Project/fid_analysis/real_normal_1214/real_normal_0490.png,0.9438908100128174
/content/drive/MyDrive/MedSymmFlow_Project/synthetic_data/pneumoniamnist_normal_2280_filtered/normal_1632.png,/content/drive/MyDrive/MedSymmFlow_Project/fid_analysis/real_normal_1214/real_normal_0725.png,0.9438881874084473
/content/drive/MyDrive/MedSymmFlow_Project/synthetic_data/pneumoniamnist_normal_2280_filtered/normal_1935.png,/content/drive/MyDrive/MedSymmFlow_Project/fid_analysis/real_normal_1214/real_normal_1086.png,0.9438835382461548
/content/drive/MyDrive/MedSymmFlow_Project/synthetic_data/pneumoniamnist_normal_2280_filtered/normal_0470.png,/content/drive/MyDrive/MedSymmFlow_Project/fid_analysis/real_normal_1214/real_normal_1017.png,0.9438743591308594
/content/drive/MyDrive/MedSymmFlow_Project/synthetic_data/pneumoniamnist_normal_2280_filtered/normal_0143.png,/content/drive/MyDrive/MedSymmFlow_Project/fid_analysis/real_normal_1214/real_normal_1176.png,0.9438642263412476
/content/drive/MyDrive/MedSymmFlow_Project/synthetic_data/pneumoniamnist_normal_2280_filtered/normal_0257.png,/content/drive/MyDrive/MedSymmFlow_Project/fid_analysis/real_normal_1214/real_normal_0069.png,0.943855881690979
/content/drive/MyDrive/MedSymmFlow_Project/synthetic_data/pneumoniamnist_normal_2280_filtered/normal_0961.png,/content/drive/MyDrive/MedSymmFlow_Project/fid_analysis/real_normal_1214/real_normal_0294.png,0.9438331127166748
/content/drive/MyDrive/MedSymmFlow_Project/synthetic_data/pneumoniamnist_normal_2280_filtered/normal_0211.png,/content/drive/MyDrive/MedSymmFlow_Project/fid_analysis/real_normal_1214/real_normal_0258.png,0.9438182711601257
/content/drive/MyDrive/MedSymmFlow_Project/synthetic_data/pneumoniamnist_normal_2280_filtered/normal_1867.png,/content/drive/MyDrive/MedSymmFlow_Project/fid_analysis/real_normal_1214/real_normal_0205.png,0.9438119530677795
/content/drive/MyDrive/MedSymmFlow_Project/synthetic_data/pneumoniamnist_normal_2280_filtered/normal_1399.png,/content/drive/MyDrive/MedSymmFlow_Project/fid_analysis/real_normal_1214/real_normal_0865.png,0.9438088536262512
/content/drive/MyDrive/MedSymmFlow_Project/synthetic_data/pneumoniamnist_normal_2280_filtered/normal_0886.png,/content/drive/MyDrive/MedSymmFlow_Project/fid_analysis/real_normal_1214/real_normal_0322.png,0.9438031911849976
/content/drive/MyDrive/MedSymmFlow_Project/synthetic_data/pneumoniamnist_normal_2280_filtered/normal_2279.png,/content/drive/MyDrive/MedSymmFlow_Project/fid_analysis/real_normal_1214/real_normal_0427.png,0.9437956809997559
/content/drive/MyDrive/MedSymmFlow_Project/synthetic_data/pneumoniamnist_normal_2280_filtered/normal_0772.png,/content/drive/MyDrive/MedSymmFlow_Project/fid_analysis/real_normal_1214/real_normal_0274.png,0.9437873363494873
/content/drive/MyDrive/MedSymmFlow_Project/synthetic_data/pneumoniamnist_normal_2280_filtered/normal_2132.png,/content/drive/MyDrive/MedSymmFlow_Project/fid_analysis/real_normal_1214/real_normal_0689.png,0.9437768459320068
/content/drive/MyDrive/MedSymmFlow_Project/synthetic_data/pneumoniamnist_normal_2280_filtered/normal_0033.png,/content/drive/MyDrive/MedSymmFlow_Project/fid_analysis/real_normal_1214/real_normal_0194.png,0.9437613487243652
/content/drive/MyDrive/MedSymmFlow_Project/synthetic_data/pneumoniamnist_normal_2280_filtered/normal_1762.png,/content/drive/MyDrive/MedSymmFlow_Project/fid_analysis/real_normal_1214/real_normal_0888.png,0.9437414407730103
/content/drive/MyDrive/MedSymmFlow_Project/synthetic_data/pneumoniamnist_normal_2280_filtered/normal_0493.png,/content/drive/MyDrive/MedSymmFlow_Project/fid_analysis/real_normal_1214/real_normal_0900.png,0.9437403678894043
/content/drive/MyDrive/MedSymmFlow_Project/synthetic_data/pneumoniamnist_normal_2280_filtered/normal_1529.png,/content/drive/MyDrive/MedSymmFlow_Project/fid_analysis/real_normal_1214/real_normal_1151.png,0.943739116191864
/content/drive/MyDrive/MedSymmFlow_Project/synthetic_data/pneumoniamnist_normal_2280_filtered/normal_0077.png,/content/drive/MyDrive/MedSymmFlow_Project/fid_analysis/real_normal_1214/real_normal_0022.png,0.9437388181686401
/content/drive/MyDrive/MedSymmFlow_Project/synthetic_data/pneumoniamnist_normal_2280_filtered/normal_2053.png,/content/drive/MyDrive/MedSymmFlow_Project/fid_analysis/real_normal_1214/real_normal_0274.png,0.9437376260757446
/content/drive/MyDrive/MedSymmFlow_Project/synthetic_data/pneumoniamnist_normal_2280_filtered/normal_1398.png,/content/drive/MyDrive/MedSymmFlow_Project/fid_analysis/real_normal_1214/real_normal_0069.png,0.9437367916107178
/content/drive/MyDrive/MedSymmFlow_Project/synthetic_data/pneumoniamnist_normal_2280_filtered/normal_2139.png,/content/drive/MyDrive/MedSymmFlow_Project/fid_analysis/real_normal_1214/real_normal_0294.png,0.9437304735183716
/content/drive/MyDrive/MedSymmFlow_Project/synthetic_data/pneumoniamnist_normal_2280_filtered/normal_0808.png,/content/drive/MyDrive/MedSymmFlow_Project/fid_analysis/real_normal_1214/real_normal_1050.png,0.9437223672866821
/content/drive/MyDrive/MedSymmFlow_Project/synthetic_data/pneumoniamnist_normal_2280_filtered/normal_0065.png,/content/drive/MyDrive/MedSymmFlow_Project/fid_analysis/real_normal_1214/real_normal_0809.png,0.9437059760093689
/content/drive/MyDrive/MedSymmFlow_Project/synthetic_data/pneumoniamnist_normal_2280_filtered/normal_1993.png,/content/drive/MyDrive/MedSymmFlow_Project/fid_analysis/real_normal_1214/real_normal_0552.png,0.9436951875686646
/content/drive/MyDrive/MedSymmFlow_Project/synthetic_data/pneumoniamnist_normal_2280_filtered/normal_1521.png,/content/drive/MyDrive/MedSymmFlow_Project/fid_analysis/real_normal_1214/real_normal_0829.png,0.9436779618263245
/content/drive/MyDrive/MedSymmFlow_Project/synthetic_data/pneumoniamnist_normal_2280_filtered/normal_0198.png,/content/drive/MyDrive/MedSymmFlow_Project/fid_analysis/real_normal_1214/real_normal_0427.png,0.9436757564544678
/content/drive/MyDrive/MedSymmFlow_Project/synthetic_data/pneumoniamnist_normal_2280_filtered/normal_1115.png,/content/drive/MyDrive/MedSymmFlow_Project/fid_analysis/real_normal_1214/real_normal_1086.png,0.943672776222229
/content/drive/MyDrive/MedSymmFlow_Project/synthetic_data/pneumoniamnist_normal_2280_filtered/normal_2199.png,/content/drive/MyDrive/MedSymmFlow_Project/fid_analysis/real_normal_1214/real_normal_1151.png,0.9436366558074951
/content/drive/MyDrive/MedSymmFlow_Project/synthetic_data/pneumoniamnist_normal_2280_filtered/normal_0859.png,/content/drive/MyDrive/MedSymmFlow_Project/fid_analysis/real_normal_1214/real_normal_0571.png,0.943627119064331
/content/drive/MyDrive/MedSymmFlow_Project/synthetic_data/pneumoniamnist_normal_2280_filtered/normal_0831.png,/content/drive/MyDrive/MedSymmFlow_Project/fid_analysis/real_normal_1214/real_normal_0402.png,0.9436228275299072
/content/drive/MyDrive/MedSymmFlow_Project/synthetic_data/pneumoniamnist_normal_2280_filtered/normal_2161.png,/content/drive/MyDrive/MedSymmFlow_Project/fid_analysis/real_normal_1214/real_normal_0806.png,0.9436206817626953
/content/drive/MyDrive/MedSymmFlow_Project/synthetic_data/pneumoniamnist_normal_2280_filtered/normal_0703.png,/content/drive/MyDrive/MedSymmFlow_Project/fid_analysis/real_normal_1214/real_normal_1086.png,0.943605363368988
/content/drive/MyDrive/MedSymmFlow_Project/synthetic_data/pneumoniamnist_normal_2280_filtered/normal_1232.png,/content/drive/MyDrive/MedSymmFlow_Project/fid_analysis/real_normal_1214/real_normal_0834.png,0.9435981512069702
/content/drive/MyDrive/MedSymmFlow_Project/synthetic_data/pneumoniamnist_normal_2280_filtered/normal_1478.png,/content/drive/MyDrive/MedSymmFlow_Project/fid_analysis/real_normal_1214/real_normal_1086.png,0.9435971975326538
/content/drive/MyDrive/MedSymmFlow_Project/synthetic_data/pneumoniamnist_normal_2280_filtered/normal_0812.png,/content/drive/MyDrive/MedSymmFlow_Project/fid_analysis/real_normal_1214/real_normal_0025.png,0.9435629844665527
/content/drive/MyDrive/MedSymmFlow_Project/synthetic_data/pneumoniamnist_normal_2280_filtered/normal_1842.png,/content/drive/MyDrive/MedSymmFlow_Project/fid_analysis/real_normal_1214/real_normal_0552.png,0.943555474281311
/content/drive/MyDrive/MedSymmFlow_Project/synthetic_data/pneumoniamnist_normal_2280_filtered/normal_1292.png,/content/drive/MyDrive/MedSymmFlow_Project/fid_analysis/real_normal_1214/real_normal_1093.png,0.9435232877731323
/content/drive/MyDrive/MedSymmFlow_Project/synthetic_data/pneumoniamnist_normal_2280_filtered/normal_0284.png,/content/drive/MyDrive/MedSymmFlow_Project/fid_analysis/real_normal_1214/real_normal_1087.png,0.9435218572616577
/content/drive/MyDrive/MedSymmFlow_Project/synthetic_data/pneumoniamnist_normal_2280_filtered/normal_1490.png,/content/drive/MyDrive/MedSymmFlow_Project/fid_analysis/real_normal_1214/real_normal_0418.png,0.9435197114944458
/content/drive/MyDrive/MedSymmFlow_Project/synthetic_data/pneumoniamnist_normal_2280_filtered/normal_0078.png,/content/drive/MyDrive/MedSymmFlow_Project/fid_analysis/real_normal_1214/real_normal_0322.png,0.9435172080993652
/content/drive/MyDrive/MedSymmFlow_Project/synthetic_data/pneumoniamnist_normal_2280_filtered/normal_0759.png,/content/drive/MyDrive/MedSymmFlow_Project/fid_analysis/real_normal_1214/real_normal_0402.png,0.9435127377510071
/content/drive/MyDrive/MedSymmFlow_Project/synthetic_data/pneumoniamnist_normal_2280_filtered/normal_0340.png,/content/drive/MyDrive/MedSymmFlow_Project/fid_analysis/real_normal_1214/real_normal_0427.png,0.9435007572174072
/content/drive/MyDrive/MedSymmFlow_Project/synthetic_data/pneumoniamnist_normal_2280_filtered/normal_1419.png,/content/drive/MyDrive/MedSymmFlow_Project/fid_analysis/real_normal_1214/real_normal_0969.png,0.9434974789619446
/content/drive/MyDrive/MedSymmFlow_Project/synthetic_data/pneumoniamnist_normal_2280_filtered/normal_1411.png,/content/drive/MyDrive/MedSymmFlow_Project/fid_analysis/real_normal_1214/real_normal_0315.png,0.9434950351715088
/content/drive/MyDrive/MedSymmFlow_Project/synthetic_data/pneumoniamnist_normal_2280_filtered/normal_1498.png,/content/drive/MyDrive/MedSymmFlow_Project/fid_analysis/real_normal_1214/real_normal_0471.png,0.9434652924537659
/content/drive/MyDrive/MedSymmFlow_Project/synthetic_data/pneumoniamnist_normal_2280_filtered/normal_0165.png,/content/drive/MyDrive/MedSymmFlow_Project/fid_analysis/real_normal_1214/real_normal_0427.png,0.9434571266174316
/content/drive/MyDrive/MedSymmFlow_Project/synthetic_data/pneumoniamnist_normal_2280_filtered/normal_0153.png,/content/drive/MyDrive/MedSymmFlow_Project/fid_analysis/real_normal_1214/real_normal_0427.png,0.9434377551078796
/content/drive/MyDrive/MedSymmFlow_Project/synthetic_data/pneumoniamnist_normal_2280_filtered/normal_1329.png,/content/drive/MyDrive/MedSymmFlow_Project/fid_analysis/real_normal_1214/real_normal_0413.png,0.9434375762939453
/content/drive/MyDrive/MedSymmFlow_Project/synthetic_data/pneumoniamnist_normal_2280_filtered/normal_1752.png,/content/drive/MyDrive/MedSymmFlow_Project/fid_analysis/real_normal_1214/real_normal_0834.png,0.9434270262718201
/content/drive/MyDrive/MedSymmFlow_Project/synthetic_data/pneumoniamnist_normal_2280_filtered/normal_0521.png,/content/drive/MyDrive/MedSymmFlow_Project/fid_analysis/real_normal_1214/real_normal_0874.png,0.9434239864349365
/content/drive/MyDrive/MedSymmFlow_Project/synthetic_data/pneumoniamnist_normal_2280_filtered/normal_0342.png,/content/drive/MyDrive/MedSymmFlow_Project/fid_analysis/real_normal_1214/real_normal_1073.png,0.943423867225647
/content/drive/MyDrive/MedSymmFlow_Project/synthetic_data/pneumoniamnist_normal_2280_filtered/normal_1278.png,/content/drive/MyDrive/MedSymmFlow_Project/fid_analysis/real_normal_1214/real_normal_0824.png,0.9434179067611694
/content/drive/MyDrive/MedSymmFlow_Project/synthetic_data/pneumoniamnist_normal_2280_filtered/normal_1080.png,/content/drive/MyDrive/MedSymmFlow_Project/fid_analysis/real_normal_1214/real_normal_1049.png,0.9434137344360352
/content/drive/MyDrive/MedSymmFlow_Project/synthetic_data/pneumoniamnist_normal_2280_filtered/normal_0358.png,/content/drive/MyDrive/MedSymmFlow_Project/fid_analysis/real_normal_1214/real_normal_0355.png,0.9434106349945068
/content/drive/MyDrive/MedSymmFlow_Project/synthetic_data/pneumoniamnist_normal_2280_filtered/normal_0564.png,/content/drive/MyDrive/MedSymmFlow_Project/fid_analysis/real_normal_1214/real_normal_0582.png,0.9434051513671875
/content/drive/MyDrive/MedSymmFlow_Project/synthetic_data/pneumoniamnist_normal_2280_filtered/normal_0348.png,/content/drive/MyDrive/MedSymmFlow_Project/fid_analysis/real_normal_1214/real_normal_0984.png,0.9433968663215637
/content/drive/MyDrive/MedSymmFlow_Project/synthetic_data/pneumoniamnist_normal_2280_filtered/normal_0179.png,/content/drive/MyDrive/MedSymmFlow_Project/fid_analysis/real_normal_1214/real_normal_0649.png,0.9433915615081787
/content/drive/MyDrive/MedSymmFlow_Project/synthetic_data/pneumoniamnist_normal_2280_filtered/normal_0972.png,/content/drive/MyDrive/MedSymmFlow_Project/fid_analysis/real_normal_1214/real_normal_0504.png,0.94338059425354
/content/drive/MyDrive/MedSymmFlow_Project/synthetic_data/pneumoniamnist_normal_2280_filtered/normal_1036.png,/content/drive/MyDrive/MedSymmFlow_Project/fid_analysis/real_normal_1214/real_normal_0069.png,0.9433748722076416
/content/drive/MyDrive/MedSymmFlow_Project/synthetic_data/pneumoniamnist_normal_2280_filtered/normal_0684.png,/content/drive/MyDrive/MedSymmFlow_Project/fid_analysis/real_normal_1214/real_normal_0492.png,0.9433726668357849
/content/drive/MyDrive/MedSymmFlow_Project/synthetic_data/pneumoniamnist_normal_2280_filtered/normal_0990.png,/content/drive/MyDrive/MedSymmFlow_Project/fid_analysis/real_normal_1214/real_normal_0413.png,0.9433711171150208
/content/drive/MyDrive/MedSymmFlow_Project/synthetic_data/pneumoniamnist_normal_2280_filtered/normal_0231.png,/content/drive/MyDrive/MedSymmFlow_Project/fid_analysis/real_normal_1214/real_normal_0017.png,0.9433603286743164
/content/drive/MyDrive/MedSymmFlow_Project/synthetic_data/pneumoniamnist_normal_2280_filtered/normal_0824.png,/content/drive/MyDrive/MedSymmFlow_Project/fid_analysis/real_normal_1214/real_normal_0824.png,0.9433580636978149
/content/drive/MyDrive/MedSymmFlow_Project/synthetic_data/pneumoniamnist_normal_2280_filtered/normal_0044.png,/content/drive/MyDrive/MedSymmFlow_Project/fid_analysis/real_normal_1214/real_normal_0488.png,0.9433536529541016
/content/drive/MyDrive/MedSymmFlow_Project/synthetic_data/pneumoniamnist_normal_2280_filtered/normal_1076.png,/content/drive/MyDrive/MedSymmFlow_Project/fid_analysis/real_normal_1214/real_normal_0634.png,0.9433364868164062
/content/drive/MyDrive/MedSymmFlow_Project/synthetic_data/pneumoniamnist_normal_2280_filtered/normal_0604.png,/content/drive/MyDrive/MedSymmFlow_Project/fid_analysis/real_normal_1214/real_normal_0834.png,0.9433323740959167
/content/drive/MyDrive/MedSymmFlow_Project/synthetic_data/pneumoniamnist_normal_2280_filtered/normal_1029.png,/content/drive/MyDrive/MedSymmFlow_Project/fid_analysis/real_normal_1214/real_normal_0114.png,0.9433321356773376
/content/drive/MyDrive/MedSymmFlow_Project/synthetic_data/pneumoniamnist_normal_2280_filtered/normal_0779.png,/content/drive/MyDrive/MedSymmFlow_Project/fid_analysis/real_normal_1214/real_normal_0427.png,0.9433187246322632
/content/drive/MyDrive/MedSymmFlow_Project/synthetic_data/pneumoniamnist_normal_2280_filtered/normal_0443.png,/content/drive/MyDrive/MedSymmFlow_Project/fid_analysis/real_normal_1214/real_normal_0402.png,0.943315863609314
/content/drive/MyDrive/MedSymmFlow_Project/synthetic_data/pneumoniamnist_normal_2280_filtered/normal_0578.png,/content/drive/MyDrive/MedSymmFlow_Project/fid_analysis/real_normal_1214/real_normal_1028.png,0.9433115124702454
/content/drive/MyDrive/MedSymmFlow_Project/synthetic_data/pneumoniamnist_normal_2280_filtered/normal_1351.png,/content/drive/MyDrive/MedSymmFlow_Project/fid_analysis/real_normal_1214/real_normal_0427.png,0.9433018565177917
/content/drive/MyDrive/MedSymmFlow_Project/synthetic_data/pneumoniamnist_normal_2280_filtered/normal_1075.png,/content/drive/MyDrive/MedSymmFlow_Project/fid_analysis/real_normal_1214/real_normal_0069.png,0.9433012008666992
/content/drive/MyDrive/MedSymmFlow_Project/synthetic_data/pneumoniamnist_normal_2280_filtered/normal_1915.png,/content/drive/MyDrive/MedSymmFlow_Project/fid_analysis/real_normal_1214/real_normal_0194.png,0.9432988166809082
/content/drive/MyDrive/MedSymmFlow_Project/synthetic_data/pneumoniamnist_normal_2280_filtered/normal_1090.png,/content/drive/MyDrive/MedSymmFlow_Project/fid_analysis/real_normal_1214/real_normal_0418.png,0.9432826042175293
/content/drive/MyDrive/MedSymmFlow_Project/synthetic_data/pneumoniamnist_normal_2280_filtered/normal_1193.png,/content/drive/MyDrive/MedSymmFlow_Project/fid_analysis/real_normal_1214/real_normal_0021.png,0.943268358707428
/content/drive/MyDrive/MedSymmFlow_Project/synthetic_data/pneumoniamnist_normal_2280_filtered/normal_1256.png,/content/drive/MyDrive/MedSymmFlow_Project/fid_analysis/real_normal_1214/real_normal_0668.png,0.9432599544525146
/content/drive/MyDrive/MedSymmFlow_Project/synthetic_data/pneumoniamnist_normal_2280_filtered/normal_0120.png,/content/drive/MyDrive/MedSymmFlow_Project/fid_analysis/real_normal_1214/real_normal_0114.png,0.9432450532913208
/content/drive/MyDrive/MedSymmFlow_Project/synthetic_data/pneumoniamnist_normal_2280_filtered/normal_0620.png,/content/drive/MyDrive/MedSymmFlow_Project/fid_analysis/real_normal_1214/real_normal_0571.png,0.9432348012924194
/content/drive/MyDrive/MedSymmFlow_Project/synthetic_data/pneumoniamnist_normal_2280_filtered/normal_1946.png,/content/drive/MyDrive/MedSymmFlow_Project/fid_analysis/real_normal_1214/real_normal_0069.png,0.9431954622268677
/content/drive/MyDrive/MedSymmFlow_Project/synthetic_data/pneumoniamnist_normal_2280_filtered/normal_1129.png,/content/drive/MyDrive/MedSymmFlow_Project/fid_analysis/real_normal_1214/real_normal_0552.png,0.9431798458099365
/content/drive/MyDrive/MedSymmFlow_Project/synthetic_data/pneumoniamnist_normal_2280_filtered/normal_0908.png,/content/drive/MyDrive/MedSymmFlow_Project/fid_analysis/real_normal_1214/real_normal_0552.png,0.9431605339050293
/content/drive/MyDrive/MedSymmFlow_Project/synthetic_data/pneumoniamnist_normal_2280_filtered/normal_1303.png,/content/drive/MyDrive/MedSymmFlow_Project/fid_analysis/real_normal_1214/real_normal_0984.png,0.9431496858596802
/content/drive/MyDrive/MedSymmFlow_Project/synthetic_data/pneumoniamnist_normal_2280_filtered/normal_0543.png,/content/drive/MyDrive/MedSymmFlow_Project/fid_analysis/real_normal_1214/real_normal_0069.png,0.9431272745132446
/content/drive/MyDrive/MedSymmFlow_Project/synthetic_data/pneumoniamnist_normal_2280_filtered/normal_2127.png,/content/drive/MyDrive/MedSymmFlow_Project/fid_analysis/real_normal_1214/real_normal_0248.png,0.9431226253509521
/content/drive/MyDrive/MedSymmFlow_Project/synthetic_data/pneumoniamnist_normal_2280_filtered/normal_1731.png,/content/drive/MyDrive/MedSymmFlow_Project/fid_analysis/real_normal_1214/real_normal_0322.png,0.9431161880493164
/content/drive/MyDrive/MedSymmFlow_Project/synthetic_data/pneumoniamnist_normal_2280_filtered/normal_0891.png,/content/drive/MyDrive/MedSymmFlow_Project/fid_analysis/real_normal_1214/real_normal_0315.png,0.9431160688400269
/content/drive/MyDrive/MedSymmFlow_Project/synthetic_data/pneumoniamnist_normal_2280_filtered/normal_2093.png,/content/drive/MyDrive/MedSymmFlow_Project/fid_analysis/real_normal_1214/real_normal_0083.png,0.9430942535400391
/content/drive/MyDrive/MedSymmFlow_Project/synthetic_data/pneumoniamnist_normal_2280_filtered/normal_1570.png,/content/drive/MyDrive/MedSymmFlow_Project/fid_analysis/real_normal_1214/real_normal_0418.png,0.94305419921875
/content/drive/MyDrive/MedSymmFlow_Project/synthetic_data/pneumoniamnist_normal_2280_filtered/normal_1929.png,/content/drive/MyDrive/MedSymmFlow_Project/fid_analysis/real_normal_1214/real_normal_0282.png,0.9430318474769592
/content/drive/MyDrive/MedSymmFlow_Project/synthetic_data/pneumoniamnist_normal_2280_filtered/normal_1472.png,/content/drive/MyDrive/MedSymmFlow_Project/fid_analysis/real_normal_1214/real_normal_0336.png,0.9430196285247803
/content/drive/MyDrive/MedSymmFlow_Project/synthetic_data/pneumoniamnist_normal_2280_filtered/normal_0936.png,/content/drive/MyDrive/MedSymmFlow_Project/fid_analysis/real_normal_1214/real_normal_0017.png,0.9429975748062134
/content/drive/MyDrive/MedSymmFlow_Project/synthetic_data/pneumoniamnist_normal_2280_filtered/normal_0989.png,/content/drive/MyDrive/MedSymmFlow_Project/fid_analysis/real_normal_1214/real_normal_0017.png,0.9429922699928284
/content/drive/MyDrive/MedSymmFlow_Project/synthetic_data/pneumoniamnist_normal_2280_filtered/normal_0662.png,/content/drive/MyDrive/MedSymmFlow_Project/fid_analysis/real_normal_1214/real_normal_0100.png,0.942984938621521
/content/drive/MyDrive/MedSymmFlow_Project/synthetic_data/pneumoniamnist_normal_2280_filtered/normal_2273.png,/content/drive/MyDrive/MedSymmFlow_Project/fid_analysis/real_normal_1214/real_normal_0599.png,0.9429755210876465
/content/drive/MyDrive/MedSymmFlow_Project/synthetic_data/pneumoniamnist_normal_2280_filtered/normal_0593.png,/content/drive/MyDrive/MedSymmFlow_Project/fid_analysis/real_normal_1214/real_normal_1093.png,0.9429605007171631
/content/drive/MyDrive/MedSymmFlow_Project/synthetic_data/pneumoniamnist_normal_2280_filtered/normal_0869.png,/content/drive/MyDrive/MedSymmFlow_Project/fid_analysis/real_normal_1214/real_normal_0413.png,0.9429448843002319
/content/drive/MyDrive/MedSymmFlow_Project/synthetic_data/pneumoniamnist_normal_2280_filtered/normal_1430.png,/content/drive/MyDrive/MedSymmFlow_Project/fid_analysis/real_normal_1214/real_normal_0469.png,0.9429338574409485
/content/drive/MyDrive/MedSymmFlow_Project/synthetic_data/pneumoniamnist_normal_2280_filtered/normal_1383.png,/content/drive/MyDrive/MedSymmFlow_Project/fid_analysis/real_normal_1214/real_normal_1073.png,0.9429293870925903
/content/drive/MyDrive/MedSymmFlow_Project/synthetic_data/pneumoniamnist_normal_2280_filtered/normal_0598.png,/content/drive/MyDrive/MedSymmFlow_Project/fid_analysis/real_normal_1214/real_normal_0809.png,0.9429266452789307
/content/drive/MyDrive/MedSymmFlow_Project/synthetic_data/pneumoniamnist_normal_2280_filtered/normal_0539.png,/content/drive/MyDrive/MedSymmFlow_Project/fid_analysis/real_normal_1214/real_normal_0888.png,0.9428937435150146
/content/drive/MyDrive/MedSymmFlow_Project/synthetic_data/pneumoniamnist_normal_2280_filtered/normal_1689.png,/content/drive/MyDrive/MedSymmFlow_Project/fid_analysis/real_normal_1214/real_normal_0806.png,0.9428907632827759
/content/drive/MyDrive/MedSymmFlow_Project/synthetic_data/pneumoniamnist_normal_2280_filtered/normal_1222.png,/content/drive/MyDrive/MedSymmFlow_Project/fid_analysis/real_normal_1214/real_normal_1194.png,0.9428831934928894
/content/drive/MyDrive/MedSymmFlow_Project/synthetic_data/pneumoniamnist_normal_2280_filtered/normal_0853.png,/content/drive/MyDrive/MedSymmFlow_Project/fid_analysis/real_normal_1214/real_normal_0504.png,0.9428749084472656
/content/drive/MyDrive/MedSymmFlow_Project/synthetic_data/pneumoniamnist_normal_2280_filtered/normal_0435.png,/content/drive/MyDrive/MedSymmFlow_Project/fid_analysis/real_normal_1214/real_normal_1176.png,0.9428622722625732
/content/drive/MyDrive/MedSymmFlow_Project/synthetic_data/pneumoniamnist_normal_2280_filtered/normal_0345.png,/content/drive/MyDrive/MedSymmFlow_Project/fid_analysis/real_normal_1214/real_normal_0248.png,0.9428622722625732
/content/drive/MyDrive/MedSymmFlow_Project/synthetic_data/pneumoniamnist_normal_2280_filtered/normal_0807.png,/content/drive/MyDrive/MedSymmFlow_Project/fid_analysis/real_normal_1214/real_normal_0017.png,0.9428486824035645
/content/drive/MyDrive/MedSymmFlow_Project/synthetic_data/pneumoniamnist_normal_2280_filtered/normal_1999.png,/content/drive/MyDrive/MedSymmFlow_Project/fid_analysis/real_normal_1214/real_normal_0204.png,0.942842423915863
/content/drive/MyDrive/MedSymmFlow_Project/synthetic_data/pneumoniamnist_normal_2280_filtered/normal_0928.png,/content/drive/MyDrive/MedSymmFlow_Project/fid_analysis/real_normal_1214/real_normal_0117.png,0.942841649055481
/content/drive/MyDrive/MedSymmFlow_Project/synthetic_data/pneumoniamnist_normal_2280_filtered/normal_0431.png,/content/drive/MyDrive/MedSymmFlow_Project/fid_analysis/real_normal_1214/real_normal_0418.png,0.9427892565727234
/content/drive/MyDrive/MedSymmFlow_Project/synthetic_data/pneumoniamnist_normal_2280_filtered/normal_0922.png,/content/drive/MyDrive/MedSymmFlow_Project/fid_analysis/real_normal_1214/real_normal_0100.png,0.9427727460861206
/content/drive/MyDrive/MedSymmFlow_Project/synthetic_data/pneumoniamnist_normal_2280_filtered/normal_1043.png,/content/drive/MyDrive/MedSymmFlow_Project/fid_analysis/real_normal_1214/real_normal_0587.png,0.9427623748779297
/content/drive/MyDrive/MedSymmFlow_Project/synthetic_data/pneumoniamnist_normal_2280_filtered/normal_2073.png,/content/drive/MyDrive/MedSymmFlow_Project/fid_analysis/real_normal_1214/real_normal_0090.png,0.9427592754364014
/content/drive/MyDrive/MedSymmFlow_Project/synthetic_data/pneumoniamnist_normal_2280_filtered/normal_1433.png,/content/drive/MyDrive/MedSymmFlow_Project/fid_analysis/real_normal_1214/real_normal_0017.png,0.9427582025527954
/content/drive/MyDrive/MedSymmFlow_Project/synthetic_data/pneumoniamnist_normal_2280_filtered/normal_1701.png,/content/drive/MyDrive/MedSymmFlow_Project/fid_analysis/real_normal_1214/real_normal_1194.png,0.9427484273910522
/content/drive/MyDrive/MedSymmFlow_Project/synthetic_data/pneumoniamnist_normal_2280_filtered/normal_0658.png,/content/drive/MyDrive/MedSymmFlow_Project/fid_analysis/real_normal_1214/real_normal_0649.png,0.9427388310432434
/content/drive/MyDrive/MedSymmFlow_Project/synthetic_data/pneumoniamnist_normal_2280_filtered/normal_1165.png,/content/drive/MyDrive/MedSymmFlow_Project/fid_analysis/real_normal_1214/real_normal_0427.png,0.9427124261856079
/content/drive/MyDrive/MedSymmFlow_Project/synthetic_data/pneumoniamnist_normal_2280_filtered/normal_0698.png,/content/drive/MyDrive/MedSymmFlow_Project/fid_analysis/real_normal_1214/real_normal_0069.png,0.9427043199539185
/content/drive/MyDrive/MedSymmFlow_Project/synthetic_data/pneumoniamnist_normal_2280_filtered/normal_1603.png,/content/drive/MyDrive/MedSymmFlow_Project/fid_analysis/real_normal_1214/real_normal_1086.png,0.9426895380020142
/content/drive/MyDrive/MedSymmFlow_Project/synthetic_data/pneumoniamnist_normal_2280_filtered/normal_1965.png,/content/drive/MyDrive/MedSymmFlow_Project/fid_analysis/real_normal_1214/real_normal_0021.png,0.9426870346069336
/content/drive/MyDrive/MedSymmFlow_Project/synthetic_data/pneumoniamnist_normal_2280_filtered/normal_2262.png,/content/drive/MyDrive/MedSymmFlow_Project/fid_analysis/real_normal_1214/real_normal_0834.png,0.9426702857017517
/content/drive/MyDrive/MedSymmFlow_Project/synthetic_data/pneumoniamnist_normal_2280_filtered/normal_0320.png,/content/drive/MyDrive/MedSymmFlow_Project/fid_analysis/real_normal_1214/real_normal_0731.png,0.9426389932632446
/content/drive/MyDrive/MedSymmFlow_Project/synthetic_data/pneumoniamnist_normal_2280_filtered/normal_2171.png,/content/drive/MyDrive/MedSymmFlow_Project/fid_analysis/real_normal_1214/real_normal_0663.png,0.9426360130310059
/content/drive/MyDrive/MedSymmFlow_Project/synthetic_data/pneumoniamnist_normal_2280_filtered/normal_0710.png,/content/drive/MyDrive/MedSymmFlow_Project/fid_analysis/real_normal_1214/real_normal_0017.png,0.9426268339157104
/content/drive/MyDrive/MedSymmFlow_Project/synthetic_data/pneumoniamnist_normal_2280_filtered/normal_0415.png,/content/drive/MyDrive/MedSymmFlow_Project/fid_analysis/real_normal_1214/real_normal_1054.png,0.942623496055603
/content/drive/MyDrive/MedSymmFlow_Project/synthetic_data/pneumoniamnist_normal_2280_filtered/normal_0039.png,/content/drive/MyDrive/MedSymmFlow_Project/fid_analysis/real_normal_1214/real_normal_1088.png,0.9426126480102539
/content/drive/MyDrive/MedSymmFlow_Project/synthetic_data/pneumoniamnist_normal_2280_filtered/normal_1743.png,/content/drive/MyDrive/MedSymmFlow_Project/fid_analysis/real_normal_1214/real_normal_0950.png,0.9425891637802124
/content/drive/MyDrive/MedSymmFlow_Project/synthetic_data/pneumoniamnist_normal_2280_filtered/normal_0845.png,/content/drive/MyDrive/MedSymmFlow_Project/fid_analysis/real_normal_1214/real_normal_0829.png,0.9425853490829468
/content/drive/MyDrive/MedSymmFlow_Project/synthetic_data/pneumoniamnist_normal_2280_filtered/normal_1423.png,/content/drive/MyDrive/MedSymmFlow_Project/fid_analysis/real_normal_1214/real_normal_1049.png,0.9425849914550781
/content/drive/MyDrive/MedSymmFlow_Project/synthetic_data/pneumoniamnist_normal_2280_filtered/normal_1299.png,/content/drive/MyDrive/MedSymmFlow_Project/fid_analysis/real_normal_1214/real_normal_0165.png,0.9425843358039856
/content/drive/MyDrive/MedSymmFlow_Project/synthetic_data/pneumoniamnist_normal_2280_filtered/normal_0755.png,/content/drive/MyDrive/MedSymmFlow_Project/fid_analysis/real_normal_1214/real_normal_0427.png,0.9425616264343262
/content/drive/MyDrive/MedSymmFlow_Project/synthetic_data/pneumoniamnist_normal_2280_filtered/normal_1917.png,/content/drive/MyDrive/MedSymmFlow_Project/fid_analysis/real_normal_1214/real_normal_0413.png,0.9425559043884277
/content/drive/MyDrive/MedSymmFlow_Project/synthetic_data/pneumoniamnist_normal_2280_filtered/normal_0084.png,/content/drive/MyDrive/MedSymmFlow_Project/fid_analysis/real_normal_1214/real_normal_0984.png,0.9425545334815979
/content/drive/MyDrive/MedSymmFlow_Project/synthetic_data/pneumoniamnist_normal_2280_filtered/normal_2185.png,/content/drive/MyDrive/MedSymmFlow_Project/fid_analysis/real_normal_1214/real_normal_0069.png,0.9425426125526428
/content/drive/MyDrive/MedSymmFlow_Project/synthetic_data/pneumoniamnist_normal_2280_filtered/normal_1486.png,/content/drive/MyDrive/MedSymmFlow_Project/fid_analysis/real_normal_1214/real_normal_1208.png,0.942542314529419
/content/drive/MyDrive/MedSymmFlow_Project/synthetic_data/pneumoniamnist_normal_2280_filtered/normal_0998.png,/content/drive/MyDrive/MedSymmFlow_Project/fid_analysis/real_normal_1214/real_normal_0876.png,0.942534327507019
/content/drive/MyDrive/MedSymmFlow_Project/synthetic_data/pneumoniamnist_normal_2280_filtered/normal_1749.png,/content/drive/MyDrive/MedSymmFlow_Project/fid_analysis/real_normal_1214/real_normal_0158.png,0.9425277709960938
/content/drive/MyDrive/MedSymmFlow_Project/synthetic_data/pneumoniamnist_normal_2280_filtered/normal_1531.png,/content/drive/MyDrive/MedSymmFlow_Project/fid_analysis/real_normal_1214/real_normal_0552.png,0.9425241947174072
/content/drive/MyDrive/MedSymmFlow_Project/synthetic_data/pneumoniamnist_normal_2280_filtered/normal_1856.png,/content/drive/MyDrive/MedSymmFlow_Project/fid_analysis/real_normal_1214/real_normal_0552.png,0.9425190091133118
/content/drive/MyDrive/MedSymmFlow_Project/synthetic_data/pneumoniamnist_normal_2280_filtered/normal_0865.png,/content/drive/MyDrive/MedSymmFlow_Project/fid_analysis/real_normal_1214/real_normal_0427.png,0.9425092935562134
/content/drive/MyDrive/MedSymmFlow_Project/synthetic_data/pneumoniamnist_normal_2280_filtered/normal_1088.png,/content/drive/MyDrive/MedSymmFlow_Project/fid_analysis/real_normal_1214/real_normal_1063.png,0.9424943327903748
/content/drive/MyDrive/MedSymmFlow_Project/synthetic_data/pneumoniamnist_normal_2280_filtered/normal_1751.png,/content/drive/MyDrive/MedSymmFlow_Project/fid_analysis/real_normal_1214/real_normal_1106.png,0.942471444606781
/content/drive/MyDrive/MedSymmFlow_Project/synthetic_data/pneumoniamnist_normal_2280_filtered/normal_1938.png,/content/drive/MyDrive/MedSymmFlow_Project/fid_analysis/real_normal_1214/real_normal_0494.png,0.942448616027832
/content/drive/MyDrive/MedSymmFlow_Project/synthetic_data/pneumoniamnist_normal_2280_filtered/normal_1169.png,/content/drive/MyDrive/MedSymmFlow_Project/fid_analysis/real_normal_1214/real_normal_0395.png,0.9424484968185425
/content/drive/MyDrive/MedSymmFlow_Project/synthetic_data/pneumoniamnist_normal_2280_filtered/normal_1624.png,/content/drive/MyDrive/MedSymmFlow_Project/fid_analysis/real_normal_1214/real_normal_0322.png,0.9424479007720947
/content/drive/MyDrive/MedSymmFlow_Project/synthetic_data/pneumoniamnist_normal_2280_filtered/normal_2010.png,/content/drive/MyDrive/MedSymmFlow_Project/fid_analysis/real_normal_1214/real_normal_1109.png,0.9424475431442261
/content/drive/MyDrive/MedSymmFlow_Project/synthetic_data/pneumoniamnist_normal_2280_filtered/normal_0919.png,/content/drive/MyDrive/MedSymmFlow_Project/fid_analysis/real_normal_1214/real_normal_0083.png,0.9424386024475098
/content/drive/MyDrive/MedSymmFlow_Project/synthetic_data/pneumoniamnist_normal_2280_filtered/normal_1139.png,/content/drive/MyDrive/MedSymmFlow_Project/fid_analysis/real_normal_1214/real_normal_0427.png,0.9424378871917725
/content/drive/MyDrive/MedSymmFlow_Project/synthetic_data/pneumoniamnist_normal_2280_filtered/normal_1315.png,/content/drive/MyDrive/MedSymmFlow_Project/fid_analysis/real_normal_1214/real_normal_0017.png,0.9424149990081787
/content/drive/MyDrive/MedSymmFlow_Project/synthetic_data/pneumoniamnist_normal_2280_filtered/normal_0554.png,/content/drive/MyDrive/MedSymmFlow_Project/fid_analysis/real_normal_1214/real_normal_0056.png,0.9424135684967041
/content/drive/MyDrive/MedSymmFlow_Project/synthetic_data/pneumoniamnist_normal_2280_filtered/normal_2122.png,/content/drive/MyDrive/MedSymmFlow_Project/fid_analysis/real_normal_1214/real_normal_0768.png,0.9424134492874146
/content/drive/MyDrive/MedSymmFlow_Project/synthetic_data/pneumoniamnist_normal_2280_filtered/normal_0686.png,/content/drive/MyDrive/MedSymmFlow_Project/fid_analysis/real_normal_1214/real_normal_1116.png,0.9423856139183044
/content/drive/MyDrive/MedSymmFlow_Project/synthetic_data/pneumoniamnist_normal_2280_filtered/normal_0216.png,/content/drive/MyDrive/MedSymmFlow_Project/fid_analysis/real_normal_1214/real_normal_0025.png,0.942374587059021
/content/drive/MyDrive/MedSymmFlow_Project/synthetic_data/pneumoniamnist_normal_2280_filtered/normal_0164.png,/content/drive/MyDrive/MedSymmFlow_Project/fid_analysis/real_normal_1214/real_normal_0355.png,0.9423438906669617
/content/drive/MyDrive/MedSymmFlow_Project/synthetic_data/pneumoniamnist_normal_2280_filtered/normal_0460.png,/content/drive/MyDrive/MedSymmFlow_Project/fid_analysis/real_normal_1214/real_normal_0322.png,0.9423431158065796
/content/drive/MyDrive/MedSymmFlow_Project/synthetic_data/pneumoniamnist_normal_2280_filtered/normal_0452.png,/content/drive/MyDrive/MedSymmFlow_Project/fid_analysis/real_normal_1214/real_normal_0336.png,0.942342221736908
/content/drive/MyDrive/MedSymmFlow_Project/synthetic_data/pneumoniamnist_normal_2280_filtered/normal_1110.png,/content/drive/MyDrive/MedSymmFlow_Project/fid_analysis/real_normal_1214/real_normal_0888.png,0.9423195123672485
/content/drive/MyDrive/MedSymmFlow_Project/synthetic_data/pneumoniamnist_normal_2280_filtered/normal_2155.png,/content/drive/MyDrive/MedSymmFlow_Project/fid_analysis/real_normal_1214/real_normal_0137.png,0.942314624786377
/content/drive/MyDrive/MedSymmFlow_Project/synthetic_data/pneumoniamnist_normal_2280_filtered/normal_1811.png,/content/drive/MyDrive/MedSymmFlow_Project/fid_analysis/real_normal_1214/real_normal_0552.png,0.9423117637634277
/content/drive/MyDrive/MedSymmFlow_Project/synthetic_data/pneumoniamnist_normal_2280_filtered/normal_1402.png,/content/drive/MyDrive/MedSymmFlow_Project/fid_analysis/real_normal_1214/real_normal_1054.png,0.942310094833374
/content/drive/MyDrive/MedSymmFlow_Project/synthetic_data/pneumoniamnist_normal_2280_filtered/normal_0015.png,/content/drive/MyDrive/MedSymmFlow_Project/fid_analysis/real_normal_1214/real_normal_0968.png,0.9422929286956787
/content/drive/MyDrive/MedSymmFlow_Project/synthetic_data/pneumoniamnist_normal_2280_filtered/normal_0279.png,/content/drive/MyDrive/MedSymmFlow_Project/fid_analysis/real_normal_1214/real_normal_1176.png,0.9422886371612549
/content/drive/MyDrive/MedSymmFlow_Project/synthetic_data/pneumoniamnist_normal_2280_filtered/normal_2019.png,/content/drive/MyDrive/MedSymmFlow_Project/fid_analysis/real_normal_1214/real_normal_0829.png,0.9422823190689087
/content/drive/MyDrive/MedSymmFlow_Project/synthetic_data/pneumoniamnist_normal_2280_filtered/normal_2233.png,/content/drive/MyDrive/MedSymmFlow_Project/fid_analysis/real_normal_1214/real_normal_1086.png,0.9422798156738281
/content/drive/MyDrive/MedSymmFlow_Project/synthetic_data/pneumoniamnist_normal_2280_filtered/normal_1514.png,/content/drive/MyDrive/MedSymmFlow_Project/fid_analysis/real_normal_1214/real_normal_0322.png,0.9422792792320251
/content/drive/MyDrive/MedSymmFlow_Project/synthetic_data/pneumoniamnist_normal_2280_filtered/normal_0707.png,/content/drive/MyDrive/MedSymmFlow_Project/fid_analysis/real_normal_1214/real_normal_0315.png,0.9422690272331238
/content/drive/MyDrive/MedSymmFlow_Project/synthetic_data/pneumoniamnist_normal_2280_filtered/normal_1156.png,/content/drive/MyDrive/MedSymmFlow_Project/fid_analysis/real_normal_1214/real_normal_0413.png,0.9422595500946045
/content/drive/MyDrive/MedSymmFlow_Project/synthetic_data/pneumoniamnist_normal_2280_filtered/normal_0346.png,/content/drive/MyDrive/MedSymmFlow_Project/fid_analysis/real_normal_1214/real_normal_0165.png,0.9422503709793091
/content/drive/MyDrive/MedSymmFlow_Project/synthetic_data/pneumoniamnist_normal_2280_filtered/normal_1000.png,/content/drive/MyDrive/MedSymmFlow_Project/fid_analysis/real_normal_1214/real_normal_0742.png,0.9422482252120972
/content/drive/MyDrive/MedSymmFlow_Project/synthetic_data/pneumoniamnist_normal_2280_filtered/normal_1220.png,/content/drive/MyDrive/MedSymmFlow_Project/fid_analysis/real_normal_1214/real_normal_0834.png,0.9422430992126465
/content/drive/MyDrive/MedSymmFlow_Project/synthetic_data/pneumoniamnist_normal_2280_filtered/normal_0940.png,/content/drive/MyDrive/MedSymmFlow_Project/fid_analysis/real_normal_1214/real_normal_0514.png,0.9422377943992615
/content/drive/MyDrive/MedSymmFlow_Project/synthetic_data/pneumoniamnist_normal_2280_filtered/normal_0193.png,/content/drive/MyDrive/MedSymmFlow_Project/fid_analysis/real_normal_1214/real_normal_0158.png,0.9422187209129333
/content/drive/MyDrive/MedSymmFlow_Project/synthetic_data/pneumoniamnist_normal_2280_filtered/normal_1522.png,/content/drive/MyDrive/MedSymmFlow_Project/fid_analysis/real_normal_1214/real_normal_0571.png,0.9422176480293274
/content/drive/MyDrive/MedSymmFlow_Project/synthetic_data/pneumoniamnist_normal_2280_filtered/normal_0442.png,/content/drive/MyDrive/MedSymmFlow_Project/fid_analysis/real_normal_1214/real_normal_1054.png,0.9422165751457214
/content/drive/MyDrive/MedSymmFlow_Project/synthetic_data/pneumoniamnist_normal_2280_filtered/normal_0841.png,/content/drive/MyDrive/MedSymmFlow_Project/fid_analysis/real_normal_1214/real_normal_0355.png,0.9422124624252319
/content/drive/MyDrive/MedSymmFlow_Project/synthetic_data/pneumoniamnist_normal_2280_filtered/normal_1563.png,/content/drive/MyDrive/MedSymmFlow_Project/fid_analysis/real_normal_1214/real_normal_0069.png,0.942206621170044
/content/drive/MyDrive/MedSymmFlow_Project/synthetic_data/pneumoniamnist_normal_2280_filtered/normal_0488.png,/content/drive/MyDrive/MedSymmFlow_Project/fid_analysis/real_normal_1214/real_normal_0289.png,0.942176878452301
/content/drive/MyDrive/MedSymmFlow_Project/synthetic_data/pneumoniamnist_normal_2280_filtered/normal_1022.png,/content/drive/MyDrive/MedSymmFlow_Project/fid_analysis/real_normal_1214/real_normal_0968.png,0.9421764612197876
/content/drive/MyDrive/MedSymmFlow_Project/synthetic_data/pneumoniamnist_normal_2280_filtered/normal_1258.png,/content/drive/MyDrive/MedSymmFlow_Project/fid_analysis/real_normal_1214/real_normal_0773.png,0.9421751499176025
/content/drive/MyDrive/MedSymmFlow_Project/synthetic_data/pneumoniamnist_normal_2280_filtered/normal_1756.png,/content/drive/MyDrive/MedSymmFlow_Project/fid_analysis/real_normal_1214/real_normal_0130.png,0.9421443939208984
/content/drive/MyDrive/MedSymmFlow_Project/synthetic_data/pneumoniamnist_normal_2280_filtered/normal_1480.png,/content/drive/MyDrive/MedSymmFlow_Project/fid_analysis/real_normal_1214/real_normal_0411.png,0.9421401023864746
/content/drive/MyDrive/MedSymmFlow_Project/synthetic_data/pneumoniamnist_normal_2280_filtered/normal_0274.png,/content/drive/MyDrive/MedSymmFlow_Project/fid_analysis/real_normal_1214/real_normal_0315.png,0.9421170949935913
/content/drive/MyDrive/MedSymmFlow_Project/synthetic_data/pneumoniamnist_normal_2280_filtered/normal_2033.png,/content/drive/MyDrive/MedSymmFlow_Project/fid_analysis/real_normal_1214/real_normal_0806.png,0.9421132802963257
/content/drive/MyDrive/MedSymmFlow_Project/synthetic_data/pneumoniamnist_normal_2280_filtered/normal_0057.png,/content/drive/MyDrive/MedSymmFlow_Project/fid_analysis/real_normal_1214/real_normal_0691.png,0.9421025514602661
/content/drive/MyDrive/MedSymmFlow_Project/synthetic_data/pneumoniamnist_normal_2280_filtered/normal_1290.png,/content/drive/MyDrive/MedSymmFlow_Project/fid_analysis/real_normal_1214/real_normal_0627.png,0.9420819878578186
/content/drive/MyDrive/MedSymmFlow_Project/synthetic_data/pneumoniamnist_normal_2280_filtered/normal_0242.png,/content/drive/MyDrive/MedSymmFlow_Project/fid_analysis/real_normal_1214/real_normal_0336.png,0.9420604109764099
/content/drive/MyDrive/MedSymmFlow_Project/synthetic_data/pneumoniamnist_normal_2280_filtered/normal_1843.png,/content/drive/MyDrive/MedSymmFlow_Project/fid_analysis/real_normal_1214/real_normal_0660.png,0.94205641746521
/content/drive/MyDrive/MedSymmFlow_Project/synthetic_data/pneumoniamnist_normal_2280_filtered/normal_1363.png,/content/drive/MyDrive/MedSymmFlow_Project/fid_analysis/real_normal_1214/real_normal_0968.png,0.9420549869537354
/content/drive/MyDrive/MedSymmFlow_Project/synthetic_data/pneumoniamnist_normal_2280_filtered/normal_0968.png,/content/drive/MyDrive/MedSymmFlow_Project/fid_analysis/real_normal_1214/real_normal_0642.png,0.9420411586761475
/content/drive/MyDrive/MedSymmFlow_Project/synthetic_data/pneumoniamnist_normal_2280_filtered/normal_0933.png,/content/drive/MyDrive/MedSymmFlow_Project/fid_analysis/real_normal_1214/real_normal_1028.png,0.9420168399810791
/content/drive/MyDrive/MedSymmFlow_Project/synthetic_data/pneumoniamnist_normal_2280_filtered/normal_0482.png,/content/drive/MyDrive/MedSymmFlow_Project/fid_analysis/real_normal_1214/real_normal_0017.png,0.9420164823532104
/content/drive/MyDrive/MedSymmFlow_Project/synthetic_data/pneumoniamnist_normal_2280_filtered/normal_0567.png,/content/drive/MyDrive/MedSymmFlow_Project/fid_analysis/real_normal_1214/real_normal_0834.png,0.9420080184936523
/content/drive/MyDrive/MedSymmFlow_Project/synthetic_data/pneumoniamnist_normal_2280_filtered/normal_2181.png,/content/drive/MyDrive/MedSymmFlow_Project/fid_analysis/real_normal_1214/real_normal_1093.png,0.9419795274734497
/content/drive/MyDrive/MedSymmFlow_Project/synthetic_data/pneumoniamnist_normal_2280_filtered/normal_1335.png,/content/drive/MyDrive/MedSymmFlow_Project/fid_analysis/real_normal_1214/real_normal_0450.png,0.941979169845581
/content/drive/MyDrive/MedSymmFlow_Project/synthetic_data/pneumoniamnist_normal_2280_filtered/normal_0799.png,/content/drive/MyDrive/MedSymmFlow_Project/fid_analysis/real_normal_1214/real_normal_0731.png,0.9419674277305603
/content/drive/MyDrive/MedSymmFlow_Project/synthetic_data/pneumoniamnist_normal_2280_filtered/normal_2204.png,/content/drive/MyDrive/MedSymmFlow_Project/fid_analysis/real_normal_1214/real_normal_0552.png,0.9419479370117188
/content/drive/MyDrive/MedSymmFlow_Project/synthetic_data/pneumoniamnist_normal_2280_filtered/normal_1007.png,/content/drive/MyDrive/MedSymmFlow_Project/fid_analysis/real_normal_1214/real_normal_0576.png,0.9419331550598145
/content/drive/MyDrive/MedSymmFlow_Project/synthetic_data/pneumoniamnist_normal_2280_filtered/normal_2123.png,/content/drive/MyDrive/MedSymmFlow_Project/fid_analysis/real_normal_1214/real_normal_1086.png,0.9418903589248657
/content/drive/MyDrive/MedSymmFlow_Project/synthetic_data/pneumoniamnist_normal_2280_filtered/normal_0315.png,/content/drive/MyDrive/MedSymmFlow_Project/fid_analysis/real_normal_1214/real_normal_0017.png,0.941885232925415
/content/drive/MyDrive/MedSymmFlow_Project/synthetic_data/pneumoniamnist_normal_2280_filtered/normal_1268.png,/content/drive/MyDrive/MedSymmFlow_Project/fid_analysis/real_normal_1214/real_normal_0166.png,0.9418851137161255
/content/drive/MyDrive/MedSymmFlow_Project/synthetic_data/pneumoniamnist_normal_2280_filtered/normal_2070.png,/content/drive/MyDrive/MedSymmFlow_Project/fid_analysis/real_normal_1214/real_normal_0413.png,0.9418736696243286
/content/drive/MyDrive/MedSymmFlow_Project/synthetic_data/pneumoniamnist_normal_2280_filtered/normal_1728.png,/content/drive/MyDrive/MedSymmFlow_Project/fid_analysis/real_normal_1214/real_normal_0829.png,0.9418684244155884
/content/drive/MyDrive/MedSymmFlow_Project/synthetic_data/pneumoniamnist_normal_2280_filtered/normal_1732.png,/content/drive/MyDrive/MedSymmFlow_Project/fid_analysis/real_normal_1214/real_normal_0757.png,0.9418664574623108
/content/drive/MyDrive/MedSymmFlow_Project/synthetic_data/pneumoniamnist_normal_2280_filtered/normal_1093.png,/content/drive/MyDrive/MedSymmFlow_Project/fid_analysis/real_normal_1214/real_normal_0642.png,0.9418530464172363
/content/drive/MyDrive/MedSymmFlow_Project/synthetic_data/pneumoniamnist_normal_2280_filtered/normal_0133.png,/content/drive/MyDrive/MedSymmFlow_Project/fid_analysis/real_normal_1214/real_normal_0492.png,0.9418472051620483
/content/drive/MyDrive/MedSymmFlow_Project/synthetic_data/pneumoniamnist_normal_2280_filtered/normal_0144.png,/content/drive/MyDrive/MedSymmFlow_Project/fid_analysis/real_normal_1214/real_normal_0069.png,0.9418376684188843
/content/drive/MyDrive/MedSymmFlow_Project/synthetic_data/pneumoniamnist_normal_2280_filtered/normal_0683.png,/content/drive/MyDrive/MedSymmFlow_Project/fid_analysis/real_normal_1214/real_normal_0315.png,0.9418375492095947
/content/drive/MyDrive/MedSymmFlow_Project/synthetic_data/pneumoniamnist_normal_2280_filtered/normal_0113.png,/content/drive/MyDrive/MedSymmFlow_Project/fid_analysis/real_normal_1214/real_normal_0999.png,0.9418367147445679
/content/drive/MyDrive/MedSymmFlow_Project/synthetic_data/pneumoniamnist_normal_2280_filtered/normal_2255.png,/content/drive/MyDrive/MedSymmFlow_Project/fid_analysis/real_normal_1214/real_normal_0017.png,0.9418322443962097
/content/drive/MyDrive/MedSymmFlow_Project/synthetic_data/pneumoniamnist_normal_2280_filtered/normal_0637.png,/content/drive/MyDrive/MedSymmFlow_Project/fid_analysis/real_normal_1214/real_normal_0968.png,0.9418168067932129
/content/drive/MyDrive/MedSymmFlow_Project/synthetic_data/pneumoniamnist_normal_2280_filtered/normal_0846.png,/content/drive/MyDrive/MedSymmFlow_Project/fid_analysis/real_normal_1214/real_normal_0834.png,0.9418138265609741
/content/drive/MyDrive/MedSymmFlow_Project/synthetic_data/pneumoniamnist_normal_2280_filtered/normal_1323.png,/content/drive/MyDrive/MedSymmFlow_Project/fid_analysis/real_normal_1214/real_normal_0021.png,0.9418087005615234
/content/drive/MyDrive/MedSymmFlow_Project/synthetic_data/pneumoniamnist_normal_2280_filtered/normal_1791.png,/content/drive/MyDrive/MedSymmFlow_Project/fid_analysis/real_normal_1214/real_normal_1031.png,0.941805899143219
/content/drive/MyDrive/MedSymmFlow_Project/synthetic_data/pneumoniamnist_normal_2280_filtered/normal_0517.png,/content/drive/MyDrive/MedSymmFlow_Project/fid_analysis/real_normal_1214/real_normal_0492.png,0.941804051399231
/content/drive/MyDrive/MedSymmFlow_Project/synthetic_data/pneumoniamnist_normal_2280_filtered/normal_0603.png,/content/drive/MyDrive/MedSymmFlow_Project/fid_analysis/real_normal_1214/real_normal_0069.png,0.9418001174926758
/content/drive/MyDrive/MedSymmFlow_Project/synthetic_data/pneumoniamnist_normal_2280_filtered/normal_2250.png,/content/drive/MyDrive/MedSymmFlow_Project/fid_analysis/real_normal_1214/real_normal_0492.png,0.9417622089385986
/content/drive/MyDrive/MedSymmFlow_Project/synthetic_data/pneumoniamnist_normal_2280_filtered/normal_0633.png,/content/drive/MyDrive/MedSymmFlow_Project/fid_analysis/real_normal_1214/real_normal_0904.png,0.9417535066604614
/content/drive/MyDrive/MedSymmFlow_Project/synthetic_data/pneumoniamnist_normal_2280_filtered/normal_0544.png,/content/drive/MyDrive/MedSymmFlow_Project/fid_analysis/real_normal_1214/real_normal_0834.png,0.9417402744293213
/content/drive/MyDrive/MedSymmFlow_Project/synthetic_data/pneumoniamnist_normal_2280_filtered/normal_0019.png,/content/drive/MyDrive/MedSymmFlow_Project/fid_analysis/real_normal_1214/real_normal_0427.png,0.9417400360107422
/content/drive/MyDrive/MedSymmFlow_Project/synthetic_data/pneumoniamnist_normal_2280_filtered/normal_2026.png,/content/drive/MyDrive/MedSymmFlow_Project/fid_analysis/real_normal_1214/real_normal_0539.png,0.9417310953140259
/content/drive/MyDrive/MedSymmFlow_Project/synthetic_data/pneumoniamnist_normal_2280_filtered/normal_0955.png,/content/drive/MyDrive/MedSymmFlow_Project/fid_analysis/real_normal_1214/real_normal_0552.png,0.941726803779602
/content/drive/MyDrive/MedSymmFlow_Project/synthetic_data/pneumoniamnist_normal_2280_filtered/normal_1435.png,/content/drive/MyDrive/MedSymmFlow_Project/fid_analysis/real_normal_1214/real_normal_0809.png,0.9416725635528564
/content/drive/MyDrive/MedSymmFlow_Project/synthetic_data/pneumoniamnist_normal_2280_filtered/normal_2276.png,/content/drive/MyDrive/MedSymmFlow_Project/fid_analysis/real_normal_1214/real_normal_0634.png,0.9416667222976685
/content/drive/MyDrive/MedSymmFlow_Project/synthetic_data/pneumoniamnist_normal_2280_filtered/normal_1117.png,/content/drive/MyDrive/MedSymmFlow_Project/fid_analysis/real_normal_1214/real_normal_1028.png,0.941663920879364
/content/drive/MyDrive/MedSymmFlow_Project/synthetic_data/pneumoniamnist_normal_2280_filtered/normal_0339.png,/content/drive/MyDrive/MedSymmFlow_Project/fid_analysis/real_normal_1214/real_normal_1073.png,0.9416534900665283
/content/drive/MyDrive/MedSymmFlow_Project/synthetic_data/pneumoniamnist_normal_2280_filtered/normal_2268.png,/content/drive/MyDrive/MedSymmFlow_Project/fid_analysis/real_normal_1214/real_normal_0763.png,0.9416515827178955
/content/drive/MyDrive/MedSymmFlow_Project/synthetic_data/pneumoniamnist_normal_2280_filtered/normal_0635.png,/content/drive/MyDrive/MedSymmFlow_Project/fid_analysis/real_normal_1214/real_normal_0017.png,0.9416422843933105
/content/drive/MyDrive/MedSymmFlow_Project/synthetic_data/pneumoniamnist_normal_2280_filtered/normal_2074.png,/content/drive/MyDrive/MedSymmFlow_Project/fid_analysis/real_normal_1214/real_normal_0346.png,0.9416310787200928
/content/drive/MyDrive/MedSymmFlow_Project/synthetic_data/pneumoniamnist_normal_2280_filtered/normal_1164.png,/content/drive/MyDrive/MedSymmFlow_Project/fid_analysis/real_normal_1214/real_normal_0017.png,0.9416191577911377
/content/drive/MyDrive/MedSymmFlow_Project/synthetic_data/pneumoniamnist_normal_2280_filtered/normal_2062.png,/content/drive/MyDrive/MedSymmFlow_Project/fid_analysis/real_normal_1214/real_normal_0552.png,0.9416186809539795
/content/drive/MyDrive/MedSymmFlow_Project/synthetic_data/pneumoniamnist_normal_2280_filtered/normal_1524.png,/content/drive/MyDrive/MedSymmFlow_Project/fid_analysis/real_normal_1214/real_normal_0021.png,0.9415967464447021
/content/drive/MyDrive/MedSymmFlow_Project/synthetic_data/pneumoniamnist_normal_2280_filtered/normal_0834.png,/content/drive/MyDrive/MedSymmFlow_Project/fid_analysis/real_normal_1214/real_normal_0829.png,0.9415910243988037
/content/drive/MyDrive/MedSymmFlow_Project/synthetic_data/pneumoniamnist_normal_2280_filtered/normal_1676.png,/content/drive/MyDrive/MedSymmFlow_Project/fid_analysis/real_normal_1214/real_normal_0799.png,0.9415898323059082
/content/drive/MyDrive/MedSymmFlow_Project/synthetic_data/pneumoniamnist_normal_2280_filtered/normal_1264.png,/content/drive/MyDrive/MedSymmFlow_Project/fid_analysis/real_normal_1214/real_normal_0021.png,0.9415884017944336
/content/drive/MyDrive/MedSymmFlow_Project/synthetic_data/pneumoniamnist_normal_2280_filtered/normal_0423.png,/content/drive/MyDrive/MedSymmFlow_Project/fid_analysis/real_normal_1214/real_normal_0806.png,0.9415801167488098
/content/drive/MyDrive/MedSymmFlow_Project/synthetic_data/pneumoniamnist_normal_2280_filtered/normal_0428.png,/content/drive/MyDrive/MedSymmFlow_Project/fid_analysis/real_normal_1214/real_normal_0017.png,0.9415775537490845
/content/drive/MyDrive/MedSymmFlow_Project/synthetic_data/pneumoniamnist_normal_2280_filtered/normal_0312.png,/content/drive/MyDrive/MedSymmFlow_Project/fid_analysis/real_normal_1214/real_normal_1017.png,0.9415754675865173
/content/drive/MyDrive/MedSymmFlow_Project/synthetic_data/pneumoniamnist_normal_2280_filtered/normal_0833.png,/content/drive/MyDrive/MedSymmFlow_Project/fid_analysis/real_normal_1214/real_normal_1086.png,0.9415731430053711
/content/drive/MyDrive/MedSymmFlow_Project/synthetic_data/pneumoniamnist_normal_2280_filtered/normal_0677.png,/content/drive/MyDrive/MedSymmFlow_Project/fid_analysis/real_normal_1214/real_normal_0427.png,0.9415591955184937
/content/drive/MyDrive/MedSymmFlow_Project/synthetic_data/pneumoniamnist_normal_2280_filtered/normal_0929.png,/content/drive/MyDrive/MedSymmFlow_Project/fid_analysis/real_normal_1214/real_normal_0194.png,0.9415504932403564
/content/drive/MyDrive/MedSymmFlow_Project/synthetic_data/pneumoniamnist_normal_2280_filtered/normal_1506.png,/content/drive/MyDrive/MedSymmFlow_Project/fid_analysis/real_normal_1214/real_normal_1208.png,0.9415398240089417
/content/drive/MyDrive/MedSymmFlow_Project/synthetic_data/pneumoniamnist_normal_2280_filtered/normal_0052.png,/content/drive/MyDrive/MedSymmFlow_Project/fid_analysis/real_normal_1214/real_normal_0855.png,0.9415323734283447
/content/drive/MyDrive/MedSymmFlow_Project/synthetic_data/pneumoniamnist_normal_2280_filtered/normal_1775.png,/content/drive/MyDrive/MedSymmFlow_Project/fid_analysis/real_normal_1214/real_normal_1063.png,0.9415260553359985
/content/drive/MyDrive/MedSymmFlow_Project/synthetic_data/pneumoniamnist_normal_2280_filtered/normal_1003.png,/content/drive/MyDrive/MedSymmFlow_Project/fid_analysis/real_normal_1214/real_normal_0834.png,0.9415081739425659
/content/drive/MyDrive/MedSymmFlow_Project/synthetic_data/pneumoniamnist_normal_2280_filtered/normal_1974.png,/content/drive/MyDrive/MedSymmFlow_Project/fid_analysis/real_normal_1214/real_normal_1086.png,0.9414932727813721
/content/drive/MyDrive/MedSymmFlow_Project/synthetic_data/pneumoniamnist_normal_2280_filtered/normal_0583.png,/content/drive/MyDrive/MedSymmFlow_Project/fid_analysis/real_normal_1214/real_normal_0017.png,0.9414867162704468
/content/drive/MyDrive/MedSymmFlow_Project/synthetic_data/pneumoniamnist_normal_2280_filtered/normal_1772.png,/content/drive/MyDrive/MedSymmFlow_Project/fid_analysis/real_normal_1214/real_normal_0659.png,0.9414660930633545
/content/drive/MyDrive/MedSymmFlow_Project/synthetic_data/pneumoniamnist_normal_2280_filtered/normal_2245.png,/content/drive/MyDrive/MedSymmFlow_Project/fid_analysis/real_normal_1214/real_normal_0725.png,0.9414652585983276
/content/drive/MyDrive/MedSymmFlow_Project/synthetic_data/pneumoniamnist_normal_2280_filtered/normal_1683.png,/content/drive/MyDrive/MedSymmFlow_Project/fid_analysis/real_normal_1214/real_normal_0351.png,0.9414578676223755
/content/drive/MyDrive/MedSymmFlow_Project/synthetic_data/pneumoniamnist_normal_2280_filtered/normal_1901.png,/content/drive/MyDrive/MedSymmFlow_Project/fid_analysis/real_normal_1214/real_normal_1017.png,0.9414570331573486
/content/drive/MyDrive/MedSymmFlow_Project/synthetic_data/pneumoniamnist_normal_2280_filtered/normal_0538.png,/content/drive/MyDrive/MedSymmFlow_Project/fid_analysis/real_normal_1214/real_normal_0418.png,0.9414563179016113
/content/drive/MyDrive/MedSymmFlow_Project/synthetic_data/pneumoniamnist_normal_2280_filtered/normal_0141.png,/content/drive/MyDrive/MedSymmFlow_Project/fid_analysis/real_normal_1214/real_normal_0649.png,0.9414200782775879
/content/drive/MyDrive/MedSymmFlow_Project/synthetic_data/pneumoniamnist_normal_2280_filtered/normal_0626.png,/content/drive/MyDrive/MedSymmFlow_Project/fid_analysis/real_normal_1214/real_normal_0336.png,0.9414175748825073
/content/drive/MyDrive/MedSymmFlow_Project/synthetic_data/pneumoniamnist_normal_2280_filtered/normal_0960.png,/content/drive/MyDrive/MedSymmFlow_Project/fid_analysis/real_normal_1214/real_normal_0274.png,0.9413957595825195
/content/drive/MyDrive/MedSymmFlow_Project/synthetic_data/pneumoniamnist_normal_2280_filtered/normal_1030.png,/content/drive/MyDrive/MedSymmFlow_Project/fid_analysis/real_normal_1214/real_normal_0448.png,0.9413952827453613
/content/drive/MyDrive/MedSymmFlow_Project/synthetic_data/pneumoniamnist_normal_2280_filtered/normal_2083.png,/content/drive/MyDrive/MedSymmFlow_Project/fid_analysis/real_normal_1214/real_normal_0315.png,0.9413930177688599
/content/drive/MyDrive/MedSymmFlow_Project/synthetic_data/pneumoniamnist_normal_2280_filtered/normal_0045.png,/content/drive/MyDrive/MedSymmFlow_Project/fid_analysis/real_normal_1214/real_normal_0236.png,0.9413912892341614
/content/drive/MyDrive/MedSymmFlow_Project/synthetic_data/pneumoniamnist_normal_2280_filtered/normal_0127.png,/content/drive/MyDrive/MedSymmFlow_Project/fid_analysis/real_normal_1214/real_normal_1005.png,0.9413720369338989
/content/drive/MyDrive/MedSymmFlow_Project/synthetic_data/pneumoniamnist_normal_2280_filtered/normal_1866.png,/content/drive/MyDrive/MedSymmFlow_Project/fid_analysis/real_normal_1214/real_normal_1086.png,0.941361129283905
/content/drive/MyDrive/MedSymmFlow_Project/synthetic_data/pneumoniamnist_normal_2280_filtered/normal_0575.png,/content/drive/MyDrive/MedSymmFlow_Project/fid_analysis/real_normal_1214/real_normal_0855.png,0.9413604736328125
/content/drive/MyDrive/MedSymmFlow_Project/synthetic_data/pneumoniamnist_normal_2280_filtered/normal_0380.png,/content/drive/MyDrive/MedSymmFlow_Project/fid_analysis/real_normal_1214/real_normal_0642.png,0.9413380026817322
/content/drive/MyDrive/MedSymmFlow_Project/synthetic_data/pneumoniamnist_normal_2280_filtered/normal_1186.png,/content/drive/MyDrive/MedSymmFlow_Project/fid_analysis/real_normal_1214/real_normal_0834.png,0.9413244724273682
/content/drive/MyDrive/MedSymmFlow_Project/synthetic_data/pneumoniamnist_normal_2280_filtered/normal_0069.png,/content/drive/MyDrive/MedSymmFlow_Project/fid_analysis/real_normal_1214/real_normal_0194.png,0.9412915706634521
/content/drive/MyDrive/MedSymmFlow_Project/synthetic_data/pneumoniamnist_normal_2280_filtered/normal_1808.png,/content/drive/MyDrive/MedSymmFlow_Project/fid_analysis/real_normal_1214/real_normal_0834.png,0.9412851333618164
/content/drive/MyDrive/MedSymmFlow_Project/synthetic_data/pneumoniamnist_normal_2280_filtered/normal_1700.png,/content/drive/MyDrive/MedSymmFlow_Project/fid_analysis/real_normal_1214/real_normal_0311.png,0.9412684440612793
/content/drive/MyDrive/MedSymmFlow_Project/synthetic_data/pneumoniamnist_normal_2280_filtered/normal_0175.png,/content/drive/MyDrive/MedSymmFlow_Project/fid_analysis/real_normal_1214/real_normal_0869.png,0.9412631988525391
/content/drive/MyDrive/MedSymmFlow_Project/synthetic_data/pneumoniamnist_normal_2280_filtered/normal_2249.png,/content/drive/MyDrive/MedSymmFlow_Project/fid_analysis/real_normal_1214/real_normal_0322.png,0.9412537813186646
/content/drive/MyDrive/MedSymmFlow_Project/synthetic_data/pneumoniamnist_normal_2280_filtered/normal_1417.png,/content/drive/MyDrive/MedSymmFlow_Project/fid_analysis/real_normal_1214/real_normal_0017.png,0.9412472248077393
/content/drive/MyDrive/MedSymmFlow_Project/synthetic_data/pneumoniamnist_normal_2280_filtered/normal_0813.png,/content/drive/MyDrive/MedSymmFlow_Project/fid_analysis/real_normal_1214/real_normal_0236.png,0.9412257075309753
/content/drive/MyDrive/MedSymmFlow_Project/synthetic_data/pneumoniamnist_normal_2280_filtered/normal_1908.png,/content/drive/MyDrive/MedSymmFlow_Project/fid_analysis/real_normal_1214/real_normal_0834.png,0.9412248134613037
/content/drive/MyDrive/MedSymmFlow_Project/synthetic_data/pneumoniamnist_normal_2280_filtered/normal_0887.png,/content/drive/MyDrive/MedSymmFlow_Project/fid_analysis/real_normal_1214/real_normal_1031.png,0.9412176609039307
/content/drive/MyDrive/MedSymmFlow_Project/synthetic_data/pneumoniamnist_normal_2280_filtered/normal_0878.png,/content/drive/MyDrive/MedSymmFlow_Project/fid_analysis/real_normal_1214/real_normal_0069.png,0.941209077835083
/content/drive/MyDrive/MedSymmFlow_Project/synthetic_data/pneumoniamnist_normal_2280_filtered/normal_1027.png,/content/drive/MyDrive/MedSymmFlow_Project/fid_analysis/real_normal_1214/real_normal_0069.png,0.9411929249763489
/content/drive/MyDrive/MedSymmFlow_Project/synthetic_data/pneumoniamnist_normal_2280_filtered/normal_0794.png,/content/drive/MyDrive/MedSymmFlow_Project/fid_analysis/real_normal_1214/real_normal_0144.png,0.9411568641662598
/content/drive/MyDrive/MedSymmFlow_Project/synthetic_data/pneumoniamnist_normal_2280_filtered/normal_0514.png,/content/drive/MyDrive/MedSymmFlow_Project/fid_analysis/real_normal_1214/real_normal_0017.png,0.9411455392837524
/content/drive/MyDrive/MedSymmFlow_Project/synthetic_data/pneumoniamnist_normal_2280_filtered/normal_1697.png,/content/drive/MyDrive/MedSymmFlow_Project/fid_analysis/real_normal_1214/real_normal_0427.png,0.9411313533782959
/content/drive/MyDrive/MedSymmFlow_Project/synthetic_data/pneumoniamnist_normal_2280_filtered/normal_0728.png,/content/drive/MyDrive/MedSymmFlow_Project/fid_analysis/real_normal_1214/real_normal_0017.png,0.9411188364028931
/content/drive/MyDrive/MedSymmFlow_Project/synthetic_data/pneumoniamnist_normal_2280_filtered/normal_2135.png,/content/drive/MyDrive/MedSymmFlow_Project/fid_analysis/real_normal_1214/real_normal_0722.png,0.9411174058914185
/content/drive/MyDrive/MedSymmFlow_Project/synthetic_data/pneumoniamnist_normal_2280_filtered/normal_1884.png,/content/drive/MyDrive/MedSymmFlow_Project/fid_analysis/real_normal_1214/real_normal_0855.png,0.9411137104034424
/content/drive/MyDrive/MedSymmFlow_Project/synthetic_data/pneumoniamnist_normal_2280_filtered/normal_1797.png,/content/drive/MyDrive/MedSymmFlow_Project/fid_analysis/real_normal_1214/real_normal_0642.png,0.9411091208457947
/content/drive/MyDrive/MedSymmFlow_Project/synthetic_data/pneumoniamnist_normal_2280_filtered/normal_1566.png,/content/drive/MyDrive/MedSymmFlow_Project/fid_analysis/real_normal_1214/real_normal_0427.png,0.9410948753356934
/content/drive/MyDrive/MedSymmFlow_Project/synthetic_data/pneumoniamnist_normal_2280_filtered/normal_0343.png,/content/drive/MyDrive/MedSymmFlow_Project/fid_analysis/real_normal_1214/real_normal_0834.png,0.9410911798477173
/content/drive/MyDrive/MedSymmFlow_Project/synthetic_data/pneumoniamnist_normal_2280_filtered/normal_1375.png,/content/drive/MyDrive/MedSymmFlow_Project/fid_analysis/real_normal_1214/real_normal_0165.png,0.9410855770111084
/content/drive/MyDrive/MedSymmFlow_Project/synthetic_data/pneumoniamnist_normal_2280_filtered/normal_2045.png,/content/drive/MyDrive/MedSymmFlow_Project/fid_analysis/real_normal_1214/real_normal_0099.png,0.9410821199417114
/content/drive/MyDrive/MedSymmFlow_Project/synthetic_data/pneumoniamnist_normal_2280_filtered/normal_0696.png,/content/drive/MyDrive/MedSymmFlow_Project/fid_analysis/real_normal_1214/real_normal_0806.png,0.9410742521286011
/content/drive/MyDrive/MedSymmFlow_Project/synthetic_data/pneumoniamnist_normal_2280_filtered/normal_0786.png,/content/drive/MyDrive/MedSymmFlow_Project/fid_analysis/real_normal_1214/real_normal_0056.png,0.9410614967346191
/content/drive/MyDrive/MedSymmFlow_Project/synthetic_data/pneumoniamnist_normal_2280_filtered/normal_0860.png,/content/drive/MyDrive/MedSymmFlow_Project/fid_analysis/real_normal_1214/real_normal_0069.png,0.9410526752471924
/content/drive/MyDrive/MedSymmFlow_Project/synthetic_data/pneumoniamnist_normal_2280_filtered/normal_0432.png,/content/drive/MyDrive/MedSymmFlow_Project/fid_analysis/real_normal_1214/real_normal_0026.png,0.941038966178894
/content/drive/MyDrive/MedSymmFlow_Project/synthetic_data/pneumoniamnist_normal_2280_filtered/normal_1903.png,/content/drive/MyDrive/MedSymmFlow_Project/fid_analysis/real_normal_1214/real_normal_0052.png,0.9410385489463806
/content/drive/MyDrive/MedSymmFlow_Project/synthetic_data/pneumoniamnist_normal_2280_filtered/normal_0263.png,/content/drive/MyDrive/MedSymmFlow_Project/fid_analysis/real_normal_1214/real_normal_0542.png,0.9410299062728882
/content/drive/MyDrive/MedSymmFlow_Project/synthetic_data/pneumoniamnist_normal_2280_filtered/normal_1760.png,/content/drive/MyDrive/MedSymmFlow_Project/fid_analysis/real_normal_1214/real_normal_0418.png,0.9410257935523987
/content/drive/MyDrive/MedSymmFlow_Project/synthetic_data/pneumoniamnist_normal_2280_filtered/normal_1735.png,/content/drive/MyDrive/MedSymmFlow_Project/fid_analysis/real_normal_1214/real_normal_0034.png,0.9410213828086853
/content/drive/MyDrive/MedSymmFlow_Project/synthetic_data/pneumoniamnist_normal_2280_filtered/normal_0839.png,/content/drive/MyDrive/MedSymmFlow_Project/fid_analysis/real_normal_1214/real_normal_0598.png,0.9410154819488525
/content/drive/MyDrive/MedSymmFlow_Project/synthetic_data/pneumoniamnist_normal_2280_filtered/normal_0172.png,/content/drive/MyDrive/MedSymmFlow_Project/fid_analysis/real_normal_1214/real_normal_0289.png,0.9410147666931152
/content/drive/MyDrive/MedSymmFlow_Project/synthetic_data/pneumoniamnist_normal_2280_filtered/normal_0185.png,/content/drive/MyDrive/MedSymmFlow_Project/fid_analysis/real_normal_1214/real_normal_1188.png,0.941012978553772
/content/drive/MyDrive/MedSymmFlow_Project/synthetic_data/pneumoniamnist_normal_2280_filtered/normal_0976.png,/content/drive/MyDrive/MedSymmFlow_Project/fid_analysis/real_normal_1214/real_normal_0834.png,0.9410054087638855
/content/drive/MyDrive/MedSymmFlow_Project/synthetic_data/pneumoniamnist_normal_2280_filtered/normal_1449.png,/content/drive/MyDrive/MedSymmFlow_Project/fid_analysis/real_normal_1214/real_normal_0342.png,0.9410025477409363
/content/drive/MyDrive/MedSymmFlow_Project/synthetic_data/pneumoniamnist_normal_2280_filtered/normal_2154.png,/content/drive/MyDrive/MedSymmFlow_Project/fid_analysis/real_normal_1214/real_normal_0069.png,0.9409937858581543
/content/drive/MyDrive/MedSymmFlow_Project/synthetic_data/pneumoniamnist_normal_2280_filtered/normal_0864.png,/content/drive/MyDrive/MedSymmFlow_Project/fid_analysis/real_normal_1214/real_normal_0492.png,0.9409903883934021
/content/drive/MyDrive/MedSymmFlow_Project/synthetic_data/pneumoniamnist_normal_2280_filtered/normal_0610.png,/content/drive/MyDrive/MedSymmFlow_Project/fid_analysis/real_normal_1214/real_normal_0427.png,0.9409681558609009
/content/drive/MyDrive/MedSymmFlow_Project/synthetic_data/pneumoniamnist_normal_2280_filtered/normal_2119.png,/content/drive/MyDrive/MedSymmFlow_Project/fid_analysis/real_normal_1214/real_normal_0204.png,0.9409666657447815
/content/drive/MyDrive/MedSymmFlow_Project/synthetic_data/pneumoniamnist_normal_2280_filtered/normal_1150.png,/content/drive/MyDrive/MedSymmFlow_Project/fid_analysis/real_normal_1214/real_normal_0684.png,0.9409596920013428
/content/drive/MyDrive/MedSymmFlow_Project/synthetic_data/pneumoniamnist_normal_2280_filtered/normal_0999.png,/content/drive/MyDrive/MedSymmFlow_Project/fid_analysis/real_normal_1214/real_normal_0204.png,0.9409208297729492
/content/drive/MyDrive/MedSymmFlow_Project/synthetic_data/pneumoniamnist_normal_2280_filtered/normal_0455.png,/content/drive/MyDrive/MedSymmFlow_Project/fid_analysis/real_normal_1214/real_normal_0413.png,0.9408960342407227
/content/drive/MyDrive/MedSymmFlow_Project/synthetic_data/pneumoniamnist_normal_2280_filtered/normal_1602.png,/content/drive/MyDrive/MedSymmFlow_Project/fid_analysis/real_normal_1214/real_normal_0248.png,0.9408862590789795
/content/drive/MyDrive/MedSymmFlow_Project/synthetic_data/pneumoniamnist_normal_2280_filtered/normal_1744.png,/content/drive/MyDrive/MedSymmFlow_Project/fid_analysis/real_normal_1214/real_normal_0156.png,0.9408857822418213
/content/drive/MyDrive/MedSymmFlow_Project/synthetic_data/pneumoniamnist_normal_2280_filtered/normal_0177.png,/content/drive/MyDrive/MedSymmFlow_Project/fid_analysis/real_normal_1214/real_normal_0642.png,0.9408807754516602
/content/drive/MyDrive/MedSymmFlow_Project/synthetic_data/pneumoniamnist_normal_2280_filtered/normal_1956.png,/content/drive/MyDrive/MedSymmFlow_Project/fid_analysis/real_normal_1214/real_normal_0642.png,0.9408746957778931
/content/drive/MyDrive/MedSymmFlow_Project/synthetic_data/pneumoniamnist_normal_2280_filtered/normal_0571.png,/content/drive/MyDrive/MedSymmFlow_Project/fid_analysis/real_normal_1214/real_normal_0767.png,0.940872073173523
/content/drive/MyDrive/MedSymmFlow_Project/synthetic_data/pneumoniamnist_normal_2280_filtered/normal_0967.png,/content/drive/MyDrive/MedSymmFlow_Project/fid_analysis/real_normal_1214/real_normal_0402.png,0.9408589601516724
/content/drive/MyDrive/MedSymmFlow_Project/synthetic_data/pneumoniamnist_normal_2280_filtered/normal_1622.png,/content/drive/MyDrive/MedSymmFlow_Project/fid_analysis/real_normal_1214/real_normal_0492.png,0.9408540725708008
/content/drive/MyDrive/MedSymmFlow_Project/synthetic_data/pneumoniamnist_normal_2280_filtered/normal_0489.png,/content/drive/MyDrive/MedSymmFlow_Project/fid_analysis/real_normal_1214/real_normal_0824.png,0.9408531188964844
/content/drive/MyDrive/MedSymmFlow_Project/synthetic_data/pneumoniamnist_normal_2280_filtered/normal_0191.png,/content/drive/MyDrive/MedSymmFlow_Project/fid_analysis/real_normal_1214/real_normal_0322.png,0.9408402442932129
/content/drive/MyDrive/MedSymmFlow_Project/synthetic_data/pneumoniamnist_normal_2280_filtered/normal_0652.png,/content/drive/MyDrive/MedSymmFlow_Project/fid_analysis/real_normal_1214/real_normal_0069.png,0.9408143758773804
/content/drive/MyDrive/MedSymmFlow_Project/synthetic_data/pneumoniamnist_normal_2280_filtered/normal_0061.png,/content/drive/MyDrive/MedSymmFlow_Project/fid_analysis/real_normal_1214/real_normal_1091.png,0.9408068656921387
/content/drive/MyDrive/MedSymmFlow_Project/synthetic_data/pneumoniamnist_normal_2280_filtered/normal_1337.png,/content/drive/MyDrive/MedSymmFlow_Project/fid_analysis/real_normal_1214/real_normal_0717.png,0.9408034682273865
/content/drive/MyDrive/MedSymmFlow_Project/synthetic_data/pneumoniamnist_normal_2280_filtered/normal_0048.png,/content/drive/MyDrive/MedSymmFlow_Project/fid_analysis/real_normal_1214/real_normal_0165.png,0.9407979249954224
/content/drive/MyDrive/MedSymmFlow_Project/synthetic_data/pneumoniamnist_normal_2280_filtered/normal_0159.png,/content/drive/MyDrive/MedSymmFlow_Project/fid_analysis/real_normal_1214/real_normal_0322.png,0.9407939910888672
/content/drive/MyDrive/MedSymmFlow_Project/synthetic_data/pneumoniamnist_normal_2280_filtered/normal_1680.png,/content/drive/MyDrive/MedSymmFlow_Project/fid_analysis/real_normal_1214/real_normal_1017.png,0.9407647252082825
/content/drive/MyDrive/MedSymmFlow_Project/synthetic_data/pneumoniamnist_normal_2280_filtered/normal_0408.png,/content/drive/MyDrive/MedSymmFlow_Project/fid_analysis/real_normal_1214/real_normal_0402.png,0.9407592415809631
/content/drive/MyDrive/MedSymmFlow_Project/synthetic_data/pneumoniamnist_normal_2280_filtered/normal_1460.png,/content/drive/MyDrive/MedSymmFlow_Project/fid_analysis/real_normal_1214/real_normal_0888.png,0.9407551288604736
/content/drive/MyDrive/MedSymmFlow_Project/synthetic_data/pneumoniamnist_normal_2280_filtered/normal_2162.png,/content/drive/MyDrive/MedSymmFlow_Project/fid_analysis/real_normal_1214/real_normal_0847.png,0.9407406449317932
/content/drive/MyDrive/MedSymmFlow_Project/synthetic_data/pneumoniamnist_normal_2280_filtered/normal_1971.png,/content/drive/MyDrive/MedSymmFlow_Project/fid_analysis/real_normal_1214/real_normal_0021.png,0.9407341480255127
/content/drive/MyDrive/MedSymmFlow_Project/synthetic_data/pneumoniamnist_normal_2280_filtered/normal_1008.png,/content/drive/MyDrive/MedSymmFlow_Project/fid_analysis/real_normal_1214/real_normal_0968.png,0.9407321214675903
/content/drive/MyDrive/MedSymmFlow_Project/synthetic_data/pneumoniamnist_normal_2280_filtered/normal_0252.png,/content/drive/MyDrive/MedSymmFlow_Project/fid_analysis/real_normal_1214/real_normal_0017.png,0.9407193660736084
/content/drive/MyDrive/MedSymmFlow_Project/synthetic_data/pneumoniamnist_normal_2280_filtered/normal_1054.png,/content/drive/MyDrive/MedSymmFlow_Project/fid_analysis/real_normal_1214/real_normal_0017.png,0.9407142996788025
/content/drive/MyDrive/MedSymmFlow_Project/synthetic_data/pneumoniamnist_normal_2280_filtered/normal_0230.png,/content/drive/MyDrive/MedSymmFlow_Project/fid_analysis/real_normal_1214/real_normal_0504.png,0.9406999349594116
/content/drive/MyDrive/MedSymmFlow_Project/synthetic_data/pneumoniamnist_normal_2280_filtered/normal_0996.png,/content/drive/MyDrive/MedSymmFlow_Project/fid_analysis/real_normal_1214/real_normal_0017.png,0.9406986832618713
/content/drive/MyDrive/MedSymmFlow_Project/synthetic_data/pneumoniamnist_normal_2280_filtered/normal_1175.png,/content/drive/MyDrive/MedSymmFlow_Project/fid_analysis/real_normal_1214/real_normal_0874.png,0.9406503438949585
/content/drive/MyDrive/MedSymmFlow_Project/synthetic_data/pneumoniamnist_normal_2280_filtered/normal_0627.png,/content/drive/MyDrive/MedSymmFlow_Project/fid_analysis/real_normal_1214/real_normal_0017.png,0.9406498670578003
/content/drive/MyDrive/MedSymmFlow_Project/synthetic_data/pneumoniamnist_normal_2280_filtered/normal_1620.png,/content/drive/MyDrive/MedSymmFlow_Project/fid_analysis/real_normal_1214/real_normal_0539.png,0.9406396150588989
/content/drive/MyDrive/MedSymmFlow_Project/synthetic_data/pneumoniamnist_normal_2280_filtered/normal_0107.png,/content/drive/MyDrive/MedSymmFlow_Project/fid_analysis/real_normal_1214/real_normal_0812.png,0.9406378269195557
/content/drive/MyDrive/MedSymmFlow_Project/synthetic_data/pneumoniamnist_normal_2280_filtered/normal_1585.png,/content/drive/MyDrive/MedSymmFlow_Project/fid_analysis/real_normal_1214/real_normal_0017.png,0.9406304955482483
/content/drive/MyDrive/MedSymmFlow_Project/synthetic_data/pneumoniamnist_normal_2280_filtered/normal_0379.png,/content/drive/MyDrive/MedSymmFlow_Project/fid_analysis/real_normal_1214/real_normal_0017.png,0.9406198263168335
/content/drive/MyDrive/MedSymmFlow_Project/synthetic_data/pneumoniamnist_normal_2280_filtered/normal_0286.png,/content/drive/MyDrive/MedSymmFlow_Project/fid_analysis/real_normal_1214/real_normal_0357.png,0.9406043291091919
/content/drive/MyDrive/MedSymmFlow_Project/synthetic_data/pneumoniamnist_normal_2280_filtered/normal_2143.png,/content/drive/MyDrive/MedSymmFlow_Project/fid_analysis/real_normal_1214/real_normal_0294.png,0.9405896663665771
/content/drive/MyDrive/MedSymmFlow_Project/synthetic_data/pneumoniamnist_normal_2280_filtered/normal_0099.png,/content/drive/MyDrive/MedSymmFlow_Project/fid_analysis/real_normal_1214/real_normal_0355.png,0.9405760765075684
/content/drive/MyDrive/MedSymmFlow_Project/synthetic_data/pneumoniamnist_normal_2280_filtered/normal_0699.png,/content/drive/MyDrive/MedSymmFlow_Project/fid_analysis/real_normal_1214/real_normal_0116.png,0.9405438303947449
/content/drive/MyDrive/MedSymmFlow_Project/synthetic_data/pneumoniamnist_normal_2280_filtered/normal_0410.png,/content/drive/MyDrive/MedSymmFlow_Project/fid_analysis/real_normal_1214/real_normal_0017.png,0.9405407309532166
/content/drive/MyDrive/MedSymmFlow_Project/synthetic_data/pneumoniamnist_normal_2280_filtered/normal_0516.png,/content/drive/MyDrive/MedSymmFlow_Project/fid_analysis/real_normal_1214/real_normal_0685.png,0.9405257701873779
/content/drive/MyDrive/MedSymmFlow_Project/synthetic_data/pneumoniamnist_normal_2280_filtered/normal_1463.png,/content/drive/MyDrive/MedSymmFlow_Project/fid_analysis/real_normal_1214/real_normal_0336.png,0.940514087677002
/content/drive/MyDrive/MedSymmFlow_Project/synthetic_data/pneumoniamnist_normal_2280_filtered/normal_1458.png,/content/drive/MyDrive/MedSymmFlow_Project/fid_analysis/real_normal_1214/real_normal_1086.png,0.9405074119567871
/content/drive/MyDrive/MedSymmFlow_Project/synthetic_data/pneumoniamnist_normal_2280_filtered/normal_1635.png,/content/drive/MyDrive/MedSymmFlow_Project/fid_analysis/real_normal_1214/real_normal_0427.png,0.9404833912849426
/content/drive/MyDrive/MedSymmFlow_Project/synthetic_data/pneumoniamnist_normal_2280_filtered/normal_0454.png,/content/drive/MyDrive/MedSymmFlow_Project/fid_analysis/real_normal_1214/real_normal_0522.png,0.9404712915420532
/content/drive/MyDrive/MedSymmFlow_Project/synthetic_data/pneumoniamnist_normal_2280_filtered/normal_0158.png,/content/drive/MyDrive/MedSymmFlow_Project/fid_analysis/real_normal_1214/real_normal_0642.png,0.940464198589325
/content/drive/MyDrive/MedSymmFlow_Project/synthetic_data/pneumoniamnist_normal_2280_filtered/normal_2038.png,/content/drive/MyDrive/MedSymmFlow_Project/fid_analysis/real_normal_1214/real_normal_0152.png,0.9404621124267578
/content/drive/MyDrive/MedSymmFlow_Project/synthetic_data/pneumoniamnist_normal_2280_filtered/normal_0892.png,/content/drive/MyDrive/MedSymmFlow_Project/fid_analysis/real_normal_1214/real_normal_0690.png,0.9404557943344116
/content/drive/MyDrive/MedSymmFlow_Project/synthetic_data/pneumoniamnist_normal_2280_filtered/normal_2165.png,/content/drive/MyDrive/MedSymmFlow_Project/fid_analysis/real_normal_1214/real_normal_0968.png,0.9404321908950806
/content/drive/MyDrive/MedSymmFlow_Project/synthetic_data/pneumoniamnist_normal_2280_filtered/normal_1152.png,/content/drive/MyDrive/MedSymmFlow_Project/fid_analysis/real_normal_1214/real_normal_0829.png,0.9404177665710449
/content/drive/MyDrive/MedSymmFlow_Project/synthetic_data/pneumoniamnist_normal_2280_filtered/normal_1686.png,/content/drive/MyDrive/MedSymmFlow_Project/fid_analysis/real_normal_1214/real_normal_0346.png,0.9403802752494812
/content/drive/MyDrive/MedSymmFlow_Project/synthetic_data/pneumoniamnist_normal_2280_filtered/normal_1630.png,/content/drive/MyDrive/MedSymmFlow_Project/fid_analysis/real_normal_1214/real_normal_0492.png,0.9403719902038574
/content/drive/MyDrive/MedSymmFlow_Project/synthetic_data/pneumoniamnist_normal_2280_filtered/normal_0459.png,/content/drive/MyDrive/MedSymmFlow_Project/fid_analysis/real_normal_1214/real_normal_0427.png,0.9403673410415649
/content/drive/MyDrive/MedSymmFlow_Project/synthetic_data/pneumoniamnist_normal_2280_filtered/normal_0672.png,/content/drive/MyDrive/MedSymmFlow_Project/fid_analysis/real_normal_1214/real_normal_0806.png,0.9403579235076904
/content/drive/MyDrive/MedSymmFlow_Project/synthetic_data/pneumoniamnist_normal_2280_filtered/normal_1770.png,/content/drive/MyDrive/MedSymmFlow_Project/fid_analysis/real_normal_1214/real_normal_0321.png,0.9403560161590576
/content/drive/MyDrive/MedSymmFlow_Project/synthetic_data/pneumoniamnist_normal_2280_filtered/normal_1693.png,/content/drive/MyDrive/MedSymmFlow_Project/fid_analysis/real_normal_1214/real_normal_1086.png,0.9403541088104248
/content/drive/MyDrive/MedSymmFlow_Project/synthetic_data/pneumoniamnist_normal_2280_filtered/normal_2077.png,/content/drive/MyDrive/MedSymmFlow_Project/fid_analysis/real_normal_1214/real_normal_0017.png,0.9403237104415894
/content/drive/MyDrive/MedSymmFlow_Project/synthetic_data/pneumoniamnist_normal_2280_filtered/normal_0930.png,/content/drive/MyDrive/MedSymmFlow_Project/fid_analysis/real_normal_1214/real_normal_0847.png,0.9403153657913208
/content/drive/MyDrive/MedSymmFlow_Project/synthetic_data/pneumoniamnist_normal_2280_filtered/normal_1210.png,/content/drive/MyDrive/MedSymmFlow_Project/fid_analysis/real_normal_1214/real_normal_0834.png,0.9402989149093628
/content/drive/MyDrive/MedSymmFlow_Project/synthetic_data/pneumoniamnist_normal_2280_filtered/normal_1146.png,/content/drive/MyDrive/MedSymmFlow_Project/fid_analysis/real_normal_1214/real_normal_0017.png,0.940284013748169
/content/drive/MyDrive/MedSymmFlow_Project/synthetic_data/pneumoniamnist_normal_2280_filtered/normal_0734.png,/content/drive/MyDrive/MedSymmFlow_Project/fid_analysis/real_normal_1214/real_normal_0236.png,0.9402825236320496
/content/drive/MyDrive/MedSymmFlow_Project/synthetic_data/pneumoniamnist_normal_2280_filtered/normal_1858.png,/content/drive/MyDrive/MedSymmFlow_Project/fid_analysis/real_normal_1214/real_normal_0069.png,0.940276026725769
/content/drive/MyDrive/MedSymmFlow_Project/synthetic_data/pneumoniamnist_normal_2280_filtered/normal_0014.png,/content/drive/MyDrive/MedSymmFlow_Project/fid_analysis/real_normal_1214/real_normal_0017.png,0.9402695894241333
/content/drive/MyDrive/MedSymmFlow_Project/synthetic_data/pneumoniamnist_normal_2280_filtered/normal_2106.png,/content/drive/MyDrive/MedSymmFlow_Project/fid_analysis/real_normal_1214/real_normal_0230.png,0.9402465224266052
/content/drive/MyDrive/MedSymmFlow_Project/synthetic_data/pneumoniamnist_normal_2280_filtered/normal_0295.png,/content/drive/MyDrive/MedSymmFlow_Project/fid_analysis/real_normal_1214/real_normal_0984.png,0.9402377605438232
/content/drive/MyDrive/MedSymmFlow_Project/synthetic_data/pneumoniamnist_normal_2280_filtered/normal_0192.png,/content/drive/MyDrive/MedSymmFlow_Project/fid_analysis/real_normal_1214/real_normal_1208.png,0.9402162432670593
/content/drive/MyDrive/MedSymmFlow_Project/synthetic_data/pneumoniamnist_normal_2280_filtered/normal_0671.png,/content/drive/MyDrive/MedSymmFlow_Project/fid_analysis/real_normal_1214/real_normal_0514.png,0.9402079582214355
/content/drive/MyDrive/MedSymmFlow_Project/synthetic_data/pneumoniamnist_normal_2280_filtered/normal_2177.png,/content/drive/MyDrive/MedSymmFlow_Project/fid_analysis/real_normal_1214/real_normal_1208.png,0.9402049779891968
/content/drive/MyDrive/MedSymmFlow_Project/synthetic_data/pneumoniamnist_normal_2280_filtered/normal_1068.png,/content/drive/MyDrive/MedSymmFlow_Project/fid_analysis/real_normal_1214/real_normal_0230.png,0.9401973485946655
/content/drive/MyDrive/MedSymmFlow_Project/synthetic_data/pneumoniamnist_normal_2280_filtered/normal_1017.png,/content/drive/MyDrive/MedSymmFlow_Project/fid_analysis/real_normal_1214/real_normal_1086.png,0.9401847124099731
/content/drive/MyDrive/MedSymmFlow_Project/synthetic_data/pneumoniamnist_normal_2280_filtered/normal_2275.png,/content/drive/MyDrive/MedSymmFlow_Project/fid_analysis/real_normal_1214/real_normal_0069.png,0.940169095993042
/content/drive/MyDrive/MedSymmFlow_Project/synthetic_data/pneumoniamnist_normal_2280_filtered/normal_0223.png,/content/drive/MyDrive/MedSymmFlow_Project/fid_analysis/real_normal_1214/real_normal_0834.png,0.940157413482666
/content/drive/MyDrive/MedSymmFlow_Project/synthetic_data/pneumoniamnist_normal_2280_filtered/normal_1285.png,/content/drive/MyDrive/MedSymmFlow_Project/fid_analysis/real_normal_1214/real_normal_0677.png,0.9401475191116333
/content/drive/MyDrive/MedSymmFlow_Project/synthetic_data/pneumoniamnist_normal_2280_filtered/normal_1004.png,/content/drive/MyDrive/MedSymmFlow_Project/fid_analysis/real_normal_1214/real_normal_0504.png,0.9401448965072632
/content/drive/MyDrive/MedSymmFlow_Project/synthetic_data/pneumoniamnist_normal_2280_filtered/normal_0249.png,/content/drive/MyDrive/MedSymmFlow_Project/fid_analysis/real_normal_1214/real_normal_0056.png,0.9401353597640991
/content/drive/MyDrive/MedSymmFlow_Project/synthetic_data/pneumoniamnist_normal_2280_filtered/normal_0913.png,/content/drive/MyDrive/MedSymmFlow_Project/fid_analysis/real_normal_1214/real_normal_0069.png,0.9401217699050903
/content/drive/MyDrive/MedSymmFlow_Project/synthetic_data/pneumoniamnist_normal_2280_filtered/normal_2007.png,/content/drive/MyDrive/MedSymmFlow_Project/fid_analysis/real_normal_1214/real_normal_0303.png,0.9401196241378784
/content/drive/MyDrive/MedSymmFlow_Project/synthetic_data/pneumoniamnist_normal_2280_filtered/normal_0137.png,/content/drive/MyDrive/MedSymmFlow_Project/fid_analysis/real_normal_1214/real_normal_0172.png,0.9401129484176636
/content/drive/MyDrive/MedSymmFlow_Project/synthetic_data/pneumoniamnist_normal_2280_filtered/normal_0757.png,/content/drive/MyDrive/MedSymmFlow_Project/fid_analysis/real_normal_1214/real_normal_0854.png,0.9400990009307861
/content/drive/MyDrive/MedSymmFlow_Project/synthetic_data/pneumoniamnist_normal_2280_filtered/normal_1989.png,/content/drive/MyDrive/MedSymmFlow_Project/fid_analysis/real_normal_1214/real_normal_0644.png,0.9400976896286011
/content/drive/MyDrive/MedSymmFlow_Project/synthetic_data/pneumoniamnist_normal_2280_filtered/normal_0255.png,/content/drive/MyDrive/MedSymmFlow_Project/fid_analysis/real_normal_1214/real_normal_0888.png,0.940095067024231
/content/drive/MyDrive/MedSymmFlow_Project/synthetic_data/pneumoniamnist_normal_2280_filtered/normal_1358.png,/content/drive/MyDrive/MedSymmFlow_Project/fid_analysis/real_normal_1214/real_normal_0767.png,0.9400745630264282
/content/drive/MyDrive/MedSymmFlow_Project/synthetic_data/pneumoniamnist_normal_2280_filtered/normal_2191.png,/content/drive/MyDrive/MedSymmFlow_Project/fid_analysis/real_normal_1214/real_normal_0025.png,0.9400585889816284
/content/drive/MyDrive/MedSymmFlow_Project/synthetic_data/pneumoniamnist_normal_2280_filtered/normal_0475.png,/content/drive/MyDrive/MedSymmFlow_Project/fid_analysis/real_normal_1214/real_normal_0987.png,0.9400473833084106
/content/drive/MyDrive/MedSymmFlow_Project/synthetic_data/pneumoniamnist_normal_2280_filtered/normal_0901.png,/content/drive/MyDrive/MedSymmFlow_Project/fid_analysis/real_normal_1214/real_normal_0322.png,0.9400334358215332
/content/drive/MyDrive/MedSymmFlow_Project/synthetic_data/pneumoniamnist_normal_2280_filtered/normal_0837.png,/content/drive/MyDrive/MedSymmFlow_Project/fid_analysis/real_normal_1214/real_normal_0469.png,0.9400328397750854
/content/drive/MyDrive/MedSymmFlow_Project/synthetic_data/pneumoniamnist_normal_2280_filtered/normal_0512.png,/content/drive/MyDrive/MedSymmFlow_Project/fid_analysis/real_normal_1214/real_normal_0634.png,0.9400038123130798
/content/drive/MyDrive/MedSymmFlow_Project/synthetic_data/pneumoniamnist_normal_2280_filtered/normal_0906.png,/content/drive/MyDrive/MedSymmFlow_Project/fid_analysis/real_normal_1214/real_normal_0539.png,0.9399851560592651
/content/drive/MyDrive/MedSymmFlow_Project/synthetic_data/pneumoniamnist_normal_2280_filtered/normal_0559.png,/content/drive/MyDrive/MedSymmFlow_Project/fid_analysis/real_normal_1214/real_normal_0427.png,0.9399809241294861
/content/drive/MyDrive/MedSymmFlow_Project/synthetic_data/pneumoniamnist_normal_2280_filtered/normal_2061.png,/content/drive/MyDrive/MedSymmFlow_Project/fid_analysis/real_normal_1214/real_normal_0829.png,0.93996661901474
/content/drive/MyDrive/MedSymmFlow_Project/synthetic_data/pneumoniamnist_normal_2280_filtered/normal_1404.png,/content/drive/MyDrive/MedSymmFlow_Project/fid_analysis/real_normal_1214/real_normal_0114.png,0.9399551749229431
/content/drive/MyDrive/MedSymmFlow_Project/synthetic_data/pneumoniamnist_normal_2280_filtered/normal_1389.png,/content/drive/MyDrive/MedSymmFlow_Project/fid_analysis/real_normal_1214/real_normal_0017.png,0.9399436116218567
/content/drive/MyDrive/MedSymmFlow_Project/synthetic_data/pneumoniamnist_normal_2280_filtered/normal_1360.png,/content/drive/MyDrive/MedSymmFlow_Project/fid_analysis/real_normal_1214/real_normal_0676.png,0.9399346113204956
/content/drive/MyDrive/MedSymmFlow_Project/synthetic_data/pneumoniamnist_normal_2280_filtered/normal_0259.png,/content/drive/MyDrive/MedSymmFlow_Project/fid_analysis/real_normal_1214/real_normal_0017.png,0.9399306774139404
/content/drive/MyDrive/MedSymmFlow_Project/synthetic_data/pneumoniamnist_normal_2280_filtered/normal_0649.png,/content/drive/MyDrive/MedSymmFlow_Project/fid_analysis/real_normal_1214/real_normal_0427.png,0.9399023056030273
/content/drive/MyDrive/MedSymmFlow_Project/synthetic_data/pneumoniamnist_normal_2280_filtered/normal_2116.png,/content/drive/MyDrive/MedSymmFlow_Project/fid_analysis/real_normal_1214/real_normal_0471.png,0.9399019479751587
/content/drive/MyDrive/MedSymmFlow_Project/synthetic_data/pneumoniamnist_normal_2280_filtered/normal_0378.png,/content/drive/MyDrive/MedSymmFlow_Project/fid_analysis/real_normal_1214/real_normal_0427.png,0.9398584961891174
/content/drive/MyDrive/MedSymmFlow_Project/synthetic_data/pneumoniamnist_normal_2280_filtered/normal_1312.png,/content/drive/MyDrive/MedSymmFlow_Project/fid_analysis/real_normal_1214/real_normal_0927.png,0.9398564100265503
/content/drive/MyDrive/MedSymmFlow_Project/synthetic_data/pneumoniamnist_normal_2280_filtered/normal_0636.png,/content/drive/MyDrive/MedSymmFlow_Project/fid_analysis/real_normal_1214/real_normal_0855.png,0.9398562908172607
/content/drive/MyDrive/MedSymmFlow_Project/synthetic_data/pneumoniamnist_normal_2280_filtered/normal_0766.png,/content/drive/MyDrive/MedSymmFlow_Project/fid_analysis/real_normal_1214/real_normal_0806.png,0.9398349523544312
/content/drive/MyDrive/MedSymmFlow_Project/synthetic_data/pneumoniamnist_normal_2280_filtered/normal_0748.png,/content/drive/MyDrive/MedSymmFlow_Project/fid_analysis/real_normal_1214/real_normal_1028.png,0.9398272037506104
/content/drive/MyDrive/MedSymmFlow_Project/synthetic_data/pneumoniamnist_normal_2280_filtered/normal_2175.png,/content/drive/MyDrive/MedSymmFlow_Project/fid_analysis/real_normal_1214/real_normal_1088.png,0.9397983551025391
/content/drive/MyDrive/MedSymmFlow_Project/synthetic_data/pneumoniamnist_normal_2280_filtered/normal_1906.png,/content/drive/MyDrive/MedSymmFlow_Project/fid_analysis/real_normal_1214/real_normal_0543.png,0.9397801160812378
/content/drive/MyDrive/MedSymmFlow_Project/synthetic_data/pneumoniamnist_normal_2280_filtered/normal_0893.png,/content/drive/MyDrive/MedSymmFlow_Project/fid_analysis/real_normal_1214/real_normal_0185.png,0.939761757850647
/content/drive/MyDrive/MedSymmFlow_Project/synthetic_data/pneumoniamnist_normal_2280_filtered/normal_0498.png,/content/drive/MyDrive/MedSymmFlow_Project/fid_analysis/real_normal_1214/real_normal_0012.png,0.9397460222244263
/content/drive/MyDrive/MedSymmFlow_Project/synthetic_data/pneumoniamnist_normal_2280_filtered/normal_1508.png,/content/drive/MyDrive/MedSymmFlow_Project/fid_analysis/real_normal_1214/real_normal_0599.png,0.9397281408309937
/content/drive/MyDrive/MedSymmFlow_Project/synthetic_data/pneumoniamnist_normal_2280_filtered/normal_1469.png,/content/drive/MyDrive/MedSymmFlow_Project/fid_analysis/real_normal_1214/real_normal_0418.png,0.9396998882293701
/content/drive/MyDrive/MedSymmFlow_Project/synthetic_data/pneumoniamnist_normal_2280_filtered/normal_0523.png,/content/drive/MyDrive/MedSymmFlow_Project/fid_analysis/real_normal_1214/real_normal_0108.png,0.9396868944168091
/content/drive/MyDrive/MedSymmFlow_Project/synthetic_data/pneumoniamnist_normal_2280_filtered/normal_1817.png,/content/drive/MyDrive/MedSymmFlow_Project/fid_analysis/real_normal_1214/real_normal_0427.png,0.9396713972091675
/content/drive/MyDrive/MedSymmFlow_Project/synthetic_data/pneumoniamnist_normal_2280_filtered/normal_2108.png,/content/drive/MyDrive/MedSymmFlow_Project/fid_analysis/real_normal_1214/real_normal_0834.png,0.9396641850471497
/content/drive/MyDrive/MedSymmFlow_Project/synthetic_data/pneumoniamnist_normal_2280_filtered/normal_0670.png,/content/drive/MyDrive/MedSymmFlow_Project/fid_analysis/real_normal_1214/real_normal_0205.png,0.9396486282348633
/content/drive/MyDrive/MedSymmFlow_Project/synthetic_data/pneumoniamnist_normal_2280_filtered/normal_1578.png,/content/drive/MyDrive/MedSymmFlow_Project/fid_analysis/real_normal_1214/real_normal_0815.png,0.9396462440490723
/content/drive/MyDrive/MedSymmFlow_Project/synthetic_data/pneumoniamnist_normal_2280_filtered/normal_0949.png,/content/drive/MyDrive/MedSymmFlow_Project/fid_analysis/real_normal_1214/real_normal_0326.png,0.9396446943283081
/content/drive/MyDrive/MedSymmFlow_Project/synthetic_data/pneumoniamnist_normal_2280_filtered/normal_0809.png,/content/drive/MyDrive/MedSymmFlow_Project/fid_analysis/real_normal_1214/real_normal_0634.png,0.9396291971206665
/content/drive/MyDrive/MedSymmFlow_Project/synthetic_data/pneumoniamnist_normal_2280_filtered/normal_0562.png,/content/drive/MyDrive/MedSymmFlow_Project/fid_analysis/real_normal_1214/real_normal_0552.png,0.9396228790283203
/content/drive/MyDrive/MedSymmFlow_Project/synthetic_data/pneumoniamnist_normal_2280_filtered/normal_1309.png,/content/drive/MyDrive/MedSymmFlow_Project/fid_analysis/real_normal_1214/real_normal_0413.png,0.9396107196807861
/content/drive/MyDrive/MedSymmFlow_Project/synthetic_data/pneumoniamnist_normal_2280_filtered/normal_1183.png,/content/drive/MyDrive/MedSymmFlow_Project/fid_analysis/real_normal_1214/real_normal_0571.png,0.9396055340766907
/content/drive/MyDrive/MedSymmFlow_Project/synthetic_data/pneumoniamnist_normal_2280_filtered/normal_1747.png,/content/drive/MyDrive/MedSymmFlow_Project/fid_analysis/real_normal_1214/real_normal_0037.png,0.939604640007019
/content/drive/MyDrive/MedSymmFlow_Project/synthetic_data/pneumoniamnist_normal_2280_filtered/normal_1748.png,/content/drive/MyDrive/MedSymmFlow_Project/fid_analysis/real_normal_1214/real_normal_0083.png,0.9395976066589355
/content/drive/MyDrive/MedSymmFlow_Project/synthetic_data/pneumoniamnist_normal_2280_filtered/normal_1988.png,/content/drive/MyDrive/MedSymmFlow_Project/fid_analysis/real_normal_1214/real_normal_0413.png,0.9395755529403687
/content/drive/MyDrive/MedSymmFlow_Project/synthetic_data/pneumoniamnist_normal_2280_filtered/normal_1907.png,/content/drive/MyDrive/MedSymmFlow_Project/fid_analysis/real_normal_1214/real_normal_0418.png,0.9395675659179688
/content/drive/MyDrive/MedSymmFlow_Project/synthetic_data/pneumoniamnist_normal_2280_filtered/normal_2193.png,/content/drive/MyDrive/MedSymmFlow_Project/fid_analysis/real_normal_1214/real_normal_1086.png,0.9395548105239868
/content/drive/MyDrive/MedSymmFlow_Project/synthetic_data/pneumoniamnist_normal_2280_filtered/normal_1568.png,/content/drive/MyDrive/MedSymmFlow_Project/fid_analysis/real_normal_1214/real_normal_0355.png,0.9395405054092407
/content/drive/MyDrive/MedSymmFlow_Project/synthetic_data/pneumoniamnist_normal_2280_filtered/normal_2042.png,/content/drive/MyDrive/MedSymmFlow_Project/fid_analysis/real_normal_1214/real_normal_0514.png,0.9395388960838318
/content/drive/MyDrive/MedSymmFlow_Project/synthetic_data/pneumoniamnist_normal_2280_filtered/normal_1659.png,/content/drive/MyDrive/MedSymmFlow_Project/fid_analysis/real_normal_1214/real_normal_0552.png,0.9395062923431396
/content/drive/MyDrive/MedSymmFlow_Project/synthetic_data/pneumoniamnist_normal_2280_filtered/normal_1696.png,/content/drive/MyDrive/MedSymmFlow_Project/fid_analysis/real_normal_1214/real_normal_1049.png,0.9394926428794861
/content/drive/MyDrive/MedSymmFlow_Project/synthetic_data/pneumoniamnist_normal_2280_filtered/normal_1386.png,/content/drive/MyDrive/MedSymmFlow_Project/fid_analysis/real_normal_1214/real_normal_1017.png,0.9394791126251221
/content/drive/MyDrive/MedSymmFlow_Project/synthetic_data/pneumoniamnist_normal_2280_filtered/normal_1347.png,/content/drive/MyDrive/MedSymmFlow_Project/fid_analysis/real_normal_1214/real_normal_0012.png,0.9394763708114624
/content/drive/MyDrive/MedSymmFlow_Project/synthetic_data/pneumoniamnist_normal_2280_filtered/normal_0884.png,/content/drive/MyDrive/MedSymmFlow_Project/fid_analysis/real_normal_1214/real_normal_0855.png,0.9394550323486328
/content/drive/MyDrive/MedSymmFlow_Project/synthetic_data/pneumoniamnist_normal_2280_filtered/normal_0146.png,/content/drive/MyDrive/MedSymmFlow_Project/fid_analysis/real_normal_1214/real_normal_0427.png,0.9394533634185791
/content/drive/MyDrive/MedSymmFlow_Project/synthetic_data/pneumoniamnist_normal_2280_filtered/normal_0721.png,/content/drive/MyDrive/MedSymmFlow_Project/fid_analysis/real_normal_1214/real_normal_0427.png,0.9394441843032837
/content/drive/MyDrive/MedSymmFlow_Project/synthetic_data/pneumoniamnist_normal_2280_filtered/normal_1116.png,/content/drive/MyDrive/MedSymmFlow_Project/fid_analysis/real_normal_1214/real_normal_0017.png,0.9394413828849792
/content/drive/MyDrive/MedSymmFlow_Project/synthetic_data/pneumoniamnist_normal_2280_filtered/normal_1483.png,/content/drive/MyDrive/MedSymmFlow_Project/fid_analysis/real_normal_1214/real_normal_0427.png,0.9394371509552002
/content/drive/MyDrive/MedSymmFlow_Project/synthetic_data/pneumoniamnist_normal_2280_filtered/normal_1962.png,/content/drive/MyDrive/MedSymmFlow_Project/fid_analysis/real_normal_1214/real_normal_0731.png,0.9394277930259705
/content/drive/MyDrive/MedSymmFlow_Project/synthetic_data/pneumoniamnist_normal_2280_filtered/normal_1330.png,/content/drive/MyDrive/MedSymmFlow_Project/fid_analysis/real_normal_1214/real_normal_0346.png,0.9394041299819946
/content/drive/MyDrive/MedSymmFlow_Project/synthetic_data/pneumoniamnist_normal_2280_filtered/normal_1219.png,/content/drive/MyDrive/MedSymmFlow_Project/fid_analysis/real_normal_1214/real_normal_1116.png,0.9393916726112366
/content/drive/MyDrive/MedSymmFlow_Project/synthetic_data/pneumoniamnist_normal_2280_filtered/normal_1109.png,/content/drive/MyDrive/MedSymmFlow_Project/fid_analysis/real_normal_1214/real_normal_0075.png,0.9393777847290039
/content/drive/MyDrive/MedSymmFlow_Project/synthetic_data/pneumoniamnist_normal_2280_filtered/normal_0037.png,/content/drive/MyDrive/MedSymmFlow_Project/fid_analysis/real_normal_1214/real_normal_0773.png,0.9393751621246338
/content/drive/MyDrive/MedSymmFlow_Project/synthetic_data/pneumoniamnist_normal_2280_filtered/normal_1477.png,/content/drive/MyDrive/MedSymmFlow_Project/fid_analysis/real_normal_1214/real_normal_0504.png,0.9393707513809204
/content/drive/MyDrive/MedSymmFlow_Project/synthetic_data/pneumoniamnist_normal_2280_filtered/normal_0801.png,/content/drive/MyDrive/MedSymmFlow_Project/fid_analysis/real_normal_1214/real_normal_0659.png,0.939312219619751
/content/drive/MyDrive/MedSymmFlow_Project/synthetic_data/pneumoniamnist_normal_2280_filtered/normal_0397.png,/content/drive/MyDrive/MedSymmFlow_Project/fid_analysis/real_normal_1214/real_normal_0322.png,0.9392923712730408
/content/drive/MyDrive/MedSymmFlow_Project/synthetic_data/pneumoniamnist_normal_2280_filtered/normal_1592.png,/content/drive/MyDrive/MedSymmFlow_Project/fid_analysis/real_normal_1214/real_normal_1106.png,0.9392921328544617
/content/drive/MyDrive/MedSymmFlow_Project/synthetic_data/pneumoniamnist_normal_2280_filtered/normal_1943.png,/content/drive/MyDrive/MedSymmFlow_Project/fid_analysis/real_normal_1214/real_normal_0876.png,0.9392465353012085
/content/drive/MyDrive/MedSymmFlow_Project/synthetic_data/pneumoniamnist_normal_2280_filtered/normal_0590.png,/content/drive/MyDrive/MedSymmFlow_Project/fid_analysis/real_normal_1214/real_normal_0427.png,0.9392373561859131
/content/drive/MyDrive/MedSymmFlow_Project/synthetic_data/pneumoniamnist_normal_2280_filtered/normal_1656.png,/content/drive/MyDrive/MedSymmFlow_Project/fid_analysis/real_normal_1214/real_normal_0427.png,0.9392209649085999
/content/drive/MyDrive/MedSymmFlow_Project/synthetic_data/pneumoniamnist_normal_2280_filtered/normal_0980.png,/content/drive/MyDrive/MedSymmFlow_Project/fid_analysis/real_normal_1214/real_normal_0834.png,0.9392145276069641
/content/drive/MyDrive/MedSymmFlow_Project/synthetic_data/pneumoniamnist_normal_2280_filtered/normal_2105.png,/content/drive/MyDrive/MedSymmFlow_Project/fid_analysis/real_normal_1214/real_normal_0225.png,0.9392049312591553
/content/drive/MyDrive/MedSymmFlow_Project/synthetic_data/pneumoniamnist_normal_2280_filtered/normal_2128.png,/content/drive/MyDrive/MedSymmFlow_Project/fid_analysis/real_normal_1214/real_normal_0644.png,0.9391866326332092
/content/drive/MyDrive/MedSymmFlow_Project/synthetic_data/pneumoniamnist_normal_2280_filtered/normal_1781.png,/content/drive/MyDrive/MedSymmFlow_Project/fid_analysis/real_normal_1214/real_normal_0471.png,0.9391522407531738
/content/drive/MyDrive/MedSymmFlow_Project/synthetic_data/pneumoniamnist_normal_2280_filtered/normal_0394.png,/content/drive/MyDrive/MedSymmFlow_Project/fid_analysis/real_normal_1214/real_normal_0017.png,0.9391405582427979
/content/drive/MyDrive/MedSymmFlow_Project/synthetic_data/pneumoniamnist_normal_2280_filtered/normal_0706.png,/content/drive/MyDrive/MedSymmFlow_Project/fid_analysis/real_normal_1214/real_normal_0492.png,0.9391130208969116
/content/drive/MyDrive/MedSymmFlow_Project/synthetic_data/pneumoniamnist_normal_2280_filtered/normal_1991.png,/content/drive/MyDrive/MedSymmFlow_Project/fid_analysis/real_normal_1214/real_normal_0336.png,0.9391089081764221
/content/drive/MyDrive/MedSymmFlow_Project/synthetic_data/pneumoniamnist_normal_2280_filtered/normal_2220.png,/content/drive/MyDrive/MedSymmFlow_Project/fid_analysis/real_normal_1214/real_normal_0337.png,0.9391040205955505
/content/drive/MyDrive/MedSymmFlow_Project/synthetic_data/pneumoniamnist_normal_2280_filtered/normal_0938.png,/content/drive/MyDrive/MedSymmFlow_Project/fid_analysis/real_normal_1214/real_normal_0069.png,0.9391006827354431
/content/drive/MyDrive/MedSymmFlow_Project/synthetic_data/pneumoniamnist_normal_2280_filtered/normal_2005.png,/content/drive/MyDrive/MedSymmFlow_Project/fid_analysis/real_normal_1214/real_normal_0984.png,0.9390980005264282
/content/drive/MyDrive/MedSymmFlow_Project/synthetic_data/pneumoniamnist_normal_2280_filtered/normal_0974.png,/content/drive/MyDrive/MedSymmFlow_Project/fid_analysis/real_normal_1214/real_normal_1028.png,0.9390968084335327
/content/drive/MyDrive/MedSymmFlow_Project/synthetic_data/pneumoniamnist_normal_2280_filtered/normal_1244.png,/content/drive/MyDrive/MedSymmFlow_Project/fid_analysis/real_normal_1214/real_normal_0321.png,0.9390835165977478
/content/drive/MyDrive/MedSymmFlow_Project/synthetic_data/pneumoniamnist_normal_2280_filtered/normal_0685.png,/content/drive/MyDrive/MedSymmFlow_Project/fid_analysis/real_normal_1214/real_normal_1037.png,0.9390555620193481
/content/drive/MyDrive/MedSymmFlow_Project/synthetic_data/pneumoniamnist_normal_2280_filtered/normal_0550.png,/content/drive/MyDrive/MedSymmFlow_Project/fid_analysis/real_normal_1214/real_normal_1116.png,0.9390392303466797
/content/drive/MyDrive/MedSymmFlow_Project/synthetic_data/pneumoniamnist_normal_2280_filtered/normal_1224.png,/content/drive/MyDrive/MedSymmFlow_Project/fid_analysis/real_normal_1214/real_normal_0758.png,0.9390238523483276
/content/drive/MyDrive/MedSymmFlow_Project/synthetic_data/pneumoniamnist_normal_2280_filtered/normal_1091.png,/content/drive/MyDrive/MedSymmFlow_Project/fid_analysis/real_normal_1214/real_normal_0834.png,0.9390015602111816
/content/drive/MyDrive/MedSymmFlow_Project/synthetic_data/pneumoniamnist_normal_2280_filtered/normal_2109.png,/content/drive/MyDrive/MedSymmFlow_Project/fid_analysis/real_normal_1214/real_normal_0069.png,0.9389969110488892
/content/drive/MyDrive/MedSymmFlow_Project/synthetic_data/pneumoniamnist_normal_2280_filtered/normal_1448.png,/content/drive/MyDrive/MedSymmFlow_Project/fid_analysis/real_normal_1214/real_normal_0037.png,0.9389848709106445
/content/drive/MyDrive/MedSymmFlow_Project/synthetic_data/pneumoniamnist_normal_2280_filtered/normal_0247.png,/content/drive/MyDrive/MedSymmFlow_Project/fid_analysis/real_normal_1214/real_normal_0413.png,0.9389761686325073
/content/drive/MyDrive/MedSymmFlow_Project/synthetic_data/pneumoniamnist_normal_2280_filtered/normal_0221.png,/content/drive/MyDrive/MedSymmFlow_Project/fid_analysis/real_normal_1214/real_normal_0194.png,0.9389562606811523
/content/drive/MyDrive/MedSymmFlow_Project/synthetic_data/pneumoniamnist_normal_2280_filtered/normal_2032.png,/content/drive/MyDrive/MedSymmFlow_Project/fid_analysis/real_normal_1214/real_normal_0659.png,0.9389426708221436
/content/drive/MyDrive/MedSymmFlow_Project/synthetic_data/pneumoniamnist_normal_2280_filtered/normal_1425.png,/content/drive/MyDrive/MedSymmFlow_Project/fid_analysis/real_normal_1214/real_normal_0413.png,0.9389177560806274
/content/drive/MyDrive/MedSymmFlow_Project/synthetic_data/pneumoniamnist_normal_2280_filtered/normal_1359.png,/content/drive/MyDrive/MedSymmFlow_Project/fid_analysis/real_normal_1214/real_normal_0418.png,0.9389175176620483
/content/drive/MyDrive/MedSymmFlow_Project/synthetic_data/pneumoniamnist_normal_2280_filtered/normal_0132.png,/content/drive/MyDrive/MedSymmFlow_Project/fid_analysis/real_normal_1214/real_normal_0427.png,0.9389122724533081
/content/drive/MyDrive/MedSymmFlow_Project/synthetic_data/pneumoniamnist_normal_2280_filtered/normal_1390.png,/content/drive/MyDrive/MedSymmFlow_Project/fid_analysis/real_normal_1214/real_normal_0204.png,0.9389039278030396
/content/drive/MyDrive/MedSymmFlow_Project/synthetic_data/pneumoniamnist_normal_2280_filtered/normal_1860.png,/content/drive/MyDrive/MedSymmFlow_Project/fid_analysis/real_normal_1214/real_normal_0552.png,0.9389015436172485
/content/drive/MyDrive/MedSymmFlow_Project/synthetic_data/pneumoniamnist_normal_2280_filtered/normal_2134.png,/content/drive/MyDrive/MedSymmFlow_Project/fid_analysis/real_normal_1214/real_normal_0019.png,0.9388736486434937
/content/drive/MyDrive/MedSymmFlow_Project/synthetic_data/pneumoniamnist_normal_2280_filtered/normal_1391.png,/content/drive/MyDrive/MedSymmFlow_Project/fid_analysis/real_normal_1214/real_normal_0069.png,0.9388474225997925
/content/drive/MyDrive/MedSymmFlow_Project/synthetic_data/pneumoniamnist_normal_2280_filtered/normal_1279.png,/content/drive/MyDrive/MedSymmFlow_Project/fid_analysis/real_normal_1214/real_normal_0069.png,0.9388336539268494
/content/drive/MyDrive/MedSymmFlow_Project/synthetic_data/pneumoniamnist_normal_2280_filtered/normal_2265.png,/content/drive/MyDrive/MedSymmFlow_Project/fid_analysis/real_normal_1214/real_normal_0158.png,0.9388320446014404
/content/drive/MyDrive/MedSymmFlow_Project/synthetic_data/pneumoniamnist_normal_2280_filtered/normal_0621.png,/content/drive/MyDrive/MedSymmFlow_Project/fid_analysis/real_normal_1214/real_normal_0504.png,0.9388303756713867
/content/drive/MyDrive/MedSymmFlow_Project/synthetic_data/pneumoniamnist_normal_2280_filtered/normal_0356.png,/content/drive/MyDrive/MedSymmFlow_Project/fid_analysis/real_normal_1214/real_normal_0413.png,0.9388062953948975
/content/drive/MyDrive/MedSymmFlow_Project/synthetic_data/pneumoniamnist_normal_2280_filtered/normal_0975.png,/content/drive/MyDrive/MedSymmFlow_Project/fid_analysis/real_normal_1214/real_normal_0194.png,0.9387750625610352
/content/drive/MyDrive/MedSymmFlow_Project/synthetic_data/pneumoniamnist_normal_2280_filtered/normal_1642.png,/content/drive/MyDrive/MedSymmFlow_Project/fid_analysis/real_normal_1214/real_normal_0552.png,0.938762366771698
/content/drive/MyDrive/MedSymmFlow_Project/synthetic_data/pneumoniamnist_normal_2280_filtered/normal_1262.png,/content/drive/MyDrive/MedSymmFlow_Project/fid_analysis/real_normal_1214/real_normal_0834.png,0.9387619495391846
/content/drive/MyDrive/MedSymmFlow_Project/synthetic_data/pneumoniamnist_normal_2280_filtered/normal_2145.png,/content/drive/MyDrive/MedSymmFlow_Project/fid_analysis/real_normal_1214/real_normal_0782.png,0.9387578964233398
/content/drive/MyDrive/MedSymmFlow_Project/synthetic_data/pneumoniamnist_normal_2280_filtered/normal_0349.png,/content/drive/MyDrive/MedSymmFlow_Project/fid_analysis/real_normal_1214/real_normal_0905.png,0.9387471675872803
/content/drive/MyDrive/MedSymmFlow_Project/synthetic_data/pneumoniamnist_normal_2280_filtered/normal_1990.png,/content/drive/MyDrive/MedSymmFlow_Project/fid_analysis/real_normal_1214/real_normal_0725.png,0.9387212991714478
/content/drive/MyDrive/MedSymmFlow_Project/synthetic_data/pneumoniamnist_normal_2280_filtered/normal_1823.png,/content/drive/MyDrive/MedSymmFlow_Project/fid_analysis/real_normal_1214/real_normal_0418.png,0.9387019276618958
/content/drive/MyDrive/MedSymmFlow_Project/synthetic_data/pneumoniamnist_normal_2280_filtered/normal_1794.png,/content/drive/MyDrive/MedSymmFlow_Project/fid_analysis/real_normal_1214/real_normal_0185.png,0.9386761784553528
/content/drive/MyDrive/MedSymmFlow_Project/synthetic_data/pneumoniamnist_normal_2280_filtered/normal_0973.png,/content/drive/MyDrive/MedSymmFlow_Project/fid_analysis/real_normal_1214/real_normal_0245.png,0.9386469125747681
/content/drive/MyDrive/MedSymmFlow_Project/synthetic_data/pneumoniamnist_normal_2280_filtered/normal_1296.png,/content/drive/MyDrive/MedSymmFlow_Project/fid_analysis/real_normal_1214/real_normal_0322.png,0.9386216402053833
/content/drive/MyDrive/MedSymmFlow_Project/synthetic_data/pneumoniamnist_normal_2280_filtered/normal_1850.png,/content/drive/MyDrive/MedSymmFlow_Project/fid_analysis/real_normal_1214/real_normal_0194.png,0.9386178255081177
/content/drive/MyDrive/MedSymmFlow_Project/synthetic_data/pneumoniamnist_normal_2280_filtered/normal_0136.png,/content/drive/MyDrive/MedSymmFlow_Project/fid_analysis/real_normal_1214/real_normal_0552.png,0.9386074542999268
/content/drive/MyDrive/MedSymmFlow_Project/synthetic_data/pneumoniamnist_normal_2280_filtered/normal_0592.png,/content/drive/MyDrive/MedSymmFlow_Project/fid_analysis/real_normal_1214/real_normal_0236.png,0.9385902285575867
/content/drive/MyDrive/MedSymmFlow_Project/synthetic_data/pneumoniamnist_normal_2280_filtered/normal_0409.png,/content/drive/MyDrive/MedSymmFlow_Project/fid_analysis/real_normal_1214/real_normal_0504.png,0.9385867118835449
/content/drive/MyDrive/MedSymmFlow_Project/synthetic_data/pneumoniamnist_normal_2280_filtered/normal_1234.png,/content/drive/MyDrive/MedSymmFlow_Project/fid_analysis/real_normal_1214/real_normal_0427.png,0.9385667443275452
/content/drive/MyDrive/MedSymmFlow_Project/synthetic_data/pneumoniamnist_normal_2280_filtered/normal_0325.png,/content/drive/MyDrive/MedSymmFlow_Project/fid_analysis/real_normal_1214/real_normal_0026.png,0.9385589361190796
/content/drive/MyDrive/MedSymmFlow_Project/synthetic_data/pneumoniamnist_normal_2280_filtered/normal_1393.png,/content/drive/MyDrive/MedSymmFlow_Project/fid_analysis/real_normal_1214/real_normal_0405.png,0.9385541677474976
/content/drive/MyDrive/MedSymmFlow_Project/synthetic_data/pneumoniamnist_normal_2280_filtered/normal_1457.png,/content/drive/MyDrive/MedSymmFlow_Project/fid_analysis/real_normal_1214/real_normal_1116.png,0.9385219812393188
/content/drive/MyDrive/MedSymmFlow_Project/synthetic_data/pneumoniamnist_normal_2280_filtered/normal_1638.png,/content/drive/MyDrive/MedSymmFlow_Project/fid_analysis/real_normal_1214/real_normal_0984.png,0.9384943246841431
/content/drive/MyDrive/MedSymmFlow_Project/synthetic_data/pneumoniamnist_normal_2280_filtered/normal_0337.png,/content/drive/MyDrive/MedSymmFlow_Project/fid_analysis/real_normal_1214/real_normal_0158.png,0.938487708568573
/content/drive/MyDrive/MedSymmFlow_Project/synthetic_data/pneumoniamnist_normal_2280_filtered/normal_2041.png,/content/drive/MyDrive/MedSymmFlow_Project/fid_analysis/real_normal_1214/real_normal_0757.png,0.9384787678718567
/content/drive/MyDrive/MedSymmFlow_Project/synthetic_data/pneumoniamnist_normal_2280_filtered/normal_1959.png,/content/drive/MyDrive/MedSymmFlow_Project/fid_analysis/real_normal_1214/real_normal_0817.png,0.9384762048721313
/content/drive/MyDrive/MedSymmFlow_Project/synthetic_data/pneumoniamnist_normal_2280_filtered/normal_0292.png,/content/drive/MyDrive/MedSymmFlow_Project/fid_analysis/real_normal_1214/real_normal_0834.png,0.938460111618042
/content/drive/MyDrive/MedSymmFlow_Project/synthetic_data/pneumoniamnist_normal_2280_filtered/normal_1634.png,/content/drive/MyDrive/MedSymmFlow_Project/fid_analysis/real_normal_1214/real_normal_0204.png,0.9384554028511047
/content/drive/MyDrive/MedSymmFlow_Project/synthetic_data/pneumoniamnist_normal_2280_filtered/normal_0530.png,/content/drive/MyDrive/MedSymmFlow_Project/fid_analysis/real_normal_1214/real_normal_0690.png,0.938420295715332
/content/drive/MyDrive/MedSymmFlow_Project/synthetic_data/pneumoniamnist_normal_2280_filtered/normal_1112.png,/content/drive/MyDrive/MedSymmFlow_Project/fid_analysis/real_normal_1214/real_normal_1086.png,0.9384105205535889
/content/drive/MyDrive/MedSymmFlow_Project/synthetic_data/pneumoniamnist_normal_2280_filtered/normal_0725.png,/content/drive/MyDrive/MedSymmFlow_Project/fid_analysis/real_normal_1214/real_normal_0427.png,0.9384095072746277
/content/drive/MyDrive/MedSymmFlow_Project/synthetic_data/pneumoniamnist_normal_2280_filtered/normal_1736.png,/content/drive/MyDrive/MedSymmFlow_Project/fid_analysis/real_normal_1214/real_normal_0118.png,0.9383766651153564
/content/drive/MyDrive/MedSymmFlow_Project/synthetic_data/pneumoniamnist_normal_2280_filtered/normal_0401.png,/content/drive/MyDrive/MedSymmFlow_Project/fid_analysis/real_normal_1214/real_normal_0427.png,0.9383739829063416
/content/drive/MyDrive/MedSymmFlow_Project/synthetic_data/pneumoniamnist_normal_2280_filtered/normal_0466.png,/content/drive/MyDrive/MedSymmFlow_Project/fid_analysis/real_normal_1214/real_normal_0821.png,0.9383705854415894
/content/drive/MyDrive/MedSymmFlow_Project/synthetic_data/pneumoniamnist_normal_2280_filtered/normal_0116.png,/content/drive/MyDrive/MedSymmFlow_Project/fid_analysis/real_normal_1214/real_normal_1028.png,0.9383465051651001
/content/drive/MyDrive/MedSymmFlow_Project/synthetic_data/pneumoniamnist_normal_2280_filtered/normal_1495.png,/content/drive/MyDrive/MedSymmFlow_Project/fid_analysis/real_normal_1214/real_normal_0571.png,0.9383460283279419
/content/drive/MyDrive/MedSymmFlow_Project/synthetic_data/pneumoniamnist_normal_2280_filtered/normal_1637.png,/content/drive/MyDrive/MedSymmFlow_Project/fid_analysis/real_normal_1214/real_normal_0294.png,0.9383326768875122
/content/drive/MyDrive/MedSymmFlow_Project/synthetic_data/pneumoniamnist_normal_2280_filtered/normal_0515.png,/content/drive/MyDrive/MedSymmFlow_Project/fid_analysis/real_normal_1214/real_normal_0194.png,0.9383282661437988
/content/drive/MyDrive/MedSymmFlow_Project/synthetic_data/pneumoniamnist_normal_2280_filtered/normal_0704.png,/content/drive/MyDrive/MedSymmFlow_Project/fid_analysis/real_normal_1214/real_normal_0984.png,0.9383276104927063
/content/drive/MyDrive/MedSymmFlow_Project/synthetic_data/pneumoniamnist_normal_2280_filtered/normal_0653.png,/content/drive/MyDrive/MedSymmFlow_Project/fid_analysis/real_normal_1214/real_normal_0069.png,0.9383178353309631
/content/drive/MyDrive/MedSymmFlow_Project/synthetic_data/pneumoniamnist_normal_2280_filtered/normal_0570.png,/content/drive/MyDrive/MedSymmFlow_Project/fid_analysis/real_normal_1214/real_normal_0402.png,0.9382914304733276
/content/drive/MyDrive/MedSymmFlow_Project/synthetic_data/pneumoniamnist_normal_2280_filtered/normal_0806.png,/content/drive/MyDrive/MedSymmFlow_Project/fid_analysis/real_normal_1214/real_normal_0654.png,0.9382654428482056
/content/drive/MyDrive/MedSymmFlow_Project/synthetic_data/pneumoniamnist_normal_2280_filtered/normal_1123.png,/content/drive/MyDrive/MedSymmFlow_Project/fid_analysis/real_normal_1214/real_normal_0321.png,0.938254714012146
/content/drive/MyDrive/MedSymmFlow_Project/synthetic_data/pneumoniamnist_normal_2280_filtered/normal_0560.png,/content/drive/MyDrive/MedSymmFlow_Project/fid_analysis/real_normal_1214/real_normal_0025.png,0.9382411241531372
/content/drive/MyDrive/MedSymmFlow_Project/synthetic_data/pneumoniamnist_normal_2280_filtered/normal_1677.png,/content/drive/MyDrive/MedSymmFlow_Project/fid_analysis/real_normal_1214/real_normal_1086.png,0.938228964805603
/content/drive/MyDrive/MedSymmFlow_Project/synthetic_data/pneumoniamnist_normal_2280_filtered/normal_0100.png,/content/drive/MyDrive/MedSymmFlow_Project/fid_analysis/real_normal_1214/real_normal_0427.png,0.9382228851318359
/content/drive/MyDrive/MedSymmFlow_Project/synthetic_data/pneumoniamnist_normal_2280_filtered/normal_1932.png,/content/drive/MyDrive/MedSymmFlow_Project/fid_analysis/real_normal_1214/real_normal_0427.png,0.9381935596466064
/content/drive/MyDrive/MedSymmFlow_Project/synthetic_data/pneumoniamnist_normal_2280_filtered/normal_1338.png,/content/drive/MyDrive/MedSymmFlow_Project/fid_analysis/real_normal_1214/real_normal_0336.png,0.9381617307662964
/content/drive/MyDrive/MedSymmFlow_Project/synthetic_data/pneumoniamnist_normal_2280_filtered/normal_2098.png,/content/drive/MyDrive/MedSymmFlow_Project/fid_analysis/real_normal_1214/real_normal_0413.png,0.93816077709198
/content/drive/MyDrive/MedSymmFlow_Project/synthetic_data/pneumoniamnist_normal_2280_filtered/normal_1148.png,/content/drive/MyDrive/MedSymmFlow_Project/fid_analysis/real_normal_1214/real_normal_1118.png,0.93809974193573
/content/drive/MyDrive/MedSymmFlow_Project/synthetic_data/pneumoniamnist_normal_2280_filtered/normal_1334.png,/content/drive/MyDrive/MedSymmFlow_Project/fid_analysis/real_normal_1214/real_normal_0315.png,0.9380696415901184
/content/drive/MyDrive/MedSymmFlow_Project/synthetic_data/pneumoniamnist_normal_2280_filtered/normal_0513.png,/content/drive/MyDrive/MedSymmFlow_Project/fid_analysis/real_normal_1214/real_normal_0542.png,0.9380654096603394
/content/drive/MyDrive/MedSymmFlow_Project/synthetic_data/pneumoniamnist_normal_2280_filtered/normal_0473.png,/content/drive/MyDrive/MedSymmFlow_Project/fid_analysis/real_normal_1214/real_normal_0402.png,0.9380576610565186
/content/drive/MyDrive/MedSymmFlow_Project/synthetic_data/pneumoniamnist_normal_2280_filtered/normal_1051.png,/content/drive/MyDrive/MedSymmFlow_Project/fid_analysis/real_normal_1214/real_normal_0829.png,0.9380398988723755
/content/drive/MyDrive/MedSymmFlow_Project/synthetic_data/pneumoniamnist_normal_2280_filtered/normal_0907.png,/content/drive/MyDrive/MedSymmFlow_Project/fid_analysis/real_normal_1214/real_normal_0552.png,0.9380345344543457
/content/drive/MyDrive/MedSymmFlow_Project/synthetic_data/pneumoniamnist_normal_2280_filtered/normal_0041.png,/content/drive/MyDrive/MedSymmFlow_Project/fid_analysis/real_normal_1214/real_normal_0427.png,0.9380303621292114
/content/drive/MyDrive/MedSymmFlow_Project/synthetic_data/pneumoniamnist_normal_2280_filtered/normal_1158.png,/content/drive/MyDrive/MedSymmFlow_Project/fid_analysis/real_normal_1214/real_normal_0448.png,0.9379956126213074
/content/drive/MyDrive/MedSymmFlow_Project/synthetic_data/pneumoniamnist_normal_2280_filtered/normal_2176.png,/content/drive/MyDrive/MedSymmFlow_Project/fid_analysis/real_normal_1214/real_normal_0390.png,0.9379745125770569
/content/drive/MyDrive/MedSymmFlow_Project/synthetic_data/pneumoniamnist_normal_2280_filtered/normal_1319.png,/content/drive/MyDrive/MedSymmFlow_Project/fid_analysis/real_normal_1214/real_normal_0834.png,0.9379127025604248
/content/drive/MyDrive/MedSymmFlow_Project/synthetic_data/pneumoniamnist_normal_2280_filtered/normal_1695.png,/content/drive/MyDrive/MedSymmFlow_Project/fid_analysis/real_normal_1214/real_normal_0504.png,0.9378972053527832
/content/drive/MyDrive/MedSymmFlow_Project/synthetic_data/pneumoniamnist_normal_2280_filtered/normal_0915.png,/content/drive/MyDrive/MedSymmFlow_Project/fid_analysis/real_normal_1214/real_normal_1189.png,0.9378648996353149
/content/drive/MyDrive/MedSymmFlow_Project/synthetic_data/pneumoniamnist_normal_2280_filtered/normal_0558.png,/content/drive/MyDrive/MedSymmFlow_Project/fid_analysis/real_normal_1214/real_normal_0236.png,0.9378517866134644
/content/drive/MyDrive/MedSymmFlow_Project/synthetic_data/pneumoniamnist_normal_2280_filtered/normal_0287.png,/content/drive/MyDrive/MedSymmFlow_Project/fid_analysis/real_normal_1214/real_normal_0427.png,0.9378445148468018
/content/drive/MyDrive/MedSymmFlow_Project/synthetic_data/pneumoniamnist_normal_2280_filtered/normal_0126.png,/content/drive/MyDrive/MedSymmFlow_Project/fid_analysis/real_normal_1214/real_normal_0166.png,0.9378350973129272
/content/drive/MyDrive/MedSymmFlow_Project/synthetic_data/pneumoniamnist_normal_2280_filtered/normal_1176.png,/content/drive/MyDrive/MedSymmFlow_Project/fid_analysis/real_normal_1214/real_normal_0427.png,0.9378194808959961
/content/drive/MyDrive/MedSymmFlow_Project/synthetic_data/pneumoniamnist_normal_2280_filtered/normal_0551.png,/content/drive/MyDrive/MedSymmFlow_Project/fid_analysis/real_normal_1214/real_normal_0017.png,0.9378185272216797
/content/drive/MyDrive/MedSymmFlow_Project/synthetic_data/pneumoniamnist_normal_2280_filtered/normal_0268.png,/content/drive/MyDrive/MedSymmFlow_Project/fid_analysis/real_normal_1214/real_normal_0413.png,0.9378026723861694
/content/drive/MyDrive/MedSymmFlow_Project/synthetic_data/pneumoniamnist_normal_2280_filtered/normal_0441.png,/content/drive/MyDrive/MedSymmFlow_Project/fid_analysis/real_normal_1214/real_normal_1176.png,0.9377948045730591
/content/drive/MyDrive/MedSymmFlow_Project/synthetic_data/pneumoniamnist_normal_2280_filtered/normal_2227.png,/content/drive/MyDrive/MedSymmFlow_Project/fid_analysis/real_normal_1214/real_normal_0758.png,0.937785804271698
/content/drive/MyDrive/MedSymmFlow_Project/synthetic_data/pneumoniamnist_normal_2280_filtered/normal_0561.png,/content/drive/MyDrive/MedSymmFlow_Project/fid_analysis/real_normal_1214/real_normal_0017.png,0.9377833008766174
/content/drive/MyDrive/MedSymmFlow_Project/synthetic_data/pneumoniamnist_normal_2280_filtered/normal_0319.png,/content/drive/MyDrive/MedSymmFlow_Project/fid_analysis/real_normal_1214/real_normal_0315.png,0.9377713203430176
/content/drive/MyDrive/MedSymmFlow_Project/synthetic_data/pneumoniamnist_normal_2280_filtered/normal_0497.png,/content/drive/MyDrive/MedSymmFlow_Project/fid_analysis/real_normal_1214/real_normal_0069.png,0.9377633929252625
/content/drive/MyDrive/MedSymmFlow_Project/synthetic_data/pneumoniamnist_normal_2280_filtered/normal_1750.png,/content/drive/MyDrive/MedSymmFlow_Project/fid_analysis/real_normal_1214/real_normal_0017.png,0.9377579689025879
/content/drive/MyDrive/MedSymmFlow_Project/synthetic_data/pneumoniamnist_normal_2280_filtered/normal_1464.png,/content/drive/MyDrive/MedSymmFlow_Project/fid_analysis/real_normal_1214/real_normal_0345.png,0.9377526044845581
/content/drive/MyDrive/MedSymmFlow_Project/synthetic_data/pneumoniamnist_normal_2280_filtered/normal_0797.png,/content/drive/MyDrive/MedSymmFlow_Project/fid_analysis/real_normal_1214/real_normal_0023.png,0.9377485513687134
/content/drive/MyDrive/MedSymmFlow_Project/synthetic_data/pneumoniamnist_normal_2280_filtered/normal_0244.png,/content/drive/MyDrive/MedSymmFlow_Project/fid_analysis/real_normal_1214/real_normal_0705.png,0.937713623046875
/content/drive/MyDrive/MedSymmFlow_Project/synthetic_data/pneumoniamnist_normal_2280_filtered/normal_1223.png,/content/drive/MyDrive/MedSymmFlow_Project/fid_analysis/real_normal_1214/real_normal_0829.png,0.9377131462097168
/content/drive/MyDrive/MedSymmFlow_Project/synthetic_data/pneumoniamnist_normal_2280_filtered/normal_1282.png,/content/drive/MyDrive/MedSymmFlow_Project/fid_analysis/real_normal_1214/real_normal_1028.png,0.9376988410949707
/content/drive/MyDrive/MedSymmFlow_Project/synthetic_data/pneumoniamnist_normal_2280_filtered/normal_0943.png,/content/drive/MyDrive/MedSymmFlow_Project/fid_analysis/real_normal_1214/real_normal_1050.png,0.9376857280731201
/content/drive/MyDrive/MedSymmFlow_Project/synthetic_data/pneumoniamnist_normal_2280_filtered/normal_0134.png,/content/drive/MyDrive/MedSymmFlow_Project/fid_analysis/real_normal_1214/real_normal_0204.png,0.9376813173294067
/content/drive/MyDrive/MedSymmFlow_Project/synthetic_data/pneumoniamnist_normal_2280_filtered/normal_0135.png,/content/drive/MyDrive/MedSymmFlow_Project/fid_analysis/real_normal_1214/real_normal_0336.png,0.9376601576805115
/content/drive/MyDrive/MedSymmFlow_Project/synthetic_data/pneumoniamnist_normal_2280_filtered/normal_1369.png,/content/drive/MyDrive/MedSymmFlow_Project/fid_analysis/real_normal_1214/real_normal_1028.png,0.9376502633094788
/content/drive/MyDrive/MedSymmFlow_Project/synthetic_data/pneumoniamnist_normal_2280_filtered/normal_0114.png,/content/drive/MyDrive/MedSymmFlow_Project/fid_analysis/real_normal_1214/real_normal_0968.png,0.9376280307769775
/content/drive/MyDrive/MedSymmFlow_Project/synthetic_data/pneumoniamnist_normal_2280_filtered/normal_1058.png,/content/drive/MyDrive/MedSymmFlow_Project/fid_analysis/real_normal_1214/real_normal_0069.png,0.9376181364059448
/content/drive/MyDrive/MedSymmFlow_Project/synthetic_data/pneumoniamnist_normal_2280_filtered/normal_0783.png,/content/drive/MyDrive/MedSymmFlow_Project/fid_analysis/real_normal_1214/real_normal_0052.png,0.9376171827316284
/content/drive/MyDrive/MedSymmFlow_Project/synthetic_data/pneumoniamnist_normal_2280_filtered/normal_1542.png,/content/drive/MyDrive/MedSymmFlow_Project/fid_analysis/real_normal_1214/real_normal_0194.png,0.9376150965690613
/content/drive/MyDrive/MedSymmFlow_Project/synthetic_data/pneumoniamnist_normal_2280_filtered/normal_1628.png,/content/drive/MyDrive/MedSymmFlow_Project/fid_analysis/real_normal_1214/real_normal_0571.png,0.9376077055931091
/content/drive/MyDrive/MedSymmFlow_Project/synthetic_data/pneumoniamnist_normal_2280_filtered/normal_2179.png,/content/drive/MyDrive/MedSymmFlow_Project/fid_analysis/real_normal_1214/real_normal_0504.png,0.9375927448272705
/content/drive/MyDrive/MedSymmFlow_Project/synthetic_data/pneumoniamnist_normal_2280_filtered/normal_1159.png,/content/drive/MyDrive/MedSymmFlow_Project/fid_analysis/real_normal_1214/real_normal_1093.png,0.9375721216201782
/content/drive/MyDrive/MedSymmFlow_Project/synthetic_data/pneumoniamnist_normal_2280_filtered/normal_0149.png,/content/drive/MyDrive/MedSymmFlow_Project/fid_analysis/real_normal_1214/real_normal_0017.png,0.9375662803649902
/content/drive/MyDrive/MedSymmFlow_Project/synthetic_data/pneumoniamnist_normal_2280_filtered/normal_0950.png,/content/drive/MyDrive/MedSymmFlow_Project/fid_analysis/real_normal_1214/real_normal_0069.png,0.9375540018081665
/content/drive/MyDrive/MedSymmFlow_Project/synthetic_data/pneumoniamnist_normal_2280_filtered/normal_1028.png,/content/drive/MyDrive/MedSymmFlow_Project/fid_analysis/real_normal_1214/real_normal_0194.png,0.9375417828559875
/content/drive/MyDrive/MedSymmFlow_Project/synthetic_data/pneumoniamnist_normal_2280_filtered/normal_2144.png,/content/drive/MyDrive/MedSymmFlow_Project/fid_analysis/real_normal_1214/real_normal_0963.png,0.9375170469284058
/content/drive/MyDrive/MedSymmFlow_Project/synthetic_data/pneumoniamnist_normal_2280_filtered/normal_1078.png,/content/drive/MyDrive/MedSymmFlow_Project/fid_analysis/real_normal_1214/real_normal_0649.png,0.9375168681144714
/content/drive/MyDrive/MedSymmFlow_Project/synthetic_data/pneumoniamnist_normal_2280_filtered/normal_1213.png,/content/drive/MyDrive/MedSymmFlow_Project/fid_analysis/real_normal_1214/real_normal_0245.png,0.9374994039535522
/content/drive/MyDrive/MedSymmFlow_Project/synthetic_data/pneumoniamnist_normal_2280_filtered/normal_0608.png,/content/drive/MyDrive/MedSymmFlow_Project/fid_analysis/real_normal_1214/real_normal_0905.png,0.9374934434890747
/content/drive/MyDrive/MedSymmFlow_Project/synthetic_data/pneumoniamnist_normal_2280_filtered/normal_1877.png,/content/drive/MyDrive/MedSymmFlow_Project/fid_analysis/real_normal_1214/real_normal_0021.png,0.9374849796295166
/content/drive/MyDrive/MedSymmFlow_Project/synthetic_data/pneumoniamnist_normal_2280_filtered/normal_0467.png,/content/drive/MyDrive/MedSymmFlow_Project/fid_analysis/real_normal_1214/real_normal_0245.png,0.9374444484710693
/content/drive/MyDrive/MedSymmFlow_Project/synthetic_data/pneumoniamnist_normal_2280_filtered/normal_1536.png,/content/drive/MyDrive/MedSymmFlow_Project/fid_analysis/real_normal_1214/real_normal_1049.png,0.9374436736106873
/content/drive/MyDrive/MedSymmFlow_Project/synthetic_data/pneumoniamnist_normal_2280_filtered/normal_1678.png,/content/drive/MyDrive/MedSymmFlow_Project/fid_analysis/real_normal_1214/real_normal_0660.png,0.9374423027038574
/content/drive/MyDrive/MedSymmFlow_Project/synthetic_data/pneumoniamnist_normal_2280_filtered/normal_2064.png,/content/drive/MyDrive/MedSymmFlow_Project/fid_analysis/real_normal_1214/real_normal_0869.png,0.9374369382858276
/content/drive/MyDrive/MedSymmFlow_Project/synthetic_data/pneumoniamnist_normal_2280_filtered/normal_0605.png,/content/drive/MyDrive/MedSymmFlow_Project/fid_analysis/real_normal_1214/real_normal_1159.png,0.9374266862869263
/content/drive/MyDrive/MedSymmFlow_Project/synthetic_data/pneumoniamnist_normal_2280_filtered/normal_0640.png,/content/drive/MyDrive/MedSymmFlow_Project/fid_analysis/real_normal_1214/real_normal_0984.png,0.9374175071716309
/content/drive/MyDrive/MedSymmFlow_Project/synthetic_data/pneumoniamnist_normal_2280_filtered/normal_0180.png,/content/drive/MyDrive/MedSymmFlow_Project/fid_analysis/real_normal_1214/real_normal_0204.png,0.9373677372932434
/content/drive/MyDrive/MedSymmFlow_Project/synthetic_data/pneumoniamnist_normal_2280_filtered/normal_0187.png,/content/drive/MyDrive/MedSymmFlow_Project/fid_analysis/real_normal_1214/real_normal_0876.png,0.9373457431793213
/content/drive/MyDrive/MedSymmFlow_Project/synthetic_data/pneumoniamnist_normal_2280_filtered/normal_0453.png,/content/drive/MyDrive/MedSymmFlow_Project/fid_analysis/real_normal_1214/real_normal_0837.png,0.9373401403427124
/content/drive/MyDrive/MedSymmFlow_Project/synthetic_data/pneumoniamnist_normal_2280_filtered/normal_2166.png,/content/drive/MyDrive/MedSymmFlow_Project/fid_analysis/real_normal_1214/real_normal_0806.png,0.9373348355293274
/content/drive/MyDrive/MedSymmFlow_Project/synthetic_data/pneumoniamnist_normal_2280_filtered/normal_2148.png,/content/drive/MyDrive/MedSymmFlow_Project/fid_analysis/real_normal_1214/real_normal_0413.png,0.9373347759246826
/content/drive/MyDrive/MedSymmFlow_Project/synthetic_data/pneumoniamnist_normal_2280_filtered/normal_1459.png,/content/drive/MyDrive/MedSymmFlow_Project/fid_analysis/real_normal_1214/real_normal_0069.png,0.9373294115066528
/content/drive/MyDrive/MedSymmFlow_Project/synthetic_data/pneumoniamnist_normal_2280_filtered/normal_0321.png,/content/drive/MyDrive/MedSymmFlow_Project/fid_analysis/real_normal_1214/real_normal_0427.png,0.9373205900192261
/content/drive/MyDrive/MedSymmFlow_Project/synthetic_data/pneumoniamnist_normal_2280_filtered/normal_1476.png,/content/drive/MyDrive/MedSymmFlow_Project/fid_analysis/real_normal_1214/real_normal_0947.png,0.9373036026954651
/content/drive/MyDrive/MedSymmFlow_Project/synthetic_data/pneumoniamnist_normal_2280_filtered/normal_1416.png,/content/drive/MyDrive/MedSymmFlow_Project/fid_analysis/real_normal_1214/real_normal_0427.png,0.9372988343238831
/content/drive/MyDrive/MedSymmFlow_Project/synthetic_data/pneumoniamnist_normal_2280_filtered/normal_2146.png,/content/drive/MyDrive/MedSymmFlow_Project/fid_analysis/real_normal_1214/real_normal_0017.png,0.9372954964637756
/content/drive/MyDrive/MedSymmFlow_Project/synthetic_data/pneumoniamnist_normal_2280_filtered/normal_1198.png,/content/drive/MyDrive/MedSymmFlow_Project/fid_analysis/real_normal_1214/real_normal_0427.png,0.937289834022522
/content/drive/MyDrive/MedSymmFlow_Project/synthetic_data/pneumoniamnist_normal_2280_filtered/normal_0648.png,/content/drive/MyDrive/MedSymmFlow_Project/fid_analysis/real_normal_1214/real_normal_0427.png,0.9372827410697937
/content/drive/MyDrive/MedSymmFlow_Project/synthetic_data/pneumoniamnist_normal_2280_filtered/normal_2236.png,/content/drive/MyDrive/MedSymmFlow_Project/fid_analysis/real_normal_1214/real_normal_0227.png,0.9372779130935669
/content/drive/MyDrive/MedSymmFlow_Project/synthetic_data/pneumoniamnist_normal_2280_filtered/normal_0667.png,/content/drive/MyDrive/MedSymmFlow_Project/fid_analysis/real_normal_1214/real_normal_0834.png,0.9372541308403015
/content/drive/MyDrive/MedSymmFlow_Project/synthetic_data/pneumoniamnist_normal_2280_filtered/normal_1828.png,/content/drive/MyDrive/MedSymmFlow_Project/fid_analysis/real_normal_1214/real_normal_0418.png,0.9372525811195374
/content/drive/MyDrive/MedSymmFlow_Project/synthetic_data/pneumoniamnist_normal_2280_filtered/normal_1549.png,/content/drive/MyDrive/MedSymmFlow_Project/fid_analysis/real_normal_1214/real_normal_1017.png,0.9372509717941284
/content/drive/MyDrive/MedSymmFlow_Project/synthetic_data/pneumoniamnist_normal_2280_filtered/normal_1174.png,/content/drive/MyDrive/MedSymmFlow_Project/fid_analysis/real_normal_1214/real_normal_0025.png,0.9372453093528748
/content/drive/MyDrive/MedSymmFlow_Project/synthetic_data/pneumoniamnist_normal_2280_filtered/normal_0693.png,/content/drive/MyDrive/MedSymmFlow_Project/fid_analysis/real_normal_1214/real_normal_0642.png,0.9372203946113586
/content/drive/MyDrive/MedSymmFlow_Project/synthetic_data/pneumoniamnist_normal_2280_filtered/normal_0480.png,/content/drive/MyDrive/MedSymmFlow_Project/fid_analysis/real_normal_1214/real_normal_0552.png,0.9371941089630127
/content/drive/MyDrive/MedSymmFlow_Project/synthetic_data/pneumoniamnist_normal_2280_filtered/normal_1855.png,/content/drive/MyDrive/MedSymmFlow_Project/fid_analysis/real_normal_1214/real_normal_0660.png,0.9371674060821533
/content/drive/MyDrive/MedSymmFlow_Project/synthetic_data/pneumoniamnist_normal_2280_filtered/normal_0374.png,/content/drive/MyDrive/MedSymmFlow_Project/fid_analysis/real_normal_1214/real_normal_0069.png,0.9371531009674072
/content/drive/MyDrive/MedSymmFlow_Project/synthetic_data/pneumoniamnist_normal_2280_filtered/normal_1493.png,/content/drive/MyDrive/MedSymmFlow_Project/fid_analysis/real_normal_1214/real_normal_0660.png,0.9371353387832642
/content/drive/MyDrive/MedSymmFlow_Project/synthetic_data/pneumoniamnist_normal_2280_filtered/normal_1313.png,/content/drive/MyDrive/MedSymmFlow_Project/fid_analysis/real_normal_1214/real_normal_0799.png,0.9371239542961121
/content/drive/MyDrive/MedSymmFlow_Project/synthetic_data/pneumoniamnist_normal_2280_filtered/normal_1668.png,/content/drive/MyDrive/MedSymmFlow_Project/fid_analysis/real_normal_1214/real_normal_0829.png,0.9371157288551331
/content/drive/MyDrive/MedSymmFlow_Project/synthetic_data/pneumoniamnist_normal_2280_filtered/normal_1670.png,/content/drive/MyDrive/MedSymmFlow_Project/fid_analysis/real_normal_1214/real_normal_0204.png,0.937113881111145
/content/drive/MyDrive/MedSymmFlow_Project/synthetic_data/pneumoniamnist_normal_2280_filtered/normal_0784.png,/content/drive/MyDrive/MedSymmFlow_Project/fid_analysis/real_normal_1214/real_normal_0834.png,0.937097430229187
/content/drive/MyDrive/MedSymmFlow_Project/synthetic_data/pneumoniamnist_normal_2280_filtered/normal_0503.png,/content/drive/MyDrive/MedSymmFlow_Project/fid_analysis/real_normal_1214/real_normal_0855.png,0.9370895028114319
/content/drive/MyDrive/MedSymmFlow_Project/synthetic_data/pneumoniamnist_normal_2280_filtered/normal_2130.png,/content/drive/MyDrive/MedSymmFlow_Project/fid_analysis/real_normal_1214/real_normal_0069.png,0.9370853900909424
/content/drive/MyDrive/MedSymmFlow_Project/synthetic_data/pneumoniamnist_normal_2280_filtered/normal_1702.png,/content/drive/MyDrive/MedSymmFlow_Project/fid_analysis/real_normal_1214/real_normal_0472.png,0.9370761513710022
/content/drive/MyDrive/MedSymmFlow_Project/synthetic_data/pneumoniamnist_normal_2280_filtered/normal_0642.png,/content/drive/MyDrive/MedSymmFlow_Project/fid_analysis/real_normal_1214/real_normal_0552.png,0.9370654821395874
/content/drive/MyDrive/MedSymmFlow_Project/synthetic_data/pneumoniamnist_normal_2280_filtered/normal_0563.png,/content/drive/MyDrive/MedSymmFlow_Project/fid_analysis/real_normal_1214/real_normal_0427.png,0.9370393753051758
/content/drive/MyDrive/MedSymmFlow_Project/synthetic_data/pneumoniamnist_normal_2280_filtered/normal_0680.png,/content/drive/MyDrive/MedSymmFlow_Project/fid_analysis/real_normal_1214/real_normal_0888.png,0.9370340704917908
/content/drive/MyDrive/MedSymmFlow_Project/synthetic_data/pneumoniamnist_normal_2280_filtered/normal_1651.png,/content/drive/MyDrive/MedSymmFlow_Project/fid_analysis/real_normal_1214/real_normal_0427.png,0.937015175819397
/content/drive/MyDrive/MedSymmFlow_Project/synthetic_data/pneumoniamnist_normal_2280_filtered/normal_1167.png,/content/drive/MyDrive/MedSymmFlow_Project/fid_analysis/real_normal_1214/real_normal_0904.png,0.9370104074478149
/content/drive/MyDrive/MedSymmFlow_Project/synthetic_data/pneumoniamnist_normal_2280_filtered/normal_0009.png,/content/drive/MyDrive/MedSymmFlow_Project/fid_analysis/real_normal_1214/real_normal_0322.png,0.9370099306106567
/content/drive/MyDrive/MedSymmFlow_Project/synthetic_data/pneumoniamnist_normal_2280_filtered/normal_1074.png,/content/drive/MyDrive/MedSymmFlow_Project/fid_analysis/real_normal_1214/real_normal_0834.png,0.9370055198669434
/content/drive/MyDrive/MedSymmFlow_Project/synthetic_data/pneumoniamnist_normal_2280_filtered/normal_0897.png,/content/drive/MyDrive/MedSymmFlow_Project/fid_analysis/real_normal_1214/real_normal_0017.png,0.9369958639144897
/content/drive/MyDrive/MedSymmFlow_Project/synthetic_data/pneumoniamnist_normal_2280_filtered/normal_1939.png,/content/drive/MyDrive/MedSymmFlow_Project/fid_analysis/real_normal_1214/real_normal_0192.png,0.9369890689849854
/content/drive/MyDrive/MedSymmFlow_Project/synthetic_data/pneumoniamnist_normal_2280_filtered/normal_1910.png,/content/drive/MyDrive/MedSymmFlow_Project/fid_analysis/real_normal_1214/real_normal_0644.png,0.9369838237762451
/content/drive/MyDrive/MedSymmFlow_Project/synthetic_data/pneumoniamnist_normal_2280_filtered/normal_1432.png,/content/drive/MyDrive/MedSymmFlow_Project/fid_analysis/real_normal_1214/real_normal_0069.png,0.9369751811027527
/content/drive/MyDrive/MedSymmFlow_Project/synthetic_data/pneumoniamnist_normal_2280_filtered/normal_0983.png,/content/drive/MyDrive/MedSymmFlow_Project/fid_analysis/real_normal_1214/real_normal_0571.png,0.9369298219680786
/content/drive/MyDrive/MedSymmFlow_Project/synthetic_data/pneumoniamnist_normal_2280_filtered/normal_1804.png,/content/drive/MyDrive/MedSymmFlow_Project/fid_analysis/real_normal_1214/real_normal_1093.png,0.9369150400161743
/content/drive/MyDrive/MedSymmFlow_Project/synthetic_data/pneumoniamnist_normal_2280_filtered/normal_1481.png,/content/drive/MyDrive/MedSymmFlow_Project/fid_analysis/real_normal_1214/real_normal_1031.png,0.9369109869003296
/content/drive/MyDrive/MedSymmFlow_Project/synthetic_data/pneumoniamnist_normal_2280_filtered/normal_2187.png,/content/drive/MyDrive/MedSymmFlow_Project/fid_analysis/real_normal_1214/real_normal_0315.png,0.9369036555290222
/content/drive/MyDrive/MedSymmFlow_Project/synthetic_data/pneumoniamnist_normal_2280_filtered/normal_0490.png,/content/drive/MyDrive/MedSymmFlow_Project/fid_analysis/real_normal_1214/real_normal_0427.png,0.9368669986724854
/content/drive/MyDrive/MedSymmFlow_Project/synthetic_data/pneumoniamnist_normal_2280_filtered/normal_2208.png,/content/drive/MyDrive/MedSymmFlow_Project/fid_analysis/real_normal_1214/real_normal_1042.png,0.9368557929992676
/content/drive/MyDrive/MedSymmFlow_Project/synthetic_data/pneumoniamnist_normal_2280_filtered/normal_0042.png,/content/drive/MyDrive/MedSymmFlow_Project/fid_analysis/real_normal_1214/real_normal_0418.png,0.9368481636047363
/content/drive/MyDrive/MedSymmFlow_Project/synthetic_data/pneumoniamnist_normal_2280_filtered/normal_0404.png,/content/drive/MyDrive/MedSymmFlow_Project/fid_analysis/real_normal_1214/real_normal_0194.png,0.9368478059768677
/content/drive/MyDrive/MedSymmFlow_Project/synthetic_data/pneumoniamnist_normal_2280_filtered/normal_1011.png,/content/drive/MyDrive/MedSymmFlow_Project/fid_analysis/real_normal_1214/real_normal_0888.png,0.9368231296539307
/content/drive/MyDrive/MedSymmFlow_Project/synthetic_data/pneumoniamnist_normal_2280_filtered/normal_1370.png,/content/drive/MyDrive/MedSymmFlow_Project/fid_analysis/real_normal_1214/real_normal_0017.png,0.9368011951446533
/content/drive/MyDrive/MedSymmFlow_Project/synthetic_data/pneumoniamnist_normal_2280_filtered/normal_1755.png,/content/drive/MyDrive/MedSymmFlow_Project/fid_analysis/real_normal_1214/real_normal_0427.png,0.9367961883544922
/content/drive/MyDrive/MedSymmFlow_Project/synthetic_data/pneumoniamnist_normal_2280_filtered/normal_0920.png,/content/drive/MyDrive/MedSymmFlow_Project/fid_analysis/real_normal_1214/real_normal_0984.png,0.93678879737854
/content/drive/MyDrive/MedSymmFlow_Project/synthetic_data/pneumoniamnist_normal_2280_filtered/normal_1089.png,/content/drive/MyDrive/MedSymmFlow_Project/fid_analysis/real_normal_1214/real_normal_0069.png,0.9367854595184326
/content/drive/MyDrive/MedSymmFlow_Project/synthetic_data/pneumoniamnist_normal_2280_filtered/normal_2097.png,/content/drive/MyDrive/MedSymmFlow_Project/fid_analysis/real_normal_1214/real_normal_1073.png,0.9367849826812744
/content/drive/MyDrive/MedSymmFlow_Project/synthetic_data/pneumoniamnist_normal_2280_filtered/normal_1415.png,/content/drive/MyDrive/MedSymmFlow_Project/fid_analysis/real_normal_1214/real_normal_0660.png,0.9367585778236389
/content/drive/MyDrive/MedSymmFlow_Project/synthetic_data/pneumoniamnist_normal_2280_filtered/normal_1226.png,/content/drive/MyDrive/MedSymmFlow_Project/fid_analysis/real_normal_1214/real_normal_0539.png,0.9367491006851196
/content/drive/MyDrive/MedSymmFlow_Project/synthetic_data/pneumoniamnist_normal_2280_filtered/normal_0832.png,/content/drive/MyDrive/MedSymmFlow_Project/fid_analysis/real_normal_1214/real_normal_0427.png,0.9367409944534302
/content/drive/MyDrive/MedSymmFlow_Project/synthetic_data/pneumoniamnist_normal_2280_filtered/normal_2017.png,/content/drive/MyDrive/MedSymmFlow_Project/fid_analysis/real_normal_1214/real_normal_0323.png,0.9367071390151978
/content/drive/MyDrive/MedSymmFlow_Project/synthetic_data/pneumoniamnist_normal_2280_filtered/normal_0656.png,/content/drive/MyDrive/MedSymmFlow_Project/fid_analysis/real_normal_1214/real_normal_0045.png,0.9367028474807739
/content/drive/MyDrive/MedSymmFlow_Project/synthetic_data/pneumoniamnist_normal_2280_filtered/normal_0780.png,/content/drive/MyDrive/MedSymmFlow_Project/fid_analysis/real_normal_1214/real_normal_0552.png,0.9366990923881531
/content/drive/MyDrive/MedSymmFlow_Project/synthetic_data/pneumoniamnist_normal_2280_filtered/normal_1888.png,/content/drive/MyDrive/MedSymmFlow_Project/fid_analysis/real_normal_1214/real_normal_1073.png,0.9366965293884277
/content/drive/MyDrive/MedSymmFlow_Project/synthetic_data/pneumoniamnist_normal_2280_filtered/normal_1734.png,/content/drive/MyDrive/MedSymmFlow_Project/fid_analysis/real_normal_1214/real_normal_1086.png,0.9366828799247742
/content/drive/MyDrive/MedSymmFlow_Project/synthetic_data/pneumoniamnist_normal_2280_filtered/normal_1114.png,/content/drive/MyDrive/MedSymmFlow_Project/fid_analysis/real_normal_1214/real_normal_0552.png,0.9366438388824463
/content/drive/MyDrive/MedSymmFlow_Project/synthetic_data/pneumoniamnist_normal_2280_filtered/normal_1964.png,/content/drive/MyDrive/MedSymmFlow_Project/fid_analysis/real_normal_1214/real_normal_0984.png,0.9366422891616821
/content/drive/MyDrive/MedSymmFlow_Project/synthetic_data/pneumoniamnist_normal_2280_filtered/normal_0527.png,/content/drive/MyDrive/MedSymmFlow_Project/fid_analysis/real_normal_1214/real_normal_0069.png,0.9366406202316284
/content/drive/MyDrive/MedSymmFlow_Project/synthetic_data/pneumoniamnist_normal_2280_filtered/normal_1623.png,/content/drive/MyDrive/MedSymmFlow_Project/fid_analysis/real_normal_1214/real_normal_0592.png,0.9366353750228882
/content/drive/MyDrive/MedSymmFlow_Project/synthetic_data/pneumoniamnist_normal_2280_filtered/normal_0007.png,/content/drive/MyDrive/MedSymmFlow_Project/fid_analysis/real_normal_1214/real_normal_0413.png,0.9366172552108765
/content/drive/MyDrive/MedSymmFlow_Project/synthetic_data/pneumoniamnist_normal_2280_filtered/normal_1591.png,/content/drive/MyDrive/MedSymmFlow_Project/fid_analysis/real_normal_1214/real_normal_0999.png,0.9365850687026978
/content/drive/MyDrive/MedSymmFlow_Project/synthetic_data/pneumoniamnist_normal_2280_filtered/normal_1392.png,/content/drive/MyDrive/MedSymmFlow_Project/fid_analysis/real_normal_1214/real_normal_1031.png,0.9365702867507935
/content/drive/MyDrive/MedSymmFlow_Project/synthetic_data/pneumoniamnist_normal_2280_filtered/normal_0966.png,/content/drive/MyDrive/MedSymmFlow_Project/fid_analysis/real_normal_1214/real_normal_0427.png,0.9365419745445251
/content/drive/MyDrive/MedSymmFlow_Project/synthetic_data/pneumoniamnist_normal_2280_filtered/normal_0174.png,/content/drive/MyDrive/MedSymmFlow_Project/fid_analysis/real_normal_1214/real_normal_0025.png,0.9365330934524536
/content/drive/MyDrive/MedSymmFlow_Project/synthetic_data/pneumoniamnist_normal_2280_filtered/normal_1954.png,/content/drive/MyDrive/MedSymmFlow_Project/fid_analysis/real_normal_1214/real_normal_0574.png,0.936515212059021
/content/drive/MyDrive/MedSymmFlow_Project/synthetic_data/pneumoniamnist_normal_2280_filtered/normal_1719.png,/content/drive/MyDrive/MedSymmFlow_Project/fid_analysis/real_normal_1214/real_normal_0731.png,0.9365140795707703
/content/drive/MyDrive/MedSymmFlow_Project/synthetic_data/pneumoniamnist_normal_2280_filtered/normal_0872.png,/content/drive/MyDrive/MedSymmFlow_Project/fid_analysis/real_normal_1214/real_normal_0977.png,0.9364737272262573
/content/drive/MyDrive/MedSymmFlow_Project/synthetic_data/pneumoniamnist_normal_2280_filtered/normal_0186.png,/content/drive/MyDrive/MedSymmFlow_Project/fid_analysis/real_normal_1214/real_normal_0888.png,0.9364647269248962
/content/drive/MyDrive/MedSymmFlow_Project/synthetic_data/pneumoniamnist_normal_2280_filtered/normal_1995.png,/content/drive/MyDrive/MedSymmFlow_Project/fid_analysis/real_normal_1214/real_normal_0326.png,0.9364134073257446
/content/drive/MyDrive/MedSymmFlow_Project/synthetic_data/pneumoniamnist_normal_2280_filtered/normal_1025.png,/content/drive/MyDrive/MedSymmFlow_Project/fid_analysis/real_normal_1214/real_normal_0069.png,0.9364078044891357
/content/drive/MyDrive/MedSymmFlow_Project/synthetic_data/pneumoniamnist_normal_2280_filtered/normal_0011.png,/content/drive/MyDrive/MedSymmFlow_Project/fid_analysis/real_normal_1214/real_normal_0649.png,0.9363571405410767
/content/drive/MyDrive/MedSymmFlow_Project/synthetic_data/pneumoniamnist_normal_2280_filtered/normal_1055.png,/content/drive/MyDrive/MedSymmFlow_Project/fid_analysis/real_normal_1214/real_normal_0725.png,0.9363553524017334
/content/drive/MyDrive/MedSymmFlow_Project/synthetic_data/pneumoniamnist_normal_2280_filtered/normal_0847.png,/content/drive/MyDrive/MedSymmFlow_Project/fid_analysis/real_normal_1214/real_normal_0315.png,0.9363285899162292
/content/drive/MyDrive/MedSymmFlow_Project/synthetic_data/pneumoniamnist_normal_2280_filtered/normal_0995.png,/content/drive/MyDrive/MedSymmFlow_Project/fid_analysis/real_normal_1214/real_normal_0056.png,0.9363192915916443
/content/drive/MyDrive/MedSymmFlow_Project/synthetic_data/pneumoniamnist_normal_2280_filtered/normal_1194.png,/content/drive/MyDrive/MedSymmFlow_Project/fid_analysis/real_normal_1214/real_normal_0021.png,0.9363102316856384
/content/drive/MyDrive/MedSymmFlow_Project/synthetic_data/pneumoniamnist_normal_2280_filtered/normal_0362.png,/content/drive/MyDrive/MedSymmFlow_Project/fid_analysis/real_normal_1214/real_normal_0322.png,0.936307966709137
/content/drive/MyDrive/MedSymmFlow_Project/synthetic_data/pneumoniamnist_normal_2280_filtered/normal_2222.png,/content/drive/MyDrive/MedSymmFlow_Project/fid_analysis/real_normal_1214/real_normal_0552.png,0.9362826347351074
/content/drive/MyDrive/MedSymmFlow_Project/synthetic_data/pneumoniamnist_normal_2280_filtered/normal_0533.png,/content/drive/MyDrive/MedSymmFlow_Project/fid_analysis/real_normal_1214/real_normal_0017.png,0.936241865158081
/content/drive/MyDrive/MedSymmFlow_Project/synthetic_data/pneumoniamnist_normal_2280_filtered/normal_1289.png,/content/drive/MyDrive/MedSymmFlow_Project/fid_analysis/real_normal_1214/real_normal_0402.png,0.9362332820892334
/content/drive/MyDrive/MedSymmFlow_Project/synthetic_data/pneumoniamnist_normal_2280_filtered/normal_1434.png,/content/drive/MyDrive/MedSymmFlow_Project/fid_analysis/real_normal_1214/real_normal_0427.png,0.9362313747406006
/content/drive/MyDrive/MedSymmFlow_Project/synthetic_data/pneumoniamnist_normal_2280_filtered/normal_0545.png,/content/drive/MyDrive/MedSymmFlow_Project/fid_analysis/real_normal_1214/real_normal_0166.png,0.9362168312072754
/content/drive/MyDrive/MedSymmFlow_Project/synthetic_data/pneumoniamnist_normal_2280_filtered/normal_0751.png,/content/drive/MyDrive/MedSymmFlow_Project/fid_analysis/real_normal_1214/real_normal_0322.png,0.936202347278595
/content/drive/MyDrive/MedSymmFlow_Project/synthetic_data/pneumoniamnist_normal_2280_filtered/normal_1230.png,/content/drive/MyDrive/MedSymmFlow_Project/fid_analysis/real_normal_1214/real_normal_1188.png,0.9361913800239563
/content/drive/MyDrive/MedSymmFlow_Project/synthetic_data/pneumoniamnist_normal_2280_filtered/normal_2232.png,/content/drive/MyDrive/MedSymmFlow_Project/fid_analysis/real_normal_1214/real_normal_0984.png,0.9361828565597534
/content/drive/MyDrive/MedSymmFlow_Project/synthetic_data/pneumoniamnist_normal_2280_filtered/normal_0183.png,/content/drive/MyDrive/MedSymmFlow_Project/fid_analysis/real_normal_1214/real_normal_0017.png,0.9361603260040283
/content/drive/MyDrive/MedSymmFlow_Project/synthetic_data/pneumoniamnist_normal_2280_filtered/normal_2230.png,/content/drive/MyDrive/MedSymmFlow_Project/fid_analysis/real_normal_1214/real_normal_0934.png,0.9361562728881836
/content/drive/MyDrive/MedSymmFlow_Project/synthetic_data/pneumoniamnist_normal_2280_filtered/normal_1892.png,/content/drive/MyDrive/MedSymmFlow_Project/fid_analysis/real_normal_1214/real_normal_0194.png,0.9361432790756226
/content/drive/MyDrive/MedSymmFlow_Project/synthetic_data/pneumoniamnist_normal_2280_filtered/normal_0115.png,/content/drive/MyDrive/MedSymmFlow_Project/fid_analysis/real_normal_1214/real_normal_0874.png,0.936100959777832
/content/drive/MyDrive/MedSymmFlow_Project/synthetic_data/pneumoniamnist_normal_2280_filtered/normal_0166.png,/content/drive/MyDrive/MedSymmFlow_Project/fid_analysis/real_normal_1214/real_normal_0691.png,0.9360957741737366
/content/drive/MyDrive/MedSymmFlow_Project/synthetic_data/pneumoniamnist_normal_2280_filtered/normal_0314.png,/content/drive/MyDrive/MedSymmFlow_Project/fid_analysis/real_normal_1214/real_normal_0833.png,0.9360776543617249
/content/drive/MyDrive/MedSymmFlow_Project/synthetic_data/pneumoniamnist_normal_2280_filtered/normal_0167.png,/content/drive/MyDrive/MedSymmFlow_Project/fid_analysis/real_normal_1214/real_normal_0413.png,0.9360628128051758
/content/drive/MyDrive/MedSymmFlow_Project/synthetic_data/pneumoniamnist_normal_2280_filtered/normal_1350.png,/content/drive/MyDrive/MedSymmFlow_Project/fid_analysis/real_normal_1214/real_normal_0017.png,0.9360405206680298
/content/drive/MyDrive/MedSymmFlow_Project/synthetic_data/pneumoniamnist_normal_2280_filtered/normal_0811.png,/content/drive/MyDrive/MedSymmFlow_Project/fid_analysis/real_normal_1214/real_normal_0806.png,0.9360350370407104
/content/drive/MyDrive/MedSymmFlow_Project/synthetic_data/pneumoniamnist_normal_2280_filtered/normal_0619.png,/content/drive/MyDrive/MedSymmFlow_Project/fid_analysis/real_normal_1214/real_normal_0402.png,0.9360318183898926
/content/drive/MyDrive/MedSymmFlow_Project/synthetic_data/pneumoniamnist_normal_2280_filtered/normal_2125.png,/content/drive/MyDrive/MedSymmFlow_Project/fid_analysis/real_normal_1214/real_normal_0659.png,0.936027467250824
/content/drive/MyDrive/MedSymmFlow_Project/synthetic_data/pneumoniamnist_normal_2280_filtered/normal_0047.png,/content/drive/MyDrive/MedSymmFlow_Project/fid_analysis/real_normal_1214/real_normal_0957.png,0.9359959959983826
/content/drive/MyDrive/MedSymmFlow_Project/synthetic_data/pneumoniamnist_normal_2280_filtered/normal_0977.png,/content/drive/MyDrive/MedSymmFlow_Project/fid_analysis/real_normal_1214/real_normal_0427.png,0.9359942674636841
/content/drive/MyDrive/MedSymmFlow_Project/synthetic_data/pneumoniamnist_normal_2280_filtered/normal_1181.png,/content/drive/MyDrive/MedSymmFlow_Project/fid_analysis/real_normal_1214/real_normal_0204.png,0.9359893202781677
/content/drive/MyDrive/MedSymmFlow_Project/synthetic_data/pneumoniamnist_normal_2280_filtered/normal_2103.png,/content/drive/MyDrive/MedSymmFlow_Project/fid_analysis/real_normal_1214/real_normal_1017.png,0.9359794855117798
/content/drive/MyDrive/MedSymmFlow_Project/synthetic_data/pneumoniamnist_normal_2280_filtered/normal_1235.png,/content/drive/MyDrive/MedSymmFlow_Project/fid_analysis/real_normal_1214/real_normal_1155.png,0.9359650611877441
/content/drive/MyDrive/MedSymmFlow_Project/synthetic_data/pneumoniamnist_normal_2280_filtered/normal_0900.png,/content/drive/MyDrive/MedSymmFlow_Project/fid_analysis/real_normal_1214/real_normal_0968.png,0.935958743095398
/content/drive/MyDrive/MedSymmFlow_Project/synthetic_data/pneumoniamnist_normal_2280_filtered/normal_1885.png,/content/drive/MyDrive/MedSymmFlow_Project/fid_analysis/real_normal_1214/real_normal_0245.png,0.9359430074691772
/content/drive/MyDrive/MedSymmFlow_Project/synthetic_data/pneumoniamnist_normal_2280_filtered/normal_1429.png,/content/drive/MyDrive/MedSymmFlow_Project/fid_analysis/real_normal_1214/real_normal_0021.png,0.9359174966812134
/content/drive/MyDrive/MedSymmFlow_Project/synthetic_data/pneumoniamnist_normal_2280_filtered/normal_1141.png,/content/drive/MyDrive/MedSymmFlow_Project/fid_analysis/real_normal_1214/real_normal_0134.png,0.9358965754508972
/content/drive/MyDrive/MedSymmFlow_Project/synthetic_data/pneumoniamnist_normal_2280_filtered/normal_0128.png,/content/drive/MyDrive/MedSymmFlow_Project/fid_analysis/real_normal_1214/real_normal_0834.png,0.9358794689178467
/content/drive/MyDrive/MedSymmFlow_Project/synthetic_data/pneumoniamnist_normal_2280_filtered/normal_0623.png,/content/drive/MyDrive/MedSymmFlow_Project/fid_analysis/real_normal_1214/real_normal_0571.png,0.9358779191970825
/content/drive/MyDrive/MedSymmFlow_Project/synthetic_data/pneumoniamnist_normal_2280_filtered/normal_1205.png,/content/drive/MyDrive/MedSymmFlow_Project/fid_analysis/real_normal_1214/real_normal_0757.png,0.9358197450637817
/content/drive/MyDrive/MedSymmFlow_Project/synthetic_data/pneumoniamnist_normal_2280_filtered/normal_1887.png,/content/drive/MyDrive/MedSymmFlow_Project/fid_analysis/real_normal_1214/real_normal_0940.png,0.9358119368553162
/content/drive/MyDrive/MedSymmFlow_Project/synthetic_data/pneumoniamnist_normal_2280_filtered/normal_1778.png,/content/drive/MyDrive/MedSymmFlow_Project/fid_analysis/real_normal_1214/real_normal_0501.png,0.935789167881012
/content/drive/MyDrive/MedSymmFlow_Project/synthetic_data/pneumoniamnist_normal_2280_filtered/normal_0474.png,/content/drive/MyDrive/MedSymmFlow_Project/fid_analysis/real_normal_1214/real_normal_0025.png,0.9357274770736694
/content/drive/MyDrive/MedSymmFlow_Project/synthetic_data/pneumoniamnist_normal_2280_filtered/normal_1255.png,/content/drive/MyDrive/MedSymmFlow_Project/fid_analysis/real_normal_1214/real_normal_0834.png,0.9357143640518188
/content/drive/MyDrive/MedSymmFlow_Project/synthetic_data/pneumoniamnist_normal_2280_filtered/normal_0002.png,/content/drive/MyDrive/MedSymmFlow_Project/fid_analysis/real_normal_1214/real_normal_1176.png,0.9357011318206787
/content/drive/MyDrive/MedSymmFlow_Project/synthetic_data/pneumoniamnist_normal_2280_filtered/normal_1301.png,/content/drive/MyDrive/MedSymmFlow_Project/fid_analysis/real_normal_1214/real_normal_0100.png,0.9357006549835205
/content/drive/MyDrive/MedSymmFlow_Project/synthetic_data/pneumoniamnist_normal_2280_filtered/normal_0687.png,/content/drive/MyDrive/MedSymmFlow_Project/fid_analysis/real_normal_1214/real_normal_1093.png,0.9356975555419922
/content/drive/MyDrive/MedSymmFlow_Project/synthetic_data/pneumoniamnist_normal_2280_filtered/normal_2224.png,/content/drive/MyDrive/MedSymmFlow_Project/fid_analysis/real_normal_1214/real_normal_0389.png,0.9356957674026489
/content/drive/MyDrive/MedSymmFlow_Project/synthetic_data/pneumoniamnist_normal_2280_filtered/normal_0138.png,/content/drive/MyDrive/MedSymmFlow_Project/fid_analysis/real_normal_1214/real_normal_0969.png,0.9356439113616943
/content/drive/MyDrive/MedSymmFlow_Project/synthetic_data/pneumoniamnist_normal_2280_filtered/normal_0741.png,/content/drive/MyDrive/MedSymmFlow_Project/fid_analysis/real_normal_1214/real_normal_0161.png,0.9356300830841064
/content/drive/MyDrive/MedSymmFlow_Project/synthetic_data/pneumoniamnist_normal_2280_filtered/normal_1328.png,/content/drive/MyDrive/MedSymmFlow_Project/fid_analysis/real_normal_1214/real_normal_0940.png,0.9356043338775635
/content/drive/MyDrive/MedSymmFlow_Project/synthetic_data/pneumoniamnist_normal_2280_filtered/normal_0896.png,/content/drive/MyDrive/MedSymmFlow_Project/fid_analysis/real_normal_1214/real_normal_0855.png,0.9355981349945068
/content/drive/MyDrive/MedSymmFlow_Project/synthetic_data/pneumoniamnist_normal_2280_filtered/normal_1611.png,/content/drive/MyDrive/MedSymmFlow_Project/fid_analysis/real_normal_1214/real_normal_0834.png,0.9355490207672119
/content/drive/MyDrive/MedSymmFlow_Project/synthetic_data/pneumoniamnist_normal_2280_filtered/normal_2117.png,/content/drive/MyDrive/MedSymmFlow_Project/fid_analysis/real_normal_1214/real_normal_0178.png,0.9355394840240479
/content/drive/MyDrive/MedSymmFlow_Project/synthetic_data/pneumoniamnist_normal_2280_filtered/normal_1554.png,/content/drive/MyDrive/MedSymmFlow_Project/fid_analysis/real_normal_1214/real_normal_0204.png,0.9355114698410034
/content/drive/MyDrive/MedSymmFlow_Project/synthetic_data/pneumoniamnist_normal_2280_filtered/normal_1607.png,/content/drive/MyDrive/MedSymmFlow_Project/fid_analysis/real_normal_1214/real_normal_0337.png,0.9354742765426636
/content/drive/MyDrive/MedSymmFlow_Project/synthetic_data/pneumoniamnist_normal_2280_filtered/normal_1431.png,/content/drive/MyDrive/MedSymmFlow_Project/fid_analysis/real_normal_1214/real_normal_0274.png,0.9354686737060547
/content/drive/MyDrive/MedSymmFlow_Project/synthetic_data/pneumoniamnist_normal_2280_filtered/normal_2024.png,/content/drive/MyDrive/MedSymmFlow_Project/fid_analysis/real_normal_1214/real_normal_0069.png,0.9354361891746521
/content/drive/MyDrive/MedSymmFlow_Project/synthetic_data/pneumoniamnist_normal_2280_filtered/normal_1880.png,/content/drive/MyDrive/MedSymmFlow_Project/fid_analysis/real_normal_1214/real_normal_0837.png,0.9353843927383423
/content/drive/MyDrive/MedSymmFlow_Project/synthetic_data/pneumoniamnist_normal_2280_filtered/normal_0789.png,/content/drive/MyDrive/MedSymmFlow_Project/fid_analysis/real_normal_1214/real_normal_0875.png,0.9353752136230469
/content/drive/MyDrive/MedSymmFlow_Project/synthetic_data/pneumoniamnist_normal_2280_filtered/normal_2257.png,/content/drive/MyDrive/MedSymmFlow_Project/fid_analysis/real_normal_1214/real_normal_0402.png,0.9353609085083008
/content/drive/MyDrive/MedSymmFlow_Project/synthetic_data/pneumoniamnist_normal_2280_filtered/normal_1496.png,/content/drive/MyDrive/MedSymmFlow_Project/fid_analysis/real_normal_1214/real_normal_1050.png,0.9353601932525635
/content/drive/MyDrive/MedSymmFlow_Project/synthetic_data/pneumoniamnist_normal_2280_filtered/normal_2008.png,/content/drive/MyDrive/MedSymmFlow_Project/fid_analysis/real_normal_1214/real_normal_0083.png,0.9353600740432739
/content/drive/MyDrive/MedSymmFlow_Project/synthetic_data/pneumoniamnist_normal_2280_filtered/normal_0003.png,/content/drive/MyDrive/MedSymmFlow_Project/fid_analysis/real_normal_1214/real_normal_0773.png,0.9353432655334473
/content/drive/MyDrive/MedSymmFlow_Project/synthetic_data/pneumoniamnist_normal_2280_filtered/normal_2173.png,/content/drive/MyDrive/MedSymmFlow_Project/fid_analysis/real_normal_1214/real_normal_0834.png,0.9353063106536865
/content/drive/MyDrive/MedSymmFlow_Project/synthetic_data/pneumoniamnist_normal_2280_filtered/normal_0296.png,/content/drive/MyDrive/MedSymmFlow_Project/fid_analysis/real_normal_1214/real_normal_0731.png,0.9353026747703552
/content/drive/MyDrive/MedSymmFlow_Project/synthetic_data/pneumoniamnist_normal_2280_filtered/normal_1357.png,/content/drive/MyDrive/MedSymmFlow_Project/fid_analysis/real_normal_1214/real_normal_0395.png,0.9351670742034912
/content/drive/MyDrive/MedSymmFlow_Project/synthetic_data/pneumoniamnist_normal_2280_filtered/normal_2090.png,/content/drive/MyDrive/MedSymmFlow_Project/fid_analysis/real_normal_1214/real_normal_0289.png,0.9351572394371033
/content/drive/MyDrive/MedSymmFlow_Project/synthetic_data/pneumoniamnist_normal_2280_filtered/normal_1084.png,/content/drive/MyDrive/MedSymmFlow_Project/fid_analysis/real_normal_1214/real_normal_0194.png,0.935126781463623
/content/drive/MyDrive/MedSymmFlow_Project/synthetic_data/pneumoniamnist_normal_2280_filtered/normal_0614.png,/content/drive/MyDrive/MedSymmFlow_Project/fid_analysis/real_normal_1214/real_normal_0025.png,0.9351217746734619
/content/drive/MyDrive/MedSymmFlow_Project/synthetic_data/pneumoniamnist_normal_2280_filtered/normal_0390.png,/content/drive/MyDrive/MedSymmFlow_Project/fid_analysis/real_normal_1214/real_normal_0413.png,0.9350582361221313
/content/drive/MyDrive/MedSymmFlow_Project/synthetic_data/pneumoniamnist_normal_2280_filtered/normal_1096.png,/content/drive/MyDrive/MedSymmFlow_Project/fid_analysis/real_normal_1214/real_normal_0984.png,0.9350411891937256
/content/drive/MyDrive/MedSymmFlow_Project/synthetic_data/pneumoniamnist_normal_2280_filtered/normal_0791.png,/content/drive/MyDrive/MedSymmFlow_Project/fid_analysis/real_normal_1214/real_normal_0230.png,0.935016393661499
/content/drive/MyDrive/MedSymmFlow_Project/synthetic_data/pneumoniamnist_normal_2280_filtered/normal_1690.png,/content/drive/MyDrive/MedSymmFlow_Project/fid_analysis/real_normal_1214/real_normal_0504.png,0.9350100755691528
/content/drive/MyDrive/MedSymmFlow_Project/synthetic_data/pneumoniamnist_normal_2280_filtered/normal_0664.png,/content/drive/MyDrive/MedSymmFlow_Project/fid_analysis/real_normal_1214/real_normal_0017.png,0.9350032806396484
/content/drive/MyDrive/MedSymmFlow_Project/synthetic_data/pneumoniamnist_normal_2280_filtered/normal_1776.png,/content/drive/MyDrive/MedSymmFlow_Project/fid_analysis/real_normal_1214/real_normal_0571.png,0.9349539279937744
/content/drive/MyDrive/MedSymmFlow_Project/synthetic_data/pneumoniamnist_normal_2280_filtered/normal_0638.png,/content/drive/MyDrive/MedSymmFlow_Project/fid_analysis/real_normal_1214/real_normal_0245.png,0.9349426031112671
/content/drive/MyDrive/MedSymmFlow_Project/synthetic_data/pneumoniamnist_normal_2280_filtered/normal_0359.png,/content/drive/MyDrive/MedSymmFlow_Project/fid_analysis/real_normal_1214/real_normal_0333.png,0.9349362254142761
/content/drive/MyDrive/MedSymmFlow_Project/synthetic_data/pneumoniamnist_normal_2280_filtered/normal_1356.png,/content/drive/MyDrive/MedSymmFlow_Project/fid_analysis/real_normal_1214/real_normal_0434.png,0.9349279403686523
/content/drive/MyDrive/MedSymmFlow_Project/synthetic_data/pneumoniamnist_normal_2280_filtered/normal_1839.png,/content/drive/MyDrive/MedSymmFlow_Project/fid_analysis/real_normal_1214/real_normal_0963.png,0.9349275827407837
/content/drive/MyDrive/MedSymmFlow_Project/synthetic_data/pneumoniamnist_normal_2280_filtered/normal_0298.png,/content/drive/MyDrive/MedSymmFlow_Project/fid_analysis/real_normal_1214/real_normal_0984.png,0.9349242448806763
/content/drive/MyDrive/MedSymmFlow_Project/synthetic_data/pneumoniamnist_normal_2280_filtered/normal_0276.png,/content/drive/MyDrive/MedSymmFlow_Project/fid_analysis/real_normal_1214/real_normal_1086.png,0.9349020719528198
/content/drive/MyDrive/MedSymmFlow_Project/synthetic_data/pneumoniamnist_normal_2280_filtered/normal_1225.png,/content/drive/MyDrive/MedSymmFlow_Project/fid_analysis/real_normal_1214/real_normal_1188.png,0.9348902702331543
/content/drive/MyDrive/MedSymmFlow_Project/synthetic_data/pneumoniamnist_normal_2280_filtered/normal_1241.png,/content/drive/MyDrive/MedSymmFlow_Project/fid_analysis/real_normal_1214/real_normal_0355.png,0.9348899126052856
/content/drive/MyDrive/MedSymmFlow_Project/synthetic_data/pneumoniamnist_normal_2280_filtered/normal_1801.png,/content/drive/MyDrive/MedSymmFlow_Project/fid_analysis/real_normal_1214/real_normal_0619.png,0.9348811507225037
/content/drive/MyDrive/MedSymmFlow_Project/synthetic_data/pneumoniamnist_normal_2280_filtered/normal_1925.png,/content/drive/MyDrive/MedSymmFlow_Project/fid_analysis/real_normal_1214/real_normal_0539.png,0.9348620772361755
/content/drive/MyDrive/MedSymmFlow_Project/synthetic_data/pneumoniamnist_normal_2280_filtered/normal_0762.png,/content/drive/MyDrive/MedSymmFlow_Project/fid_analysis/real_normal_1214/real_normal_1017.png,0.934830904006958
/content/drive/MyDrive/MedSymmFlow_Project/synthetic_data/pneumoniamnist_normal_2280_filtered/normal_0288.png,/content/drive/MyDrive/MedSymmFlow_Project/fid_analysis/real_normal_1214/real_normal_0413.png,0.9348202347755432
/content/drive/MyDrive/MedSymmFlow_Project/synthetic_data/pneumoniamnist_normal_2280_filtered/normal_0509.png,/content/drive/MyDrive/MedSymmFlow_Project/fid_analysis/real_normal_1214/real_normal_0676.png,0.9347946643829346
/content/drive/MyDrive/MedSymmFlow_Project/synthetic_data/pneumoniamnist_normal_2280_filtered/normal_2150.png,/content/drive/MyDrive/MedSymmFlow_Project/fid_analysis/real_normal_1214/real_normal_0644.png,0.9347476959228516
/content/drive/MyDrive/MedSymmFlow_Project/synthetic_data/pneumoniamnist_normal_2280_filtered/normal_1740.png,/content/drive/MyDrive/MedSymmFlow_Project/fid_analysis/real_normal_1214/real_normal_0834.png,0.934684157371521
/content/drive/MyDrive/MedSymmFlow_Project/synthetic_data/pneumoniamnist_normal_2280_filtered/normal_2198.png,/content/drive/MyDrive/MedSymmFlow_Project/fid_analysis/real_normal_1214/real_normal_0427.png,0.9346480965614319
/content/drive/MyDrive/MedSymmFlow_Project/synthetic_data/pneumoniamnist_normal_2280_filtered/normal_1608.png,/content/drive/MyDrive/MedSymmFlow_Project/fid_analysis/real_normal_1214/real_normal_0552.png,0.9346209168434143
/content/drive/MyDrive/MedSymmFlow_Project/synthetic_data/pneumoniamnist_normal_2280_filtered/normal_0838.png,/content/drive/MyDrive/MedSymmFlow_Project/fid_analysis/real_normal_1214/real_normal_0322.png,0.9346099495887756
/content/drive/MyDrive/MedSymmFlow_Project/synthetic_data/pneumoniamnist_normal_2280_filtered/normal_0103.png,/content/drive/MyDrive/MedSymmFlow_Project/fid_analysis/real_normal_1214/real_normal_1187.png,0.9345203638076782
/content/drive/MyDrive/MedSymmFlow_Project/synthetic_data/pneumoniamnist_normal_2280_filtered/normal_1792.png,/content/drive/MyDrive/MedSymmFlow_Project/fid_analysis/real_normal_1214/real_normal_0801.png,0.9344831705093384
/content/drive/MyDrive/MedSymmFlow_Project/synthetic_data/pneumoniamnist_normal_2280_filtered/normal_0075.png,/content/drive/MyDrive/MedSymmFlow_Project/fid_analysis/real_normal_1214/real_normal_1093.png,0.9344698190689087
/content/drive/MyDrive/MedSymmFlow_Project/synthetic_data/pneumoniamnist_normal_2280_filtered/normal_0879.png,/content/drive/MyDrive/MedSymmFlow_Project/fid_analysis/real_normal_1214/real_normal_0205.png,0.9344329833984375
/content/drive/MyDrive/MedSymmFlow_Project/synthetic_data/pneumoniamnist_normal_2280_filtered/normal_2231.png,/content/drive/MyDrive/MedSymmFlow_Project/fid_analysis/real_normal_1214/real_normal_0413.png,0.9343938827514648
/content/drive/MyDrive/MedSymmFlow_Project/synthetic_data/pneumoniamnist_normal_2280_filtered/normal_1473.png,/content/drive/MyDrive/MedSymmFlow_Project/fid_analysis/real_normal_1214/real_normal_0782.png,0.9343934655189514
/content/drive/MyDrive/MedSymmFlow_Project/synthetic_data/pneumoniamnist_normal_2280_filtered/normal_0351.png,/content/drive/MyDrive/MedSymmFlow_Project/fid_analysis/real_normal_1214/real_normal_0161.png,0.9343876838684082
/content/drive/MyDrive/MedSymmFlow_Project/synthetic_data/pneumoniamnist_normal_2280_filtered/normal_1984.png,/content/drive/MyDrive/MedSymmFlow_Project/fid_analysis/real_normal_1214/real_normal_0834.png,0.9343779683113098
/content/drive/MyDrive/MedSymmFlow_Project/synthetic_data/pneumoniamnist_normal_2280_filtered/normal_1848.png,/content/drive/MyDrive/MedSymmFlow_Project/fid_analysis/real_normal_1214/real_normal_0552.png,0.934368371963501
/content/drive/MyDrive/MedSymmFlow_Project/synthetic_data/pneumoniamnist_normal_2280_filtered/normal_2133.png,/content/drive/MyDrive/MedSymmFlow_Project/fid_analysis/real_normal_1214/real_normal_0069.png,0.9343062043190002
/content/drive/MyDrive/MedSymmFlow_Project/synthetic_data/pneumoniamnist_normal_2280_filtered/normal_0529.png,/content/drive/MyDrive/MedSymmFlow_Project/fid_analysis/real_normal_1214/real_normal_0427.png,0.934296727180481
/content/drive/MyDrive/MedSymmFlow_Project/synthetic_data/pneumoniamnist_normal_2280_filtered/normal_0962.png,/content/drive/MyDrive/MedSymmFlow_Project/fid_analysis/real_normal_1214/real_normal_0806.png,0.9342252016067505
/content/drive/MyDrive/MedSymmFlow_Project/synthetic_data/pneumoniamnist_normal_2280_filtered/normal_2039.png,/content/drive/MyDrive/MedSymmFlow_Project/fid_analysis/real_normal_1214/real_normal_0187.png,0.9342197775840759
/content/drive/MyDrive/MedSymmFlow_Project/synthetic_data/pneumoniamnist_normal_2280_filtered/normal_1418.png,/content/drive/MyDrive/MedSymmFlow_Project/fid_analysis/real_normal_1214/real_normal_0083.png,0.9342128038406372
/content/drive/MyDrive/MedSymmFlow_Project/synthetic_data/pneumoniamnist_normal_2280_filtered/normal_1492.png,/content/drive/MyDrive/MedSymmFlow_Project/fid_analysis/real_normal_1214/real_normal_0504.png,0.9341963529586792
/content/drive/MyDrive/MedSymmFlow_Project/synthetic_data/pneumoniamnist_normal_2280_filtered/normal_0792.png,/content/drive/MyDrive/MedSymmFlow_Project/fid_analysis/real_normal_1214/real_normal_1188.png,0.9341931343078613
/content/drive/MyDrive/MedSymmFlow_Project/synthetic_data/pneumoniamnist_normal_2280_filtered/normal_0013.png,/content/drive/MyDrive/MedSymmFlow_Project/fid_analysis/real_normal_1214/real_normal_0427.png,0.9341631531715393
/content/drive/MyDrive/MedSymmFlow_Project/synthetic_data/pneumoniamnist_normal_2280_filtered/normal_0365.png,/content/drive/MyDrive/MedSymmFlow_Project/fid_analysis/real_normal_1214/real_normal_0413.png,0.9341610670089722
/content/drive/MyDrive/MedSymmFlow_Project/synthetic_data/pneumoniamnist_normal_2280_filtered/normal_0796.png,/content/drive/MyDrive/MedSymmFlow_Project/fid_analysis/real_normal_1214/real_normal_1028.png,0.9341552257537842
/content/drive/MyDrive/MedSymmFlow_Project/synthetic_data/pneumoniamnist_normal_2280_filtered/normal_1325.png,/content/drive/MyDrive/MedSymmFlow_Project/fid_analysis/real_normal_1214/real_normal_0351.png,0.9341468811035156
/content/drive/MyDrive/MedSymmFlow_Project/synthetic_data/pneumoniamnist_normal_2280_filtered/normal_1982.png,/content/drive/MyDrive/MedSymmFlow_Project/fid_analysis/real_normal_1214/real_normal_0056.png,0.9341223239898682
/content/drive/MyDrive/MedSymmFlow_Project/synthetic_data/pneumoniamnist_normal_2280_filtered/normal_0899.png,/content/drive/MyDrive/MedSymmFlow_Project/fid_analysis/real_normal_1214/real_normal_1063.png,0.9341093301773071
/content/drive/MyDrive/MedSymmFlow_Project/synthetic_data/pneumoniamnist_normal_2280_filtered/normal_1909.png,/content/drive/MyDrive/MedSymmFlow_Project/fid_analysis/real_normal_1214/real_normal_0963.png,0.9341074228286743
/content/drive/MyDrive/MedSymmFlow_Project/synthetic_data/pneumoniamnist_normal_2280_filtered/normal_0576.png,/content/drive/MyDrive/MedSymmFlow_Project/fid_analysis/real_normal_1214/real_normal_0315.png,0.9340876936912537
/content/drive/MyDrive/MedSymmFlow_Project/synthetic_data/pneumoniamnist_normal_2280_filtered/normal_1048.png,/content/drive/MyDrive/MedSymmFlow_Project/fid_analysis/real_normal_1214/real_normal_0315.png,0.9340821504592896
/content/drive/MyDrive/MedSymmFlow_Project/synthetic_data/pneumoniamnist_normal_2280_filtered/normal_1420.png,/content/drive/MyDrive/MedSymmFlow_Project/fid_analysis/real_normal_1214/real_normal_0069.png,0.9340769648551941
/content/drive/MyDrive/MedSymmFlow_Project/synthetic_data/pneumoniamnist_normal_2280_filtered/normal_0939.png,/content/drive/MyDrive/MedSymmFlow_Project/fid_analysis/real_normal_1214/real_normal_0023.png,0.9340722560882568
/content/drive/MyDrive/MedSymmFlow_Project/synthetic_data/pneumoniamnist_normal_2280_filtered/normal_0873.png,/content/drive/MyDrive/MedSymmFlow_Project/fid_analysis/real_normal_1214/real_normal_0799.png,0.934045672416687
/content/drive/MyDrive/MedSymmFlow_Project/synthetic_data/pneumoniamnist_normal_2280_filtered/normal_0256.png,/content/drive/MyDrive/MedSymmFlow_Project/fid_analysis/real_normal_1214/real_normal_0069.png,0.9339555501937866
/content/drive/MyDrive/MedSymmFlow_Project/synthetic_data/pneumoniamnist_normal_2280_filtered/normal_0105.png,/content/drive/MyDrive/MedSymmFlow_Project/fid_analysis/real_normal_1214/real_normal_0289.png,0.9339289665222168
/content/drive/MyDrive/MedSymmFlow_Project/synthetic_data/pneumoniamnist_normal_2280_filtered/normal_1708.png,/content/drive/MyDrive/MedSymmFlow_Project/fid_analysis/real_normal_1214/real_normal_0336.png,0.9339238405227661
/content/drive/MyDrive/MedSymmFlow_Project/synthetic_data/pneumoniamnist_normal_2280_filtered/normal_0935.png,/content/drive/MyDrive/MedSymmFlow_Project/fid_analysis/real_normal_1214/real_normal_0968.png,0.9339213371276855
/content/drive/MyDrive/MedSymmFlow_Project/synthetic_data/pneumoniamnist_normal_2280_filtered/normal_1581.png,/content/drive/MyDrive/MedSymmFlow_Project/fid_analysis/real_normal_1214/real_normal_1028.png,0.9338222146034241
/content/drive/MyDrive/MedSymmFlow_Project/synthetic_data/pneumoniamnist_normal_2280_filtered/normal_1966.png,/content/drive/MyDrive/MedSymmFlow_Project/fid_analysis/real_normal_1214/real_normal_0427.png,0.9338198900222778
/content/drive/MyDrive/MedSymmFlow_Project/synthetic_data/pneumoniamnist_normal_2280_filtered/normal_1100.png,/content/drive/MyDrive/MedSymmFlow_Project/fid_analysis/real_normal_1214/real_normal_0322.png,0.9338151216506958
/content/drive/MyDrive/MedSymmFlow_Project/synthetic_data/pneumoniamnist_normal_2280_filtered/normal_1310.png,/content/drive/MyDrive/MedSymmFlow_Project/fid_analysis/real_normal_1214/real_normal_0999.png,0.9338117837905884
/content/drive/MyDrive/MedSymmFlow_Project/synthetic_data/pneumoniamnist_normal_2280_filtered/normal_1201.png,/content/drive/MyDrive/MedSymmFlow_Project/fid_analysis/real_normal_1214/real_normal_1022.png,0.9337987899780273
/content/drive/MyDrive/MedSymmFlow_Project/synthetic_data/pneumoniamnist_normal_2280_filtered/normal_1610.png,/content/drive/MyDrive/MedSymmFlow_Project/fid_analysis/real_normal_1214/real_normal_0552.png,0.9337931871414185
/content/drive/MyDrive/MedSymmFlow_Project/synthetic_data/pneumoniamnist_normal_2280_filtered/normal_1179.png,/content/drive/MyDrive/MedSymmFlow_Project/fid_analysis/real_normal_1214/real_normal_0624.png,0.9337929487228394
/content/drive/MyDrive/MedSymmFlow_Project/synthetic_data/pneumoniamnist_normal_2280_filtered/normal_1597.png,/content/drive/MyDrive/MedSymmFlow_Project/fid_analysis/real_normal_1214/real_normal_1017.png,0.9337812662124634
/content/drive/MyDrive/MedSymmFlow_Project/synthetic_data/pneumoniamnist_normal_2280_filtered/normal_0585.png,/content/drive/MyDrive/MedSymmFlow_Project/fid_analysis/real_normal_1214/real_normal_0236.png,0.9337642192840576
/content/drive/MyDrive/MedSymmFlow_Project/synthetic_data/pneumoniamnist_normal_2280_filtered/normal_2099.png,/content/drive/MyDrive/MedSymmFlow_Project/fid_analysis/real_normal_1214/real_normal_0355.png,0.933763861656189
/content/drive/MyDrive/MedSymmFlow_Project/synthetic_data/pneumoniamnist_normal_2280_filtered/normal_1615.png,/content/drive/MyDrive/MedSymmFlow_Project/fid_analysis/real_normal_1214/real_normal_0137.png,0.9337499141693115
/content/drive/MyDrive/MedSymmFlow_Project/synthetic_data/pneumoniamnist_normal_2280_filtered/normal_1197.png,/content/drive/MyDrive/MedSymmFlow_Project/fid_analysis/real_normal_1214/real_normal_0757.png,0.9337432980537415
/content/drive/MyDrive/MedSymmFlow_Project/synthetic_data/pneumoniamnist_normal_2280_filtered/normal_0245.png,/content/drive/MyDrive/MedSymmFlow_Project/fid_analysis/real_normal_1214/real_normal_0571.png,0.9337223768234253
/content/drive/MyDrive/MedSymmFlow_Project/synthetic_data/pneumoniamnist_normal_2280_filtered/normal_1397.png,/content/drive/MyDrive/MedSymmFlow_Project/fid_analysis/real_normal_1214/real_normal_0204.png,0.9337091445922852
/content/drive/MyDrive/MedSymmFlow_Project/synthetic_data/pneumoniamnist_normal_2280_filtered/normal_1664.png,/content/drive/MyDrive/MedSymmFlow_Project/fid_analysis/real_normal_1214/real_normal_0152.png,0.9336991310119629
/content/drive/MyDrive/MedSymmFlow_Project/synthetic_data/pneumoniamnist_normal_2280_filtered/normal_2072.png,/content/drive/MyDrive/MedSymmFlow_Project/fid_analysis/real_normal_1214/real_normal_0165.png,0.9336752891540527
/content/drive/MyDrive/MedSymmFlow_Project/synthetic_data/pneumoniamnist_normal_2280_filtered/normal_1281.png,/content/drive/MyDrive/MedSymmFlow_Project/fid_analysis/real_normal_1214/real_normal_0165.png,0.9336357116699219
/content/drive/MyDrive/MedSymmFlow_Project/synthetic_data/pneumoniamnist_normal_2280_filtered/normal_0985.png,/content/drive/MyDrive/MedSymmFlow_Project/fid_analysis/real_normal_1214/real_normal_1068.png,0.9336212873458862
/content/drive/MyDrive/MedSymmFlow_Project/synthetic_data/pneumoniamnist_normal_2280_filtered/normal_2075.png,/content/drive/MyDrive/MedSymmFlow_Project/fid_analysis/real_normal_1214/real_normal_0427.png,0.9336171746253967
/content/drive/MyDrive/MedSymmFlow_Project/synthetic_data/pneumoniamnist_normal_2280_filtered/normal_0588.png,/content/drive/MyDrive/MedSymmFlow_Project/fid_analysis/real_normal_1214/real_normal_0165.png,0.9336161613464355
/content/drive/MyDrive/MedSymmFlow_Project/synthetic_data/pneumoniamnist_normal_2280_filtered/normal_0430.png,/content/drive/MyDrive/MedSymmFlow_Project/fid_analysis/real_normal_1214/real_normal_0345.png,0.9336012005805969
/content/drive/MyDrive/MedSymmFlow_Project/synthetic_data/pneumoniamnist_normal_2280_filtered/normal_2152.png,/content/drive/MyDrive/MedSymmFlow_Project/fid_analysis/real_normal_1214/real_normal_0427.png,0.9335812330245972
/content/drive/MyDrive/MedSymmFlow_Project/synthetic_data/pneumoniamnist_normal_2280_filtered/normal_1227.png,/content/drive/MyDrive/MedSymmFlow_Project/fid_analysis/real_normal_1214/real_normal_0427.png,0.9335530996322632
/content/drive/MyDrive/MedSymmFlow_Project/synthetic_data/pneumoniamnist_normal_2280_filtered/normal_0239.png,/content/drive/MyDrive/MedSymmFlow_Project/fid_analysis/real_normal_1214/real_normal_0888.png,0.9335395097732544
/content/drive/MyDrive/MedSymmFlow_Project/synthetic_data/pneumoniamnist_normal_2280_filtered/normal_0001.png,/content/drive/MyDrive/MedSymmFlow_Project/fid_analysis/real_normal_1214/real_normal_0926.png,0.9335364699363708
/content/drive/MyDrive/MedSymmFlow_Project/synthetic_data/pneumoniamnist_normal_2280_filtered/normal_1379.png,/content/drive/MyDrive/MedSymmFlow_Project/fid_analysis/real_normal_1214/real_normal_0585.png,0.9335281848907471
/content/drive/MyDrive/MedSymmFlow_Project/synthetic_data/pneumoniamnist_normal_2280_filtered/normal_1021.png,/content/drive/MyDrive/MedSymmFlow_Project/fid_analysis/real_normal_1214/real_normal_0492.png,0.9334719777107239
/content/drive/MyDrive/MedSymmFlow_Project/synthetic_data/pneumoniamnist_normal_2280_filtered/normal_2055.png,/content/drive/MyDrive/MedSymmFlow_Project/fid_analysis/real_normal_1214/real_normal_1079.png,0.9334244132041931
/content/drive/MyDrive/MedSymmFlow_Project/synthetic_data/pneumoniamnist_normal_2280_filtered/normal_2253.png,/content/drive/MyDrive/MedSymmFlow_Project/fid_analysis/real_normal_1214/real_normal_0900.png,0.9333921074867249
/content/drive/MyDrive/MedSymmFlow_Project/synthetic_data/pneumoniamnist_normal_2280_filtered/normal_0461.png,/content/drive/MyDrive/MedSymmFlow_Project/fid_analysis/real_normal_1214/real_normal_0017.png,0.9333916902542114
/content/drive/MyDrive/MedSymmFlow_Project/synthetic_data/pneumoniamnist_normal_2280_filtered/normal_0946.png,/content/drive/MyDrive/MedSymmFlow_Project/fid_analysis/real_normal_1214/real_normal_1118.png,0.933371901512146
/content/drive/MyDrive/MedSymmFlow_Project/synthetic_data/pneumoniamnist_normal_2280_filtered/normal_0031.png,/content/drive/MyDrive/MedSymmFlow_Project/fid_analysis/real_normal_1214/real_normal_0144.png,0.9333370923995972
/content/drive/MyDrive/MedSymmFlow_Project/synthetic_data/pneumoniamnist_normal_2280_filtered/normal_0875.png,/content/drive/MyDrive/MedSymmFlow_Project/fid_analysis/real_normal_1214/real_normal_0413.png,0.9333247542381287
/content/drive/MyDrive/MedSymmFlow_Project/synthetic_data/pneumoniamnist_normal_2280_filtered/normal_1217.png,/content/drive/MyDrive/MedSymmFlow_Project/fid_analysis/real_normal_1214/real_normal_1208.png,0.9332961440086365
/content/drive/MyDrive/MedSymmFlow_Project/synthetic_data/pneumoniamnist_normal_2280_filtered/normal_0984.png,/content/drive/MyDrive/MedSymmFlow_Project/fid_analysis/real_normal_1214/real_normal_0037.png,0.9332892894744873
/content/drive/MyDrive/MedSymmFlow_Project/synthetic_data/pneumoniamnist_normal_2280_filtered/normal_0225.png,/content/drive/MyDrive/MedSymmFlow_Project/fid_analysis/real_normal_1214/real_normal_0402.png,0.9332885146141052
/content/drive/MyDrive/MedSymmFlow_Project/synthetic_data/pneumoniamnist_normal_2280_filtered/normal_1039.png,/content/drive/MyDrive/MedSymmFlow_Project/fid_analysis/real_normal_1214/real_normal_0236.png,0.9332555532455444
/content/drive/MyDrive/MedSymmFlow_Project/synthetic_data/pneumoniamnist_normal_2280_filtered/normal_1086.png,/content/drive/MyDrive/MedSymmFlow_Project/fid_analysis/real_normal_1214/real_normal_0869.png,0.9332468509674072
/content/drive/MyDrive/MedSymmFlow_Project/synthetic_data/pneumoniamnist_normal_2280_filtered/normal_0306.png,/content/drive/MyDrive/MedSymmFlow_Project/fid_analysis/real_normal_1214/real_normal_0963.png,0.9331861734390259
/content/drive/MyDrive/MedSymmFlow_Project/synthetic_data/pneumoniamnist_normal_2280_filtered/normal_0236.png,/content/drive/MyDrive/MedSymmFlow_Project/fid_analysis/real_normal_1214/real_normal_0809.png,0.9331245422363281
/content/drive/MyDrive/MedSymmFlow_Project/synthetic_data/pneumoniamnist_normal_2280_filtered/normal_0735.png,/content/drive/MyDrive/MedSymmFlow_Project/fid_analysis/real_normal_1214/real_normal_0069.png,0.9331071376800537
/content/drive/MyDrive/MedSymmFlow_Project/synthetic_data/pneumoniamnist_normal_2280_filtered/normal_1800.png,/content/drive/MyDrive/MedSymmFlow_Project/fid_analysis/real_normal_1214/real_normal_0204.png,0.9330455660820007
/content/drive/MyDrive/MedSymmFlow_Project/synthetic_data/pneumoniamnist_normal_2280_filtered/normal_0413.png,/content/drive/MyDrive/MedSymmFlow_Project/fid_analysis/real_normal_1214/real_normal_1054.png,0.9330374002456665
/content/drive/MyDrive/MedSymmFlow_Project/synthetic_data/pneumoniamnist_normal_2280_filtered/normal_1873.png,/content/drive/MyDrive/MedSymmFlow_Project/fid_analysis/real_normal_1214/real_normal_0194.png,0.9330182075500488
/content/drive/MyDrive/MedSymmFlow_Project/synthetic_data/pneumoniamnist_normal_2280_filtered/normal_1923.png,/content/drive/MyDrive/MedSymmFlow_Project/fid_analysis/real_normal_1214/real_normal_0441.png,0.9329589605331421
/content/drive/MyDrive/MedSymmFlow_Project/synthetic_data/pneumoniamnist_normal_2280_filtered/normal_0628.png,/content/drive/MyDrive/MedSymmFlow_Project/fid_analysis/real_normal_1214/real_normal_0017.png,0.9329077005386353
/content/drive/MyDrive/MedSymmFlow_Project/synthetic_data/pneumoniamnist_normal_2280_filtered/normal_1248.png,/content/drive/MyDrive/MedSymmFlow_Project/fid_analysis/real_normal_1214/real_normal_0413.png,0.9328939914703369
/content/drive/MyDrive/MedSymmFlow_Project/synthetic_data/pneumoniamnist_normal_2280_filtered/normal_0650.png,/content/drive/MyDrive/MedSymmFlow_Project/fid_analysis/real_normal_1214/real_normal_0069.png,0.9328863620758057
/content/drive/MyDrive/MedSymmFlow_Project/synthetic_data/pneumoniamnist_normal_2280_filtered/normal_1576.png,/content/drive/MyDrive/MedSymmFlow_Project/fid_analysis/real_normal_1214/real_normal_0315.png,0.9328852295875549
/content/drive/MyDrive/MedSymmFlow_Project/synthetic_data/pneumoniamnist_normal_2280_filtered/normal_2120.png,/content/drive/MyDrive/MedSymmFlow_Project/fid_analysis/real_normal_1214/real_normal_0337.png,0.9328761100769043
/content/drive/MyDrive/MedSymmFlow_Project/synthetic_data/pneumoniamnist_normal_2280_filtered/normal_1070.png,/content/drive/MyDrive/MedSymmFlow_Project/fid_analysis/real_normal_1214/real_normal_0427.png,0.9328618049621582
/content/drive/MyDrive/MedSymmFlow_Project/synthetic_data/pneumoniamnist_normal_2280_filtered/normal_0775.png,/content/drive/MyDrive/MedSymmFlow_Project/fid_analysis/real_normal_1214/real_normal_0984.png,0.932845950126648
/content/drive/MyDrive/MedSymmFlow_Project/synthetic_data/pneumoniamnist_normal_2280_filtered/normal_0843.png,/content/drive/MyDrive/MedSymmFlow_Project/fid_analysis/real_normal_1214/real_normal_0642.png,0.9328290224075317
/content/drive/MyDrive/MedSymmFlow_Project/synthetic_data/pneumoniamnist_normal_2280_filtered/normal_0035.png,/content/drive/MyDrive/MedSymmFlow_Project/fid_analysis/real_normal_1214/real_normal_0166.png,0.932783842086792
/content/drive/MyDrive/MedSymmFlow_Project/synthetic_data/pneumoniamnist_normal_2280_filtered/normal_0511.png,/content/drive/MyDrive/MedSymmFlow_Project/fid_analysis/real_normal_1214/real_normal_0355.png,0.9327656030654907
/content/drive/MyDrive/MedSymmFlow_Project/synthetic_data/pneumoniamnist_normal_2280_filtered/normal_0531.png,/content/drive/MyDrive/MedSymmFlow_Project/fid_analysis/real_normal_1214/real_normal_0322.png,0.93274986743927
/content/drive/MyDrive/MedSymmFlow_Project/synthetic_data/pneumoniamnist_normal_2280_filtered/normal_0427.png,/content/drive/MyDrive/MedSymmFlow_Project/fid_analysis/real_normal_1214/real_normal_0504.png,0.932713508605957
/content/drive/MyDrive/MedSymmFlow_Project/synthetic_data/pneumoniamnist_normal_2280_filtered/normal_1151.png,/content/drive/MyDrive/MedSymmFlow_Project/fid_analysis/real_normal_1214/real_normal_0571.png,0.9325886368751526
/content/drive/MyDrive/MedSymmFlow_Project/synthetic_data/pneumoniamnist_normal_2280_filtered/normal_1535.png,/content/drive/MyDrive/MedSymmFlow_Project/fid_analysis/real_normal_1214/real_normal_0634.png,0.9324747323989868
/content/drive/MyDrive/MedSymmFlow_Project/synthetic_data/pneumoniamnist_normal_2280_filtered/normal_1684.png,/content/drive/MyDrive/MedSymmFlow_Project/fid_analysis/real_normal_1214/real_normal_0322.png,0.9324668645858765
/content/drive/MyDrive/MedSymmFlow_Project/synthetic_data/pneumoniamnist_normal_2280_filtered/normal_1137.png,/content/drive/MyDrive/MedSymmFlow_Project/fid_analysis/real_normal_1214/real_normal_0757.png,0.9324665069580078
/content/drive/MyDrive/MedSymmFlow_Project/synthetic_data/pneumoniamnist_normal_2280_filtered/normal_1952.png,/content/drive/MyDrive/MedSymmFlow_Project/fid_analysis/real_normal_1214/real_normal_0326.png,0.9324597120285034
/content/drive/MyDrive/MedSymmFlow_Project/synthetic_data/pneumoniamnist_normal_2280_filtered/normal_0615.png,/content/drive/MyDrive/MedSymmFlow_Project/fid_analysis/real_normal_1214/real_normal_0204.png,0.9324268102645874
/content/drive/MyDrive/MedSymmFlow_Project/synthetic_data/pneumoniamnist_normal_2280_filtered/normal_0858.png,/content/drive/MyDrive/MedSymmFlow_Project/fid_analysis/real_normal_1214/real_normal_0806.png,0.9324229955673218
/content/drive/MyDrive/MedSymmFlow_Project/synthetic_data/pneumoniamnist_normal_2280_filtered/normal_1202.png,/content/drive/MyDrive/MedSymmFlow_Project/fid_analysis/real_normal_1214/real_normal_0908.png,0.9324181079864502
/content/drive/MyDrive/MedSymmFlow_Project/synthetic_data/pneumoniamnist_normal_2280_filtered/normal_0964.png,/content/drive/MyDrive/MedSymmFlow_Project/fid_analysis/real_normal_1214/real_normal_0114.png,0.9324102401733398
/content/drive/MyDrive/MedSymmFlow_Project/synthetic_data/pneumoniamnist_normal_2280_filtered/normal_1380.png,/content/drive/MyDrive/MedSymmFlow_Project/fid_analysis/real_normal_1214/real_normal_0427.png,0.9323519468307495
/content/drive/MyDrive/MedSymmFlow_Project/synthetic_data/pneumoniamnist_normal_2280_filtered/normal_1616.png,/content/drive/MyDrive/MedSymmFlow_Project/fid_analysis/real_normal_1214/real_normal_0355.png,0.9323266744613647
/content/drive/MyDrive/MedSymmFlow_Project/synthetic_data/pneumoniamnist_normal_2280_filtered/normal_0195.png,/content/drive/MyDrive/MedSymmFlow_Project/fid_analysis/real_normal_1214/real_normal_0112.png,0.9323049783706665
/content/drive/MyDrive/MedSymmFlow_Project/synthetic_data/pneumoniamnist_normal_2280_filtered/normal_0994.png,/content/drive/MyDrive/MedSymmFlow_Project/fid_analysis/real_normal_1214/real_normal_0017.png,0.9322774410247803
/content/drive/MyDrive/MedSymmFlow_Project/synthetic_data/pneumoniamnist_normal_2280_filtered/normal_0317.png,/content/drive/MyDrive/MedSymmFlow_Project/fid_analysis/real_normal_1214/real_normal_0427.png,0.932267427444458
/content/drive/MyDrive/MedSymmFlow_Project/synthetic_data/pneumoniamnist_normal_2280_filtered/normal_1063.png,/content/drive/MyDrive/MedSymmFlow_Project/fid_analysis/real_normal_1214/real_normal_1093.png,0.9321309328079224
/content/drive/MyDrive/MedSymmFlow_Project/synthetic_data/pneumoniamnist_normal_2280_filtered/normal_0082.png,/content/drive/MyDrive/MedSymmFlow_Project/fid_analysis/real_normal_1214/real_normal_0303.png,0.9321138858795166
/content/drive/MyDrive/MedSymmFlow_Project/synthetic_data/pneumoniamnist_normal_2280_filtered/normal_0476.png,/content/drive/MyDrive/MedSymmFlow_Project/fid_analysis/real_normal_1214/real_normal_0427.png,0.9320692420005798
/content/drive/MyDrive/MedSymmFlow_Project/synthetic_data/pneumoniamnist_normal_2280_filtered/normal_0218.png,/content/drive/MyDrive/MedSymmFlow_Project/fid_analysis/real_normal_1214/real_normal_0402.png,0.9320599436759949
/content/drive/MyDrive/MedSymmFlow_Project/synthetic_data/pneumoniamnist_normal_2280_filtered/normal_2234.png,/content/drive/MyDrive/MedSymmFlow_Project/fid_analysis/real_normal_1214/real_normal_0025.png,0.9320287704467773
/content/drive/MyDrive/MedSymmFlow_Project/synthetic_data/pneumoniamnist_normal_2280_filtered/normal_1057.png,/content/drive/MyDrive/MedSymmFlow_Project/fid_analysis/real_normal_1214/real_normal_0017.png,0.9318526983261108
/content/drive/MyDrive/MedSymmFlow_Project/synthetic_data/pneumoniamnist_normal_2280_filtered/normal_0508.png,/content/drive/MyDrive/MedSymmFlow_Project/fid_analysis/real_normal_1214/real_normal_0069.png,0.9318440556526184
/content/drive/MyDrive/MedSymmFlow_Project/synthetic_data/pneumoniamnist_normal_2280_filtered/normal_1040.png,/content/drive/MyDrive/MedSymmFlow_Project/fid_analysis/real_normal_1214/real_normal_0017.png,0.9318114519119263
/content/drive/MyDrive/MedSymmFlow_Project/synthetic_data/pneumoniamnist_normal_2280_filtered/normal_0182.png,/content/drive/MyDrive/MedSymmFlow_Project/fid_analysis/real_normal_1214/real_normal_0504.png,0.9318036437034607
/content/drive/MyDrive/MedSymmFlow_Project/synthetic_data/pneumoniamnist_normal_2280_filtered/normal_1953.png,/content/drive/MyDrive/MedSymmFlow_Project/fid_analysis/real_normal_1214/real_normal_0834.png,0.9317797422409058
/content/drive/MyDrive/MedSymmFlow_Project/synthetic_data/pneumoniamnist_normal_2280_filtered/normal_0781.png,/content/drive/MyDrive/MedSymmFlow_Project/fid_analysis/real_normal_1214/real_normal_0021.png,0.9317702054977417
/content/drive/MyDrive/MedSymmFlow_Project/synthetic_data/pneumoniamnist_normal_2280_filtered/normal_0894.png,/content/drive/MyDrive/MedSymmFlow_Project/fid_analysis/real_normal_1214/real_normal_1208.png,0.9317435026168823
/content/drive/MyDrive/MedSymmFlow_Project/synthetic_data/pneumoniamnist_normal_2280_filtered/normal_1206.png,/content/drive/MyDrive/MedSymmFlow_Project/fid_analysis/real_normal_1214/real_normal_0767.png,0.9317137002944946
/content/drive/MyDrive/MedSymmFlow_Project/synthetic_data/pneumoniamnist_normal_2280_filtered/normal_1479.png,/content/drive/MyDrive/MedSymmFlow_Project/fid_analysis/real_normal_1214/real_normal_0194.png,0.9317052364349365
/content/drive/MyDrive/MedSymmFlow_Project/synthetic_data/pneumoniamnist_normal_2280_filtered/normal_0364.png,/content/drive/MyDrive/MedSymmFlow_Project/fid_analysis/real_normal_1214/real_normal_0968.png,0.9316186308860779
/content/drive/MyDrive/MedSymmFlow_Project/synthetic_data/pneumoniamnist_normal_2280_filtered/normal_1297.png,/content/drive/MyDrive/MedSymmFlow_Project/fid_analysis/real_normal_1214/real_normal_0757.png,0.9316099882125854
/content/drive/MyDrive/MedSymmFlow_Project/synthetic_data/pneumoniamnist_normal_2280_filtered/normal_2036.png,/content/drive/MyDrive/MedSymmFlow_Project/fid_analysis/real_normal_1214/real_normal_0812.png,0.9316080808639526
/content/drive/MyDrive/MedSymmFlow_Project/synthetic_data/pneumoniamnist_normal_2280_filtered/normal_1125.png,/content/drive/MyDrive/MedSymmFlow_Project/fid_analysis/real_normal_1214/real_normal_0821.png,0.9315793514251709
/content/drive/MyDrive/MedSymmFlow_Project/synthetic_data/pneumoniamnist_normal_2280_filtered/normal_0445.png,/content/drive/MyDrive/MedSymmFlow_Project/fid_analysis/real_normal_1214/real_normal_0091.png,0.9315773248672485
/content/drive/MyDrive/MedSymmFlow_Project/synthetic_data/pneumoniamnist_normal_2280_filtered/normal_1272.png,/content/drive/MyDrive/MedSymmFlow_Project/fid_analysis/real_normal_1214/real_normal_0539.png,0.9315729141235352
/content/drive/MyDrive/MedSymmFlow_Project/synthetic_data/pneumoniamnist_normal_2280_filtered/normal_0702.png,/content/drive/MyDrive/MedSymmFlow_Project/fid_analysis/real_normal_1214/real_normal_0017.png,0.9314699172973633
/content/drive/MyDrive/MedSymmFlow_Project/synthetic_data/pneumoniamnist_normal_2280_filtered/normal_2054.png,/content/drive/MyDrive/MedSymmFlow_Project/fid_analysis/real_normal_1214/real_normal_1148.png,0.931416392326355
/content/drive/MyDrive/MedSymmFlow_Project/synthetic_data/pneumoniamnist_normal_2280_filtered/normal_1926.png,/content/drive/MyDrive/MedSymmFlow_Project/fid_analysis/real_normal_1214/real_normal_0402.png,0.9313960075378418
/content/drive/MyDrive/MedSymmFlow_Project/synthetic_data/pneumoniamnist_normal_2280_filtered/normal_0951.png,/content/drive/MyDrive/MedSymmFlow_Project/fid_analysis/real_normal_1214/real_normal_0993.png,0.9313944578170776
/content/drive/MyDrive/MedSymmFlow_Project/synthetic_data/pneumoniamnist_normal_2280_filtered/normal_0855.png,/content/drive/MyDrive/MedSymmFlow_Project/fid_analysis/real_normal_1214/real_normal_1093.png,0.9313832521438599
/content/drive/MyDrive/MedSymmFlow_Project/synthetic_data/pneumoniamnist_normal_2280_filtered/normal_0140.png,/content/drive/MyDrive/MedSymmFlow_Project/fid_analysis/real_normal_1214/real_normal_0052.png,0.9313767552375793
/content/drive/MyDrive/MedSymmFlow_Project/synthetic_data/pneumoniamnist_normal_2280_filtered/normal_0422.png,/content/drive/MyDrive/MedSymmFlow_Project/fid_analysis/real_normal_1214/real_normal_0322.png,0.9313061237335205
/content/drive/MyDrive/MedSymmFlow_Project/synthetic_data/pneumoniamnist_normal_2280_filtered/normal_2240.png,/content/drive/MyDrive/MedSymmFlow_Project/fid_analysis/real_normal_1214/real_normal_0806.png,0.9312999248504639
/content/drive/MyDrive/MedSymmFlow_Project/synthetic_data/pneumoniamnist_normal_2280_filtered/normal_1660.png,/content/drive/MyDrive/MedSymmFlow_Project/fid_analysis/real_normal_1214/real_normal_0904.png,0.931208610534668
/content/drive/MyDrive/MedSymmFlow_Project/synthetic_data/pneumoniamnist_normal_2280_filtered/normal_0647.png,/content/drive/MyDrive/MedSymmFlow_Project/fid_analysis/real_normal_1214/real_normal_1086.png,0.9311803579330444
/content/drive/MyDrive/MedSymmFlow_Project/synthetic_data/pneumoniamnist_normal_2280_filtered/normal_1998.png,/content/drive/MyDrive/MedSymmFlow_Project/fid_analysis/real_normal_1214/real_normal_0007.png,0.9311718940734863
/content/drive/MyDrive/MedSymmFlow_Project/synthetic_data/pneumoniamnist_normal_2280_filtered/normal_0026.png,/content/drive/MyDrive/MedSymmFlow_Project/fid_analysis/real_normal_1214/real_normal_0837.png,0.9311017990112305
/content/drive/MyDrive/MedSymmFlow_Project/synthetic_data/pneumoniamnist_normal_2280_filtered/normal_1238.png,/content/drive/MyDrive/MedSymmFlow_Project/fid_analysis/real_normal_1214/real_normal_0413.png,0.9310468435287476
/content/drive/MyDrive/MedSymmFlow_Project/synthetic_data/pneumoniamnist_normal_2280_filtered/normal_1636.png,/content/drive/MyDrive/MedSymmFlow_Project/fid_analysis/real_normal_1214/real_normal_0427.png,0.9310362339019775
/content/drive/MyDrive/MedSymmFlow_Project/synthetic_data/pneumoniamnist_normal_2280_filtered/normal_2201.png,/content/drive/MyDrive/MedSymmFlow_Project/fid_analysis/real_normal_1214/real_normal_0245.png,0.9310163259506226
/content/drive/MyDrive/MedSymmFlow_Project/synthetic_data/pneumoniamnist_normal_2280_filtered/normal_1840.png,/content/drive/MyDrive/MedSymmFlow_Project/fid_analysis/real_normal_1214/real_normal_0037.png,0.9310106039047241
/content/drive/MyDrive/MedSymmFlow_Project/synthetic_data/pneumoniamnist_normal_2280_filtered/normal_0311.png,/content/drive/MyDrive/MedSymmFlow_Project/fid_analysis/real_normal_1214/real_normal_0448.png,0.930909276008606
/content/drive/MyDrive/MedSymmFlow_Project/synthetic_data/pneumoniamnist_normal_2280_filtered/normal_1515.png,/content/drive/MyDrive/MedSymmFlow_Project/fid_analysis/real_normal_1214/real_normal_0017.png,0.9308903813362122
/content/drive/MyDrive/MedSymmFlow_Project/synthetic_data/pneumoniamnist_normal_2280_filtered/normal_0068.png,/content/drive/MyDrive/MedSymmFlow_Project/fid_analysis/real_normal_1214/real_normal_0021.png,0.9308298230171204
/content/drive/MyDrive/MedSymmFlow_Project/synthetic_data/pneumoniamnist_normal_2280_filtered/normal_1557.png,/content/drive/MyDrive/MedSymmFlow_Project/fid_analysis/real_normal_1214/real_normal_1208.png,0.9308289289474487
/content/drive/MyDrive/MedSymmFlow_Project/synthetic_data/pneumoniamnist_normal_2280_filtered/normal_0970.png,/content/drive/MyDrive/MedSymmFlow_Project/fid_analysis/real_normal_1214/real_normal_0017.png,0.9307594299316406
/content/drive/MyDrive/MedSymmFlow_Project/synthetic_data/pneumoniamnist_normal_2280_filtered/normal_0937.png,/content/drive/MyDrive/MedSymmFlow_Project/fid_analysis/real_normal_1214/real_normal_0017.png,0.9307516813278198
/content/drive/MyDrive/MedSymmFlow_Project/synthetic_data/pneumoniamnist_normal_2280_filtered/normal_0769.png,/content/drive/MyDrive/MedSymmFlow_Project/fid_analysis/real_normal_1214/real_normal_0204.png,0.9307375550270081
/content/drive/MyDrive/MedSymmFlow_Project/synthetic_data/pneumoniamnist_normal_2280_filtered/normal_1314.png,/content/drive/MyDrive/MedSymmFlow_Project/fid_analysis/real_normal_1214/real_normal_0571.png,0.9307221174240112
/content/drive/MyDrive/MedSymmFlow_Project/synthetic_data/pneumoniamnist_normal_2280_filtered/normal_1699.png,/content/drive/MyDrive/MedSymmFlow_Project/fid_analysis/real_normal_1214/real_normal_0069.png,0.9306801557540894
/content/drive/MyDrive/MedSymmFlow_Project/synthetic_data/pneumoniamnist_normal_2280_filtered/normal_1913.png,/content/drive/MyDrive/MedSymmFlow_Project/fid_analysis/real_normal_1214/real_normal_0083.png,0.9306358098983765
/content/drive/MyDrive/MedSymmFlow_Project/synthetic_data/pneumoniamnist_normal_2280_filtered/normal_0054.png,/content/drive/MyDrive/MedSymmFlow_Project/fid_analysis/real_normal_1214/real_normal_0140.png,0.9306082725524902
/content/drive/MyDrive/MedSymmFlow_Project/synthetic_data/pneumoniamnist_normal_2280_filtered/normal_0316.png,/content/drive/MyDrive/MedSymmFlow_Project/fid_analysis/real_normal_1214/real_normal_0488.png,0.9305378794670105
/content/drive/MyDrive/MedSymmFlow_Project/synthetic_data/pneumoniamnist_normal_2280_filtered/normal_2124.png,/content/drive/MyDrive/MedSymmFlow_Project/fid_analysis/real_normal_1214/real_normal_0644.png,0.9304841756820679
/content/drive/MyDrive/MedSymmFlow_Project/synthetic_data/pneumoniamnist_normal_2280_filtered/normal_0160.png,/content/drive/MyDrive/MedSymmFlow_Project/fid_analysis/real_normal_1214/real_normal_0649.png,0.930429220199585
/content/drive/MyDrive/MedSymmFlow_Project/synthetic_data/pneumoniamnist_normal_2280_filtered/normal_1066.png,/content/drive/MyDrive/MedSymmFlow_Project/fid_analysis/real_normal_1214/real_normal_0552.png,0.9303858280181885
/content/drive/MyDrive/MedSymmFlow_Project/synthetic_data/pneumoniamnist_normal_2280_filtered/normal_1259.png,/content/drive/MyDrive/MedSymmFlow_Project/fid_analysis/real_normal_1214/real_normal_0427.png,0.9302994608879089
/content/drive/MyDrive/MedSymmFlow_Project/synthetic_data/pneumoniamnist_normal_2280_filtered/normal_2266.png,/content/drive/MyDrive/MedSymmFlow_Project/fid_analysis/real_normal_1214/real_normal_0346.png,0.9302642941474915
/content/drive/MyDrive/MedSymmFlow_Project/synthetic_data/pneumoniamnist_normal_2280_filtered/normal_0909.png,/content/drive/MyDrive/MedSymmFlow_Project/fid_analysis/real_normal_1214/real_normal_1093.png,0.930152416229248
/content/drive/MyDrive/MedSymmFlow_Project/synthetic_data/pneumoniamnist_normal_2280_filtered/normal_1658.png,/content/drive/MyDrive/MedSymmFlow_Project/fid_analysis/real_normal_1214/real_normal_0322.png,0.9300888776779175
/content/drive/MyDrive/MedSymmFlow_Project/synthetic_data/pneumoniamnist_normal_2280_filtered/normal_0953.png,/content/drive/MyDrive/MedSymmFlow_Project/fid_analysis/real_normal_1214/real_normal_0829.png,0.9300447702407837
/content/drive/MyDrive/MedSymmFlow_Project/synthetic_data/pneumoniamnist_normal_2280_filtered/normal_2186.png,/content/drive/MyDrive/MedSymmFlow_Project/fid_analysis/real_normal_1214/real_normal_0204.png,0.9300357103347778
/content/drive/MyDrive/MedSymmFlow_Project/synthetic_data/pneumoniamnist_normal_2280_filtered/normal_2129.png,/content/drive/MyDrive/MedSymmFlow_Project/fid_analysis/real_normal_1214/real_normal_0021.png,0.9300018548965454
/content/drive/MyDrive/MedSymmFlow_Project/synthetic_data/pneumoniamnist_normal_2280_filtered/normal_2218.png,/content/drive/MyDrive/MedSymmFlow_Project/fid_analysis/real_normal_1214/real_normal_0315.png,0.929995596408844
/content/drive/MyDrive/MedSymmFlow_Project/synthetic_data/pneumoniamnist_normal_2280_filtered/normal_0589.png,/content/drive/MyDrive/MedSymmFlow_Project/fid_analysis/real_normal_1214/real_normal_0773.png,0.9298830032348633
/content/drive/MyDrive/MedSymmFlow_Project/synthetic_data/pneumoniamnist_normal_2280_filtered/normal_1525.png,/content/drive/MyDrive/MedSymmFlow_Project/fid_analysis/real_normal_1214/real_normal_0204.png,0.929869532585144
/content/drive/MyDrive/MedSymmFlow_Project/synthetic_data/pneumoniamnist_normal_2280_filtered/normal_1002.png,/content/drive/MyDrive/MedSymmFlow_Project/fid_analysis/real_normal_1214/real_normal_0427.png,0.9297871589660645
/content/drive/MyDrive/MedSymmFlow_Project/synthetic_data/pneumoniamnist_normal_2280_filtered/normal_0412.png,/content/drive/MyDrive/MedSymmFlow_Project/fid_analysis/real_normal_1214/real_normal_0806.png,0.9297587871551514
/content/drive/MyDrive/MedSymmFlow_Project/synthetic_data/pneumoniamnist_normal_2280_filtered/normal_0947.png,/content/drive/MyDrive/MedSymmFlow_Project/fid_analysis/real_normal_1214/real_normal_0689.png,0.9297285079956055
/content/drive/MyDrive/MedSymmFlow_Project/synthetic_data/pneumoniamnist_normal_2280_filtered/normal_1685.png,/content/drive/MyDrive/MedSymmFlow_Project/fid_analysis/real_normal_1214/real_normal_0720.png,0.9296225905418396
/content/drive/MyDrive/MedSymmFlow_Project/synthetic_data/pneumoniamnist_normal_2280_filtered/normal_0332.png,/content/drive/MyDrive/MedSymmFlow_Project/fid_analysis/real_normal_1214/real_normal_0960.png,0.929388701915741
/content/drive/MyDrive/MedSymmFlow_Project/synthetic_data/pneumoniamnist_normal_2280_filtered/normal_1714.png,/content/drive/MyDrive/MedSymmFlow_Project/fid_analysis/real_normal_1214/real_normal_0021.png,0.9293680787086487
/content/drive/MyDrive/MedSymmFlow_Project/synthetic_data/pneumoniamnist_normal_2280_filtered/normal_0890.png,/content/drive/MyDrive/MedSymmFlow_Project/fid_analysis/real_normal_1214/real_normal_0322.png,0.9293212890625
/content/drive/MyDrive/MedSymmFlow_Project/synthetic_data/pneumoniamnist_normal_2280_filtered/normal_1824.png,/content/drive/MyDrive/MedSymmFlow_Project/fid_analysis/real_normal_1214/real_normal_0504.png,0.9293177127838135
/content/drive/MyDrive/MedSymmFlow_Project/synthetic_data/pneumoniamnist_normal_2280_filtered/normal_1793.png,/content/drive/MyDrive/MedSymmFlow_Project/fid_analysis/real_normal_1214/real_normal_0390.png,0.9292937517166138
/content/drive/MyDrive/MedSymmFlow_Project/synthetic_data/pneumoniamnist_normal_2280_filtered/normal_2247.png,/content/drive/MyDrive/MedSymmFlow_Project/fid_analysis/real_normal_1214/real_normal_1087.png,0.929262638092041
/content/drive/MyDrive/MedSymmFlow_Project/synthetic_data/pneumoniamnist_normal_2280_filtered/normal_1400.png,/content/drive/MyDrive/MedSymmFlow_Project/fid_analysis/real_normal_1214/real_normal_0539.png,0.9291514158248901
/content/drive/MyDrive/MedSymmFlow_Project/synthetic_data/pneumoniamnist_normal_2280_filtered/normal_2051.png,/content/drive/MyDrive/MedSymmFlow_Project/fid_analysis/real_normal_1214/real_normal_0037.png,0.9290158152580261
/content/drive/MyDrive/MedSymmFlow_Project/synthetic_data/pneumoniamnist_normal_2280_filtered/normal_1973.png,/content/drive/MyDrive/MedSymmFlow_Project/fid_analysis/real_normal_1214/real_normal_0494.png,0.9289833307266235
/content/drive/MyDrive/MedSymmFlow_Project/synthetic_data/pneumoniamnist_normal_2280_filtered/normal_0682.png,/content/drive/MyDrive/MedSymmFlow_Project/fid_analysis/real_normal_1214/real_normal_0166.png,0.9289404153823853
/content/drive/MyDrive/MedSymmFlow_Project/synthetic_data/pneumoniamnist_normal_2280_filtered/normal_0776.png,/content/drive/MyDrive/MedSymmFlow_Project/fid_analysis/real_normal_1214/real_normal_0582.png,0.928935706615448
/content/drive/MyDrive/MedSymmFlow_Project/synthetic_data/pneumoniamnist_normal_2280_filtered/normal_0243.png,/content/drive/MyDrive/MedSymmFlow_Project/fid_analysis/real_normal_1214/real_normal_0152.png,0.928905725479126
/content/drive/MyDrive/MedSymmFlow_Project/synthetic_data/pneumoniamnist_normal_2280_filtered/normal_0338.png,/content/drive/MyDrive/MedSymmFlow_Project/fid_analysis/real_normal_1214/real_normal_0773.png,0.9289004802703857
/content/drive/MyDrive/MedSymmFlow_Project/synthetic_data/pneumoniamnist_normal_2280_filtered/normal_0830.png,/content/drive/MyDrive/MedSymmFlow_Project/fid_analysis/real_normal_1214/real_normal_0315.png,0.92889404296875
/content/drive/MyDrive/MedSymmFlow_Project/synthetic_data/pneumoniamnist_normal_2280_filtered/normal_1467.png,/content/drive/MyDrive/MedSymmFlow_Project/fid_analysis/real_normal_1214/real_normal_1028.png,0.9288129806518555
/content/drive/MyDrive/MedSymmFlow_Project/synthetic_data/pneumoniamnist_normal_2280_filtered/normal_0971.png,/content/drive/MyDrive/MedSymmFlow_Project/fid_analysis/real_normal_1214/real_normal_0069.png,0.9287945628166199
/content/drive/MyDrive/MedSymmFlow_Project/synthetic_data/pneumoniamnist_normal_2280_filtered/normal_1155.png,/content/drive/MyDrive/MedSymmFlow_Project/fid_analysis/real_normal_1214/real_normal_0204.png,0.9287816286087036
/content/drive/MyDrive/MedSymmFlow_Project/synthetic_data/pneumoniamnist_normal_2280_filtered/normal_0611.png,/content/drive/MyDrive/MedSymmFlow_Project/fid_analysis/real_normal_1214/real_normal_0017.png,0.9287415742874146
/content/drive/MyDrive/MedSymmFlow_Project/synthetic_data/pneumoniamnist_normal_2280_filtered/normal_1349.png,/content/drive/MyDrive/MedSymmFlow_Project/fid_analysis/real_normal_1214/real_normal_0322.png,0.9287221431732178
/content/drive/MyDrive/MedSymmFlow_Project/synthetic_data/pneumoniamnist_normal_2280_filtered/normal_1589.png,/content/drive/MyDrive/MedSymmFlow_Project/fid_analysis/real_normal_1214/real_normal_0204.png,0.9287000894546509
/content/drive/MyDrive/MedSymmFlow_Project/synthetic_data/pneumoniamnist_normal_2280_filtered/normal_1343.png,/content/drive/MyDrive/MedSymmFlow_Project/fid_analysis/real_normal_1214/real_normal_0204.png,0.9286903142929077
/content/drive/MyDrive/MedSymmFlow_Project/synthetic_data/pneumoniamnist_normal_2280_filtered/normal_2147.png,/content/drive/MyDrive/MedSymmFlow_Project/fid_analysis/real_normal_1214/real_normal_0346.png,0.9286664128303528
/content/drive/MyDrive/MedSymmFlow_Project/synthetic_data/pneumoniamnist_normal_2280_filtered/normal_1979.png,/content/drive/MyDrive/MedSymmFlow_Project/fid_analysis/real_normal_1214/real_normal_0427.png,0.9286602735519409
/content/drive/MyDrive/MedSymmFlow_Project/synthetic_data/pneumoniamnist_normal_2280_filtered/normal_1041.png,/content/drive/MyDrive/MedSymmFlow_Project/fid_analysis/real_normal_1214/real_normal_0427.png,0.928620457649231
/content/drive/MyDrive/MedSymmFlow_Project/synthetic_data/pneumoniamnist_normal_2280_filtered/normal_1407.png,/content/drive/MyDrive/MedSymmFlow_Project/fid_analysis/real_normal_1214/real_normal_0161.png,0.9286148548126221
/content/drive/MyDrive/MedSymmFlow_Project/synthetic_data/pneumoniamnist_normal_2280_filtered/normal_0213.png,/content/drive/MyDrive/MedSymmFlow_Project/fid_analysis/real_normal_1214/real_normal_0144.png,0.9285593628883362
/content/drive/MyDrive/MedSymmFlow_Project/synthetic_data/pneumoniamnist_normal_2280_filtered/normal_2087.png,/content/drive/MyDrive/MedSymmFlow_Project/fid_analysis/real_normal_1214/real_normal_0660.png,0.9283379912376404
/content/drive/MyDrive/MedSymmFlow_Project/synthetic_data/pneumoniamnist_normal_2280_filtered/normal_1487.png,/content/drive/MyDrive/MedSymmFlow_Project/fid_analysis/real_normal_1214/real_normal_0402.png,0.9282168745994568
/content/drive/MyDrive/MedSymmFlow_Project/synthetic_data/pneumoniamnist_normal_2280_filtered/normal_1815.png,/content/drive/MyDrive/MedSymmFlow_Project/fid_analysis/real_normal_1214/real_normal_0543.png,0.9281442761421204
/content/drive/MyDrive/MedSymmFlow_Project/synthetic_data/pneumoniamnist_normal_2280_filtered/normal_0622.png,/content/drive/MyDrive/MedSymmFlow_Project/fid_analysis/real_normal_1214/real_normal_0021.png,0.9280836582183838
/content/drive/MyDrive/MedSymmFlow_Project/synthetic_data/pneumoniamnist_normal_2280_filtered/normal_1239.png,/content/drive/MyDrive/MedSymmFlow_Project/fid_analysis/real_normal_1214/real_normal_0413.png,0.9280319809913635
/content/drive/MyDrive/MedSymmFlow_Project/synthetic_data/pneumoniamnist_normal_2280_filtered/normal_1958.png,/content/drive/MyDrive/MedSymmFlow_Project/fid_analysis/real_normal_1214/real_normal_0315.png,0.9280285835266113
/content/drive/MyDrive/MedSymmFlow_Project/synthetic_data/pneumoniamnist_normal_2280_filtered/normal_1122.png,/content/drive/MyDrive/MedSymmFlow_Project/fid_analysis/real_normal_1214/real_normal_0099.png,0.9280171990394592
/content/drive/MyDrive/MedSymmFlow_Project/synthetic_data/pneumoniamnist_normal_2280_filtered/normal_2102.png,/content/drive/MyDrive/MedSymmFlow_Project/fid_analysis/real_normal_1214/real_normal_0025.png,0.9279954433441162
/content/drive/MyDrive/MedSymmFlow_Project/synthetic_data/pneumoniamnist_normal_2280_filtered/normal_2126.png,/content/drive/MyDrive/MedSymmFlow_Project/fid_analysis/real_normal_1214/real_normal_0812.png,0.927993655204773
/content/drive/MyDrive/MedSymmFlow_Project/synthetic_data/pneumoniamnist_normal_2280_filtered/normal_0934.png,/content/drive/MyDrive/MedSymmFlow_Project/fid_analysis/real_normal_1214/real_normal_0017.png,0.9279458522796631
/content/drive/MyDrive/MedSymmFlow_Project/synthetic_data/pneumoniamnist_normal_2280_filtered/normal_1209.png,/content/drive/MyDrive/MedSymmFlow_Project/fid_analysis/real_normal_1214/real_normal_0204.png,0.927871823310852
/content/drive/MyDrive/MedSymmFlow_Project/synthetic_data/pneumoniamnist_normal_2280_filtered/normal_1588.png,/content/drive/MyDrive/MedSymmFlow_Project/fid_analysis/real_normal_1214/real_normal_0691.png,0.927868127822876
/content/drive/MyDrive/MedSymmFlow_Project/synthetic_data/pneumoniamnist_normal_2280_filtered/normal_1846.png,/content/drive/MyDrive/MedSymmFlow_Project/fid_analysis/real_normal_1214/real_normal_0427.png,0.9278444051742554
/content/drive/MyDrive/MedSymmFlow_Project/synthetic_data/pneumoniamnist_normal_2280_filtered/normal_1489.png,/content/drive/MyDrive/MedSymmFlow_Project/fid_analysis/real_normal_1214/real_normal_0355.png,0.927810549736023
/content/drive/MyDrive/MedSymmFlow_Project/synthetic_data/pneumoniamnist_normal_2280_filtered/normal_2170.png,/content/drive/MyDrive/MedSymmFlow_Project/fid_analysis/real_normal_1214/real_normal_0025.png,0.9277753829956055
/content/drive/MyDrive/MedSymmFlow_Project/synthetic_data/pneumoniamnist_normal_2280_filtered/normal_1942.png,/content/drive/MyDrive/MedSymmFlow_Project/fid_analysis/real_normal_1214/real_normal_0731.png,0.9277716875076294
/content/drive/MyDrive/MedSymmFlow_Project/synthetic_data/pneumoniamnist_normal_2280_filtered/normal_2142.png,/content/drive/MyDrive/MedSymmFlow_Project/fid_analysis/real_normal_1214/real_normal_0644.png,0.9277572631835938
/content/drive/MyDrive/MedSymmFlow_Project/synthetic_data/pneumoniamnist_normal_2280_filtered/normal_1838.png,/content/drive/MyDrive/MedSymmFlow_Project/fid_analysis/real_normal_1214/real_normal_0315.png,0.9276522994041443
/content/drive/MyDrive/MedSymmFlow_Project/synthetic_data/pneumoniamnist_normal_2280_filtered/normal_1189.png,/content/drive/MyDrive/MedSymmFlow_Project/fid_analysis/real_normal_1214/real_normal_0984.png,0.9275091290473938
/content/drive/MyDrive/MedSymmFlow_Project/synthetic_data/pneumoniamnist_normal_2280_filtered/normal_2261.png,/content/drive/MyDrive/MedSymmFlow_Project/fid_analysis/real_normal_1214/real_normal_0274.png,0.9274280071258545
/content/drive/MyDrive/MedSymmFlow_Project/synthetic_data/pneumoniamnist_normal_2280_filtered/normal_0262.png,/content/drive/MyDrive/MedSymmFlow_Project/fid_analysis/real_normal_1214/real_normal_0017.png,0.9273761510848999
/content/drive/MyDrive/MedSymmFlow_Project/synthetic_data/pneumoniamnist_normal_2280_filtered/normal_0804.png,/content/drive/MyDrive/MedSymmFlow_Project/fid_analysis/real_normal_1214/real_normal_0471.png,0.9273677468299866
/content/drive/MyDrive/MedSymmFlow_Project/synthetic_data/pneumoniamnist_normal_2280_filtered/normal_2202.png,/content/drive/MyDrive/MedSymmFlow_Project/fid_analysis/real_normal_1214/real_normal_0021.png,0.927341103553772
/content/drive/MyDrive/MedSymmFlow_Project/synthetic_data/pneumoniamnist_normal_2280_filtered/normal_0675.png,/content/drive/MyDrive/MedSymmFlow_Project/fid_analysis/real_normal_1214/real_normal_0649.png,0.9273196458816528
/content/drive/MyDrive/MedSymmFlow_Project/synthetic_data/pneumoniamnist_normal_2280_filtered/normal_0093.png,/content/drive/MyDrive/MedSymmFlow_Project/fid_analysis/real_normal_1214/real_normal_0413.png,0.9271907806396484
/content/drive/MyDrive/MedSymmFlow_Project/synthetic_data/pneumoniamnist_normal_2280_filtered/normal_0081.png,/content/drive/MyDrive/MedSymmFlow_Project/fid_analysis/real_normal_1214/real_normal_0402.png,0.9271876811981201
/content/drive/MyDrive/MedSymmFlow_Project/synthetic_data/pneumoniamnist_normal_2280_filtered/normal_0548.png,/content/drive/MyDrive/MedSymmFlow_Project/fid_analysis/real_normal_1214/real_normal_0194.png,0.927172064781189
/content/drive/MyDrive/MedSymmFlow_Project/synthetic_data/pneumoniamnist_normal_2280_filtered/normal_0714.png,/content/drive/MyDrive/MedSymmFlow_Project/fid_analysis/real_normal_1214/real_normal_0427.png,0.9270915389060974
/content/drive/MyDrive/MedSymmFlow_Project/synthetic_data/pneumoniamnist_normal_2280_filtered/normal_0659.png,/content/drive/MyDrive/MedSymmFlow_Project/fid_analysis/real_normal_1214/real_normal_0806.png,0.9269726276397705
/content/drive/MyDrive/MedSymmFlow_Project/synthetic_data/pneumoniamnist_normal_2280_filtered/normal_0227.png,/content/drive/MyDrive/MedSymmFlow_Project/fid_analysis/real_normal_1214/real_normal_0990.png,0.9268676042556763
/content/drive/MyDrive/MedSymmFlow_Project/synthetic_data/pneumoniamnist_normal_2280_filtered/normal_1737.png,/content/drive/MyDrive/MedSymmFlow_Project/fid_analysis/real_normal_1214/real_normal_0402.png,0.9268535375595093
/content/drive/MyDrive/MedSymmFlow_Project/synthetic_data/pneumoniamnist_normal_2280_filtered/normal_0328.png,/content/drive/MyDrive/MedSymmFlow_Project/fid_analysis/real_normal_1214/real_normal_0611.png,0.9268024563789368
/content/drive/MyDrive/MedSymmFlow_Project/synthetic_data/pneumoniamnist_normal_2280_filtered/normal_0816.png,/content/drive/MyDrive/MedSymmFlow_Project/fid_analysis/real_normal_1214/real_normal_1049.png,0.926751434803009
/content/drive/MyDrive/MedSymmFlow_Project/synthetic_data/pneumoniamnist_normal_2280_filtered/normal_0720.png,/content/drive/MyDrive/MedSymmFlow_Project/fid_analysis/real_normal_1214/real_normal_0427.png,0.9266327619552612
/content/drive/MyDrive/MedSymmFlow_Project/synthetic_data/pneumoniamnist_normal_2280_filtered/normal_2112.png,/content/drive/MyDrive/MedSymmFlow_Project/fid_analysis/real_normal_1214/real_normal_1050.png,0.926443338394165
/content/drive/MyDrive/MedSymmFlow_Project/synthetic_data/pneumoniamnist_normal_2280_filtered/normal_0777.png,/content/drive/MyDrive/MedSymmFlow_Project/fid_analysis/real_normal_1214/real_normal_1017.png,0.9263255596160889
/content/drive/MyDrive/MedSymmFlow_Project/synthetic_data/pneumoniamnist_normal_2280_filtered/normal_0006.png,/content/drive/MyDrive/MedSymmFlow_Project/fid_analysis/real_normal_1214/real_normal_0017.png,0.9262226819992065
/content/drive/MyDrive/MedSymmFlow_Project/synthetic_data/pneumoniamnist_normal_2280_filtered/normal_1865.png,/content/drive/MyDrive/MedSymmFlow_Project/fid_analysis/real_normal_1214/real_normal_0204.png,0.9261802434921265
/content/drive/MyDrive/MedSymmFlow_Project/synthetic_data/pneumoniamnist_normal_2280_filtered/normal_0036.png,/content/drive/MyDrive/MedSymmFlow_Project/fid_analysis/real_normal_1214/real_normal_0645.png,0.9260901808738708
/content/drive/MyDrive/MedSymmFlow_Project/synthetic_data/pneumoniamnist_normal_2280_filtered/normal_1729.png,/content/drive/MyDrive/MedSymmFlow_Project/fid_analysis/real_normal_1214/real_normal_0660.png,0.9260376691818237
/content/drive/MyDrive/MedSymmFlow_Project/synthetic_data/pneumoniamnist_normal_2280_filtered/normal_2183.png,/content/drive/MyDrive/MedSymmFlow_Project/fid_analysis/real_normal_1214/real_normal_0322.png,0.9260263442993164
/content/drive/MyDrive/MedSymmFlow_Project/synthetic_data/pneumoniamnist_normal_2280_filtered/normal_1143.png,/content/drive/MyDrive/MedSymmFlow_Project/fid_analysis/real_normal_1214/real_normal_0427.png,0.925999641418457
/content/drive/MyDrive/MedSymmFlow_Project/synthetic_data/pneumoniamnist_normal_2280_filtered/normal_0439.png,/content/drive/MyDrive/MedSymmFlow_Project/fid_analysis/real_normal_1214/real_normal_0427.png,0.9259648323059082
/content/drive/MyDrive/MedSymmFlow_Project/synthetic_data/pneumoniamnist_normal_2280_filtered/normal_0944.png,/content/drive/MyDrive/MedSymmFlow_Project/fid_analysis/real_normal_1214/real_normal_0322.png,0.9259445667266846
/content/drive/MyDrive/MedSymmFlow_Project/synthetic_data/pneumoniamnist_normal_2280_filtered/normal_1940.png,/content/drive/MyDrive/MedSymmFlow_Project/fid_analysis/real_normal_1214/real_normal_0984.png,0.9258463382720947
/content/drive/MyDrive/MedSymmFlow_Project/synthetic_data/pneumoniamnist_normal_2280_filtered/normal_1526.png,/content/drive/MyDrive/MedSymmFlow_Project/fid_analysis/real_normal_1214/real_normal_0806.png,0.9258406162261963
/content/drive/MyDrive/MedSymmFlow_Project/synthetic_data/pneumoniamnist_normal_2280_filtered/normal_0556.png,/content/drive/MyDrive/MedSymmFlow_Project/fid_analysis/real_normal_1214/real_normal_0216.png,0.9257586002349854
/content/drive/MyDrive/MedSymmFlow_Project/synthetic_data/pneumoniamnist_normal_2280_filtered/normal_0852.png,/content/drive/MyDrive/MedSymmFlow_Project/fid_analysis/real_normal_1214/real_normal_0488.png,0.9255536794662476
/content/drive/MyDrive/MedSymmFlow_Project/synthetic_data/pneumoniamnist_normal_2280_filtered/normal_1595.png,/content/drive/MyDrive/MedSymmFlow_Project/fid_analysis/real_normal_1214/real_normal_0211.png,0.9255068302154541
/content/drive/MyDrive/MedSymmFlow_Project/synthetic_data/pneumoniamnist_normal_2280_filtered/normal_1195.png,/content/drive/MyDrive/MedSymmFlow_Project/fid_analysis/real_normal_1214/real_normal_0642.png,0.9253688454627991
/content/drive/MyDrive/MedSymmFlow_Project/synthetic_data/pneumoniamnist_normal_2280_filtered/normal_1052.png,/content/drive/MyDrive/MedSymmFlow_Project/fid_analysis/real_normal_1214/real_normal_0427.png,0.9253467917442322
/content/drive/MyDrive/MedSymmFlow_Project/synthetic_data/pneumoniamnist_normal_2280_filtered/normal_0491.png,/content/drive/MyDrive/MedSymmFlow_Project/fid_analysis/real_normal_1214/real_normal_0017.png,0.9250616431236267
/content/drive/MyDrive/MedSymmFlow_Project/synthetic_data/pneumoniamnist_normal_2280_filtered/normal_1957.png,/content/drive/MyDrive/MedSymmFlow_Project/fid_analysis/real_normal_1214/real_normal_0671.png,0.9247466921806335
/content/drive/MyDrive/MedSymmFlow_Project/synthetic_data/pneumoniamnist_normal_2280_filtered/normal_0457.png,/content/drive/MyDrive/MedSymmFlow_Project/fid_analysis/real_normal_1214/real_normal_0876.png,0.9245927333831787
/content/drive/MyDrive/MedSymmFlow_Project/synthetic_data/pneumoniamnist_normal_2280_filtered/normal_0051.png,/content/drive/MyDrive/MedSymmFlow_Project/fid_analysis/real_normal_1214/real_normal_0017.png,0.9244608879089355
/content/drive/MyDrive/MedSymmFlow_Project/synthetic_data/pneumoniamnist_normal_2280_filtered/normal_0952.png,/content/drive/MyDrive/MedSymmFlow_Project/fid_analysis/real_normal_1214/real_normal_0990.png,0.9242641925811768
/content/drive/MyDrive/MedSymmFlow_Project/synthetic_data/pneumoniamnist_normal_2280_filtered/normal_0681.png,/content/drive/MyDrive/MedSymmFlow_Project/fid_analysis/real_normal_1214/real_normal_0355.png,0.9242194890975952
/content/drive/MyDrive/MedSymmFlow_Project/synthetic_data/pneumoniamnist_normal_2280_filtered/normal_0752.png,/content/drive/MyDrive/MedSymmFlow_Project/fid_analysis/real_normal_1214/real_normal_0488.png,0.9242181777954102
/content/drive/MyDrive/MedSymmFlow_Project/synthetic_data/pneumoniamnist_normal_2280_filtered/normal_1184.png,/content/drive/MyDrive/MedSymmFlow_Project/fid_analysis/real_normal_1214/real_normal_0204.png,0.9241628646850586
/content/drive/MyDrive/MedSymmFlow_Project/synthetic_data/pneumoniamnist_normal_2280_filtered/normal_2263.png,/content/drive/MyDrive/MedSymmFlow_Project/fid_analysis/real_normal_1214/real_normal_0322.png,0.9239377975463867
/content/drive/MyDrive/MedSymmFlow_Project/synthetic_data/pneumoniamnist_normal_2280_filtered/normal_1916.png,/content/drive/MyDrive/MedSymmFlow_Project/fid_analysis/real_normal_1214/real_normal_0481.png,0.9237952828407288
/content/drive/MyDrive/MedSymmFlow_Project/synthetic_data/pneumoniamnist_normal_2280_filtered/normal_0573.png,/content/drive/MyDrive/MedSymmFlow_Project/fid_analysis/real_normal_1214/real_normal_0611.png,0.9234449863433838
/content/drive/MyDrive/MedSymmFlow_Project/synthetic_data/pneumoniamnist_normal_2280_filtered/normal_1354.png,/content/drive/MyDrive/MedSymmFlow_Project/fid_analysis/real_normal_1214/real_normal_0389.png,0.9233208894729614
/content/drive/MyDrive/MedSymmFlow_Project/synthetic_data/pneumoniamnist_normal_2280_filtered/normal_1452.png,/content/drive/MyDrive/MedSymmFlow_Project/fid_analysis/real_normal_1214/real_normal_0659.png,0.9231739044189453
/content/drive/MyDrive/MedSymmFlow_Project/synthetic_data/pneumoniamnist_normal_2280_filtered/normal_1059.png,/content/drive/MyDrive/MedSymmFlow_Project/fid_analysis/real_normal_1214/real_normal_0427.png,0.9230377674102783
/content/drive/MyDrive/MedSymmFlow_Project/synthetic_data/pneumoniamnist_normal_2280_filtered/normal_0469.png,/content/drive/MyDrive/MedSymmFlow_Project/fid_analysis/real_normal_1214/real_normal_0448.png,0.9229376316070557
/content/drive/MyDrive/MedSymmFlow_Project/synthetic_data/pneumoniamnist_normal_2280_filtered/normal_1107.png,/content/drive/MyDrive/MedSymmFlow_Project/fid_analysis/real_normal_1214/real_normal_0427.png,0.9227292537689209
/content/drive/MyDrive/MedSymmFlow_Project/synthetic_data/pneumoniamnist_normal_2280_filtered/normal_1577.png,/content/drive/MyDrive/MedSymmFlow_Project/fid_analysis/real_normal_1214/real_normal_0442.png,0.9226177930831909
/content/drive/MyDrive/MedSymmFlow_Project/synthetic_data/pneumoniamnist_normal_2280_filtered/normal_1348.png,/content/drive/MyDrive/MedSymmFlow_Project/fid_analysis/real_normal_1214/real_normal_1155.png,0.9224015474319458
/content/drive/MyDrive/MedSymmFlow_Project/synthetic_data/pneumoniamnist_normal_2280_filtered/normal_0293.png,/content/drive/MyDrive/MedSymmFlow_Project/fid_analysis/real_normal_1214/real_normal_0322.png,0.9222195744514465
/content/drive/MyDrive/MedSymmFlow_Project/synthetic_data/pneumoniamnist_normal_2280_filtered/normal_2221.png,/content/drive/MyDrive/MedSymmFlow_Project/fid_analysis/real_normal_1214/real_normal_0326.png,0.9215745329856873
/content/drive/MyDrive/MedSymmFlow_Project/synthetic_data/pneumoniamnist_normal_2280_filtered/normal_0993.png,/content/drive/MyDrive/MedSymmFlow_Project/fid_analysis/real_normal_1214/real_normal_0504.png,0.9213954210281372
/content/drive/MyDrive/MedSymmFlow_Project/synthetic_data/pneumoniamnist_normal_2280_filtered/normal_1691.png,/content/drive/MyDrive/MedSymmFlow_Project/fid_analysis/real_normal_1214/real_normal_0355.png,0.9210067987442017
/content/drive/MyDrive/MedSymmFlow_Project/synthetic_data/pneumoniamnist_normal_2280_filtered/normal_0827.png,/content/drive/MyDrive/MedSymmFlow_Project/fid_analysis/real_normal_1214/real_normal_0427.png,0.9208390116691589
/content/drive/MyDrive/MedSymmFlow_Project/synthetic_data/pneumoniamnist_normal_2280_filtered/normal_0028.png,/content/drive/MyDrive/MedSymmFlow_Project/fid_analysis/real_normal_1214/real_normal_0402.png,0.9206611514091492
/content/drive/MyDrive/MedSymmFlow_Project/synthetic_data/pneumoniamnist_normal_2280_filtered/normal_2215.png,/content/drive/MyDrive/MedSymmFlow_Project/fid_analysis/real_normal_1214/real_normal_0025.png,0.920635461807251
/content/drive/MyDrive/MedSymmFlow_Project/synthetic_data/pneumoniamnist_normal_2280_filtered/normal_1456.png,/content/drive/MyDrive/MedSymmFlow_Project/fid_analysis/real_normal_1214/real_normal_0017.png,0.9205809235572815
/content/drive/MyDrive/MedSymmFlow_Project/synthetic_data/pneumoniamnist_normal_2280_filtered/normal_1240.png,/content/drive/MyDrive/MedSymmFlow_Project/fid_analysis/real_normal_1214/real_normal_0413.png,0.9205350875854492
/content/drive/MyDrive/MedSymmFlow_Project/synthetic_data/pneumoniamnist_normal_2280_filtered/normal_0881.png,/content/drive/MyDrive/MedSymmFlow_Project/fid_analysis/real_normal_1214/real_normal_1183.png,0.9203867316246033
/content/drive/MyDrive/MedSymmFlow_Project/synthetic_data/pneumoniamnist_normal_2280_filtered/normal_1172.png,/content/drive/MyDrive/MedSymmFlow_Project/fid_analysis/real_normal_1214/real_normal_1206.png,0.9201821088790894
/content/drive/MyDrive/MedSymmFlow_Project/synthetic_data/pneumoniamnist_normal_2280_filtered/normal_0727.png,/content/drive/MyDrive/MedSymmFlow_Project/fid_analysis/real_normal_1214/real_normal_0166.png,0.9201443791389465
/content/drive/MyDrive/MedSymmFlow_Project/synthetic_data/pneumoniamnist_normal_2280_filtered/normal_0600.png,/content/drive/MyDrive/MedSymmFlow_Project/fid_analysis/real_normal_1214/real_normal_1187.png,0.9200303554534912
/content/drive/MyDrive/MedSymmFlow_Project/synthetic_data/pneumoniamnist_normal_2280_filtered/normal_0260.png,/content/drive/MyDrive/MedSymmFlow_Project/fid_analysis/real_normal_1214/real_normal_0427.png,0.9196577668190002
/content/drive/MyDrive/MedSymmFlow_Project/synthetic_data/pneumoniamnist_normal_2280_filtered/normal_1253.png,/content/drive/MyDrive/MedSymmFlow_Project/fid_analysis/real_normal_1214/real_normal_0204.png,0.9191944003105164
/content/drive/MyDrive/MedSymmFlow_Project/synthetic_data/pneumoniamnist_normal_2280_filtered/normal_1911.png,/content/drive/MyDrive/MedSymmFlow_Project/fid_analysis/real_normal_1214/real_normal_0427.png,0.9189963340759277
/content/drive/MyDrive/MedSymmFlow_Project/synthetic_data/pneumoniamnist_normal_2280_filtered/normal_1355.png,/content/drive/MyDrive/MedSymmFlow_Project/fid_analysis/real_normal_1214/real_normal_0659.png,0.9189302921295166
/content/drive/MyDrive/MedSymmFlow_Project/synthetic_data/pneumoniamnist_normal_2280_filtered/normal_1614.png,/content/drive/MyDrive/MedSymmFlow_Project/fid_analysis/real_normal_1214/real_normal_0358.png,0.9183351397514343
/content/drive/MyDrive/MedSymmFlow_Project/synthetic_data/pneumoniamnist_normal_2280_filtered/normal_1365.png,/content/drive/MyDrive/MedSymmFlow_Project/fid_analysis/real_normal_1214/real_normal_0427.png,0.9181171655654907
/content/drive/MyDrive/MedSymmFlow_Project/synthetic_data/pneumoniamnist_normal_2280_filtered/normal_0330.png,/content/drive/MyDrive/MedSymmFlow_Project/fid_analysis/real_normal_1214/real_normal_0821.png,0.9176938533782959
/content/drive/MyDrive/MedSymmFlow_Project/synthetic_data/pneumoniamnist_normal_2280_filtered/normal_1500.png,/content/drive/MyDrive/MedSymmFlow_Project/fid_analysis/real_normal_1214/real_normal_0427.png,0.917405366897583
/content/drive/MyDrive/MedSymmFlow_Project/synthetic_data/pneumoniamnist_normal_2280_filtered/normal_0109.png,/content/drive/MyDrive/MedSymmFlow_Project/fid_analysis/real_normal_1214/real_normal_0017.png,0.915834903717041
/content/drive/MyDrive/MedSymmFlow_Project/synthetic_data/pneumoniamnist_normal_2280_filtered/normal_0992.png,/content/drive/MyDrive/MedSymmFlow_Project/fid_analysis/real_normal_1214/real_normal_0413.png,0.9150032997131348
/content/drive/MyDrive/MedSymmFlow_Project/synthetic_data/pneumoniamnist_normal_2280_filtered/normal_1774.png,/content/drive/MyDrive/MedSymmFlow_Project/fid_analysis/real_normal_1214/real_normal_0322.png,0.9084017872810364
/content/drive/MyDrive/MedSymmFlow_Project/synthetic_data/pneumoniamnist_normal_2280_filtered/normal_0505.png,/content/drive/MyDrive/MedSymmFlow_Project/fid_analysis/real_normal_1214/real_normal_0427.png,0.9077341556549072
/content/drive/MyDrive/MedSymmFlow_Project/synthetic_data/pneumoniamnist_normal_2280_filtered/normal_1992.png,/content/drive/MyDrive/MedSymmFlow_Project/fid_analysis/real_normal_1214/real_normal_0960.png,0.9060428142547607
/content/drive/MyDrive/MedSymmFlow_Project/synthetic_data/pneumoniamnist_normal_2280_filtered/normal_1427.png,/content/drive/MyDrive/MedSymmFlow_Project/fid_analysis/real_normal_1214/real_normal_0069.png,0.9003920555114746

