real_path,nearest_real_path,cosine_similarity
/content/drive/MyDrive/MedSymmFlow_Project/fid_analysis/real_normal_1214/real_normal_0498.png,/content/drive/MyDrive/MedSymmFlow_Project/fid_analysis/real_normal_1214/real_normal_1100.png,1.0000001192092896
/content/drive/MyDrive/MedSymmFlow_Project/fid_analysis/real_normal_1214/real_normal_1100.png,/content/drive/MyDrive/MedSymmFlow_Project/fid_analysis/real_normal_1214/real_normal_0498.png,1.0000001192092896
/content/drive/MyDrive/MedSymmFlow_Project/fid_analysis/real_normal_1214/real_normal_0777.png,/content/drive/MyDrive/MedSymmFlow_Project/fid_analysis/real_normal_1214/real_normal_0967.png,0.9748678803443909
/content/drive/MyDrive/MedSymmFlow_Project/fid_analysis/real_normal_1214/real_normal_0967.png,/content/drive/MyDrive/MedSymmFlow_Project/fid_analysis/real_normal_1214/real_normal_0777.png,0.9748678803443909
/content/drive/MyDrive/MedSymmFlow_Project/fid_analysis/real_normal_1214/real_normal_0200.png,/content/drive/MyDrive/MedSymmFlow_Project/fid_analysis/real_normal_1214/real_normal_0353.png,0.9700500965118408
/content/drive/MyDrive/MedSymmFlow_Project/fid_analysis/real_normal_1214/real_normal_0353.png,/content/drive/MyDrive/MedSymmFlow_Project/fid_analysis/real_normal_1214/real_normal_0200.png,0.9700500965118408
/content/drive/MyDrive/MedSymmFlow_Project/fid_analysis/real_normal_1214/real_normal_0522.png,/content/drive/MyDrive/MedSymmFlow_Project/fid_analysis/real_normal_1214/real_normal_0658.png,0.9681479930877686
/content/drive/MyDrive/MedSymmFlow_Project/fid_analysis/real_normal_1214/real_normal_0658.png,/content/drive/MyDrive/MedSymmFlow_Project/fid_analysis/real_normal_1214/real_normal_0522.png,0.9681479930877686
/content/drive/MyDrive/MedSymmFlow_Project/fid_analysis/real_normal_1214/real_normal_1030.png,/content/drive/MyDrive/MedSymmFlow_Project/fid_analysis/real_normal_1214/real_normal_0198.png,0.9673661589622498
/content/drive/MyDrive/MedSymmFlow_Project/fid_analysis/real_normal_1214/real_normal_0198.png,/content/drive/MyDrive/MedSymmFlow_Project/fid_analysis/real_normal_1214/real_normal_1030.png,0.9673661589622498
/content/drive/MyDrive/MedSymmFlow_Project/fid_analysis/real_normal_1214/real_normal_0759.png,/content/drive/MyDrive/MedSymmFlow_Project/fid_analysis/real_normal_1214/real_normal_0353.png,0.9673036336898804
/content/drive/MyDrive/MedSymmFlow_Project/fid_analysis/real_normal_1214/real_normal_0502.png,/content/drive/MyDrive/MedSymmFlow_Project/fid_analysis/real_normal_1214/real_normal_0967.png,0.9669466018676758
/content/drive/MyDrive/MedSymmFlow_Project/fid_analysis/real_normal_1214/real_normal_0918.png,/content/drive/MyDrive/MedSymmFlow_Project/fid_analysis/real_normal_1214/real_normal_1145.png,0.9667534828186035
/content/drive/MyDrive/MedSymmFlow_Project/fid_analysis/real_normal_1214/real_normal_1145.png,/content/drive/MyDrive/MedSymmFlow_Project/fid_analysis/real_normal_1214/real_normal_0918.png,0.9667534828186035
/content/drive/MyDrive/MedSymmFlow_Project/fid_analysis/real_normal_1214/real_normal_0894.png,/content/drive/MyDrive/MedSymmFlow_Project/fid_analysis/real_normal_1214/real_normal_0758.png,0.9665920734405518
/content/drive/MyDrive/MedSymmFlow_Project/fid_analysis/real_normal_1214/real_normal_0758.png,/content/drive/MyDrive/MedSymmFlow_Project/fid_analysis/real_normal_1214/real_normal_0894.png,0.9665920734405518
/content/drive/MyDrive/MedSymmFlow_Project/fid_analysis/real_normal_1214/real_normal_0813.png,/content/drive/MyDrive/MedSymmFlow_Project/fid_analysis/real_normal_1214/real_normal_0655.png,0.9661789536476135
/content/drive/MyDrive/MedSymmFlow_Project/fid_analysis/real_normal_1214/real_normal_0655.png,/content/drive/MyDrive/MedSymmFlow_Project/fid_analysis/real_normal_1214/real_normal_0813.png,0.9661789536476135
/content/drive/MyDrive/MedSymmFlow_Project/fid_analysis/real_normal_1214/real_normal_0256.png,/content/drive/MyDrive/MedSymmFlow_Project/fid_analysis/real_normal_1214/real_normal_0277.png,0.9661695957183838
/content/drive/MyDrive/MedSymmFlow_Project/fid_analysis/real_normal_1214/real_normal_0277.png,/content/drive/MyDrive/MedSymmFlow_Project/fid_analysis/real_normal_1214/real_normal_0256.png,0.9661695957183838
/content/drive/MyDrive/MedSymmFlow_Project/fid_analysis/real_normal_1214/real_normal_0227.png,/content/drive/MyDrive/MedSymmFlow_Project/fid_analysis/real_normal_1214/real_normal_1164.png,0.9660439491271973
/content/drive/MyDrive/MedSymmFlow_Project/fid_analysis/real_normal_1214/real_normal_1164.png,/content/drive/MyDrive/MedSymmFlow_Project/fid_analysis/real_normal_1214/real_normal_0227.png,0.9660439491271973
/content/drive/MyDrive/MedSymmFlow_Project/fid_analysis/real_normal_1214/real_normal_0824.png,/content/drive/MyDrive/MedSymmFlow_Project/fid_analysis/real_normal_1214/real_normal_0813.png,0.9657520651817322
/content/drive/MyDrive/MedSymmFlow_Project/fid_analysis/real_normal_1214/real_normal_0562.png,/content/drive/MyDrive/MedSymmFlow_Project/fid_analysis/real_normal_1214/real_normal_0353.png,0.9655365347862244
/content/drive/MyDrive/MedSymmFlow_Project/fid_analysis/real_normal_1214/real_normal_0651.png,/content/drive/MyDrive/MedSymmFlow_Project/fid_analysis/real_normal_1214/real_normal_0262.png,0.965436577796936
/content/drive/MyDrive/MedSymmFlow_Project/fid_analysis/real_normal_1214/real_normal_0262.png,/content/drive/MyDrive/MedSymmFlow_Project/fid_analysis/real_normal_1214/real_normal_0651.png,0.965436577796936
/content/drive/MyDrive/MedSymmFlow_Project/fid_analysis/real_normal_1214/real_normal_0913.png,/content/drive/MyDrive/MedSymmFlow_Project/fid_analysis/real_normal_1214/real_normal_0813.png,0.9651830196380615
/content/drive/MyDrive/MedSymmFlow_Project/fid_analysis/real_normal_1214/real_normal_1102.png,/content/drive/MyDrive/MedSymmFlow_Project/fid_analysis/real_normal_1214/real_normal_0655.png,0.9651380777359009
/content/drive/MyDrive/MedSymmFlow_Project/fid_analysis/real_normal_1214/real_normal_0225.png,/content/drive/MyDrive/MedSymmFlow_Project/fid_analysis/real_normal_1214/real_normal_1145.png,0.9650751352310181
/content/drive/MyDrive/MedSymmFlow_Project/fid_analysis/real_normal_1214/real_normal_0516.png,/content/drive/MyDrive/MedSymmFlow_Project/fid_analysis/real_normal_1214/real_normal_0813.png,0.9650601148605347
/content/drive/MyDrive/MedSymmFlow_Project/fid_analysis/real_normal_1214/real_normal_0714.png,/content/drive/MyDrive/MedSymmFlow_Project/fid_analysis/real_normal_1214/real_normal_0967.png,0.9649519920349121
/content/drive/MyDrive/MedSymmFlow_Project/fid_analysis/real_normal_1214/real_normal_1136.png,/content/drive/MyDrive/MedSymmFlow_Project/fid_analysis/real_normal_1214/real_normal_0805.png,0.964856743812561
/content/drive/MyDrive/MedSymmFlow_Project/fid_analysis/real_normal_1214/real_normal_0805.png,/content/drive/MyDrive/MedSymmFlow_Project/fid_analysis/real_normal_1214/real_normal_1136.png,0.964856743812561
/content/drive/MyDrive/MedSymmFlow_Project/fid_analysis/real_normal_1214/real_normal_0416.png,/content/drive/MyDrive/MedSymmFlow_Project/fid_analysis/real_normal_1214/real_normal_0200.png,0.9646758437156677
/content/drive/MyDrive/MedSymmFlow_Project/fid_analysis/real_normal_1214/real_normal_0188.png,/content/drive/MyDrive/MedSymmFlow_Project/fid_analysis/real_normal_1214/real_normal_0756.png,0.9646522998809814
/content/drive/MyDrive/MedSymmFlow_Project/fid_analysis/real_normal_1214/real_normal_0756.png,/content/drive/MyDrive/MedSymmFlow_Project/fid_analysis/real_normal_1214/real_normal_0188.png,0.9646522998809814
/content/drive/MyDrive/MedSymmFlow_Project/fid_analysis/real_normal_1214/real_normal_0760.png,/content/drive/MyDrive/MedSymmFlow_Project/fid_analysis/real_normal_1214/real_normal_0654.png,0.9641430377960205
/content/drive/MyDrive/MedSymmFlow_Project/fid_analysis/real_normal_1214/real_normal_0654.png,/content/drive/MyDrive/MedSymmFlow_Project/fid_analysis/real_normal_1214/real_normal_0760.png,0.9641430377960205
/content/drive/MyDrive/MedSymmFlow_Project/fid_analysis/real_normal_1214/real_normal_0141.png,/content/drive/MyDrive/MedSymmFlow_Project/fid_analysis/real_normal_1214/real_normal_0967.png,0.9641163349151611
/content/drive/MyDrive/MedSymmFlow_Project/fid_analysis/real_normal_1214/real_normal_0299.png,/content/drive/MyDrive/MedSymmFlow_Project/fid_analysis/real_normal_1214/real_normal_0502.png,0.9640504717826843
/content/drive/MyDrive/MedSymmFlow_Project/fid_analysis/real_normal_1214/real_normal_0647.png,/content/drive/MyDrive/MedSymmFlow_Project/fid_analysis/real_normal_1214/real_normal_0353.png,0.963988721370697
/content/drive/MyDrive/MedSymmFlow_Project/fid_analysis/real_normal_1214/real_normal_0278.png,/content/drive/MyDrive/MedSymmFlow_Project/fid_analysis/real_normal_1214/real_normal_0777.png,0.9639384746551514
/content/drive/MyDrive/MedSymmFlow_Project/fid_analysis/real_normal_1214/real_normal_0483.png,/content/drive/MyDrive/MedSymmFlow_Project/fid_analysis/real_normal_1214/real_normal_0685.png,0.9638329744338989
/content/drive/MyDrive/MedSymmFlow_Project/fid_analysis/real_normal_1214/real_normal_0685.png,/content/drive/MyDrive/MedSymmFlow_Project/fid_analysis/real_normal_1214/real_normal_0483.png,0.9638329744338989
/content/drive/MyDrive/MedSymmFlow_Project/fid_analysis/real_normal_1214/real_normal_1137.png,/content/drive/MyDrive/MedSymmFlow_Project/fid_analysis/real_normal_1214/real_normal_0651.png,0.9636969566345215
/content/drive/MyDrive/MedSymmFlow_Project/fid_analysis/real_normal_1214/real_normal_0457.png,/content/drive/MyDrive/MedSymmFlow_Project/fid_analysis/real_normal_1214/real_normal_0363.png,0.9636540412902832
/content/drive/MyDrive/MedSymmFlow_Project/fid_analysis/real_normal_1214/real_normal_0363.png,/content/drive/MyDrive/MedSymmFlow_Project/fid_analysis/real_normal_1214/real_normal_0457.png,0.9636540412902832
/content/drive/MyDrive/MedSymmFlow_Project/fid_analysis/real_normal_1214/real_normal_0734.png,/content/drive/MyDrive/MedSymmFlow_Project/fid_analysis/real_normal_1214/real_normal_0777.png,0.9636002779006958
/content/drive/MyDrive/MedSymmFlow_Project/fid_analysis/real_normal_1214/real_normal_0554.png,/content/drive/MyDrive/MedSymmFlow_Project/fid_analysis/real_normal_1214/real_normal_0321.png,0.9635907411575317
/content/drive/MyDrive/MedSymmFlow_Project/fid_analysis/real_normal_1214/real_normal_0321.png,/content/drive/MyDrive/MedSymmFlow_Project/fid_analysis/real_normal_1214/real_normal_0554.png,0.9635907411575317
/content/drive/MyDrive/MedSymmFlow_Project/fid_analysis/real_normal_1214/real_normal_0796.png,/content/drive/MyDrive/MedSymmFlow_Project/fid_analysis/real_normal_1214/real_normal_0502.png,0.9635324478149414
/content/drive/MyDrive/MedSymmFlow_Project/fid_analysis/real_normal_1214/real_normal_0148.png,/content/drive/MyDrive/MedSymmFlow_Project/fid_analysis/real_normal_1214/real_normal_0633.png,0.9634454846382141
/content/drive/MyDrive/MedSymmFlow_Project/fid_analysis/real_normal_1214/real_normal_0633.png,/content/drive/MyDrive/MedSymmFlow_Project/fid_analysis/real_normal_1214/real_normal_0148.png,0.9634454846382141
/content/drive/MyDrive/MedSymmFlow_Project/fid_analysis/real_normal_1214/real_normal_0306.png,/content/drive/MyDrive/MedSymmFlow_Project/fid_analysis/real_normal_1214/real_normal_1197.png,0.9633885025978088
/content/drive/MyDrive/MedSymmFlow_Project/fid_analysis/real_normal_1214/real_normal_1197.png,/content/drive/MyDrive/MedSymmFlow_Project/fid_analysis/real_normal_1214/real_normal_0306.png,0.9633885025978088
/content/drive/MyDrive/MedSymmFlow_Project/fid_analysis/real_normal_1214/real_normal_0928.png,/content/drive/MyDrive/MedSymmFlow_Project/fid_analysis/real_normal_1214/real_normal_0398.png,0.9633623361587524
/content/drive/MyDrive/MedSymmFlow_Project/fid_analysis/real_normal_1214/real_normal_0398.png,/content/drive/MyDrive/MedSymmFlow_Project/fid_analysis/real_normal_1214/real_normal_0928.png,0.9633623361587524
/content/drive/MyDrive/MedSymmFlow_Project/fid_analysis/real_normal_1214/real_normal_0381.png,/content/drive/MyDrive/MedSymmFlow_Project/fid_analysis/real_normal_1214/real_normal_0548.png,0.963132381439209
/content/drive/MyDrive/MedSymmFlow_Project/fid_analysis/real_normal_1214/real_normal_0548.png,/content/drive/MyDrive/MedSymmFlow_Project/fid_analysis/real_normal_1214/real_normal_0381.png,0.963132381439209
/content/drive/MyDrive/MedSymmFlow_Project/fid_analysis/real_normal_1214/real_normal_0011.png,/content/drive/MyDrive/MedSymmFlow_Project/fid_analysis/real_normal_1214/real_normal_0400.png,0.9630224704742432
/content/drive/MyDrive/MedSymmFlow_Project/fid_analysis/real_normal_1214/real_normal_0400.png,/content/drive/MyDrive/MedSymmFlow_Project/fid_analysis/real_normal_1214/real_normal_0011.png,0.9630224704742432
/content/drive/MyDrive/MedSymmFlow_Project/fid_analysis/real_normal_1214/real_normal_0731.png,/content/drive/MyDrive/MedSymmFlow_Project/fid_analysis/real_normal_1214/real_normal_0554.png,0.9629663228988647
/content/drive/MyDrive/MedSymmFlow_Project/fid_analysis/real_normal_1214/real_normal_0912.png,/content/drive/MyDrive/MedSymmFlow_Project/fid_analysis/real_normal_1214/real_normal_0522.png,0.9628794193267822
/content/drive/MyDrive/MedSymmFlow_Project/fid_analysis/real_normal_1214/real_normal_0857.png,/content/drive/MyDrive/MedSymmFlow_Project/fid_analysis/real_normal_1214/real_normal_0667.png,0.9628458023071289
/content/drive/MyDrive/MedSymmFlow_Project/fid_analysis/real_normal_1214/real_normal_0667.png,/content/drive/MyDrive/MedSymmFlow_Project/fid_analysis/real_normal_1214/real_normal_0857.png,0.9628458023071289
/content/drive/MyDrive/MedSymmFlow_Project/fid_analysis/real_normal_1214/real_normal_0484.png,/content/drive/MyDrive/MedSymmFlow_Project/fid_analysis/real_normal_1214/real_normal_1024.png,0.9628258347511292
/content/drive/MyDrive/MedSymmFlow_Project/fid_analysis/real_normal_1214/real_normal_1024.png,/content/drive/MyDrive/MedSymmFlow_Project/fid_analysis/real_normal_1214/real_normal_0484.png,0.9628258347511292
/content/drive/MyDrive/MedSymmFlow_Project/fid_analysis/real_normal_1214/real_normal_1038.png,/content/drive/MyDrive/MedSymmFlow_Project/fid_analysis/real_normal_1214/real_normal_1145.png,0.9626684188842773
/content/drive/MyDrive/MedSymmFlow_Project/fid_analysis/real_normal_1214/real_normal_0451.png,/content/drive/MyDrive/MedSymmFlow_Project/fid_analysis/real_normal_1214/real_normal_0522.png,0.9624461531639099
/content/drive/MyDrive/MedSymmFlow_Project/fid_analysis/real_normal_1214/real_normal_0582.png,/content/drive/MyDrive/MedSymmFlow_Project/fid_analysis/real_normal_1214/real_normal_0566.png,0.9623955488204956
/content/drive/MyDrive/MedSymmFlow_Project/fid_analysis/real_normal_1214/real_normal_0566.png,/content/drive/MyDrive/MedSymmFlow_Project/fid_analysis/real_normal_1214/real_normal_0582.png,0.9623955488204956
/content/drive/MyDrive/MedSymmFlow_Project/fid_analysis/real_normal_1214/real_normal_1001.png,/content/drive/MyDrive/MedSymmFlow_Project/fid_analysis/real_normal_1214/real_normal_0095.png,0.9623409509658813
/content/drive/MyDrive/MedSymmFlow_Project/fid_analysis/real_normal_1214/real_normal_0095.png,/content/drive/MyDrive/MedSymmFlow_Project/fid_analysis/real_normal_1214/real_normal_1001.png,0.9623409509658813
/content/drive/MyDrive/MedSymmFlow_Project/fid_analysis/real_normal_1214/real_normal_1184.png,/content/drive/MyDrive/MedSymmFlow_Project/fid_analysis/real_normal_1214/real_normal_0011.png,0.9623379707336426
/content/drive/MyDrive/MedSymmFlow_Project/fid_analysis/real_normal_1214/real_normal_0930.png,/content/drive/MyDrive/MedSymmFlow_Project/fid_analysis/real_normal_1214/real_normal_0774.png,0.962267279624939
/content/drive/MyDrive/MedSymmFlow_Project/fid_analysis/real_normal_1214/real_normal_0774.png,/content/drive/MyDrive/MedSymmFlow_Project/fid_analysis/real_normal_1214/real_normal_0930.png,0.962267279624939
/content/drive/MyDrive/MedSymmFlow_Project/fid_analysis/real_normal_1214/real_normal_0251.png,/content/drive/MyDrive/MedSymmFlow_Project/fid_analysis/real_normal_1214/real_normal_1016.png,0.9622183442115784
/content/drive/MyDrive/MedSymmFlow_Project/fid_analysis/real_normal_1214/real_normal_1016.png,/content/drive/MyDrive/MedSymmFlow_Project/fid_analysis/real_normal_1214/real_normal_0251.png,0.9622183442115784
/content/drive/MyDrive/MedSymmFlow_Project/fid_analysis/real_normal_1214/real_normal_0964.png,/content/drive/MyDrive/MedSymmFlow_Project/fid_analysis/real_normal_1214/real_normal_0299.png,0.9621204733848572
/content/drive/MyDrive/MedSymmFlow_Project/fid_analysis/real_normal_1214/real_normal_0648.png,/content/drive/MyDrive/MedSymmFlow_Project/fid_analysis/real_normal_1214/real_normal_0967.png,0.9621003866195679
/content/drive/MyDrive/MedSymmFlow_Project/fid_analysis/real_normal_1214/real_normal_0248.png,/content/drive/MyDrive/MedSymmFlow_Project/fid_analysis/real_normal_1214/real_normal_0469.png,0.9620718359947205
/content/drive/MyDrive/MedSymmFlow_Project/fid_analysis/real_normal_1214/real_normal_0469.png,/content/drive/MyDrive/MedSymmFlow_Project/fid_analysis/real_normal_1214/real_normal_0248.png,0.9620718359947205
/content/drive/MyDrive/MedSymmFlow_Project/fid_analysis/real_normal_1214/real_normal_0986.png,/content/drive/MyDrive/MedSymmFlow_Project/fid_analysis/real_normal_1214/real_normal_0824.png,0.9620497822761536
/content/drive/MyDrive/MedSymmFlow_Project/fid_analysis/real_normal_1214/real_normal_0815.png,/content/drive/MyDrive/MedSymmFlow_Project/fid_analysis/real_normal_1214/real_normal_1202.png,0.961943507194519
/content/drive/MyDrive/MedSymmFlow_Project/fid_analysis/real_normal_1214/real_normal_1202.png,/content/drive/MyDrive/MedSymmFlow_Project/fid_analysis/real_normal_1214/real_normal_0815.png,0.961943507194519
/content/drive/MyDrive/MedSymmFlow_Project/fid_analysis/real_normal_1214/real_normal_0703.png,/content/drive/MyDrive/MedSymmFlow_Project/fid_analysis/real_normal_1214/real_normal_0759.png,0.9619108438491821
/content/drive/MyDrive/MedSymmFlow_Project/fid_analysis/real_normal_1214/real_normal_0461.png,/content/drive/MyDrive/MedSymmFlow_Project/fid_analysis/real_normal_1214/real_normal_0353.png,0.961828351020813
/content/drive/MyDrive/MedSymmFlow_Project/fid_analysis/real_normal_1214/real_normal_0404.png,/content/drive/MyDrive/MedSymmFlow_Project/fid_analysis/real_normal_1214/real_normal_0556.png,0.9617907404899597
/content/drive/MyDrive/MedSymmFlow_Project/fid_analysis/real_normal_1214/real_normal_0556.png,/content/drive/MyDrive/MedSymmFlow_Project/fid_analysis/real_normal_1214/real_normal_0404.png,0.9617907404899597
/content/drive/MyDrive/MedSymmFlow_Project/fid_analysis/real_normal_1214/real_normal_1147.png,/content/drive/MyDrive/MedSymmFlow_Project/fid_analysis/real_normal_1214/real_normal_0225.png,0.9617483615875244
/content/drive/MyDrive/MedSymmFlow_Project/fid_analysis/real_normal_1214/real_normal_0681.png,/content/drive/MyDrive/MedSymmFlow_Project/fid_analysis/real_normal_1214/real_normal_0922.png,0.9616765975952148
/content/drive/MyDrive/MedSymmFlow_Project/fid_analysis/real_normal_1214/real_normal_0922.png,/content/drive/MyDrive/MedSymmFlow_Project/fid_analysis/real_normal_1214/real_normal_0681.png,0.9616765975952148
/content/drive/MyDrive/MedSymmFlow_Project/fid_analysis/real_normal_1214/real_normal_0493.png,/content/drive/MyDrive/MedSymmFlow_Project/fid_analysis/real_normal_1214/real_normal_0376.png,0.9616314172744751
/content/drive/MyDrive/MedSymmFlow_Project/fid_analysis/real_normal_1214/real_normal_0376.png,/content/drive/MyDrive/MedSymmFlow_Project/fid_analysis/real_normal_1214/real_normal_0493.png,0.9616314172744751
/content/drive/MyDrive/MedSymmFlow_Project/fid_analysis/real_normal_1214/real_normal_0638.png,/content/drive/MyDrive/MedSymmFlow_Project/fid_analysis/real_normal_1214/real_normal_1117.png,0.9616202712059021
/content/drive/MyDrive/MedSymmFlow_Project/fid_analysis/real_normal_1214/real_normal_1117.png,/content/drive/MyDrive/MedSymmFlow_Project/fid_analysis/real_normal_1214/real_normal_0638.png,0.9616202712059021
/content/drive/MyDrive/MedSymmFlow_Project/fid_analysis/real_normal_1214/real_normal_0016.png,/content/drive/MyDrive/MedSymmFlow_Project/fid_analysis/real_normal_1214/real_normal_0505.png,0.9616032242774963
/content/drive/MyDrive/MedSymmFlow_Project/fid_analysis/real_normal_1214/real_normal_0505.png,/content/drive/MyDrive/MedSymmFlow_Project/fid_analysis/real_normal_1214/real_normal_0016.png,0.9616032242774963
/content/drive/MyDrive/MedSymmFlow_Project/fid_analysis/real_normal_1214/real_normal_0476.png,/content/drive/MyDrive/MedSymmFlow_Project/fid_analysis/real_normal_1214/real_normal_0967.png,0.9615830779075623
/content/drive/MyDrive/MedSymmFlow_Project/fid_analysis/real_normal_1214/real_normal_0030.png,/content/drive/MyDrive/MedSymmFlow_Project/fid_analysis/real_normal_1214/real_normal_0457.png,0.9615424871444702
/content/drive/MyDrive/MedSymmFlow_Project/fid_analysis/real_normal_1214/real_normal_0602.png,/content/drive/MyDrive/MedSymmFlow_Project/fid_analysis/real_normal_1214/real_normal_0364.png,0.9615014791488647
/content/drive/MyDrive/MedSymmFlow_Project/fid_analysis/real_normal_1214/real_normal_0364.png,/content/drive/MyDrive/MedSymmFlow_Project/fid_analysis/real_normal_1214/real_normal_0602.png,0.9615014791488647
/content/drive/MyDrive/MedSymmFlow_Project/fid_analysis/real_normal_1214/real_normal_1031.png,/content/drive/MyDrive/MedSymmFlow_Project/fid_analysis/real_normal_1214/real_normal_0969.png,0.961490273475647
/content/drive/MyDrive/MedSymmFlow_Project/fid_analysis/real_normal_1214/real_normal_0969.png,/content/drive/MyDrive/MedSymmFlow_Project/fid_analysis/real_normal_1214/real_normal_1031.png,0.961490273475647
/content/drive/MyDrive/MedSymmFlow_Project/fid_analysis/real_normal_1214/real_normal_0058.png,/content/drive/MyDrive/MedSymmFlow_Project/fid_analysis/real_normal_1214/real_normal_0001.png,0.9614756107330322
/content/drive/MyDrive/MedSymmFlow_Project/fid_analysis/real_normal_1214/real_normal_0001.png,/content/drive/MyDrive/MedSymmFlow_Project/fid_analysis/real_normal_1214/real_normal_0058.png,0.9614756107330322
/content/drive/MyDrive/MedSymmFlow_Project/fid_analysis/real_normal_1214/real_normal_1140.png,/content/drive/MyDrive/MedSymmFlow_Project/fid_analysis/real_normal_1214/real_normal_1202.png,0.9614545106887817
/content/drive/MyDrive/MedSymmFlow_Project/fid_analysis/real_normal_1214/real_normal_0249.png,/content/drive/MyDrive/MedSymmFlow_Project/fid_analysis/real_normal_1214/real_normal_1151.png,0.961412787437439
/content/drive/MyDrive/MedSymmFlow_Project/fid_analysis/real_normal_1214/real_normal_1151.png,/content/drive/MyDrive/MedSymmFlow_Project/fid_analysis/real_normal_1214/real_normal_0249.png,0.961412787437439
/content/drive/MyDrive/MedSymmFlow_Project/fid_analysis/real_normal_1214/real_normal_0047.png,/content/drive/MyDrive/MedSymmFlow_Project/fid_analysis/real_normal_1214/real_normal_0621.png,0.9613069295883179
/content/drive/MyDrive/MedSymmFlow_Project/fid_analysis/real_normal_1214/real_normal_0621.png,/content/drive/MyDrive/MedSymmFlow_Project/fid_analysis/real_normal_1214/real_normal_0047.png,0.9613069295883179
/content/drive/MyDrive/MedSymmFlow_Project/fid_analysis/real_normal_1214/real_normal_1081.png,/content/drive/MyDrive/MedSymmFlow_Project/fid_analysis/real_normal_1214/real_normal_1145.png,0.9612005949020386
/content/drive/MyDrive/MedSymmFlow_Project/fid_analysis/real_normal_1214/real_normal_0417.png,/content/drive/MyDrive/MedSymmFlow_Project/fid_analysis/real_normal_1214/real_normal_1016.png,0.9611939787864685
/content/drive/MyDrive/MedSymmFlow_Project/fid_analysis/real_normal_1214/real_normal_0242.png,/content/drive/MyDrive/MedSymmFlow_Project/fid_analysis/real_normal_1214/real_normal_1147.png,0.9611698389053345
/content/drive/MyDrive/MedSymmFlow_Project/fid_analysis/real_normal_1214/real_normal_0934.png,/content/drive/MyDrive/MedSymmFlow_Project/fid_analysis/real_normal_1214/real_normal_0824.png,0.9611645936965942
/content/drive/MyDrive/MedSymmFlow_Project/fid_analysis/real_normal_1214/real_normal_0252.png,/content/drive/MyDrive/MedSymmFlow_Project/fid_analysis/real_normal_1214/real_normal_1117.png,0.9611571431159973
/content/drive/MyDrive/MedSymmFlow_Project/fid_analysis/real_normal_1214/real_normal_0318.png,/content/drive/MyDrive/MedSymmFlow_Project/fid_analysis/real_normal_1214/real_normal_0481.png,0.961081862449646
/content/drive/MyDrive/MedSymmFlow_Project/fid_analysis/real_normal_1214/real_normal_0481.png,/content/drive/MyDrive/MedSymmFlow_Project/fid_analysis/real_normal_1214/real_normal_0318.png,0.961081862449646
/content/drive/MyDrive/MedSymmFlow_Project/fid_analysis/real_normal_1214/real_normal_0508.png,/content/drive/MyDrive/MedSymmFlow_Project/fid_analysis/real_normal_1214/real_normal_0706.png,0.9610542058944702
/content/drive/MyDrive/MedSymmFlow_Project/fid_analysis/real_normal_1214/real_normal_0706.png,/content/drive/MyDrive/MedSymmFlow_Project/fid_analysis/real_normal_1214/real_normal_0508.png,0.9610542058944702
/content/drive/MyDrive/MedSymmFlow_Project/fid_analysis/real_normal_1214/real_normal_1010.png,/content/drive/MyDrive/MedSymmFlow_Project/fid_analysis/real_normal_1214/real_normal_1147.png,0.9610321521759033
/content/drive/MyDrive/MedSymmFlow_Project/fid_analysis/real_normal_1214/real_normal_0412.png,/content/drive/MyDrive/MedSymmFlow_Project/fid_analysis/real_normal_1214/real_normal_0119.png,0.9610199928283691
/content/drive/MyDrive/MedSymmFlow_Project/fid_analysis/real_normal_1214/real_normal_0119.png,/content/drive/MyDrive/MedSymmFlow_Project/fid_analysis/real_normal_1214/real_normal_0412.png,0.9610199928283691
/content/drive/MyDrive/MedSymmFlow_Project/fid_analysis/real_normal_1214/real_normal_0684.png,/content/drive/MyDrive/MedSymmFlow_Project/fid_analysis/real_normal_1214/real_normal_0876.png,0.9609992504119873
/content/drive/MyDrive/MedSymmFlow_Project/fid_analysis/real_normal_1214/real_normal_0876.png,/content/drive/MyDrive/MedSymmFlow_Project/fid_analysis/real_normal_1214/real_normal_0684.png,0.9609992504119873
/content/drive/MyDrive/MedSymmFlow_Project/fid_analysis/real_normal_1214/real_normal_0722.png,/content/drive/MyDrive/MedSymmFlow_Project/fid_analysis/real_normal_1214/real_normal_0229.png,0.9609752893447876
/content/drive/MyDrive/MedSymmFlow_Project/fid_analysis/real_normal_1214/real_normal_0229.png,/content/drive/MyDrive/MedSymmFlow_Project/fid_analysis/real_normal_1214/real_normal_0722.png,0.9609752893447876
/content/drive/MyDrive/MedSymmFlow_Project/fid_analysis/real_normal_1214/real_normal_0317.png,/content/drive/MyDrive/MedSymmFlow_Project/fid_analysis/real_normal_1214/real_normal_0095.png,0.9609729051589966
/content/drive/MyDrive/MedSymmFlow_Project/fid_analysis/real_normal_1214/real_normal_0276.png,/content/drive/MyDrive/MedSymmFlow_Project/fid_analysis/real_normal_1214/real_normal_0548.png,0.9608353972434998
/content/drive/MyDrive/MedSymmFlow_Project/fid_analysis/real_normal_1214/real_normal_0017.png,/content/drive/MyDrive/MedSymmFlow_Project/fid_analysis/real_normal_1214/real_normal_0566.png,0.96083003282547
/content/drive/MyDrive/MedSymmFlow_Project/fid_analysis/real_normal_1214/real_normal_0977.png,/content/drive/MyDrive/MedSymmFlow_Project/fid_analysis/real_normal_1214/real_normal_0555.png,0.9608089923858643
/content/drive/MyDrive/MedSymmFlow_Project/fid_analysis/real_normal_1214/real_normal_0555.png,/content/drive/MyDrive/MedSymmFlow_Project/fid_analysis/real_normal_1214/real_normal_0977.png,0.9608089923858643
/content/drive/MyDrive/MedSymmFlow_Project/fid_analysis/real_normal_1214/real_normal_0728.png,/content/drive/MyDrive/MedSymmFlow_Project/fid_analysis/real_normal_1214/real_normal_0796.png,0.9607609510421753
/content/drive/MyDrive/MedSymmFlow_Project/fid_analysis/real_normal_1214/real_normal_1165.png,/content/drive/MyDrive/MedSymmFlow_Project/fid_analysis/real_normal_1214/real_normal_0753.png,0.9607517123222351
/content/drive/MyDrive/MedSymmFlow_Project/fid_analysis/real_normal_1214/real_normal_0753.png,/content/drive/MyDrive/MedSymmFlow_Project/fid_analysis/real_normal_1214/real_normal_1165.png,0.9607517123222351
/content/drive/MyDrive/MedSymmFlow_Project/fid_analysis/real_normal_1214/real_normal_0968.png,/content/drive/MyDrive/MedSymmFlow_Project/fid_analysis/real_normal_1214/real_normal_0590.png,0.9606419801712036
/content/drive/MyDrive/MedSymmFlow_Project/fid_analysis/real_normal_1214/real_normal_0590.png,/content/drive/MyDrive/MedSymmFlow_Project/fid_analysis/real_normal_1214/real_normal_0968.png,0.9606419801712036
/content/drive/MyDrive/MedSymmFlow_Project/fid_analysis/real_normal_1214/real_normal_0538.png,/content/drive/MyDrive/MedSymmFlow_Project/fid_analysis/real_normal_1214/real_normal_0861.png,0.9606144428253174
/content/drive/MyDrive/MedSymmFlow_Project/fid_analysis/real_normal_1214/real_normal_0861.png,/content/drive/MyDrive/MedSymmFlow_Project/fid_analysis/real_normal_1214/real_normal_0538.png,0.9606144428253174
/content/drive/MyDrive/MedSymmFlow_Project/fid_analysis/real_normal_1214/real_normal_0375.png,/content/drive/MyDrive/MedSymmFlow_Project/fid_analysis/real_normal_1214/real_normal_0994.png,0.9605709910392761
/content/drive/MyDrive/MedSymmFlow_Project/fid_analysis/real_normal_1214/real_normal_0994.png,/content/drive/MyDrive/MedSymmFlow_Project/fid_analysis/real_normal_1214/real_normal_0375.png,0.9605709910392761
/content/drive/MyDrive/MedSymmFlow_Project/fid_analysis/real_normal_1214/real_normal_0659.png,/content/drive/MyDrive/MedSymmFlow_Project/fid_analysis/real_normal_1214/real_normal_0303.png,0.9605659246444702
/content/drive/MyDrive/MedSymmFlow_Project/fid_analysis/real_normal_1214/real_normal_0303.png,/content/drive/MyDrive/MedSymmFlow_Project/fid_analysis/real_normal_1214/real_normal_0659.png,0.9605659246444702
/content/drive/MyDrive/MedSymmFlow_Project/fid_analysis/real_normal_1214/real_normal_0858.png,/content/drive/MyDrive/MedSymmFlow_Project/fid_analysis/real_normal_1214/real_normal_0400.png,0.9605388641357422
/content/drive/MyDrive/MedSymmFlow_Project/fid_analysis/real_normal_1214/real_normal_0112.png,/content/drive/MyDrive/MedSymmFlow_Project/fid_analysis/real_normal_1214/real_normal_0220.png,0.9604774713516235
/content/drive/MyDrive/MedSymmFlow_Project/fid_analysis/real_normal_1214/real_normal_0220.png,/content/drive/MyDrive/MedSymmFlow_Project/fid_analysis/real_normal_1214/real_normal_0112.png,0.9604774713516235
/content/drive/MyDrive/MedSymmFlow_Project/fid_analysis/real_normal_1214/real_normal_0723.png,/content/drive/MyDrive/MedSymmFlow_Project/fid_analysis/real_normal_1214/real_normal_1180.png,0.9604500532150269
/content/drive/MyDrive/MedSymmFlow_Project/fid_analysis/real_normal_1214/real_normal_1180.png,/content/drive/MyDrive/MedSymmFlow_Project/fid_analysis/real_normal_1214/real_normal_0723.png,0.9604500532150269
/content/drive/MyDrive/MedSymmFlow_Project/fid_analysis/real_normal_1214/real_normal_0180.png,/content/drive/MyDrive/MedSymmFlow_Project/fid_analysis/real_normal_1214/real_normal_0417.png,0.9604040384292603
/content/drive/MyDrive/MedSymmFlow_Project/fid_analysis/real_normal_1214/real_normal_1042.png,/content/drive/MyDrive/MedSymmFlow_Project/fid_analysis/real_normal_1214/real_normal_0763.png,0.9603711366653442
/content/drive/MyDrive/MedSymmFlow_Project/fid_analysis/real_normal_1214/real_normal_0763.png,/content/drive/MyDrive/MedSymmFlow_Project/fid_analysis/real_normal_1214/real_normal_1042.png,0.9603711366653442
/content/drive/MyDrive/MedSymmFlow_Project/fid_analysis/real_normal_1214/real_normal_0043.png,/content/drive/MyDrive/MedSymmFlow_Project/fid_analysis/real_normal_1214/real_normal_0824.png,0.9603619575500488
/content/drive/MyDrive/MedSymmFlow_Project/fid_analysis/real_normal_1214/real_normal_0943.png,/content/drive/MyDrive/MedSymmFlow_Project/fid_analysis/real_normal_1214/real_normal_0967.png,0.960348904132843
/content/drive/MyDrive/MedSymmFlow_Project/fid_analysis/real_normal_1214/real_normal_0904.png,/content/drive/MyDrive/MedSymmFlow_Project/fid_analysis/real_normal_1214/real_normal_0516.png,0.9603310823440552
/content/drive/MyDrive/MedSymmFlow_Project/fid_analysis/real_normal_1214/real_normal_0625.png,/content/drive/MyDrive/MedSymmFlow_Project/fid_analysis/real_normal_1214/real_normal_0753.png,0.9603301286697388
/content/drive/MyDrive/MedSymmFlow_Project/fid_analysis/real_normal_1214/real_normal_0352.png,/content/drive/MyDrive/MedSymmFlow_Project/fid_analysis/real_normal_1214/real_normal_0375.png,0.9602891802787781
/content/drive/MyDrive/MedSymmFlow_Project/fid_analysis/real_normal_1214/real_normal_0236.png,/content/drive/MyDrive/MedSymmFlow_Project/fid_analysis/real_normal_1214/real_normal_0112.png,0.9602521657943726
/content/drive/MyDrive/MedSymmFlow_Project/fid_analysis/real_normal_1214/real_normal_0173.png,/content/drive/MyDrive/MedSymmFlow_Project/fid_analysis/real_normal_1214/real_normal_0321.png,0.9602453112602234
/content/drive/MyDrive/MedSymmFlow_Project/fid_analysis/real_normal_1214/real_normal_1039.png,/content/drive/MyDrive/MedSymmFlow_Project/fid_analysis/real_normal_1214/real_normal_1046.png,0.9601949453353882
/content/drive/MyDrive/MedSymmFlow_Project/fid_analysis/real_normal_1214/real_normal_1046.png,/content/drive/MyDrive/MedSymmFlow_Project/fid_analysis/real_normal_1214/real_normal_1039.png,0.9601949453353882
/content/drive/MyDrive/MedSymmFlow_Project/fid_analysis/real_normal_1214/real_normal_1070.png,/content/drive/MyDrive/MedSymmFlow_Project/fid_analysis/real_normal_1214/real_normal_0651.png,0.960128664970398
/content/drive/MyDrive/MedSymmFlow_Project/fid_analysis/real_normal_1214/real_normal_0311.png,/content/drive/MyDrive/MedSymmFlow_Project/fid_analysis/real_normal_1214/real_normal_0760.png,0.9601188898086548
/content/drive/MyDrive/MedSymmFlow_Project/fid_analysis/real_normal_1214/real_normal_0791.png,/content/drive/MyDrive/MedSymmFlow_Project/fid_analysis/real_normal_1214/real_normal_0568.png,0.9600576758384705
/content/drive/MyDrive/MedSymmFlow_Project/fid_analysis/real_normal_1214/real_normal_0568.png,/content/drive/MyDrive/MedSymmFlow_Project/fid_analysis/real_normal_1214/real_normal_0791.png,0.9600576758384705
/content/drive/MyDrive/MedSymmFlow_Project/fid_analysis/real_normal_1214/real_normal_1127.png,/content/drive/MyDrive/MedSymmFlow_Project/fid_analysis/real_normal_1214/real_normal_0647.png,0.9600499868392944
/content/drive/MyDrive/MedSymmFlow_Project/fid_analysis/real_normal_1214/real_normal_0853.png,/content/drive/MyDrive/MedSymmFlow_Project/fid_analysis/real_normal_1214/real_normal_0095.png,0.9600234031677246
/content/drive/MyDrive/MedSymmFlow_Project/fid_analysis/real_normal_1214/real_normal_0494.png,/content/drive/MyDrive/MedSymmFlow_Project/fid_analysis/real_normal_1214/real_normal_0760.png,0.959909200668335
/content/drive/MyDrive/MedSymmFlow_Project/fid_analysis/real_normal_1214/real_normal_0741.png,/content/drive/MyDrive/MedSymmFlow_Project/fid_analysis/real_normal_1214/real_normal_0016.png,0.9598785638809204
/content/drive/MyDrive/MedSymmFlow_Project/fid_analysis/real_normal_1214/real_normal_0811.png,/content/drive/MyDrive/MedSymmFlow_Project/fid_analysis/real_normal_1214/real_normal_0973.png,0.9598760604858398
/content/drive/MyDrive/MedSymmFlow_Project/fid_analysis/real_normal_1214/real_normal_0973.png,/content/drive/MyDrive/MedSymmFlow_Project/fid_analysis/real_normal_1214/real_normal_0811.png,0.9598760604858398
/content/drive/MyDrive/MedSymmFlow_Project/fid_analysis/real_normal_1214/real_normal_0432.png,/content/drive/MyDrive/MedSymmFlow_Project/fid_analysis/real_normal_1214/real_normal_1117.png,0.9598739147186279
/content/drive/MyDrive/MedSymmFlow_Project/fid_analysis/real_normal_1214/real_normal_0137.png,/content/drive/MyDrive/MedSymmFlow_Project/fid_analysis/real_normal_1214/real_normal_1147.png,0.9598732590675354
/content/drive/MyDrive/MedSymmFlow_Project/fid_analysis/real_normal_1214/real_normal_0116.png,/content/drive/MyDrive/MedSymmFlow_Project/fid_analysis/real_normal_1214/real_normal_0658.png,0.9598077535629272
/content/drive/MyDrive/MedSymmFlow_Project/fid_analysis/real_normal_1214/real_normal_0497.png,/content/drive/MyDrive/MedSymmFlow_Project/fid_analysis/real_normal_1214/real_normal_0047.png,0.9598055481910706
/content/drive/MyDrive/MedSymmFlow_Project/fid_analysis/real_normal_1214/real_normal_0344.png,/content/drive/MyDrive/MedSymmFlow_Project/fid_analysis/real_normal_1214/real_normal_1016.png,0.9597592353820801
/content/drive/MyDrive/MedSymmFlow_Project/fid_analysis/real_normal_1214/real_normal_0089.png,/content/drive/MyDrive/MedSymmFlow_Project/fid_analysis/real_normal_1214/real_normal_0407.png,0.9597300291061401
/content/drive/MyDrive/MedSymmFlow_Project/fid_analysis/real_normal_1214/real_normal_0407.png,/content/drive/MyDrive/MedSymmFlow_Project/fid_analysis/real_normal_1214/real_normal_0089.png,0.9597300291061401
/content/drive/MyDrive/MedSymmFlow_Project/fid_analysis/real_normal_1214/real_normal_0680.png,/content/drive/MyDrive/MedSymmFlow_Project/fid_analysis/real_normal_1214/real_normal_0813.png,0.9597290754318237
/content/drive/MyDrive/MedSymmFlow_Project/fid_analysis/real_normal_1214/real_normal_0515.png,/content/drive/MyDrive/MedSymmFlow_Project/fid_analysis/real_normal_1214/real_normal_0848.png,0.9596946239471436
/content/drive/MyDrive/MedSymmFlow_Project/fid_analysis/real_normal_1214/real_normal_0848.png,/content/drive/MyDrive/MedSymmFlow_Project/fid_analysis/real_normal_1214/real_normal_0515.png,0.9596946239471436
/content/drive/MyDrive/MedSymmFlow_Project/fid_analysis/real_normal_1214/real_normal_0679.png,/content/drive/MyDrive/MedSymmFlow_Project/fid_analysis/real_normal_1214/real_normal_0813.png,0.959686279296875
/content/drive/MyDrive/MedSymmFlow_Project/fid_analysis/real_normal_1214/real_normal_0540.png,/content/drive/MyDrive/MedSymmFlow_Project/fid_analysis/real_normal_1214/real_normal_0986.png,0.9596689939498901
/content/drive/MyDrive/MedSymmFlow_Project/fid_analysis/real_normal_1214/real_normal_0584.png,/content/drive/MyDrive/MedSymmFlow_Project/fid_analysis/real_normal_1214/real_normal_0188.png,0.9596391916275024
/content/drive/MyDrive/MedSymmFlow_Project/fid_analysis/real_normal_1214/real_normal_0131.png,/content/drive/MyDrive/MedSymmFlow_Project/fid_analysis/real_normal_1214/real_normal_0089.png,0.9596300721168518
/content/drive/MyDrive/MedSymmFlow_Project/fid_analysis/real_normal_1214/real_normal_0274.png,/content/drive/MyDrive/MedSymmFlow_Project/fid_analysis/real_normal_1214/real_normal_0912.png,0.9596294164657593
/content/drive/MyDrive/MedSymmFlow_Project/fid_analysis/real_normal_1214/real_normal_1076.png,/content/drive/MyDrive/MedSymmFlow_Project/fid_analysis/real_normal_1214/real_normal_0703.png,0.9596219658851624
/content/drive/MyDrive/MedSymmFlow_Project/fid_analysis/real_normal_1214/real_normal_0614.png,/content/drive/MyDrive/MedSymmFlow_Project/fid_analysis/real_normal_1214/real_normal_0777.png,0.9596035480499268
/content/drive/MyDrive/MedSymmFlow_Project/fid_analysis/real_normal_1214/real_normal_1087.png,/content/drive/MyDrive/MedSymmFlow_Project/fid_analysis/real_normal_1214/real_normal_1151.png,0.9595961570739746
/content/drive/MyDrive/MedSymmFlow_Project/fid_analysis/real_normal_1214/real_normal_1028.png,/content/drive/MyDrive/MedSymmFlow_Project/fid_analysis/real_normal_1214/real_normal_0418.png,0.9595420360565186
/content/drive/MyDrive/MedSymmFlow_Project/fid_analysis/real_normal_1214/real_normal_0418.png,/content/drive/MyDrive/MedSymmFlow_Project/fid_analysis/real_normal_1214/real_normal_1028.png,0.9595420360565186
/content/drive/MyDrive/MedSymmFlow_Project/fid_analysis/real_normal_1214/real_normal_0878.png,/content/drive/MyDrive/MedSymmFlow_Project/fid_analysis/real_normal_1214/real_normal_0813.png,0.9594878554344177
/content/drive/MyDrive/MedSymmFlow_Project/fid_analysis/real_normal_1214/real_normal_1025.png,/content/drive/MyDrive/MedSymmFlow_Project/fid_analysis/real_normal_1214/real_normal_0494.png,0.9594775438308716
/content/drive/MyDrive/MedSymmFlow_Project/fid_analysis/real_normal_1214/real_normal_1053.png,/content/drive/MyDrive/MedSymmFlow_Project/fid_analysis/real_normal_1214/real_normal_0299.png,0.9593918323516846
/content/drive/MyDrive/MedSymmFlow_Project/fid_analysis/real_normal_1214/real_normal_0744.png,/content/drive/MyDrive/MedSymmFlow_Project/fid_analysis/real_normal_1214/real_normal_0163.png,0.9593430161476135
/content/drive/MyDrive/MedSymmFlow_Project/fid_analysis/real_normal_1214/real_normal_0163.png,/content/drive/MyDrive/MedSymmFlow_Project/fid_analysis/real_normal_1214/real_normal_0744.png,0.9593430161476135
/content/drive/MyDrive/MedSymmFlow_Project/fid_analysis/real_normal_1214/real_normal_0692.png,/content/drive/MyDrive/MedSymmFlow_Project/fid_analysis/real_normal_1214/real_normal_0203.png,0.9592885971069336
/content/drive/MyDrive/MedSymmFlow_Project/fid_analysis/real_normal_1214/real_normal_0203.png,/content/drive/MyDrive/MedSymmFlow_Project/fid_analysis/real_normal_1214/real_normal_0692.png,0.9592885971069336
/content/drive/MyDrive/MedSymmFlow_Project/fid_analysis/real_normal_1214/real_normal_0133.png,/content/drive/MyDrive/MedSymmFlow_Project/fid_analysis/real_normal_1214/real_normal_0857.png,0.959282398223877
/content/drive/MyDrive/MedSymmFlow_Project/fid_analysis/real_normal_1214/real_normal_0019.png,/content/drive/MyDrive/MedSymmFlow_Project/fid_analysis/real_normal_1214/real_normal_0375.png,0.9592562913894653
/content/drive/MyDrive/MedSymmFlow_Project/fid_analysis/real_normal_1214/real_normal_0288.png,/content/drive/MyDrive/MedSymmFlow_Project/fid_analysis/real_normal_1214/real_normal_0225.png,0.9592335820198059
/content/drive/MyDrive/MedSymmFlow_Project/fid_analysis/real_normal_1214/real_normal_0789.png,/content/drive/MyDrive/MedSymmFlow_Project/fid_analysis/real_normal_1214/real_normal_0353.png,0.9591550827026367
/content/drive/MyDrive/MedSymmFlow_Project/fid_analysis/real_normal_1214/real_normal_0627.png,/content/drive/MyDrive/MedSymmFlow_Project/fid_analysis/real_normal_1214/real_normal_0888.png,0.9591175317764282
/content/drive/MyDrive/MedSymmFlow_Project/fid_analysis/real_normal_1214/real_normal_0888.png,/content/drive/MyDrive/MedSymmFlow_Project/fid_analysis/real_normal_1214/real_normal_0627.png,0.9591175317764282
/content/drive/MyDrive/MedSymmFlow_Project/fid_analysis/real_normal_1214/real_normal_0085.png,/content/drive/MyDrive/MedSymmFlow_Project/fid_analysis/real_normal_1214/real_normal_0522.png,0.9591137170791626
/content/drive/MyDrive/MedSymmFlow_Project/fid_analysis/real_normal_1214/real_normal_0821.png,/content/drive/MyDrive/MedSymmFlow_Project/fid_analysis/real_normal_1214/real_normal_0833.png,0.9590870141983032
/content/drive/MyDrive/MedSymmFlow_Project/fid_analysis/real_normal_1214/real_normal_0833.png,/content/drive/MyDrive/MedSymmFlow_Project/fid_analysis/real_normal_1214/real_normal_0821.png,0.9590870141983032
/content/drive/MyDrive/MedSymmFlow_Project/fid_analysis/real_normal_1214/real_normal_0639.png,/content/drive/MyDrive/MedSymmFlow_Project/fid_analysis/real_normal_1214/real_normal_0277.png,0.9590559601783752
/content/drive/MyDrive/MedSymmFlow_Project/fid_analysis/real_normal_1214/real_normal_0485.png,/content/drive/MyDrive/MedSymmFlow_Project/fid_analysis/real_normal_1214/real_normal_0299.png,0.9590383768081665
/content/drive/MyDrive/MedSymmFlow_Project/fid_analysis/real_normal_1214/real_normal_0716.png,/content/drive/MyDrive/MedSymmFlow_Project/fid_analysis/real_normal_1214/real_normal_0824.png,0.959033727645874
/content/drive/MyDrive/MedSymmFlow_Project/fid_analysis/real_normal_1214/real_normal_0013.png,/content/drive/MyDrive/MedSymmFlow_Project/fid_analysis/real_normal_1214/real_normal_0647.png,0.9590269923210144
/content/drive/MyDrive/MedSymmFlow_Project/fid_analysis/real_normal_1214/real_normal_1213.png,/content/drive/MyDrive/MedSymmFlow_Project/fid_analysis/real_normal_1214/real_normal_0251.png,0.958984375
/content/drive/MyDrive/MedSymmFlow_Project/fid_analysis/real_normal_1214/real_normal_0413.png,/content/drive/MyDrive/MedSymmFlow_Project/fid_analysis/real_normal_1214/real_normal_0628.png,0.9589841365814209
/content/drive/MyDrive/MedSymmFlow_Project/fid_analysis/real_normal_1214/real_normal_0628.png,/content/drive/MyDrive/MedSymmFlow_Project/fid_analysis/real_normal_1214/real_normal_0413.png,0.9589841365814209
/content/drive/MyDrive/MedSymmFlow_Project/fid_analysis/real_normal_1214/real_normal_0286.png,/content/drive/MyDrive/MedSymmFlow_Project/fid_analysis/real_normal_1214/real_normal_0519.png,0.9589555263519287
/content/drive/MyDrive/MedSymmFlow_Project/fid_analysis/real_normal_1214/real_normal_0519.png,/content/drive/MyDrive/MedSymmFlow_Project/fid_analysis/real_normal_1214/real_normal_0286.png,0.9589555263519287
/content/drive/MyDrive/MedSymmFlow_Project/fid_analysis/real_normal_1214/real_normal_0169.png,/content/drive/MyDrive/MedSymmFlow_Project/fid_analysis/real_normal_1214/real_normal_1130.png,0.9589451551437378
/content/drive/MyDrive/MedSymmFlow_Project/fid_analysis/real_normal_1214/real_normal_1130.png,/content/drive/MyDrive/MedSymmFlow_Project/fid_analysis/real_normal_1214/real_normal_0169.png,0.9589451551437378
/content/drive/MyDrive/MedSymmFlow_Project/fid_analysis/real_normal_1214/real_normal_1177.png,/content/drive/MyDrive/MedSymmFlow_Project/fid_analysis/real_normal_1214/real_normal_0047.png,0.9589246511459351
/content/drive/MyDrive/MedSymmFlow_Project/fid_analysis/real_normal_1214/real_normal_0768.png,/content/drive/MyDrive/MedSymmFlow_Project/fid_analysis/real_normal_1214/real_normal_1008.png,0.9589186906814575
/content/drive/MyDrive/MedSymmFlow_Project/fid_analysis/real_normal_1214/real_normal_1008.png,/content/drive/MyDrive/MedSymmFlow_Project/fid_analysis/real_normal_1214/real_normal_0768.png,0.9589186906814575
/content/drive/MyDrive/MedSymmFlow_Project/fid_analysis/real_normal_1214/real_normal_0196.png,/content/drive/MyDrive/MedSymmFlow_Project/fid_analysis/real_normal_1214/real_normal_0602.png,0.9589053392410278
/content/drive/MyDrive/MedSymmFlow_Project/fid_analysis/real_normal_1214/real_normal_0492.png,/content/drive/MyDrive/MedSymmFlow_Project/fid_analysis/real_normal_1214/real_normal_0722.png,0.9588733315467834
/content/drive/MyDrive/MedSymmFlow_Project/fid_analysis/real_normal_1214/real_normal_1179.png,/content/drive/MyDrive/MedSymmFlow_Project/fid_analysis/real_normal_1214/real_normal_0703.png,0.9588582515716553
/content/drive/MyDrive/MedSymmFlow_Project/fid_analysis/real_normal_1214/real_normal_0468.png,/content/drive/MyDrive/MedSymmFlow_Project/fid_analysis/real_normal_1214/real_normal_0658.png,0.9588395953178406
/content/drive/MyDrive/MedSymmFlow_Project/fid_analysis/real_normal_1214/real_normal_0952.png,/content/drive/MyDrive/MedSymmFlow_Project/fid_analysis/real_normal_1214/real_normal_0502.png,0.9588296413421631
/content/drive/MyDrive/MedSymmFlow_Project/fid_analysis/real_normal_1214/real_normal_0587.png,/content/drive/MyDrive/MedSymmFlow_Project/fid_analysis/real_normal_1214/real_normal_0012.png,0.9588149785995483
/content/drive/MyDrive/MedSymmFlow_Project/fid_analysis/real_normal_1214/real_normal_0298.png,/content/drive/MyDrive/MedSymmFlow_Project/fid_analysis/real_normal_1214/real_normal_0843.png,0.9588149785995483
/content/drive/MyDrive/MedSymmFlow_Project/fid_analysis/real_normal_1214/real_normal_0012.png,/content/drive/MyDrive/MedSymmFlow_Project/fid_analysis/real_normal_1214/real_normal_0587.png,0.9588149785995483
/content/drive/MyDrive/MedSymmFlow_Project/fid_analysis/real_normal_1214/real_normal_0843.png,/content/drive/MyDrive/MedSymmFlow_Project/fid_analysis/real_normal_1214/real_normal_0298.png,0.9588149785995483
/content/drive/MyDrive/MedSymmFlow_Project/fid_analysis/real_normal_1214/real_normal_0218.png,/content/drive/MyDrive/MedSymmFlow_Project/fid_analysis/real_normal_1214/real_normal_0651.png,0.9588123559951782
/content/drive/MyDrive/MedSymmFlow_Project/fid_analysis/real_normal_1214/real_normal_0159.png,/content/drive/MyDrive/MedSymmFlow_Project/fid_analysis/real_normal_1214/real_normal_0252.png,0.9588006734848022
/content/drive/MyDrive/MedSymmFlow_Project/fid_analysis/real_normal_1214/real_normal_0812.png,/content/drive/MyDrive/MedSymmFlow_Project/fid_analysis/real_normal_1214/real_normal_1049.png,0.9587807655334473
/content/drive/MyDrive/MedSymmFlow_Project/fid_analysis/real_normal_1214/real_normal_1049.png,/content/drive/MyDrive/MedSymmFlow_Project/fid_analysis/real_normal_1214/real_normal_0812.png,0.9587807655334473
/content/drive/MyDrive/MedSymmFlow_Project/fid_analysis/real_normal_1214/real_normal_1194.png,/content/drive/MyDrive/MedSymmFlow_Project/fid_analysis/real_normal_1214/real_normal_0599.png,0.9587526321411133
/content/drive/MyDrive/MedSymmFlow_Project/fid_analysis/real_normal_1214/real_normal_0599.png,/content/drive/MyDrive/MedSymmFlow_Project/fid_analysis/real_normal_1214/real_normal_1194.png,0.9587526321411133
/content/drive/MyDrive/MedSymmFlow_Project/fid_analysis/real_normal_1214/real_normal_0809.png,/content/drive/MyDrive/MedSymmFlow_Project/fid_analysis/real_normal_1214/real_normal_0483.png,0.9586697816848755
/content/drive/MyDrive/MedSymmFlow_Project/fid_analysis/real_normal_1214/real_normal_0879.png,/content/drive/MyDrive/MedSymmFlow_Project/fid_analysis/real_normal_1214/real_normal_1191.png,0.9586511850357056
/content/drive/MyDrive/MedSymmFlow_Project/fid_analysis/real_normal_1214/real_normal_1191.png,/content/drive/MyDrive/MedSymmFlow_Project/fid_analysis/real_normal_1214/real_normal_0879.png,0.9586511850357056
/content/drive/MyDrive/MedSymmFlow_Project/fid_analysis/real_normal_1214/real_normal_0885.png,/content/drive/MyDrive/MedSymmFlow_Project/fid_analysis/real_normal_1214/real_normal_1010.png,0.9585915803909302
/content/drive/MyDrive/MedSymmFlow_Project/fid_analysis/real_normal_1214/real_normal_0433.png,/content/drive/MyDrive/MedSymmFlow_Project/fid_analysis/real_normal_1214/real_normal_0305.png,0.9585723876953125
/content/drive/MyDrive/MedSymmFlow_Project/fid_analysis/real_normal_1214/real_normal_0305.png,/content/drive/MyDrive/MedSymmFlow_Project/fid_analysis/real_normal_1214/real_normal_0433.png,0.9585723876953125
/content/drive/MyDrive/MedSymmFlow_Project/fid_analysis/real_normal_1214/real_normal_1055.png,/content/drive/MyDrive/MedSymmFlow_Project/fid_analysis/real_normal_1214/real_normal_0882.png,0.9585380554199219
/content/drive/MyDrive/MedSymmFlow_Project/fid_analysis/real_normal_1214/real_normal_0882.png,/content/drive/MyDrive/MedSymmFlow_Project/fid_analysis/real_normal_1214/real_normal_1055.png,0.9585380554199219
/content/drive/MyDrive/MedSymmFlow_Project/fid_analysis/real_normal_1214/real_normal_0052.png,/content/drive/MyDrive/MedSymmFlow_Project/fid_analysis/real_normal_1214/real_normal_1013.png,0.9585371613502502
/content/drive/MyDrive/MedSymmFlow_Project/fid_analysis/real_normal_1214/real_normal_1013.png,/content/drive/MyDrive/MedSymmFlow_Project/fid_analysis/real_normal_1214/real_normal_0052.png,0.9585371613502502
/content/drive/MyDrive/MedSymmFlow_Project/fid_analysis/real_normal_1214/real_normal_0890.png,/content/drive/MyDrive/MedSymmFlow_Project/fid_analysis/real_normal_1214/real_normal_0813.png,0.9585355520248413
/content/drive/MyDrive/MedSymmFlow_Project/fid_analysis/real_normal_1214/real_normal_0719.png,/content/drive/MyDrive/MedSymmFlow_Project/fid_analysis/real_normal_1214/real_normal_0813.png,0.9585226774215698
/content/drive/MyDrive/MedSymmFlow_Project/fid_analysis/real_normal_1214/real_normal_0518.png,/content/drive/MyDrive/MedSymmFlow_Project/fid_analysis/real_normal_1214/real_normal_0688.png,0.958517849445343
/content/drive/MyDrive/MedSymmFlow_Project/fid_analysis/real_normal_1214/real_normal_0688.png,/content/drive/MyDrive/MedSymmFlow_Project/fid_analysis/real_normal_1214/real_normal_0518.png,0.958517849445343
/content/drive/MyDrive/MedSymmFlow_Project/fid_analysis/real_normal_1214/real_normal_0644.png,/content/drive/MyDrive/MedSymmFlow_Project/fid_analysis/real_normal_1214/real_normal_0185.png,0.9584920406341553
/content/drive/MyDrive/MedSymmFlow_Project/fid_analysis/real_normal_1214/real_normal_0185.png,/content/drive/MyDrive/MedSymmFlow_Project/fid_analysis/real_normal_1214/real_normal_0644.png,0.9584920406341553
/content/drive/MyDrive/MedSymmFlow_Project/fid_analysis/real_normal_1214/real_normal_0390.png,/content/drive/MyDrive/MedSymmFlow_Project/fid_analysis/real_normal_1214/real_normal_0398.png,0.9584717750549316
/content/drive/MyDrive/MedSymmFlow_Project/fid_analysis/real_normal_1214/real_normal_0449.png,/content/drive/MyDrive/MedSymmFlow_Project/fid_analysis/real_normal_1214/real_normal_0370.png,0.958464503288269
/content/drive/MyDrive/MedSymmFlow_Project/fid_analysis/real_normal_1214/real_normal_0370.png,/content/drive/MyDrive/MedSymmFlow_Project/fid_analysis/real_normal_1214/real_normal_0449.png,0.958464503288269
/content/drive/MyDrive/MedSymmFlow_Project/fid_analysis/real_normal_1214/real_normal_0665.png,/content/drive/MyDrive/MedSymmFlow_Project/fid_analysis/real_normal_1214/real_normal_0805.png,0.9584475159645081
/content/drive/MyDrive/MedSymmFlow_Project/fid_analysis/real_normal_1214/real_normal_0900.png,/content/drive/MyDrive/MedSymmFlow_Project/fid_analysis/real_normal_1214/real_normal_0876.png,0.9584399461746216
/content/drive/MyDrive/MedSymmFlow_Project/fid_analysis/real_normal_1214/real_normal_0869.png,/content/drive/MyDrive/MedSymmFlow_Project/fid_analysis/real_normal_1214/real_normal_0566.png,0.958426833152771
/content/drive/MyDrive/MedSymmFlow_Project/fid_analysis/real_normal_1214/real_normal_0512.png,/content/drive/MyDrive/MedSymmFlow_Project/fid_analysis/real_normal_1214/real_normal_0918.png,0.9584026336669922
/content/drive/MyDrive/MedSymmFlow_Project/fid_analysis/real_normal_1214/real_normal_0342.png,/content/drive/MyDrive/MedSymmFlow_Project/fid_analysis/real_normal_1214/real_normal_0627.png,0.9583855867385864
/content/drive/MyDrive/MedSymmFlow_Project/fid_analysis/real_normal_1214/real_normal_0351.png,/content/drive/MyDrive/MedSymmFlow_Project/fid_analysis/real_normal_1214/real_normal_0777.png,0.958352267742157
/content/drive/MyDrive/MedSymmFlow_Project/fid_analysis/real_normal_1214/real_normal_0265.png,/content/drive/MyDrive/MedSymmFlow_Project/fid_analysis/real_normal_1214/real_normal_0688.png,0.9583465456962585
/content/drive/MyDrive/MedSymmFlow_Project/fid_analysis/real_normal_1214/real_normal_0253.png,/content/drive/MyDrive/MedSymmFlow_Project/fid_analysis/real_normal_1214/real_normal_0777.png,0.958343505859375
/content/drive/MyDrive/MedSymmFlow_Project/fid_analysis/real_normal_1214/real_normal_0572.png,/content/drive/MyDrive/MedSymmFlow_Project/fid_analysis/real_normal_1214/real_normal_0848.png,0.9583361148834229
/content/drive/MyDrive/MedSymmFlow_Project/fid_analysis/real_normal_1214/real_normal_1090.png,/content/drive/MyDrive/MedSymmFlow_Project/fid_analysis/real_normal_1214/real_normal_0651.png,0.9583091735839844
/content/drive/MyDrive/MedSymmFlow_Project/fid_analysis/real_normal_1214/real_normal_1156.png,/content/drive/MyDrive/MedSymmFlow_Project/fid_analysis/real_normal_1214/real_normal_0416.png,0.9583057165145874
/content/drive/MyDrive/MedSymmFlow_Project/fid_analysis/real_normal_1214/real_normal_0110.png,/content/drive/MyDrive/MedSymmFlow_Project/fid_analysis/real_normal_1214/real_normal_0688.png,0.9583028554916382
/content/drive/MyDrive/MedSymmFlow_Project/fid_analysis/real_normal_1214/real_normal_0080.png,/content/drive/MyDrive/MedSymmFlow_Project/fid_analysis/real_normal_1214/real_normal_1179.png,0.9582979679107666
/content/drive/MyDrive/MedSymmFlow_Project/fid_analysis/real_normal_1214/real_normal_0634.png,/content/drive/MyDrive/MedSymmFlow_Project/fid_analysis/real_normal_1214/real_normal_1088.png,0.9582545757293701
/content/drive/MyDrive/MedSymmFlow_Project/fid_analysis/real_normal_1214/real_normal_1088.png,/content/drive/MyDrive/MedSymmFlow_Project/fid_analysis/real_normal_1214/real_normal_0634.png,0.9582545757293701
/content/drive/MyDrive/MedSymmFlow_Project/fid_analysis/real_normal_1214/real_normal_0263.png,/content/drive/MyDrive/MedSymmFlow_Project/fid_analysis/real_normal_1214/real_normal_0759.png,0.9582257270812988
/content/drive/MyDrive/MedSymmFlow_Project/fid_analysis/real_normal_1214/real_normal_1141.png,/content/drive/MyDrive/MedSymmFlow_Project/fid_analysis/real_normal_1214/real_normal_0416.png,0.9582077264785767
/content/drive/MyDrive/MedSymmFlow_Project/fid_analysis/real_normal_1214/real_normal_0742.png,/content/drive/MyDrive/MedSymmFlow_Project/fid_analysis/real_normal_1214/real_normal_1151.png,0.9581884145736694
/content/drive/MyDrive/MedSymmFlow_Project/fid_analysis/real_normal_1214/real_normal_0366.png,/content/drive/MyDrive/MedSymmFlow_Project/fid_analysis/real_normal_1214/real_normal_1137.png,0.9581775665283203
/content/drive/MyDrive/MedSymmFlow_Project/fid_analysis/real_normal_1214/real_normal_0779.png,/content/drive/MyDrive/MedSymmFlow_Project/fid_analysis/real_normal_1214/real_normal_0554.png,0.9581652879714966
/content/drive/MyDrive/MedSymmFlow_Project/fid_analysis/real_normal_1214/real_normal_0689.png,/content/drive/MyDrive/MedSymmFlow_Project/fid_analysis/real_normal_1214/real_normal_0969.png,0.9581310749053955
/content/drive/MyDrive/MedSymmFlow_Project/fid_analysis/real_normal_1214/real_normal_0735.png,/content/drive/MyDrive/MedSymmFlow_Project/fid_analysis/real_normal_1214/real_normal_0019.png,0.9580954313278198
/content/drive/MyDrive/MedSymmFlow_Project/fid_analysis/real_normal_1214/real_normal_0635.png,/content/drive/MyDrive/MedSymmFlow_Project/fid_analysis/real_normal_1214/real_normal_0967.png,0.9580923318862915
/content/drive/MyDrive/MedSymmFlow_Project/fid_analysis/real_normal_1214/real_normal_0096.png,/content/drive/MyDrive/MedSymmFlow_Project/fid_analysis/real_normal_1214/real_normal_0418.png,0.9580504298210144
/content/drive/MyDrive/MedSymmFlow_Project/fid_analysis/real_normal_1214/real_normal_0337.png,/content/drive/MyDrive/MedSymmFlow_Project/fid_analysis/real_normal_1214/real_normal_0779.png,0.9579882621765137
/content/drive/MyDrive/MedSymmFlow_Project/fid_analysis/real_normal_1214/real_normal_0997.png,/content/drive/MyDrive/MedSymmFlow_Project/fid_analysis/real_normal_1214/real_normal_0400.png,0.9579869508743286
/content/drive/MyDrive/MedSymmFlow_Project/fid_analysis/real_normal_1214/real_normal_0206.png,/content/drive/MyDrive/MedSymmFlow_Project/fid_analysis/real_normal_1214/real_normal_0967.png,0.9579600095748901
/content/drive/MyDrive/MedSymmFlow_Project/fid_analysis/real_normal_1214/real_normal_0450.png,/content/drive/MyDrive/MedSymmFlow_Project/fid_analysis/real_normal_1214/real_normal_0533.png,0.9579578638076782
/content/drive/MyDrive/MedSymmFlow_Project/fid_analysis/real_normal_1214/real_normal_0533.png,/content/drive/MyDrive/MedSymmFlow_Project/fid_analysis/real_normal_1214/real_normal_0450.png,0.9579578638076782
/content/drive/MyDrive/MedSymmFlow_Project/fid_analysis/real_normal_1214/real_normal_0795.png,/content/drive/MyDrive/MedSymmFlow_Project/fid_analysis/real_normal_1214/real_normal_0400.png,0.9579521417617798
/content/drive/MyDrive/MedSymmFlow_Project/fid_analysis/real_normal_1214/real_normal_0701.png,/content/drive/MyDrive/MedSymmFlow_Project/fid_analysis/real_normal_1214/real_normal_0506.png,0.9579099416732788
/content/drive/MyDrive/MedSymmFlow_Project/fid_analysis/real_normal_1214/real_normal_0506.png,/content/drive/MyDrive/MedSymmFlow_Project/fid_analysis/real_normal_1214/real_normal_0701.png,0.9579099416732788
/content/drive/MyDrive/MedSymmFlow_Project/fid_analysis/real_normal_1214/real_normal_0419.png,/content/drive/MyDrive/MedSymmFlow_Project/fid_analysis/real_normal_1214/real_normal_0251.png,0.9579060673713684
/content/drive/MyDrive/MedSymmFlow_Project/fid_analysis/real_normal_1214/real_normal_1188.png,/content/drive/MyDrive/MedSymmFlow_Project/fid_analysis/real_normal_1214/real_normal_0117.png,0.9578978419303894
/content/drive/MyDrive/MedSymmFlow_Project/fid_analysis/real_normal_1214/real_normal_0117.png,/content/drive/MyDrive/MedSymmFlow_Project/fid_analysis/real_normal_1214/real_normal_1188.png,0.9578978419303894
/content/drive/MyDrive/MedSymmFlow_Project/fid_analysis/real_normal_1214/real_normal_0931.png,/content/drive/MyDrive/MedSymmFlow_Project/fid_analysis/real_normal_1214/real_normal_0843.png,0.9578865766525269
/content/drive/MyDrive/MedSymmFlow_Project/fid_analysis/real_normal_1214/real_normal_0436.png,/content/drive/MyDrive/MedSymmFlow_Project/fid_analysis/real_normal_1214/real_normal_0278.png,0.957844614982605
/content/drive/MyDrive/MedSymmFlow_Project/fid_analysis/real_normal_1214/real_normal_1148.png,/content/drive/MyDrive/MedSymmFlow_Project/fid_analysis/real_normal_1214/real_normal_0417.png,0.9578055143356323
/content/drive/MyDrive/MedSymmFlow_Project/fid_analysis/real_normal_1214/real_normal_1017.png,/content/drive/MyDrive/MedSymmFlow_Project/fid_analysis/real_normal_1214/real_normal_0984.png,0.9577341079711914
/content/drive/MyDrive/MedSymmFlow_Project/fid_analysis/real_normal_1214/real_normal_0984.png,/content/drive/MyDrive/MedSymmFlow_Project/fid_analysis/real_normal_1214/real_normal_1017.png,0.9577341079711914
/content/drive/MyDrive/MedSymmFlow_Project/fid_analysis/real_normal_1214/real_normal_1203.png,/content/drive/MyDrive/MedSymmFlow_Project/fid_analysis/real_normal_1214/real_normal_0904.png,0.9576654434204102
/content/drive/MyDrive/MedSymmFlow_Project/fid_analysis/real_normal_1214/real_normal_0830.png,/content/drive/MyDrive/MedSymmFlow_Project/fid_analysis/real_normal_1214/real_normal_1117.png,0.9576129913330078
/content/drive/MyDrive/MedSymmFlow_Project/fid_analysis/real_normal_1214/real_normal_0014.png,/content/drive/MyDrive/MedSymmFlow_Project/fid_analysis/real_normal_1214/real_normal_0994.png,0.9576078653335571
/content/drive/MyDrive/MedSymmFlow_Project/fid_analysis/real_normal_1214/real_normal_0798.png,/content/drive/MyDrive/MedSymmFlow_Project/fid_analysis/real_normal_1214/real_normal_0858.png,0.9575057029724121
/content/drive/MyDrive/MedSymmFlow_Project/fid_analysis/real_normal_1214/real_normal_1186.png,/content/drive/MyDrive/MedSymmFlow_Project/fid_analysis/real_normal_1214/real_normal_0928.png,0.9575035572052002
/content/drive/MyDrive/MedSymmFlow_Project/fid_analysis/real_normal_1214/real_normal_0708.png,/content/drive/MyDrive/MedSymmFlow_Project/fid_analysis/real_normal_1214/real_normal_1024.png,0.9574825763702393
/content/drive/MyDrive/MedSymmFlow_Project/fid_analysis/real_normal_1214/real_normal_0788.png,/content/drive/MyDrive/MedSymmFlow_Project/fid_analysis/real_normal_1214/real_normal_0048.png,0.9574583768844604
/content/drive/MyDrive/MedSymmFlow_Project/fid_analysis/real_normal_1214/real_normal_0048.png,/content/drive/MyDrive/MedSymmFlow_Project/fid_analysis/real_normal_1214/real_normal_0788.png,0.9574583768844604
/content/drive/MyDrive/MedSymmFlow_Project/fid_analysis/real_normal_1214/real_normal_0549.png,/content/drive/MyDrive/MedSymmFlow_Project/fid_analysis/real_normal_1214/real_normal_0732.png,0.9574533104896545
/content/drive/MyDrive/MedSymmFlow_Project/fid_analysis/real_normal_1214/real_normal_0732.png,/content/drive/MyDrive/MedSymmFlow_Project/fid_analysis/real_normal_1214/real_normal_0549.png,0.9574533104896545
/content/drive/MyDrive/MedSymmFlow_Project/fid_analysis/real_normal_1214/real_normal_0883.png,/content/drive/MyDrive/MedSymmFlow_Project/fid_analysis/real_normal_1214/real_normal_0759.png,0.9574531316757202
/content/drive/MyDrive/MedSymmFlow_Project/fid_analysis/real_normal_1214/real_normal_0552.png,/content/drive/MyDrive/MedSymmFlow_Project/fid_analysis/real_normal_1214/real_normal_0628.png,0.9574522972106934
/content/drive/MyDrive/MedSymmFlow_Project/fid_analysis/real_normal_1214/real_normal_0136.png,/content/drive/MyDrive/MedSymmFlow_Project/fid_analysis/real_normal_1214/real_normal_0967.png,0.9574390649795532
/content/drive/MyDrive/MedSymmFlow_Project/fid_analysis/real_normal_1214/real_normal_0401.png,/content/drive/MyDrive/MedSymmFlow_Project/fid_analysis/real_normal_1214/real_normal_0706.png,0.9574389457702637
/content/drive/MyDrive/MedSymmFlow_Project/fid_analysis/real_normal_1214/real_normal_0513.png,/content/drive/MyDrive/MedSymmFlow_Project/fid_analysis/real_normal_1214/real_normal_0813.png,0.9574163556098938
/content/drive/MyDrive/MedSymmFlow_Project/fid_analysis/real_normal_1214/real_normal_0077.png,/content/drive/MyDrive/MedSymmFlow_Project/fid_analysis/real_normal_1214/real_normal_0417.png,0.9574004411697388
/content/drive/MyDrive/MedSymmFlow_Project/fid_analysis/real_normal_1214/real_normal_0949.png,/content/drive/MyDrive/MedSymmFlow_Project/fid_analysis/real_normal_1214/real_normal_1087.png,0.9573898315429688
/content/drive/MyDrive/MedSymmFlow_Project/fid_analysis/real_normal_1214/real_normal_1201.png,/content/drive/MyDrive/MedSymmFlow_Project/fid_analysis/real_normal_1214/real_normal_1151.png,0.9573478698730469
/content/drive/MyDrive/MedSymmFlow_Project/fid_analysis/real_normal_1214/real_normal_0179.png,/content/drive/MyDrive/MedSymmFlow_Project/fid_analysis/real_normal_1214/real_normal_0048.png,0.9573334455490112
/content/drive/MyDrive/MedSymmFlow_Project/fid_analysis/real_normal_1214/real_normal_0453.png,/content/drive/MyDrive/MedSymmFlow_Project/fid_analysis/real_normal_1214/real_normal_1194.png,0.9573107957839966
/content/drive/MyDrive/MedSymmFlow_Project/fid_analysis/real_normal_1214/real_normal_0619.png,/content/drive/MyDrive/MedSymmFlow_Project/fid_analysis/real_normal_1214/real_normal_0342.png,0.9573091268539429
/content/drive/MyDrive/MedSymmFlow_Project/fid_analysis/real_normal_1214/real_normal_1116.png,/content/drive/MyDrive/MedSymmFlow_Project/fid_analysis/real_normal_1214/real_normal_1050.png,0.9572725296020508
/content/drive/MyDrive/MedSymmFlow_Project/fid_analysis/real_normal_1214/real_normal_1050.png,/content/drive/MyDrive/MedSymmFlow_Project/fid_analysis/real_normal_1214/real_normal_1116.png,0.9572725296020508
/content/drive/MyDrive/MedSymmFlow_Project/fid_analysis/real_normal_1214/real_normal_1146.png,/content/drive/MyDrive/MedSymmFlow_Project/fid_analysis/real_normal_1214/real_normal_0522.png,0.9572681188583374
/content/drive/MyDrive/MedSymmFlow_Project/fid_analysis/real_normal_1214/real_normal_0893.png,/content/drive/MyDrive/MedSymmFlow_Project/fid_analysis/real_normal_1214/real_normal_0080.png,0.9572567939758301
/content/drive/MyDrive/MedSymmFlow_Project/fid_analysis/real_normal_1214/real_normal_0849.png,/content/drive/MyDrive/MedSymmFlow_Project/fid_analysis/real_normal_1214/real_normal_0381.png,0.9572464227676392
/content/drive/MyDrive/MedSymmFlow_Project/fid_analysis/real_normal_1214/real_normal_0561.png,/content/drive/MyDrive/MedSymmFlow_Project/fid_analysis/real_normal_1214/real_normal_0767.png,0.9572405815124512
/content/drive/MyDrive/MedSymmFlow_Project/fid_analysis/real_normal_1214/real_normal_0767.png,/content/drive/MyDrive/MedSymmFlow_Project/fid_analysis/real_normal_1214/real_normal_0561.png,0.9572405815124512
/content/drive/MyDrive/MedSymmFlow_Project/fid_analysis/real_normal_1214/real_normal_0797.png,/content/drive/MyDrive/MedSymmFlow_Project/fid_analysis/real_normal_1214/real_normal_0555.png,0.9572150707244873
/content/drive/MyDrive/MedSymmFlow_Project/fid_analysis/real_normal_1214/real_normal_0329.png,/content/drive/MyDrive/MedSymmFlow_Project/fid_analysis/real_normal_1214/real_normal_0890.png,0.9571996331214905
/content/drive/MyDrive/MedSymmFlow_Project/fid_analysis/real_normal_1214/real_normal_0025.png,/content/drive/MyDrive/MedSymmFlow_Project/fid_analysis/real_normal_1214/real_normal_0144.png,0.9571914672851562
/content/drive/MyDrive/MedSymmFlow_Project/fid_analysis/real_normal_1214/real_normal_0144.png,/content/drive/MyDrive/MedSymmFlow_Project/fid_analysis/real_normal_1214/real_normal_0025.png,0.9571914672851562
/content/drive/MyDrive/MedSymmFlow_Project/fid_analysis/real_normal_1214/real_normal_0093.png,/content/drive/MyDrive/MedSymmFlow_Project/fid_analysis/real_normal_1214/real_normal_0061.png,0.9571870565414429
/content/drive/MyDrive/MedSymmFlow_Project/fid_analysis/real_normal_1214/real_normal_0061.png,/content/drive/MyDrive/MedSymmFlow_Project/fid_analysis/real_normal_1214/real_normal_0093.png,0.9571870565414429
/content/drive/MyDrive/MedSymmFlow_Project/fid_analysis/real_normal_1214/real_normal_0612.png,/content/drive/MyDrive/MedSymmFlow_Project/fid_analysis/real_normal_1214/real_normal_0318.png,0.9571828842163086
/content/drive/MyDrive/MedSymmFlow_Project/fid_analysis/real_normal_1214/real_normal_0837.png,/content/drive/MyDrive/MedSymmFlow_Project/fid_analysis/real_normal_1214/real_normal_0236.png,0.9571758508682251
/content/drive/MyDrive/MedSymmFlow_Project/fid_analysis/real_normal_1214/real_normal_0175.png,/content/drive/MyDrive/MedSymmFlow_Project/fid_analysis/real_normal_1214/real_normal_0030.png,0.9571743607521057
/content/drive/MyDrive/MedSymmFlow_Project/fid_analysis/real_normal_1214/real_normal_1160.png,/content/drive/MyDrive/MedSymmFlow_Project/fid_analysis/real_normal_1214/real_normal_0457.png,0.9570416212081909
/content/drive/MyDrive/MedSymmFlow_Project/fid_analysis/real_normal_1214/real_normal_0926.png,/content/drive/MyDrive/MedSymmFlow_Project/fid_analysis/real_normal_1214/real_normal_0140.png,0.9570192098617554
/content/drive/MyDrive/MedSymmFlow_Project/fid_analysis/real_normal_1214/real_normal_0140.png,/content/drive/MyDrive/MedSymmFlow_Project/fid_analysis/real_normal_1214/real_normal_0926.png,0.9570192098617554
/content/drive/MyDrive/MedSymmFlow_Project/fid_analysis/real_normal_1214/real_normal_0244.png,/content/drive/MyDrive/MedSymmFlow_Project/fid_analysis/real_normal_1214/real_normal_0376.png,0.956978976726532
/content/drive/MyDrive/MedSymmFlow_Project/fid_analysis/real_normal_1214/real_normal_1199.png,/content/drive/MyDrive/MedSymmFlow_Project/fid_analysis/real_normal_1214/real_normal_0683.png,0.9569665193557739
/content/drive/MyDrive/MedSymmFlow_Project/fid_analysis/real_normal_1214/real_normal_0683.png,/content/drive/MyDrive/MedSymmFlow_Project/fid_analysis/real_normal_1214/real_normal_1199.png,0.9569665193557739
/content/drive/MyDrive/MedSymmFlow_Project/fid_analysis/real_normal_1214/real_normal_0308.png,/content/drive/MyDrive/MedSymmFlow_Project/fid_analysis/real_normal_1214/real_normal_0376.png,0.9569517374038696
/content/drive/MyDrive/MedSymmFlow_Project/fid_analysis/real_normal_1214/real_normal_0076.png,/content/drive/MyDrive/MedSymmFlow_Project/fid_analysis/real_normal_1214/real_normal_0540.png,0.9569357633590698
/content/drive/MyDrive/MedSymmFlow_Project/fid_analysis/real_normal_1214/real_normal_0440.png,/content/drive/MyDrive/MedSymmFlow_Project/fid_analysis/real_normal_1214/real_normal_0824.png,0.9569114446640015
/content/drive/MyDrive/MedSymmFlow_Project/fid_analysis/real_normal_1214/real_normal_0553.png,/content/drive/MyDrive/MedSymmFlow_Project/fid_analysis/real_normal_1214/real_normal_0844.png,0.9568520784378052
/content/drive/MyDrive/MedSymmFlow_Project/fid_analysis/real_normal_1214/real_normal_0844.png,/content/drive/MyDrive/MedSymmFlow_Project/fid_analysis/real_normal_1214/real_normal_0553.png,0.9568520784378052
/content/drive/MyDrive/MedSymmFlow_Project/fid_analysis/real_normal_1214/real_normal_0588.png,/content/drive/MyDrive/MedSymmFlow_Project/fid_analysis/real_normal_1214/real_normal_0893.png,0.9568061828613281
/content/drive/MyDrive/MedSymmFlow_Project/fid_analysis/real_normal_1214/real_normal_0279.png,/content/drive/MyDrive/MedSymmFlow_Project/fid_analysis/real_normal_1214/real_normal_0655.png,0.9567701816558838
/content/drive/MyDrive/MedSymmFlow_Project/fid_analysis/real_normal_1214/real_normal_0261.png,/content/drive/MyDrive/MedSymmFlow_Project/fid_analysis/real_normal_1214/real_normal_0561.png,0.9567613005638123
/content/drive/MyDrive/MedSymmFlow_Project/fid_analysis/real_normal_1214/real_normal_0343.png,/content/drive/MyDrive/MedSymmFlow_Project/fid_analysis/real_normal_1214/real_normal_0791.png,0.9567291140556335
/content/drive/MyDrive/MedSymmFlow_Project/fid_analysis/real_normal_1214/real_normal_0425.png,/content/drive/MyDrive/MedSymmFlow_Project/fid_analysis/real_normal_1214/real_normal_0753.png,0.9567089676856995
/content/drive/MyDrive/MedSymmFlow_Project/fid_analysis/real_normal_1214/real_normal_0320.png,/content/drive/MyDrive/MedSymmFlow_Project/fid_analysis/real_normal_1214/real_normal_0784.png,0.9566797614097595
/content/drive/MyDrive/MedSymmFlow_Project/fid_analysis/real_normal_1214/real_normal_0784.png,/content/drive/MyDrive/MedSymmFlow_Project/fid_analysis/real_normal_1214/real_normal_0320.png,0.9566797614097595
/content/drive/MyDrive/MedSymmFlow_Project/fid_analysis/real_normal_1214/real_normal_0947.png,/content/drive/MyDrive/MedSymmFlow_Project/fid_analysis/real_normal_1214/real_normal_0254.png,0.9566600322723389
/content/drive/MyDrive/MedSymmFlow_Project/fid_analysis/real_normal_1214/real_normal_0254.png,/content/drive/MyDrive/MedSymmFlow_Project/fid_analysis/real_normal_1214/real_normal_0947.png,0.9566600322723389
/content/drive/MyDrive/MedSymmFlow_Project/fid_analysis/real_normal_1214/real_normal_0938.png,/content/drive/MyDrive/MedSymmFlow_Project/fid_analysis/real_normal_1214/real_normal_0278.png,0.956594705581665
/content/drive/MyDrive/MedSymmFlow_Project/fid_analysis/real_normal_1214/real_normal_1192.png,/content/drive/MyDrive/MedSymmFlow_Project/fid_analysis/real_normal_1214/real_normal_1101.png,0.9565943479537964
/content/drive/MyDrive/MedSymmFlow_Project/fid_analysis/real_normal_1214/real_normal_1101.png,/content/drive/MyDrive/MedSymmFlow_Project/fid_analysis/real_normal_1214/real_normal_1192.png,0.9565943479537964
/content/drive/MyDrive/MedSymmFlow_Project/fid_analysis/real_normal_1214/real_normal_0054.png,/content/drive/MyDrive/MedSymmFlow_Project/fid_analysis/real_normal_1214/real_normal_0612.png,0.9565876722335815
/content/drive/MyDrive/MedSymmFlow_Project/fid_analysis/real_normal_1214/real_normal_0982.png,/content/drive/MyDrive/MedSymmFlow_Project/fid_analysis/real_normal_1214/real_normal_0274.png,0.9565775394439697
/content/drive/MyDrive/MedSymmFlow_Project/fid_analysis/real_normal_1214/real_normal_0322.png,/content/drive/MyDrive/MedSymmFlow_Project/fid_analysis/real_normal_1214/real_normal_0245.png,0.9565690755844116
/content/drive/MyDrive/MedSymmFlow_Project/fid_analysis/real_normal_1214/real_normal_0245.png,/content/drive/MyDrive/MedSymmFlow_Project/fid_analysis/real_normal_1214/real_normal_0322.png,0.9565690755844116
/content/drive/MyDrive/MedSymmFlow_Project/fid_analysis/real_normal_1214/real_normal_0125.png,/content/drive/MyDrive/MedSymmFlow_Project/fid_analysis/real_normal_1214/real_normal_0742.png,0.9565668106079102
/content/drive/MyDrive/MedSymmFlow_Project/fid_analysis/real_normal_1214/real_normal_0069.png,/content/drive/MyDrive/MedSymmFlow_Project/fid_analysis/real_normal_1214/real_normal_0627.png,0.9565427303314209
/content/drive/MyDrive/MedSymmFlow_Project/fid_analysis/real_normal_1214/real_normal_0526.png,/content/drive/MyDrive/MedSymmFlow_Project/fid_analysis/real_normal_1214/real_normal_0436.png,0.9565418362617493
/content/drive/MyDrive/MedSymmFlow_Project/fid_analysis/real_normal_1214/real_normal_1176.png,/content/drive/MyDrive/MedSymmFlow_Project/fid_analysis/real_normal_1214/real_normal_0767.png,0.9565076231956482
/content/drive/MyDrive/MedSymmFlow_Project/fid_analysis/real_normal_1214/real_normal_0382.png,/content/drive/MyDrive/MedSymmFlow_Project/fid_analysis/real_normal_1214/real_normal_1025.png,0.9565051794052124
/content/drive/MyDrive/MedSymmFlow_Project/fid_analysis/real_normal_1214/real_normal_1035.png,/content/drive/MyDrive/MedSymmFlow_Project/fid_analysis/real_normal_1214/real_normal_1063.png,0.9565044641494751
/content/drive/MyDrive/MedSymmFlow_Project/fid_analysis/real_normal_1214/real_normal_1063.png,/content/drive/MyDrive/MedSymmFlow_Project/fid_analysis/real_normal_1214/real_normal_1035.png,0.9565044641494751
/content/drive/MyDrive/MedSymmFlow_Project/fid_analysis/real_normal_1214/real_normal_0576.png,/content/drive/MyDrive/MedSymmFlow_Project/fid_analysis/real_normal_1214/real_normal_0663.png,0.9564801454544067
/content/drive/MyDrive/MedSymmFlow_Project/fid_analysis/real_normal_1214/real_normal_0663.png,/content/drive/MyDrive/MedSymmFlow_Project/fid_analysis/real_normal_1214/real_normal_0576.png,0.9564801454544067
/content/drive/MyDrive/MedSymmFlow_Project/fid_analysis/real_normal_1214/real_normal_1132.png,/content/drive/MyDrive/MedSymmFlow_Project/fid_analysis/real_normal_1214/real_normal_0236.png,0.9564272165298462
/content/drive/MyDrive/MedSymmFlow_Project/fid_analysis/real_normal_1214/real_normal_0682.png,/content/drive/MyDrive/MedSymmFlow_Project/fid_analysis/real_normal_1214/real_normal_1000.png,0.9564014673233032
/content/drive/MyDrive/MedSymmFlow_Project/fid_analysis/real_normal_1214/real_normal_1000.png,/content/drive/MyDrive/MedSymmFlow_Project/fid_analysis/real_normal_1214/real_normal_0682.png,0.9564014673233032
/content/drive/MyDrive/MedSymmFlow_Project/fid_analysis/real_normal_1214/real_normal_0145.png,/content/drive/MyDrive/MedSymmFlow_Project/fid_analysis/real_normal_1214/real_normal_0508.png,0.9563852548599243
/content/drive/MyDrive/MedSymmFlow_Project/fid_analysis/real_normal_1214/real_normal_0233.png,/content/drive/MyDrive/MedSymmFlow_Project/fid_analysis/real_normal_1214/real_normal_0635.png,0.9563769698143005
/content/drive/MyDrive/MedSymmFlow_Project/fid_analysis/real_normal_1214/real_normal_0281.png,/content/drive/MyDrive/MedSymmFlow_Project/fid_analysis/real_normal_1214/real_normal_0343.png,0.9563624858856201
/content/drive/MyDrive/MedSymmFlow_Project/fid_analysis/real_normal_1214/real_normal_1103.png,/content/drive/MyDrive/MedSymmFlow_Project/fid_analysis/real_normal_1214/real_normal_0955.png,0.9563535451889038
/content/drive/MyDrive/MedSymmFlow_Project/fid_analysis/real_normal_1214/real_normal_0955.png,/content/drive/MyDrive/MedSymmFlow_Project/fid_analysis/real_normal_1214/real_normal_1103.png,0.9563535451889038
/content/drive/MyDrive/MedSymmFlow_Project/fid_analysis/real_normal_1214/real_normal_0111.png,/content/drive/MyDrive/MedSymmFlow_Project/fid_analysis/real_normal_1214/real_normal_0200.png,0.9563287496566772
/content/drive/MyDrive/MedSymmFlow_Project/fid_analysis/real_normal_1214/real_normal_0854.png,/content/drive/MyDrive/MedSymmFlow_Project/fid_analysis/real_normal_1214/real_normal_0268.png,0.9563215970993042
/content/drive/MyDrive/MedSymmFlow_Project/fid_analysis/real_normal_1214/real_normal_0268.png,/content/drive/MyDrive/MedSymmFlow_Project/fid_analysis/real_normal_1214/real_normal_0854.png,0.9563215970993042
/content/drive/MyDrive/MedSymmFlow_Project/fid_analysis/real_normal_1214/real_normal_0284.png,/content/drive/MyDrive/MedSymmFlow_Project/fid_analysis/real_normal_1214/real_normal_0310.png,0.9563106894493103
/content/drive/MyDrive/MedSymmFlow_Project/fid_analysis/real_normal_1214/real_normal_0310.png,/content/drive/MyDrive/MedSymmFlow_Project/fid_analysis/real_normal_1214/real_normal_0284.png,0.9563106894493103
/content/drive/MyDrive/MedSymmFlow_Project/fid_analysis/real_normal_1214/real_normal_0228.png,/content/drive/MyDrive/MedSymmFlow_Project/fid_analysis/real_normal_1214/real_normal_0540.png,0.9563081860542297
/content/drive/MyDrive/MedSymmFlow_Project/fid_analysis/real_normal_1214/real_normal_0872.png,/content/drive/MyDrive/MedSymmFlow_Project/fid_analysis/real_normal_1214/real_normal_0667.png,0.956297755241394
/content/drive/MyDrive/MedSymmFlow_Project/fid_analysis/real_normal_1214/real_normal_0908.png,/content/drive/MyDrive/MedSymmFlow_Project/fid_analysis/real_normal_1214/real_normal_0321.png,0.9562900066375732
/content/drive/MyDrive/MedSymmFlow_Project/fid_analysis/real_normal_1214/real_normal_0800.png,/content/drive/MyDrive/MedSymmFlow_Project/fid_analysis/real_normal_1214/real_normal_0054.png,0.9562857151031494
/content/drive/MyDrive/MedSymmFlow_Project/fid_analysis/real_normal_1214/real_normal_0550.png,/content/drive/MyDrive/MedSymmFlow_Project/fid_analysis/real_normal_1214/real_normal_1160.png,0.9562724828720093
/content/drive/MyDrive/MedSymmFlow_Project/fid_analysis/real_normal_1214/real_normal_0618.png,/content/drive/MyDrive/MedSymmFlow_Project/fid_analysis/real_normal_1214/real_normal_0119.png,0.9562386274337769
/content/drive/MyDrive/MedSymmFlow_Project/fid_analysis/real_normal_1214/real_normal_0610.png,/content/drive/MyDrive/MedSymmFlow_Project/fid_analysis/real_normal_1214/real_normal_0796.png,0.9562366008758545
/content/drive/MyDrive/MedSymmFlow_Project/fid_analysis/real_normal_1214/real_normal_0183.png,/content/drive/MyDrive/MedSymmFlow_Project/fid_analysis/real_normal_1214/real_normal_0054.png,0.9562171697616577
/content/drive/MyDrive/MedSymmFlow_Project/fid_analysis/real_normal_1214/real_normal_0472.png,/content/drive/MyDrive/MedSymmFlow_Project/fid_analysis/real_normal_1214/real_normal_1177.png,0.95621657371521
/content/drive/MyDrive/MedSymmFlow_Project/fid_analysis/real_normal_1214/real_normal_0041.png,/content/drive/MyDrive/MedSymmFlow_Project/fid_analysis/real_normal_1214/real_normal_0047.png,0.9562106132507324
/content/drive/MyDrive/MedSymmFlow_Project/fid_analysis/real_normal_1214/real_normal_0810.png,/content/drive/MyDrive/MedSymmFlow_Project/fid_analysis/real_normal_1214/real_normal_0643.png,0.956206202507019
/content/drive/MyDrive/MedSymmFlow_Project/fid_analysis/real_normal_1214/real_normal_0643.png,/content/drive/MyDrive/MedSymmFlow_Project/fid_analysis/real_normal_1214/real_normal_0810.png,0.956206202507019
/content/drive/MyDrive/MedSymmFlow_Project/fid_analysis/real_normal_1214/real_normal_0291.png,/content/drive/MyDrive/MedSymmFlow_Project/fid_analysis/real_normal_1214/real_normal_0284.png,0.956202507019043
/content/drive/MyDrive/MedSymmFlow_Project/fid_analysis/real_normal_1214/real_normal_0326.png,/content/drive/MyDrive/MedSymmFlow_Project/fid_analysis/real_normal_1214/real_normal_0690.png,0.9561741352081299
/content/drive/MyDrive/MedSymmFlow_Project/fid_analysis/real_normal_1214/real_normal_0690.png,/content/drive/MyDrive/MedSymmFlow_Project/fid_analysis/real_normal_1214/real_normal_0326.png,0.9561741352081299
/content/drive/MyDrive/MedSymmFlow_Project/fid_analysis/real_normal_1214/real_normal_0389.png,/content/drive/MyDrive/MedSymmFlow_Project/fid_analysis/real_normal_1214/real_normal_0069.png,0.9561442136764526
/content/drive/MyDrive/MedSymmFlow_Project/fid_analysis/real_normal_1214/real_normal_0319.png,/content/drive/MyDrive/MedSymmFlow_Project/fid_analysis/real_normal_1214/real_normal_0011.png,0.9561231136322021
/content/drive/MyDrive/MedSymmFlow_Project/fid_analysis/real_normal_1214/real_normal_0678.png,/content/drive/MyDrive/MedSymmFlow_Project/fid_analysis/real_normal_1214/real_normal_0403.png,0.9561214447021484
/content/drive/MyDrive/MedSymmFlow_Project/fid_analysis/real_normal_1214/real_normal_0403.png,/content/drive/MyDrive/MedSymmFlow_Project/fid_analysis/real_normal_1214/real_normal_0678.png,0.9561214447021484
/content/drive/MyDrive/MedSymmFlow_Project/fid_analysis/real_normal_1214/real_normal_0491.png,/content/drive/MyDrive/MedSymmFlow_Project/fid_analysis/real_normal_1214/real_normal_0352.png,0.9561184644699097
/content/drive/MyDrive/MedSymmFlow_Project/fid_analysis/real_normal_1214/real_normal_0700.png,/content/drive/MyDrive/MedSymmFlow_Project/fid_analysis/real_normal_1214/real_normal_0994.png,0.9560806155204773
/content/drive/MyDrive/MedSymmFlow_Project/fid_analysis/real_normal_1214/real_normal_0120.png,/content/drive/MyDrive/MedSymmFlow_Project/fid_analysis/real_normal_1214/real_normal_0968.png,0.9560444355010986
/content/drive/MyDrive/MedSymmFlow_Project/fid_analysis/real_normal_1214/real_normal_0371.png,/content/drive/MyDrive/MedSymmFlow_Project/fid_analysis/real_normal_1214/real_normal_1136.png,0.9560267925262451
/content/drive/MyDrive/MedSymmFlow_Project/fid_analysis/real_normal_1214/real_normal_0455.png,/content/drive/MyDrive/MedSymmFlow_Project/fid_analysis/real_normal_1214/real_normal_0659.png,0.9559779167175293
/content/drive/MyDrive/MedSymmFlow_Project/fid_analysis/real_normal_1214/real_normal_0787.png,/content/drive/MyDrive/MedSymmFlow_Project/fid_analysis/real_normal_1214/real_normal_1197.png,0.9559716582298279
/content/drive/MyDrive/MedSymmFlow_Project/fid_analysis/real_normal_1214/real_normal_0730.png,/content/drive/MyDrive/MedSymmFlow_Project/fid_analysis/real_normal_1214/real_normal_1130.png,0.9559441804885864
/content/drive/MyDrive/MedSymmFlow_Project/fid_analysis/real_normal_1214/real_normal_0156.png,/content/drive/MyDrive/MedSymmFlow_Project/fid_analysis/real_normal_1214/real_normal_0303.png,0.9559272527694702
/content/drive/MyDrive/MedSymmFlow_Project/fid_analysis/real_normal_1214/real_normal_0661.png,/content/drive/MyDrive/MedSymmFlow_Project/fid_analysis/real_normal_1214/real_normal_0268.png,0.9559204578399658
/content/drive/MyDrive/MedSymmFlow_Project/fid_analysis/real_normal_1214/real_normal_0490.png,/content/drive/MyDrive/MedSymmFlow_Project/fid_analysis/real_normal_1214/real_normal_0504.png,0.9558708667755127
/content/drive/MyDrive/MedSymmFlow_Project/fid_analysis/real_normal_1214/real_normal_0504.png,/content/drive/MyDrive/MedSymmFlow_Project/fid_analysis/real_normal_1214/real_normal_0490.png,0.9558708667755127
/content/drive/MyDrive/MedSymmFlow_Project/fid_analysis/real_normal_1214/real_normal_0004.png,/content/drive/MyDrive/MedSymmFlow_Project/fid_analysis/real_normal_1214/real_normal_0890.png,0.9557949304580688
/content/drive/MyDrive/MedSymmFlow_Project/fid_analysis/real_normal_1214/real_normal_0937.png,/content/drive/MyDrive/MedSymmFlow_Project/fid_analysis/real_normal_1214/real_normal_0159.png,0.9557764530181885
/content/drive/MyDrive/MedSymmFlow_Project/fid_analysis/real_normal_1214/real_normal_1054.png,/content/drive/MyDrive/MedSymmFlow_Project/fid_analysis/real_normal_1214/real_normal_0220.png,0.9557757377624512
/content/drive/MyDrive/MedSymmFlow_Project/fid_analysis/real_normal_1214/real_normal_0257.png,/content/drive/MyDrive/MedSymmFlow_Project/fid_analysis/real_normal_1214/real_normal_0286.png,0.9557467699050903
/content/drive/MyDrive/MedSymmFlow_Project/fid_analysis/real_normal_1214/real_normal_0221.png,/content/drive/MyDrive/MedSymmFlow_Project/fid_analysis/real_normal_1214/real_normal_0561.png,0.9557374715805054
/content/drive/MyDrive/MedSymmFlow_Project/fid_analysis/real_normal_1214/real_normal_0971.png,/content/drive/MyDrive/MedSymmFlow_Project/fid_analysis/real_normal_1214/real_normal_0791.png,0.9557358026504517
/content/drive/MyDrive/MedSymmFlow_Project/fid_analysis/real_normal_1214/real_normal_0595.png,/content/drive/MyDrive/MedSymmFlow_Project/fid_analysis/real_normal_1214/real_normal_0759.png,0.9557288885116577
/content/drive/MyDrive/MedSymmFlow_Project/fid_analysis/real_normal_1214/real_normal_0210.png,/content/drive/MyDrive/MedSymmFlow_Project/fid_analysis/real_normal_1214/real_normal_0416.png,0.955716609954834
/content/drive/MyDrive/MedSymmFlow_Project/fid_analysis/real_normal_1214/real_normal_1210.png,/content/drive/MyDrive/MedSymmFlow_Project/fid_analysis/real_normal_1214/real_normal_1081.png,0.9557124972343445
/content/drive/MyDrive/MedSymmFlow_Project/fid_analysis/real_normal_1214/real_normal_0881.png,/content/drive/MyDrive/MedSymmFlow_Project/fid_analysis/real_normal_1214/real_normal_0089.png,0.9557102918624878
/content/drive/MyDrive/MedSymmFlow_Project/fid_analysis/real_normal_1214/real_normal_1079.png,/content/drive/MyDrive/MedSymmFlow_Project/fid_analysis/real_normal_1214/real_normal_0526.png,0.9556930661201477
/content/drive/MyDrive/MedSymmFlow_Project/fid_analysis/real_normal_1214/real_normal_0099.png,/content/drive/MyDrive/MedSymmFlow_Project/fid_analysis/real_normal_1214/real_normal_0389.png,0.9556832313537598
/content/drive/MyDrive/MedSymmFlow_Project/fid_analysis/real_normal_1214/real_normal_0151.png,/content/drive/MyDrive/MedSymmFlow_Project/fid_analysis/real_normal_1214/real_normal_0019.png,0.9556589126586914
/content/drive/MyDrive/MedSymmFlow_Project/fid_analysis/real_normal_1214/real_normal_0212.png,/content/drive/MyDrive/MedSymmFlow_Project/fid_analysis/real_normal_1214/real_normal_0688.png,0.9556229114532471
/content/drive/MyDrive/MedSymmFlow_Project/fid_analysis/real_normal_1214/real_normal_0082.png,/content/drive/MyDrive/MedSymmFlow_Project/fid_analysis/real_normal_1214/real_normal_0838.png,0.9556217193603516
/content/drive/MyDrive/MedSymmFlow_Project/fid_analysis/real_normal_1214/real_normal_0838.png,/content/drive/MyDrive/MedSymmFlow_Project/fid_analysis/real_normal_1214/real_normal_0082.png,0.9556217193603516
/content/drive/MyDrive/MedSymmFlow_Project/fid_analysis/real_normal_1214/real_normal_0649.png,/content/drive/MyDrive/MedSymmFlow_Project/fid_analysis/real_normal_1214/real_normal_0571.png,0.9555729627609253
/content/drive/MyDrive/MedSymmFlow_Project/fid_analysis/real_normal_1214/real_normal_0571.png,/content/drive/MyDrive/MedSymmFlow_Project/fid_analysis/real_normal_1214/real_normal_0649.png,0.9555729627609253
/content/drive/MyDrive/MedSymmFlow_Project/fid_analysis/real_normal_1214/real_normal_1002.png,/content/drive/MyDrive/MedSymmFlow_Project/fid_analysis/real_normal_1214/real_normal_0302.png,0.9555171132087708
/content/drive/MyDrive/MedSymmFlow_Project/fid_analysis/real_normal_1214/real_normal_0302.png,/content/drive/MyDrive/MedSymmFlow_Project/fid_analysis/real_normal_1214/real_normal_1002.png,0.9555171132087708
/content/drive/MyDrive/MedSymmFlow_Project/fid_analysis/real_normal_1214/real_normal_0444.png,/content/drive/MyDrive/MedSymmFlow_Project/fid_analysis/real_normal_1214/real_normal_1001.png,0.9554503560066223
/content/drive/MyDrive/MedSymmFlow_Project/fid_analysis/real_normal_1214/real_normal_0238.png,/content/drive/MyDrive/MedSymmFlow_Project/fid_analysis/real_normal_1214/real_normal_0824.png,0.9554461240768433
/content/drive/MyDrive/MedSymmFlow_Project/fid_analysis/real_normal_1214/real_normal_1066.png,/content/drive/MyDrive/MedSymmFlow_Project/fid_analysis/real_normal_1214/real_normal_0318.png,0.9554197788238525
/content/drive/MyDrive/MedSymmFlow_Project/fid_analysis/real_normal_1214/real_normal_0272.png,/content/drive/MyDrive/MedSymmFlow_Project/fid_analysis/real_normal_1214/real_normal_0282.png,0.9553258419036865
/content/drive/MyDrive/MedSymmFlow_Project/fid_analysis/real_normal_1214/real_normal_0282.png,/content/drive/MyDrive/MedSymmFlow_Project/fid_analysis/real_normal_1214/real_normal_0272.png,0.9553258419036865
/content/drive/MyDrive/MedSymmFlow_Project/fid_analysis/real_normal_1214/real_normal_1094.png,/content/drive/MyDrive/MedSymmFlow_Project/fid_analysis/real_normal_1214/real_normal_0320.png,0.955314040184021
/content/drive/MyDrive/MedSymmFlow_Project/fid_analysis/real_normal_1214/real_normal_0892.png,/content/drive/MyDrive/MedSymmFlow_Project/fid_analysis/real_normal_1214/real_normal_1179.png,0.955303430557251
/content/drive/MyDrive/MedSymmFlow_Project/fid_analysis/real_normal_1214/real_normal_0531.png,/content/drive/MyDrive/MedSymmFlow_Project/fid_analysis/real_normal_1214/real_normal_0258.png,0.95530104637146
/content/drive/MyDrive/MedSymmFlow_Project/fid_analysis/real_normal_1214/real_normal_0258.png,/content/drive/MyDrive/MedSymmFlow_Project/fid_analysis/real_normal_1214/real_normal_0531.png,0.95530104637146
/content/drive/MyDrive/MedSymmFlow_Project/fid_analysis/real_normal_1214/real_normal_0368.png,/content/drive/MyDrive/MedSymmFlow_Project/fid_analysis/real_normal_1214/real_normal_0326.png,0.955289363861084
/content/drive/MyDrive/MedSymmFlow_Project/fid_analysis/real_normal_1214/real_normal_0075.png,/content/drive/MyDrive/MedSymmFlow_Project/fid_analysis/real_normal_1214/real_normal_0727.png,0.9552879929542542
/content/drive/MyDrive/MedSymmFlow_Project/fid_analysis/real_normal_1214/real_normal_0727.png,/content/drive/MyDrive/MedSymmFlow_Project/fid_analysis/real_normal_1214/real_normal_0075.png,0.9552879929542542
/content/drive/MyDrive/MedSymmFlow_Project/fid_analysis/real_normal_1214/real_normal_0592.png,/content/drive/MyDrive/MedSymmFlow_Project/fid_analysis/real_normal_1214/real_normal_0692.png,0.9552477598190308
/content/drive/MyDrive/MedSymmFlow_Project/fid_analysis/real_normal_1214/real_normal_0034.png,/content/drive/MyDrive/MedSymmFlow_Project/fid_analysis/real_normal_1214/real_normal_0968.png,0.9552413821220398
/content/drive/MyDrive/MedSymmFlow_Project/fid_analysis/real_normal_1214/real_normal_0875.png,/content/drive/MyDrive/MedSymmFlow_Project/fid_analysis/real_normal_1214/real_normal_0928.png,0.9552407264709473
/content/drive/MyDrive/MedSymmFlow_Project/fid_analysis/real_normal_1214/real_normal_0172.png,/content/drive/MyDrive/MedSymmFlow_Project/fid_analysis/real_normal_1214/real_normal_0800.png,0.9552323818206787
/content/drive/MyDrive/MedSymmFlow_Project/fid_analysis/real_normal_1214/real_normal_0289.png,/content/drive/MyDrive/MedSymmFlow_Project/fid_analysis/real_normal_1214/real_normal_0935.png,0.9552185535430908
/content/drive/MyDrive/MedSymmFlow_Project/fid_analysis/real_normal_1214/real_normal_0935.png,/content/drive/MyDrive/MedSymmFlow_Project/fid_analysis/real_normal_1214/real_normal_0289.png,0.9552185535430908
/content/drive/MyDrive/MedSymmFlow_Project/fid_analysis/real_normal_1214/real_normal_0536.png,/content/drive/MyDrive/MedSymmFlow_Project/fid_analysis/real_normal_1214/real_normal_0561.png,0.9551615715026855
/content/drive/MyDrive/MedSymmFlow_Project/fid_analysis/real_normal_1214/real_normal_1045.png,/content/drive/MyDrive/MedSymmFlow_Project/fid_analysis/real_normal_1214/real_normal_0700.png,0.9551490545272827
/content/drive/MyDrive/MedSymmFlow_Project/fid_analysis/real_normal_1214/real_normal_1171.png,/content/drive/MyDrive/MedSymmFlow_Project/fid_analysis/real_normal_1214/real_normal_0812.png,0.9551481008529663
/content/drive/MyDrive/MedSymmFlow_Project/fid_analysis/real_normal_1214/real_normal_0721.png,/content/drive/MyDrive/MedSymmFlow_Project/fid_analysis/real_normal_1214/real_normal_1116.png,0.9551366567611694
/content/drive/MyDrive/MedSymmFlow_Project/fid_analysis/real_normal_1214/real_normal_0280.png,/content/drive/MyDrive/MedSymmFlow_Project/fid_analysis/real_normal_1214/real_normal_0077.png,0.9550776481628418
/content/drive/MyDrive/MedSymmFlow_Project/fid_analysis/real_normal_1214/real_normal_0008.png,/content/drive/MyDrive/MedSymmFlow_Project/fid_analysis/real_normal_1214/real_normal_0412.png,0.9550635814666748
/content/drive/MyDrive/MedSymmFlow_Project/fid_analysis/real_normal_1214/real_normal_1150.png,/content/drive/MyDrive/MedSymmFlow_Project/fid_analysis/real_normal_1214/real_normal_0110.png,0.9550233483314514
/content/drive/MyDrive/MedSymmFlow_Project/fid_analysis/real_normal_1214/real_normal_0782.png,/content/drive/MyDrive/MedSymmFlow_Project/fid_analysis/real_normal_1214/real_normal_1171.png,0.9550224542617798
/content/drive/MyDrive/MedSymmFlow_Project/fid_analysis/real_normal_1214/real_normal_0422.png,/content/drive/MyDrive/MedSymmFlow_Project/fid_analysis/real_normal_1214/real_normal_0824.png,0.955010712146759
/content/drive/MyDrive/MedSymmFlow_Project/fid_analysis/real_normal_1214/real_normal_0677.png,/content/drive/MyDrive/MedSymmFlow_Project/fid_analysis/real_normal_1214/real_normal_0388.png,0.9549941420555115
/content/drive/MyDrive/MedSymmFlow_Project/fid_analysis/real_normal_1214/real_normal_0388.png,/content/drive/MyDrive/MedSymmFlow_Project/fid_analysis/real_normal_1214/real_normal_0677.png,0.9549941420555115
/content/drive/MyDrive/MedSymmFlow_Project/fid_analysis/real_normal_1214/real_normal_0806.png,/content/drive/MyDrive/MedSymmFlow_Project/fid_analysis/real_normal_1214/real_normal_1211.png,0.9549916982650757
/content/drive/MyDrive/MedSymmFlow_Project/fid_analysis/real_normal_1214/real_normal_1211.png,/content/drive/MyDrive/MedSymmFlow_Project/fid_analysis/real_normal_1214/real_normal_0806.png,0.9549916982650757
/content/drive/MyDrive/MedSymmFlow_Project/fid_analysis/real_normal_1214/real_normal_0539.png,/content/drive/MyDrive/MedSymmFlow_Project/fid_analysis/real_normal_1214/real_normal_0592.png,0.9549648761749268
/content/drive/MyDrive/MedSymmFlow_Project/fid_analysis/real_normal_1214/real_normal_0070.png,/content/drive/MyDrive/MedSymmFlow_Project/fid_analysis/real_normal_1214/real_normal_0892.png,0.954925000667572
/content/drive/MyDrive/MedSymmFlow_Project/fid_analysis/real_normal_1214/real_normal_0470.png,/content/drive/MyDrive/MedSymmFlow_Project/fid_analysis/real_normal_1214/real_normal_0616.png,0.954887866973877
/content/drive/MyDrive/MedSymmFlow_Project/fid_analysis/real_normal_1214/real_normal_0616.png,/content/drive/MyDrive/MedSymmFlow_Project/fid_analysis/real_normal_1214/real_normal_0470.png,0.954887866973877
/content/drive/MyDrive/MedSymmFlow_Project/fid_analysis/real_normal_1214/real_normal_1086.png,/content/drive/MyDrive/MedSymmFlow_Project/fid_analysis/real_normal_1214/real_normal_1194.png,0.9547966718673706
/content/drive/MyDrive/MedSymmFlow_Project/fid_analysis/real_normal_1214/real_normal_0695.png,/content/drive/MyDrive/MedSymmFlow_Project/fid_analysis/real_normal_1214/real_normal_0200.png,0.9547308087348938
/content/drive/MyDrive/MedSymmFlow_Project/fid_analysis/real_normal_1214/real_normal_1143.png,/content/drive/MyDrive/MedSymmFlow_Project/fid_analysis/real_normal_1214/real_normal_0987.png,0.9547284245491028
/content/drive/MyDrive/MedSymmFlow_Project/fid_analysis/real_normal_1214/real_normal_0987.png,/content/drive/MyDrive/MedSymmFlow_Project/fid_analysis/real_normal_1214/real_normal_1143.png,0.9547284245491028
/content/drive/MyDrive/MedSymmFlow_Project/fid_analysis/real_normal_1214/real_normal_0194.png,/content/drive/MyDrive/MedSymmFlow_Project/fid_analysis/real_normal_1214/real_normal_0584.png,0.9547174572944641
/content/drive/MyDrive/MedSymmFlow_Project/fid_analysis/real_normal_1214/real_normal_1097.png,/content/drive/MyDrive/MedSymmFlow_Project/fid_analysis/real_normal_1214/real_normal_0305.png,0.954692006111145
/content/drive/MyDrive/MedSymmFlow_Project/fid_analysis/real_normal_1214/real_normal_1154.png,/content/drive/MyDrive/MedSymmFlow_Project/fid_analysis/real_normal_1214/real_normal_0198.png,0.9546908140182495
/content/drive/MyDrive/MedSymmFlow_Project/fid_analysis/real_normal_1214/real_normal_0603.png,/content/drive/MyDrive/MedSymmFlow_Project/fid_analysis/real_normal_1214/real_normal_0455.png,0.9546750783920288
/content/drive/MyDrive/MedSymmFlow_Project/fid_analysis/real_normal_1214/real_normal_0970.png,/content/drive/MyDrive/MedSymmFlow_Project/fid_analysis/real_normal_1214/real_normal_1025.png,0.9546538591384888
/content/drive/MyDrive/MedSymmFlow_Project/fid_analysis/real_normal_1214/real_normal_0840.png,/content/drive/MyDrive/MedSymmFlow_Project/fid_analysis/real_normal_1214/real_normal_1001.png,0.9546278715133667
/content/drive/MyDrive/MedSymmFlow_Project/fid_analysis/real_normal_1214/real_normal_0178.png,/content/drive/MyDrive/MedSymmFlow_Project/fid_analysis/real_normal_1214/real_normal_0928.png,0.9546042680740356
/content/drive/MyDrive/MedSymmFlow_Project/fid_analysis/real_normal_1214/real_normal_0600.png,/content/drive/MyDrive/MedSymmFlow_Project/fid_analysis/real_normal_1214/real_normal_0400.png,0.9545962810516357
/content/drive/MyDrive/MedSymmFlow_Project/fid_analysis/real_normal_1214/real_normal_0214.png,/content/drive/MyDrive/MedSymmFlow_Project/fid_analysis/real_normal_1214/real_normal_0095.png,0.9545918703079224
/content/drive/MyDrive/MedSymmFlow_Project/fid_analysis/real_normal_1214/real_normal_0738.png,/content/drive/MyDrive/MedSymmFlow_Project/fid_analysis/real_normal_1214/real_normal_0286.png,0.9545576572418213
/content/drive/MyDrive/MedSymmFlow_Project/fid_analysis/real_normal_1214/real_normal_0139.png,/content/drive/MyDrive/MedSymmFlow_Project/fid_analysis/real_normal_1214/real_normal_0922.png,0.9545252323150635
/content/drive/MyDrive/MedSymmFlow_Project/fid_analysis/real_normal_1214/real_normal_0021.png,/content/drive/MyDrive/MedSymmFlow_Project/fid_analysis/real_normal_1214/real_normal_1038.png,0.9545240998268127
/content/drive/MyDrive/MedSymmFlow_Project/fid_analysis/real_normal_1214/real_normal_1162.png,/content/drive/MyDrive/MedSymmFlow_Project/fid_analysis/real_normal_1214/real_normal_0353.png,0.9544937014579773
/content/drive/MyDrive/MedSymmFlow_Project/fid_analysis/real_normal_1214/real_normal_0464.png,/content/drive/MyDrive/MedSymmFlow_Project/fid_analysis/real_normal_1214/real_normal_1127.png,0.9544848799705505
/content/drive/MyDrive/MedSymmFlow_Project/fid_analysis/real_normal_1214/real_normal_0152.png,/content/drive/MyDrive/MedSymmFlow_Project/fid_analysis/real_normal_1214/real_normal_0805.png,0.9544579982757568
/content/drive/MyDrive/MedSymmFlow_Project/fid_analysis/real_normal_1214/real_normal_0109.png,/content/drive/MyDrive/MedSymmFlow_Project/fid_analysis/real_normal_1214/real_normal_0795.png,0.9544549584388733
/content/drive/MyDrive/MedSymmFlow_Project/fid_analysis/real_normal_1214/real_normal_0802.png,/content/drive/MyDrive/MedSymmFlow_Project/fid_analysis/real_normal_1214/real_normal_1213.png,0.954437255859375
/content/drive/MyDrive/MedSymmFlow_Project/fid_analysis/real_normal_1214/real_normal_0475.png,/content/drive/MyDrive/MedSymmFlow_Project/fid_analysis/real_normal_1214/real_normal_0901.png,0.954400897026062
/content/drive/MyDrive/MedSymmFlow_Project/fid_analysis/real_normal_1214/real_normal_0901.png,/content/drive/MyDrive/MedSymmFlow_Project/fid_analysis/real_normal_1214/real_normal_0475.png,0.954400897026062
/content/drive/MyDrive/MedSymmFlow_Project/fid_analysis/real_normal_1214/real_normal_0325.png,/content/drive/MyDrive/MedSymmFlow_Project/fid_analysis/real_normal_1214/real_normal_0065.png,0.954399585723877
/content/drive/MyDrive/MedSymmFlow_Project/fid_analysis/real_normal_1214/real_normal_0065.png,/content/drive/MyDrive/MedSymmFlow_Project/fid_analysis/real_normal_1214/real_normal_0325.png,0.954399585723877
/content/drive/MyDrive/MedSymmFlow_Project/fid_analysis/real_normal_1214/real_normal_0725.png,/content/drive/MyDrive/MedSymmFlow_Project/fid_analysis/real_normal_1214/real_normal_0937.png,0.9543349742889404
/content/drive/MyDrive/MedSymmFlow_Project/fid_analysis/real_normal_1214/real_normal_0059.png,/content/drive/MyDrive/MedSymmFlow_Project/fid_analysis/real_normal_1214/real_normal_0723.png,0.9543346166610718
/content/drive/MyDrive/MedSymmFlow_Project/fid_analysis/real_normal_1214/real_normal_0246.png,/content/drive/MyDrive/MedSymmFlow_Project/fid_analysis/real_normal_1214/real_normal_0047.png,0.9543235301971436
/content/drive/MyDrive/MedSymmFlow_Project/fid_analysis/real_normal_1214/real_normal_0781.png,/content/drive/MyDrive/MedSymmFlow_Project/fid_analysis/real_normal_1214/real_normal_0852.png,0.9542666673660278
/content/drive/MyDrive/MedSymmFlow_Project/fid_analysis/real_normal_1214/real_normal_0852.png,/content/drive/MyDrive/MedSymmFlow_Project/fid_analysis/real_normal_1214/real_normal_0781.png,0.9542666673660278
/content/drive/MyDrive/MedSymmFlow_Project/fid_analysis/real_normal_1214/real_normal_0652.png,/content/drive/MyDrive/MedSymmFlow_Project/fid_analysis/real_normal_1214/real_normal_0301.png,0.9542655944824219
/content/drive/MyDrive/MedSymmFlow_Project/fid_analysis/real_normal_1214/real_normal_0301.png,/content/drive/MyDrive/MedSymmFlow_Project/fid_analysis/real_normal_1214/real_normal_0652.png,0.9542655944824219
/content/drive/MyDrive/MedSymmFlow_Project/fid_analysis/real_normal_1214/real_normal_0670.png,/content/drive/MyDrive/MedSymmFlow_Project/fid_analysis/real_normal_1214/real_normal_1160.png,0.9542052149772644
/content/drive/MyDrive/MedSymmFlow_Project/fid_analysis/real_normal_1214/real_normal_1036.png,/content/drive/MyDrive/MedSymmFlow_Project/fid_analysis/real_normal_1214/real_normal_0418.png,0.9541994333267212
/content/drive/MyDrive/MedSymmFlow_Project/fid_analysis/real_normal_1214/real_normal_0909.png,/content/drive/MyDrive/MedSymmFlow_Project/fid_analysis/real_normal_1214/real_normal_0236.png,0.9541964530944824
/content/drive/MyDrive/MedSymmFlow_Project/fid_analysis/real_normal_1214/real_normal_1018.png,/content/drive/MyDrive/MedSymmFlow_Project/fid_analysis/real_normal_1214/real_normal_0861.png,0.9541913270950317
/content/drive/MyDrive/MedSymmFlow_Project/fid_analysis/real_normal_1214/real_normal_0384.png,/content/drive/MyDrive/MedSymmFlow_Project/fid_analysis/real_normal_1214/real_normal_0703.png,0.9541829824447632
/content/drive/MyDrive/MedSymmFlow_Project/fid_analysis/real_normal_1214/real_normal_0374.png,/content/drive/MyDrive/MedSymmFlow_Project/fid_analysis/real_normal_1214/real_normal_0875.png,0.9541788697242737
/content/drive/MyDrive/MedSymmFlow_Project/fid_analysis/real_normal_1214/real_normal_0032.png,/content/drive/MyDrive/MedSymmFlow_Project/fid_analysis/real_normal_1214/real_normal_0969.png,0.9541772603988647
/content/drive/MyDrive/MedSymmFlow_Project/fid_analysis/real_normal_1214/real_normal_1022.png,/content/drive/MyDrive/MedSymmFlow_Project/fid_analysis/real_normal_1214/real_normal_0200.png,0.9541568160057068
/content/drive/MyDrive/MedSymmFlow_Project/fid_analysis/real_normal_1214/real_normal_0294.png,/content/drive/MyDrive/MedSymmFlow_Project/fid_analysis/real_normal_1214/real_normal_1013.png,0.9541511535644531
/content/drive/MyDrive/MedSymmFlow_Project/fid_analysis/real_normal_1214/real_normal_0267.png,/content/drive/MyDrive/MedSymmFlow_Project/fid_analysis/real_normal_1214/real_normal_1202.png,0.9541186094284058
/content/drive/MyDrive/MedSymmFlow_Project/fid_analysis/real_normal_1214/real_normal_0632.png,/content/drive/MyDrive/MedSymmFlow_Project/fid_analysis/real_normal_1214/real_normal_0967.png,0.9541016817092896
/content/drive/MyDrive/MedSymmFlow_Project/fid_analysis/real_normal_1214/real_normal_0772.png,/content/drive/MyDrive/MedSymmFlow_Project/fid_analysis/real_normal_1214/real_normal_0647.png,0.9540901780128479
/content/drive/MyDrive/MedSymmFlow_Project/fid_analysis/real_normal_1214/real_normal_0940.png,/content/drive/MyDrive/MedSymmFlow_Project/fid_analysis/real_normal_1214/real_normal_0688.png,0.9540231823921204
/content/drive/MyDrive/MedSymmFlow_Project/fid_analysis/real_normal_1214/real_normal_1044.png,/content/drive/MyDrive/MedSymmFlow_Project/fid_analysis/real_normal_1214/real_normal_0772.png,0.9539914131164551
/content/drive/MyDrive/MedSymmFlow_Project/fid_analysis/real_normal_1214/real_normal_0617.png,/content/drive/MyDrive/MedSymmFlow_Project/fid_analysis/real_normal_1214/real_normal_0493.png,0.9539853930473328
/content/drive/MyDrive/MedSymmFlow_Project/fid_analysis/real_normal_1214/real_normal_1187.png,/content/drive/MyDrive/MedSymmFlow_Project/fid_analysis/real_normal_1214/real_normal_0649.png,0.9539705514907837
/content/drive/MyDrive/MedSymmFlow_Project/fid_analysis/real_normal_1214/real_normal_0993.png,/content/drive/MyDrive/MedSymmFlow_Project/fid_analysis/real_normal_1214/real_normal_1046.png,0.9539662599563599
/content/drive/MyDrive/MedSymmFlow_Project/fid_analysis/real_normal_1214/real_normal_0657.png,/content/drive/MyDrive/MedSymmFlow_Project/fid_analysis/real_normal_1214/real_normal_1049.png,0.9539440870285034
/content/drive/MyDrive/MedSymmFlow_Project/fid_analysis/real_normal_1214/real_normal_0010.png,/content/drive/MyDrive/MedSymmFlow_Project/fid_analysis/real_normal_1214/real_normal_0116.png,0.9539430141448975
/content/drive/MyDrive/MedSymmFlow_Project/fid_analysis/real_normal_1214/real_normal_0372.png,/content/drive/MyDrive/MedSymmFlow_Project/fid_analysis/real_normal_1214/real_normal_0815.png,0.9539250135421753
/content/drive/MyDrive/MedSymmFlow_Project/fid_analysis/real_normal_1214/real_normal_0786.png,/content/drive/MyDrive/MedSymmFlow_Project/fid_analysis/real_normal_1214/real_normal_0097.png,0.9539011120796204
/content/drive/MyDrive/MedSymmFlow_Project/fid_analysis/real_normal_1214/real_normal_0097.png,/content/drive/MyDrive/MedSymmFlow_Project/fid_analysis/real_normal_1214/real_normal_0786.png,0.9539011120796204
/content/drive/MyDrive/MedSymmFlow_Project/fid_analysis/real_normal_1214/real_normal_0053.png,/content/drive/MyDrive/MedSymmFlow_Project/fid_analysis/real_normal_1214/real_normal_1140.png,0.9538648128509521
/content/drive/MyDrive/MedSymmFlow_Project/fid_analysis/real_normal_1214/real_normal_0430.png,/content/drive/MyDrive/MedSymmFlow_Project/fid_analysis/real_normal_1214/real_normal_1001.png,0.9538523554801941
/content/drive/MyDrive/MedSymmFlow_Project/fid_analysis/real_normal_1214/real_normal_0056.png,/content/drive/MyDrive/MedSymmFlow_Project/fid_analysis/real_normal_1214/real_normal_0236.png,0.9538255333900452
/content/drive/MyDrive/MedSymmFlow_Project/fid_analysis/real_normal_1214/real_normal_0929.png,/content/drive/MyDrive/MedSymmFlow_Project/fid_analysis/real_normal_1214/real_normal_1008.png,0.953815221786499
/content/drive/MyDrive/MedSymmFlow_Project/fid_analysis/real_normal_1214/real_normal_0594.png,/content/drive/MyDrive/MedSymmFlow_Project/fid_analysis/real_normal_1214/real_normal_0047.png,0.9538042545318604
/content/drive/MyDrive/MedSymmFlow_Project/fid_analysis/real_normal_1214/real_normal_1060.png,/content/drive/MyDrive/MedSymmFlow_Project/fid_analysis/real_normal_1214/real_normal_0353.png,0.9537726044654846
/content/drive/MyDrive/MedSymmFlow_Project/fid_analysis/real_normal_1214/real_normal_0668.png,/content/drive/MyDrive/MedSymmFlow_Project/fid_analysis/real_normal_1214/real_normal_0367.png,0.953766942024231
/content/drive/MyDrive/MedSymmFlow_Project/fid_analysis/real_normal_1214/real_normal_0367.png,/content/drive/MyDrive/MedSymmFlow_Project/fid_analysis/real_normal_1214/real_normal_0668.png,0.953766942024231
/content/drive/MyDrive/MedSymmFlow_Project/fid_analysis/real_normal_1214/real_normal_0002.png,/content/drive/MyDrive/MedSymmFlow_Project/fid_analysis/real_normal_1214/real_normal_1002.png,0.9537588953971863
/content/drive/MyDrive/MedSymmFlow_Project/fid_analysis/real_normal_1214/real_normal_0737.png,/content/drive/MyDrive/MedSymmFlow_Project/fid_analysis/real_normal_1214/real_normal_0628.png,0.9537259340286255
/content/drive/MyDrive/MedSymmFlow_Project/fid_analysis/real_normal_1214/real_normal_0328.png,/content/drive/MyDrive/MedSymmFlow_Project/fid_analysis/real_normal_1214/real_normal_0806.png,0.953685462474823
/content/drive/MyDrive/MedSymmFlow_Project/fid_analysis/real_normal_1214/real_normal_1006.png,/content/drive/MyDrive/MedSymmFlow_Project/fid_analysis/real_normal_1214/real_normal_0550.png,0.9536784887313843
/content/drive/MyDrive/MedSymmFlow_Project/fid_analysis/real_normal_1214/real_normal_1062.png,/content/drive/MyDrive/MedSymmFlow_Project/fid_analysis/real_normal_1214/real_normal_1197.png,0.9536736011505127
/content/drive/MyDrive/MedSymmFlow_Project/fid_analysis/real_normal_1214/real_normal_0605.png,/content/drive/MyDrive/MedSymmFlow_Project/fid_analysis/real_normal_1214/real_normal_0698.png,0.9535771608352661
/content/drive/MyDrive/MedSymmFlow_Project/fid_analysis/real_normal_1214/real_normal_0698.png,/content/drive/MyDrive/MedSymmFlow_Project/fid_analysis/real_normal_1214/real_normal_0605.png,0.9535771608352661
/content/drive/MyDrive/MedSymmFlow_Project/fid_analysis/real_normal_1214/real_normal_0855.png,/content/drive/MyDrive/MedSymmFlow_Project/fid_analysis/real_normal_1214/real_normal_0089.png,0.9535729885101318
/content/drive/MyDrive/MedSymmFlow_Project/fid_analysis/real_normal_1214/real_normal_0478.png,/content/drive/MyDrive/MedSymmFlow_Project/fid_analysis/real_normal_1214/real_normal_0688.png,0.9535719156265259
/content/drive/MyDrive/MedSymmFlow_Project/fid_analysis/real_normal_1214/real_normal_0209.png,/content/drive/MyDrive/MedSymmFlow_Project/fid_analysis/real_normal_1214/real_normal_0110.png,0.9535521268844604
/content/drive/MyDrive/MedSymmFlow_Project/fid_analysis/real_normal_1214/real_normal_0776.png,/content/drive/MyDrive/MedSymmFlow_Project/fid_analysis/real_normal_1214/real_normal_0329.png,0.9534775614738464
/content/drive/MyDrive/MedSymmFlow_Project/fid_analysis/real_normal_1214/real_normal_0335.png,/content/drive/MyDrive/MedSymmFlow_Project/fid_analysis/real_normal_1214/real_normal_0006.png,0.9534697532653809
/content/drive/MyDrive/MedSymmFlow_Project/fid_analysis/real_normal_1214/real_normal_0006.png,/content/drive/MyDrive/MedSymmFlow_Project/fid_analysis/real_normal_1214/real_normal_0335.png,0.9534697532653809
/content/drive/MyDrive/MedSymmFlow_Project/fid_analysis/real_normal_1214/real_normal_1204.png,/content/drive/MyDrive/MedSymmFlow_Project/fid_analysis/real_normal_1214/real_normal_0595.png,0.9534687995910645
/content/drive/MyDrive/MedSymmFlow_Project/fid_analysis/real_normal_1214/real_normal_0423.png,/content/drive/MyDrive/MedSymmFlow_Project/fid_analysis/real_normal_1214/real_normal_0824.png,0.9534451961517334
/content/drive/MyDrive/MedSymmFlow_Project/fid_analysis/real_normal_1214/real_normal_0239.png,/content/drive/MyDrive/MedSymmFlow_Project/fid_analysis/real_normal_1214/real_normal_1186.png,0.95328688621521
/content/drive/MyDrive/MedSymmFlow_Project/fid_analysis/real_normal_1214/real_normal_0832.png,/content/drive/MyDrive/MedSymmFlow_Project/fid_analysis/real_normal_1214/real_normal_0899.png,0.953284502029419
/content/drive/MyDrive/MedSymmFlow_Project/fid_analysis/real_normal_1214/real_normal_0899.png,/content/drive/MyDrive/MedSymmFlow_Project/fid_analysis/real_normal_1214/real_normal_0832.png,0.953284502029419
/content/drive/MyDrive/MedSymmFlow_Project/fid_analysis/real_normal_1214/real_normal_0793.png,/content/drive/MyDrive/MedSymmFlow_Project/fid_analysis/real_normal_1214/real_normal_0518.png,0.9532699584960938
/content/drive/MyDrive/MedSymmFlow_Project/fid_analysis/real_normal_1214/real_normal_0164.png,/content/drive/MyDrive/MedSymmFlow_Project/fid_analysis/real_normal_1214/real_normal_0456.png,0.9532551169395447
/content/drive/MyDrive/MedSymmFlow_Project/fid_analysis/real_normal_1214/real_normal_0456.png,/content/drive/MyDrive/MedSymmFlow_Project/fid_analysis/real_normal_1214/real_normal_0164.png,0.9532551169395447
/content/drive/MyDrive/MedSymmFlow_Project/fid_analysis/real_normal_1214/real_normal_0785.png,/content/drive/MyDrive/MedSymmFlow_Project/fid_analysis/real_normal_1214/real_normal_0311.png,0.9532520771026611
/content/drive/MyDrive/MedSymmFlow_Project/fid_analysis/real_normal_1214/real_normal_0165.png,/content/drive/MyDrive/MedSymmFlow_Project/fid_analysis/real_normal_1214/real_normal_0968.png,0.9532134532928467
/content/drive/MyDrive/MedSymmFlow_Project/fid_analysis/real_normal_1214/real_normal_0359.png,/content/drive/MyDrive/MedSymmFlow_Project/fid_analysis/real_normal_1214/real_normal_1160.png,0.953206479549408
/content/drive/MyDrive/MedSymmFlow_Project/fid_analysis/real_normal_1214/real_normal_0884.png,/content/drive/MyDrive/MedSymmFlow_Project/fid_analysis/real_normal_1214/real_normal_0195.png,0.9531737565994263
/content/drive/MyDrive/MedSymmFlow_Project/fid_analysis/real_normal_1214/real_normal_0195.png,/content/drive/MyDrive/MedSymmFlow_Project/fid_analysis/real_normal_1214/real_normal_0884.png,0.9531737565994263
/content/drive/MyDrive/MedSymmFlow_Project/fid_analysis/real_normal_1214/real_normal_0535.png,/content/drive/MyDrive/MedSymmFlow_Project/fid_analysis/real_normal_1214/real_normal_1088.png,0.9531716108322144
/content/drive/MyDrive/MedSymmFlow_Project/fid_analysis/real_normal_1214/real_normal_0121.png,/content/drive/MyDrive/MedSymmFlow_Project/fid_analysis/real_normal_1214/real_normal_0144.png,0.9531556367874146
/content/drive/MyDrive/MedSymmFlow_Project/fid_analysis/real_normal_1214/real_normal_0383.png,/content/drive/MyDrive/MedSymmFlow_Project/fid_analysis/real_normal_1214/real_normal_0089.png,0.9531521797180176
/content/drive/MyDrive/MedSymmFlow_Project/fid_analysis/real_normal_1214/real_normal_1123.png,/content/drive/MyDrive/MedSymmFlow_Project/fid_analysis/real_normal_1214/real_normal_1044.png,0.9531196355819702
/content/drive/MyDrive/MedSymmFlow_Project/fid_analysis/real_normal_1214/real_normal_0825.png,/content/drive/MyDrive/MedSymmFlow_Project/fid_analysis/real_normal_1214/real_normal_0697.png,0.9531136155128479
/content/drive/MyDrive/MedSymmFlow_Project/fid_analysis/real_normal_1214/real_normal_0697.png,/content/drive/MyDrive/MedSymmFlow_Project/fid_analysis/real_normal_1214/real_normal_0825.png,0.9531136155128479
/content/drive/MyDrive/MedSymmFlow_Project/fid_analysis/real_normal_1214/real_normal_0336.png,/content/drive/MyDrive/MedSymmFlow_Project/fid_analysis/real_normal_1214/real_normal_0089.png,0.9531036615371704
/content/drive/MyDrive/MedSymmFlow_Project/fid_analysis/real_normal_1214/real_normal_1114.png,/content/drive/MyDrive/MedSymmFlow_Project/fid_analysis/real_normal_1214/real_normal_0451.png,0.953095555305481
/content/drive/MyDrive/MedSymmFlow_Project/fid_analysis/real_normal_1214/real_normal_0426.png,/content/drive/MyDrive/MedSymmFlow_Project/fid_analysis/real_normal_1214/real_normal_0485.png,0.9530917406082153
/content/drive/MyDrive/MedSymmFlow_Project/fid_analysis/real_normal_1214/real_normal_0880.png,/content/drive/MyDrive/MedSymmFlow_Project/fid_analysis/real_normal_1214/real_normal_0085.png,0.9530565738677979
/content/drive/MyDrive/MedSymmFlow_Project/fid_analysis/real_normal_1214/real_normal_0358.png,/content/drive/MyDrive/MedSymmFlow_Project/fid_analysis/real_normal_1214/real_normal_0847.png,0.9530365467071533
/content/drive/MyDrive/MedSymmFlow_Project/fid_analysis/real_normal_1214/real_normal_0847.png,/content/drive/MyDrive/MedSymmFlow_Project/fid_analysis/real_normal_1214/real_normal_0358.png,0.9530365467071533
/content/drive/MyDrive/MedSymmFlow_Project/fid_analysis/real_normal_1214/real_normal_1131.png,/content/drive/MyDrive/MedSymmFlow_Project/fid_analysis/real_normal_1214/real_normal_1202.png,0.9530322551727295
/content/drive/MyDrive/MedSymmFlow_Project/fid_analysis/real_normal_1214/real_normal_0022.png,/content/drive/MyDrive/MedSymmFlow_Project/fid_analysis/real_normal_1214/real_normal_0661.png,0.9530142545700073
/content/drive/MyDrive/MedSymmFlow_Project/fid_analysis/real_normal_1214/real_normal_0192.png,/content/drive/MyDrive/MedSymmFlow_Project/fid_analysis/real_normal_1214/real_normal_0824.png,0.9529752731323242
/content/drive/MyDrive/MedSymmFlow_Project/fid_analysis/real_normal_1214/real_normal_0293.png,/content/drive/MyDrive/MedSymmFlow_Project/fid_analysis/real_normal_1214/real_normal_0746.png,0.9529752731323242
/content/drive/MyDrive/MedSymmFlow_Project/fid_analysis/real_normal_1214/real_normal_0746.png,/content/drive/MyDrive/MedSymmFlow_Project/fid_analysis/real_normal_1214/real_normal_0293.png,0.9529752731323242
/content/drive/MyDrive/MedSymmFlow_Project/fid_analysis/real_normal_1214/real_normal_0905.png,/content/drive/MyDrive/MedSymmFlow_Project/fid_analysis/real_normal_1214/real_normal_0056.png,0.9529070854187012
/content/drive/MyDrive/MedSymmFlow_Project/fid_analysis/real_normal_1214/real_normal_0078.png,/content/drive/MyDrive/MedSymmFlow_Project/fid_analysis/real_normal_1214/real_normal_1002.png,0.952880322933197
/content/drive/MyDrive/MedSymmFlow_Project/fid_analysis/real_normal_1214/real_normal_0501.png,/content/drive/MyDrive/MedSymmFlow_Project/fid_analysis/real_normal_1214/real_normal_0663.png,0.9528715014457703
/content/drive/MyDrive/MedSymmFlow_Project/fid_analysis/real_normal_1214/real_normal_0834.png,/content/drive/MyDrive/MedSymmFlow_Project/fid_analysis/real_normal_1214/real_normal_0628.png,0.9528580904006958
/content/drive/MyDrive/MedSymmFlow_Project/fid_analysis/real_normal_1214/real_normal_0055.png,/content/drive/MyDrive/MedSymmFlow_Project/fid_analysis/real_normal_1214/real_normal_0468.png,0.9528560638427734
/content/drive/MyDrive/MedSymmFlow_Project/fid_analysis/real_normal_1214/real_normal_0771.png,/content/drive/MyDrive/MedSymmFlow_Project/fid_analysis/real_normal_1214/real_normal_0422.png,0.9528366327285767
/content/drive/MyDrive/MedSymmFlow_Project/fid_analysis/real_normal_1214/real_normal_1208.png,/content/drive/MyDrive/MedSymmFlow_Project/fid_analysis/real_normal_1214/real_normal_0389.png,0.9528253078460693
/content/drive/MyDrive/MedSymmFlow_Project/fid_analysis/real_normal_1214/real_normal_0921.png,/content/drive/MyDrive/MedSymmFlow_Project/fid_analysis/real_normal_1214/real_normal_0929.png,0.952762246131897
/content/drive/MyDrive/MedSymmFlow_Project/fid_analysis/real_normal_1214/real_normal_1169.png,/content/drive/MyDrive/MedSymmFlow_Project/fid_analysis/real_normal_1214/real_normal_0821.png,0.9527352452278137
/content/drive/MyDrive/MedSymmFlow_Project/fid_analysis/real_normal_1214/real_normal_0155.png,/content/drive/MyDrive/MedSymmFlow_Project/fid_analysis/real_normal_1214/real_normal_0986.png,0.9527252912521362
/content/drive/MyDrive/MedSymmFlow_Project/fid_analysis/real_normal_1214/real_normal_1064.png,/content/drive/MyDrive/MedSymmFlow_Project/fid_analysis/real_normal_1214/real_normal_1186.png,0.9527068138122559
/content/drive/MyDrive/MedSymmFlow_Project/fid_analysis/real_normal_1214/real_normal_0379.png,/content/drive/MyDrive/MedSymmFlow_Project/fid_analysis/real_normal_1214/real_normal_0763.png,0.9527018666267395
/content/drive/MyDrive/MedSymmFlow_Project/fid_analysis/real_normal_1214/real_normal_0740.png,/content/drive/MyDrive/MedSymmFlow_Project/fid_analysis/real_normal_1214/real_normal_1136.png,0.952696681022644
/content/drive/MyDrive/MedSymmFlow_Project/fid_analysis/real_normal_1214/real_normal_1159.png,/content/drive/MyDrive/MedSymmFlow_Project/fid_analysis/real_normal_1214/real_normal_0668.png,0.9526797533035278
/content/drive/MyDrive/MedSymmFlow_Project/fid_analysis/real_normal_1214/real_normal_0751.png,/content/drive/MyDrive/MedSymmFlow_Project/fid_analysis/real_normal_1214/real_normal_0101.png,0.9526729583740234
/content/drive/MyDrive/MedSymmFlow_Project/fid_analysis/real_normal_1214/real_normal_0101.png,/content/drive/MyDrive/MedSymmFlow_Project/fid_analysis/real_normal_1214/real_normal_0751.png,0.9526729583740234
/content/drive/MyDrive/MedSymmFlow_Project/fid_analysis/real_normal_1214/real_normal_0102.png,/content/drive/MyDrive/MedSymmFlow_Project/fid_analysis/real_normal_1214/real_normal_0878.png,0.9526600241661072
/content/drive/MyDrive/MedSymmFlow_Project/fid_analysis/real_normal_1214/real_normal_0866.png,/content/drive/MyDrive/MedSymmFlow_Project/fid_analysis/real_normal_1214/real_normal_0376.png,0.9526530504226685
/content/drive/MyDrive/MedSymmFlow_Project/fid_analysis/real_normal_1214/real_normal_1106.png,/content/drive/MyDrive/MedSymmFlow_Project/fid_analysis/real_normal_1214/real_normal_0872.png,0.952630877494812
/content/drive/MyDrive/MedSymmFlow_Project/fid_analysis/real_normal_1214/real_normal_0115.png,/content/drive/MyDrive/MedSymmFlow_Project/fid_analysis/real_normal_1214/real_normal_0934.png,0.9526262283325195
/content/drive/MyDrive/MedSymmFlow_Project/fid_analysis/real_normal_1214/real_normal_0149.png,/content/drive/MyDrive/MedSymmFlow_Project/fid_analysis/real_normal_1214/real_normal_0512.png,0.9526208639144897
/content/drive/MyDrive/MedSymmFlow_Project/fid_analysis/real_normal_1214/real_normal_0250.png,/content/drive/MyDrive/MedSymmFlow_Project/fid_analysis/real_normal_1214/real_normal_0110.png,0.9525625705718994
/content/drive/MyDrive/MedSymmFlow_Project/fid_analysis/real_normal_1214/real_normal_0373.png,/content/drive/MyDrive/MedSymmFlow_Project/fid_analysis/real_normal_1214/real_normal_0861.png,0.9525251388549805
/content/drive/MyDrive/MedSymmFlow_Project/fid_analysis/real_normal_1214/real_normal_0271.png,/content/drive/MyDrive/MedSymmFlow_Project/fid_analysis/real_normal_1214/real_normal_0986.png,0.9525197744369507
/content/drive/MyDrive/MedSymmFlow_Project/fid_analysis/real_normal_1214/real_normal_0064.png,/content/drive/MyDrive/MedSymmFlow_Project/fid_analysis/real_normal_1214/real_normal_0652.png,0.9525148272514343
/content/drive/MyDrive/MedSymmFlow_Project/fid_analysis/real_normal_1214/real_normal_1153.png,/content/drive/MyDrive/MedSymmFlow_Project/fid_analysis/real_normal_1214/real_normal_0292.png,0.9524955749511719
/content/drive/MyDrive/MedSymmFlow_Project/fid_analysis/real_normal_1214/real_normal_0292.png,/content/drive/MyDrive/MedSymmFlow_Project/fid_analysis/real_normal_1214/real_normal_1153.png,0.9524955749511719
/content/drive/MyDrive/MedSymmFlow_Project/fid_analysis/real_normal_1214/real_normal_0074.png,/content/drive/MyDrive/MedSymmFlow_Project/fid_analysis/real_normal_1214/real_normal_0419.png,0.9524688720703125
/content/drive/MyDrive/MedSymmFlow_Project/fid_analysis/real_normal_1214/real_normal_0542.png,/content/drive/MyDrive/MedSymmFlow_Project/fid_analysis/real_normal_1214/real_normal_0634.png,0.9524574875831604
/content/drive/MyDrive/MedSymmFlow_Project/fid_analysis/real_normal_1214/real_normal_0193.png,/content/drive/MyDrive/MedSymmFlow_Project/fid_analysis/real_normal_1214/real_normal_0430.png,0.9524240493774414
/content/drive/MyDrive/MedSymmFlow_Project/fid_analysis/real_normal_1214/real_normal_0128.png,/content/drive/MyDrive/MedSymmFlow_Project/fid_analysis/real_normal_1214/real_normal_0687.png,0.9523981809616089
/content/drive/MyDrive/MedSymmFlow_Project/fid_analysis/real_normal_1214/real_normal_0687.png,/content/drive/MyDrive/MedSymmFlow_Project/fid_analysis/real_normal_1214/real_normal_0128.png,0.9523981809616089
/content/drive/MyDrive/MedSymmFlow_Project/fid_analysis/real_normal_1214/real_normal_0386.png,/content/drive/MyDrive/MedSymmFlow_Project/fid_analysis/real_normal_1214/real_normal_0518.png,0.9523487687110901
/content/drive/MyDrive/MedSymmFlow_Project/fid_analysis/real_normal_1214/real_normal_0939.png,/content/drive/MyDrive/MedSymmFlow_Project/fid_analysis/real_normal_1214/real_normal_0475.png,0.9523423910140991
/content/drive/MyDrive/MedSymmFlow_Project/fid_analysis/real_normal_1214/real_normal_0067.png,/content/drive/MyDrive/MedSymmFlow_Project/fid_analysis/real_normal_1214/real_normal_0649.png,0.9523387551307678
/content/drive/MyDrive/MedSymmFlow_Project/fid_analysis/real_normal_1214/real_normal_0315.png,/content/drive/MyDrive/MedSymmFlow_Project/fid_analysis/real_normal_1214/real_normal_0069.png,0.9523187875747681
/content/drive/MyDrive/MedSymmFlow_Project/fid_analysis/real_normal_1214/real_normal_1051.png,/content/drive/MyDrive/MedSymmFlow_Project/fid_analysis/real_normal_1214/real_normal_0363.png,0.9522677659988403
/content/drive/MyDrive/MedSymmFlow_Project/fid_analysis/real_normal_1214/real_normal_0910.png,/content/drive/MyDrive/MedSymmFlow_Project/fid_analysis/real_normal_1214/real_normal_0398.png,0.9522339105606079
/content/drive/MyDrive/MedSymmFlow_Project/fid_analysis/real_normal_1214/real_normal_0182.png,/content/drive/MyDrive/MedSymmFlow_Project/fid_analysis/real_normal_1214/real_normal_0540.png,0.9522321820259094
/content/drive/MyDrive/MedSymmFlow_Project/fid_analysis/real_normal_1214/real_normal_0983.png,/content/drive/MyDrive/MedSymmFlow_Project/fid_analysis/real_normal_1214/real_normal_0470.png,0.9522240161895752
/content/drive/MyDrive/MedSymmFlow_Project/fid_analysis/real_normal_1214/real_normal_1110.png,/content/drive/MyDrive/MedSymmFlow_Project/fid_analysis/real_normal_1214/real_normal_1201.png,0.9522073268890381
/content/drive/MyDrive/MedSymmFlow_Project/fid_analysis/real_normal_1214/real_normal_1082.png,/content/drive/MyDrive/MedSymmFlow_Project/fid_analysis/real_normal_1214/real_normal_0824.png,0.9521827697753906
/content/drive/MyDrive/MedSymmFlow_Project/fid_analysis/real_normal_1214/real_normal_0569.png,/content/drive/MyDrive/MedSymmFlow_Project/fid_analysis/real_normal_1214/real_normal_1064.png,0.9521320462226868
/content/drive/MyDrive/MedSymmFlow_Project/fid_analysis/real_normal_1214/real_normal_0537.png,/content/drive/MyDrive/MedSymmFlow_Project/fid_analysis/real_normal_1214/real_normal_0732.png,0.9521295428276062
/content/drive/MyDrive/MedSymmFlow_Project/fid_analysis/real_normal_1214/real_normal_0176.png,/content/drive/MyDrive/MedSymmFlow_Project/fid_analysis/real_normal_1214/real_normal_0890.png,0.9521214962005615
/content/drive/MyDrive/MedSymmFlow_Project/fid_analysis/real_normal_1214/real_normal_1152.png,/content/drive/MyDrive/MedSymmFlow_Project/fid_analysis/real_normal_1214/real_normal_0440.png,0.9521172046661377
/content/drive/MyDrive/MedSymmFlow_Project/fid_analysis/real_normal_1214/real_normal_0907.png,/content/drive/MyDrive/MedSymmFlow_Project/fid_analysis/real_normal_1214/real_normal_1179.png,0.952061653137207
/content/drive/MyDrive/MedSymmFlow_Project/fid_analysis/real_normal_1214/real_normal_0038.png,/content/drive/MyDrive/MedSymmFlow_Project/fid_analysis/real_normal_1214/real_normal_0375.png,0.9520329236984253
/content/drive/MyDrive/MedSymmFlow_Project/fid_analysis/real_normal_1214/real_normal_0287.png,/content/drive/MyDrive/MedSymmFlow_Project/fid_analysis/real_normal_1214/real_normal_0627.png,0.9520273804664612
/content/drive/MyDrive/MedSymmFlow_Project/fid_analysis/real_normal_1214/real_normal_0914.png,/content/drive/MyDrive/MedSymmFlow_Project/fid_analysis/real_normal_1214/real_normal_0054.png,0.9519989490509033
/content/drive/MyDrive/MedSymmFlow_Project/fid_analysis/real_normal_1214/real_normal_0545.png,/content/drive/MyDrive/MedSymmFlow_Project/fid_analysis/real_normal_1214/real_normal_0156.png,0.9519834518432617
/content/drive/MyDrive/MedSymmFlow_Project/fid_analysis/real_normal_1214/real_normal_0887.png,/content/drive/MyDrive/MedSymmFlow_Project/fid_analysis/real_normal_1214/real_normal_0968.png,0.9519689083099365
/content/drive/MyDrive/MedSymmFlow_Project/fid_analysis/real_normal_1214/real_normal_0377.png,/content/drive/MyDrive/MedSymmFlow_Project/fid_analysis/real_normal_1214/real_normal_0840.png,0.9519468545913696
/content/drive/MyDrive/MedSymmFlow_Project/fid_analysis/real_normal_1214/real_normal_1163.png,/content/drive/MyDrive/MedSymmFlow_Project/fid_analysis/real_normal_1214/real_normal_0136.png,0.9519411325454712
/content/drive/MyDrive/MedSymmFlow_Project/fid_analysis/real_normal_1214/real_normal_0127.png,/content/drive/MyDrive/MedSymmFlow_Project/fid_analysis/real_normal_1214/real_normal_0809.png,0.951926589012146
/content/drive/MyDrive/MedSymmFlow_Project/fid_analysis/real_normal_1214/real_normal_1168.png,/content/drive/MyDrive/MedSymmFlow_Project/fid_analysis/real_normal_1214/real_normal_0515.png,0.951905369758606
/content/drive/MyDrive/MedSymmFlow_Project/fid_analysis/real_normal_1214/real_normal_0517.png,/content/drive/MyDrive/MedSymmFlow_Project/fid_analysis/real_normal_1214/real_normal_0328.png,0.9518813490867615
/content/drive/MyDrive/MedSymmFlow_Project/fid_analysis/real_normal_1214/real_normal_1011.png,/content/drive/MyDrive/MedSymmFlow_Project/fid_analysis/real_normal_1214/real_normal_0955.png,0.9518394470214844
/content/drive/MyDrive/MedSymmFlow_Project/fid_analysis/real_normal_1214/real_normal_0792.png,/content/drive/MyDrive/MedSymmFlow_Project/fid_analysis/real_normal_1214/real_normal_0760.png,0.9518274664878845
/content/drive/MyDrive/MedSymmFlow_Project/fid_analysis/real_normal_1214/real_normal_0917.png,/content/drive/MyDrive/MedSymmFlow_Project/fid_analysis/real_normal_1214/real_normal_0310.png,0.9518030285835266
/content/drive/MyDrive/MedSymmFlow_Project/fid_analysis/real_normal_1214/real_normal_0108.png,/content/drive/MyDrive/MedSymmFlow_Project/fid_analysis/real_normal_1214/real_normal_0144.png,0.9517960548400879
/content/drive/MyDrive/MedSymmFlow_Project/fid_analysis/real_normal_1214/real_normal_0166.png,/content/drive/MyDrive/MedSymmFlow_Project/fid_analysis/real_normal_1214/real_normal_0847.png,0.9517922401428223
/content/drive/MyDrive/MedSymmFlow_Project/fid_analysis/real_normal_1214/real_normal_0559.png,/content/drive/MyDrive/MedSymmFlow_Project/fid_analysis/real_normal_1214/real_normal_1158.png,0.9517673254013062
/content/drive/MyDrive/MedSymmFlow_Project/fid_analysis/real_normal_1214/real_normal_1158.png,/content/drive/MyDrive/MedSymmFlow_Project/fid_analysis/real_normal_1214/real_normal_0559.png,0.9517673254013062
/content/drive/MyDrive/MedSymmFlow_Project/fid_analysis/real_normal_1214/real_normal_0153.png,/content/drive/MyDrive/MedSymmFlow_Project/fid_analysis/real_normal_1214/real_normal_0116.png,0.9517602920532227
/content/drive/MyDrive/MedSymmFlow_Project/fid_analysis/real_normal_1214/real_normal_1080.png,/content/drive/MyDrive/MedSymmFlow_Project/fid_analysis/real_normal_1214/real_normal_0351.png,0.9517455697059631
/content/drive/MyDrive/MedSymmFlow_Project/fid_analysis/real_normal_1214/real_normal_0174.png,/content/drive/MyDrive/MedSymmFlow_Project/fid_analysis/real_normal_1214/real_normal_0351.png,0.9517404437065125
/content/drive/MyDrive/MedSymmFlow_Project/fid_analysis/real_normal_1214/real_normal_0079.png,/content/drive/MyDrive/MedSymmFlow_Project/fid_analysis/real_normal_1214/real_normal_0627.png,0.9517309069633484
/content/drive/MyDrive/MedSymmFlow_Project/fid_analysis/real_normal_1214/real_normal_0036.png,/content/drive/MyDrive/MedSymmFlow_Project/fid_analysis/real_normal_1214/real_normal_0403.png,0.9517079591751099
/content/drive/MyDrive/MedSymmFlow_Project/fid_analysis/real_normal_1214/real_normal_1041.png,/content/drive/MyDrive/MedSymmFlow_Project/fid_analysis/real_normal_1214/real_normal_0221.png,0.9516983032226562
/content/drive/MyDrive/MedSymmFlow_Project/fid_analysis/real_normal_1214/real_normal_0563.png,/content/drive/MyDrive/MedSymmFlow_Project/fid_analysis/real_normal_1214/real_normal_1116.png,0.9516879916191101
/content/drive/MyDrive/MedSymmFlow_Project/fid_analysis/real_normal_1214/real_normal_0177.png,/content/drive/MyDrive/MedSymmFlow_Project/fid_analysis/real_normal_1214/real_normal_0550.png,0.9516329169273376
/content/drive/MyDrive/MedSymmFlow_Project/fid_analysis/real_normal_1214/real_normal_0158.png,/content/drive/MyDrive/MedSymmFlow_Project/fid_analysis/real_normal_1214/real_normal_0522.png,0.9516185522079468
/content/drive/MyDrive/MedSymmFlow_Project/fid_analysis/real_normal_1214/real_normal_0945.png,/content/drive/MyDrive/MedSymmFlow_Project/fid_analysis/real_normal_1214/real_normal_1165.png,0.9515992999076843
/content/drive/MyDrive/MedSymmFlow_Project/fid_analysis/real_normal_1214/real_normal_0406.png,/content/drive/MyDrive/MedSymmFlow_Project/fid_analysis/real_normal_1214/real_normal_1136.png,0.9515664577484131
/content/drive/MyDrive/MedSymmFlow_Project/fid_analysis/real_normal_1214/real_normal_0146.png,/content/drive/MyDrive/MedSymmFlow_Project/fid_analysis/real_normal_1214/real_normal_1115.png,0.9515422582626343
/content/drive/MyDrive/MedSymmFlow_Project/fid_analysis/real_normal_1214/real_normal_1115.png,/content/drive/MyDrive/MedSymmFlow_Project/fid_analysis/real_normal_1214/real_normal_0146.png,0.9515422582626343
/content/drive/MyDrive/MedSymmFlow_Project/fid_analysis/real_normal_1214/real_normal_0676.png,/content/drive/MyDrive/MedSymmFlow_Project/fid_analysis/real_normal_1214/real_normal_0968.png,0.9515296220779419
/content/drive/MyDrive/MedSymmFlow_Project/fid_analysis/real_normal_1214/real_normal_0718.png,/content/drive/MyDrive/MedSymmFlow_Project/fid_analysis/real_normal_1214/real_normal_1050.png,0.9515114426612854
/content/drive/MyDrive/MedSymmFlow_Project/fid_analysis/real_normal_1214/real_normal_0891.png,/content/drive/MyDrive/MedSymmFlow_Project/fid_analysis/real_normal_1214/real_normal_0109.png,0.951471745967865
/content/drive/MyDrive/MedSymmFlow_Project/fid_analysis/real_normal_1214/real_normal_1032.png,/content/drive/MyDrive/MedSymmFlow_Project/fid_analysis/real_normal_1214/real_normal_0516.png,0.9514545202255249
/content/drive/MyDrive/MedSymmFlow_Project/fid_analysis/real_normal_1214/real_normal_0915.png,/content/drive/MyDrive/MedSymmFlow_Project/fid_analysis/real_normal_1214/real_normal_0389.png,0.9514155387878418
/content/drive/MyDrive/MedSymmFlow_Project/fid_analysis/real_normal_1214/real_normal_0705.png,/content/drive/MyDrive/MedSymmFlow_Project/fid_analysis/real_normal_1214/real_normal_0809.png,0.9513906240463257
/content/drive/MyDrive/MedSymmFlow_Project/fid_analysis/real_normal_1214/real_normal_0314.png,/content/drive/MyDrive/MedSymmFlow_Project/fid_analysis/real_normal_1214/real_normal_0805.png,0.9513627290725708
/content/drive/MyDrive/MedSymmFlow_Project/fid_analysis/real_normal_1214/real_normal_0980.png,/content/drive/MyDrive/MedSymmFlow_Project/fid_analysis/real_normal_1214/real_normal_1160.png,0.9513530731201172
/content/drive/MyDrive/MedSymmFlow_Project/fid_analysis/real_normal_1214/real_normal_0243.png,/content/drive/MyDrive/MedSymmFlow_Project/fid_analysis/real_normal_1214/real_normal_0329.png,0.9513418674468994
/content/drive/MyDrive/MedSymmFlow_Project/fid_analysis/real_normal_1214/real_normal_0087.png,/content/drive/MyDrive/MedSymmFlow_Project/fid_analysis/real_normal_1214/real_normal_0879.png,0.9513368606567383
/content/drive/MyDrive/MedSymmFlow_Project/fid_analysis/real_normal_1214/real_normal_0717.png,/content/drive/MyDrive/MedSymmFlow_Project/fid_analysis/real_normal_1214/real_normal_1201.png,0.95133376121521
/content/drive/MyDrive/MedSymmFlow_Project/fid_analysis/real_normal_1214/real_normal_1073.png,/content/drive/MyDrive/MedSymmFlow_Project/fid_analysis/real_normal_1214/real_normal_0485.png,0.9513320922851562
/content/drive/MyDrive/MedSymmFlow_Project/fid_analysis/real_normal_1214/real_normal_1112.png,/content/drive/MyDrive/MedSymmFlow_Project/fid_analysis/real_normal_1214/real_normal_0531.png,0.9513224959373474
/content/drive/MyDrive/MedSymmFlow_Project/fid_analysis/real_normal_1214/real_normal_0161.png,/content/drive/MyDrive/MedSymmFlow_Project/fid_analysis/real_normal_1214/real_normal_0677.png,0.9512977600097656
/content/drive/MyDrive/MedSymmFlow_Project/fid_analysis/real_normal_1214/real_normal_0015.png,/content/drive/MyDrive/MedSymmFlow_Project/fid_analysis/real_normal_1214/real_normal_0079.png,0.9512873291969299
/content/drive/MyDrive/MedSymmFlow_Project/fid_analysis/real_normal_1214/real_normal_1047.png,/content/drive/MyDrive/MedSymmFlow_Project/fid_analysis/real_normal_1214/real_normal_0705.png,0.9512449502944946
/content/drive/MyDrive/MedSymmFlow_Project/fid_analysis/real_normal_1214/real_normal_0573.png,/content/drive/MyDrive/MedSymmFlow_Project/fid_analysis/real_normal_1214/real_normal_0847.png,0.9512277245521545
/content/drive/MyDrive/MedSymmFlow_Project/fid_analysis/real_normal_1214/real_normal_0397.png,/content/drive/MyDrive/MedSymmFlow_Project/fid_analysis/real_normal_1214/real_normal_1047.png,0.9512258172035217
/content/drive/MyDrive/MedSymmFlow_Project/fid_analysis/real_normal_1214/real_normal_0704.png,/content/drive/MyDrive/MedSymmFlow_Project/fid_analysis/real_normal_1214/real_normal_0110.png,0.9512102603912354
/content/drive/MyDrive/MedSymmFlow_Project/fid_analysis/real_normal_1214/real_normal_0411.png,/content/drive/MyDrive/MedSymmFlow_Project/fid_analysis/real_normal_1214/real_normal_0483.png,0.9511905312538147
/content/drive/MyDrive/MedSymmFlow_Project/fid_analysis/real_normal_1214/real_normal_0626.png,/content/drive/MyDrive/MedSymmFlow_Project/fid_analysis/real_normal_1214/real_normal_1116.png,0.951164186000824
/content/drive/MyDrive/MedSymmFlow_Project/fid_analysis/real_normal_1214/real_normal_1198.png,/content/drive/MyDrive/MedSymmFlow_Project/fid_analysis/real_normal_1214/real_normal_0276.png,0.9511476755142212
/content/drive/MyDrive/MedSymmFlow_Project/fid_analysis/real_normal_1214/real_normal_0414.png,/content/drive/MyDrive/MedSymmFlow_Project/fid_analysis/real_normal_1214/real_normal_0949.png,0.9511409997940063
/content/drive/MyDrive/MedSymmFlow_Project/fid_analysis/real_normal_1214/real_normal_0333.png,/content/drive/MyDrive/MedSymmFlow_Project/fid_analysis/real_normal_1214/real_normal_0287.png,0.951134204864502
/content/drive/MyDrive/MedSymmFlow_Project/fid_analysis/real_normal_1214/real_normal_0024.png,/content/drive/MyDrive/MedSymmFlow_Project/fid_analysis/real_normal_1214/real_normal_1160.png,0.9511333703994751
/content/drive/MyDrive/MedSymmFlow_Project/fid_analysis/real_normal_1214/real_normal_0496.png,/content/drive/MyDrive/MedSymmFlow_Project/fid_analysis/real_normal_1214/real_normal_0301.png,0.9511202573776245
/content/drive/MyDrive/MedSymmFlow_Project/fid_analysis/real_normal_1214/real_normal_0829.png,/content/drive/MyDrive/MedSymmFlow_Project/fid_analysis/real_normal_1214/real_normal_0069.png,0.9511129856109619
/content/drive/MyDrive/MedSymmFlow_Project/fid_analysis/real_normal_1214/real_normal_0874.png,/content/drive/MyDrive/MedSymmFlow_Project/fid_analysis/real_normal_1214/real_normal_0685.png,0.9510949850082397
/content/drive/MyDrive/MedSymmFlow_Project/fid_analysis/real_normal_1214/real_normal_0312.png,/content/drive/MyDrive/MedSymmFlow_Project/fid_analysis/real_normal_1214/real_normal_0681.png,0.9510819315910339
/content/drive/MyDrive/MedSymmFlow_Project/fid_analysis/real_normal_1214/real_normal_0171.png,/content/drive/MyDrive/MedSymmFlow_Project/fid_analysis/real_normal_1214/real_normal_1010.png,0.9510665535926819
/content/drive/MyDrive/MedSymmFlow_Project/fid_analysis/real_normal_1214/real_normal_0296.png,/content/drive/MyDrive/MedSymmFlow_Project/fid_analysis/real_normal_1214/real_normal_0004.png,0.9510632753372192
/content/drive/MyDrive/MedSymmFlow_Project/fid_analysis/real_normal_1214/real_normal_1014.png,/content/drive/MyDrive/MedSymmFlow_Project/fid_analysis/real_normal_1214/real_normal_0419.png,0.9510599374771118
/content/drive/MyDrive/MedSymmFlow_Project/fid_analysis/real_normal_1214/real_normal_0402.png,/content/drive/MyDrive/MedSymmFlow_Project/fid_analysis/real_normal_1214/real_normal_0165.png,0.9509778022766113
/content/drive/MyDrive/MedSymmFlow_Project/fid_analysis/real_normal_1214/real_normal_0309.png,/content/drive/MyDrive/MedSymmFlow_Project/fid_analysis/real_normal_1214/real_normal_0796.png,0.9509410262107849
/content/drive/MyDrive/MedSymmFlow_Project/fid_analysis/real_normal_1214/real_normal_1118.png,/content/drive/MyDrive/MedSymmFlow_Project/fid_analysis/real_normal_1214/real_normal_1109.png,0.950934648513794
/content/drive/MyDrive/MedSymmFlow_Project/fid_analysis/real_normal_1214/real_normal_1109.png,/content/drive/MyDrive/MedSymmFlow_Project/fid_analysis/real_normal_1214/real_normal_1118.png,0.950934648513794
/content/drive/MyDrive/MedSymmFlow_Project/fid_analysis/real_normal_1214/real_normal_0975.png,/content/drive/MyDrive/MedSymmFlow_Project/fid_analysis/real_normal_1214/real_normal_0318.png,0.9509299397468567
/content/drive/MyDrive/MedSymmFlow_Project/fid_analysis/real_normal_1214/real_normal_0275.png,/content/drive/MyDrive/MedSymmFlow_Project/fid_analysis/real_normal_1214/real_normal_0681.png,0.9508762955665588
/content/drive/MyDrive/MedSymmFlow_Project/fid_analysis/real_normal_1214/real_normal_0114.png,/content/drive/MyDrive/MedSymmFlow_Project/fid_analysis/real_normal_1214/real_normal_0590.png,0.9508721232414246
/content/drive/MyDrive/MedSymmFlow_Project/fid_analysis/real_normal_1214/real_normal_0066.png,/content/drive/MyDrive/MedSymmFlow_Project/fid_analysis/real_normal_1214/real_normal_0248.png,0.9508710503578186
/content/drive/MyDrive/MedSymmFlow_Project/fid_analysis/real_normal_1214/real_normal_0026.png,/content/drive/MyDrive/MedSymmFlow_Project/fid_analysis/real_normal_1214/real_normal_0045.png,0.9508291482925415
/content/drive/MyDrive/MedSymmFlow_Project/fid_analysis/real_normal_1214/real_normal_0045.png,/content/drive/MyDrive/MedSymmFlow_Project/fid_analysis/real_normal_1214/real_normal_0026.png,0.9508291482925415
/content/drive/MyDrive/MedSymmFlow_Project/fid_analysis/real_normal_1214/real_normal_1205.png,/content/drive/MyDrive/MedSymmFlow_Project/fid_analysis/real_normal_1214/real_normal_0269.png,0.9508012533187866
/content/drive/MyDrive/MedSymmFlow_Project/fid_analysis/real_normal_1214/real_normal_0269.png,/content/drive/MyDrive/MedSymmFlow_Project/fid_analysis/real_normal_1214/real_normal_1205.png,0.9508012533187866
/content/drive/MyDrive/MedSymmFlow_Project/fid_analysis/real_normal_1214/real_normal_1207.png,/content/drive/MyDrive/MedSymmFlow_Project/fid_analysis/real_normal_1214/real_normal_0390.png,0.9507849812507629
/content/drive/MyDrive/MedSymmFlow_Project/fid_analysis/real_normal_1214/real_normal_0207.png,/content/drive/MyDrive/MedSymmFlow_Project/fid_analysis/real_normal_1214/real_normal_0020.png,0.9507694244384766
/content/drive/MyDrive/MedSymmFlow_Project/fid_analysis/real_normal_1214/real_normal_0020.png,/content/drive/MyDrive/MedSymmFlow_Project/fid_analysis/real_normal_1214/real_normal_0207.png,0.9507694244384766
/content/drive/MyDrive/MedSymmFlow_Project/fid_analysis/real_normal_1214/real_normal_0579.png,/content/drive/MyDrive/MedSymmFlow_Project/fid_analysis/real_normal_1214/real_normal_0092.png,0.9507662057876587
/content/drive/MyDrive/MedSymmFlow_Project/fid_analysis/real_normal_1214/real_normal_0092.png,/content/drive/MyDrive/MedSymmFlow_Project/fid_analysis/real_normal_1214/real_normal_0579.png,0.9507662057876587
/content/drive/MyDrive/MedSymmFlow_Project/fid_analysis/real_normal_1214/real_normal_0477.png,/content/drive/MyDrive/MedSymmFlow_Project/fid_analysis/real_normal_1214/real_normal_0177.png,0.9507536888122559
/content/drive/MyDrive/MedSymmFlow_Project/fid_analysis/real_normal_1214/real_normal_0766.png,/content/drive/MyDrive/MedSymmFlow_Project/fid_analysis/real_normal_1214/real_normal_1037.png,0.9507201910018921
/content/drive/MyDrive/MedSymmFlow_Project/fid_analysis/real_normal_1214/real_normal_1037.png,/content/drive/MyDrive/MedSymmFlow_Project/fid_analysis/real_normal_1214/real_normal_0766.png,0.9507201910018921
/content/drive/MyDrive/MedSymmFlow_Project/fid_analysis/real_normal_1214/real_normal_1091.png,/content/drive/MyDrive/MedSymmFlow_Project/fid_analysis/real_normal_1214/real_normal_1039.png,0.9506779909133911
/content/drive/MyDrive/MedSymmFlow_Project/fid_analysis/real_normal_1214/real_normal_0273.png,/content/drive/MyDrive/MedSymmFlow_Project/fid_analysis/real_normal_1214/real_normal_1130.png,0.9506621360778809
/content/drive/MyDrive/MedSymmFlow_Project/fid_analysis/real_normal_1214/real_normal_0624.png,/content/drive/MyDrive/MedSymmFlow_Project/fid_analysis/real_normal_1214/real_normal_0804.png,0.9506123065948486
/content/drive/MyDrive/MedSymmFlow_Project/fid_analysis/real_normal_1214/real_normal_0804.png,/content/drive/MyDrive/MedSymmFlow_Project/fid_analysis/real_normal_1214/real_normal_0624.png,0.9506123065948486
/content/drive/MyDrive/MedSymmFlow_Project/fid_analysis/real_normal_1214/real_normal_1129.png,/content/drive/MyDrive/MedSymmFlow_Project/fid_analysis/real_normal_1214/real_normal_0910.png,0.9505808353424072
/content/drive/MyDrive/MedSymmFlow_Project/fid_analysis/real_normal_1214/real_normal_0629.png,/content/drive/MyDrive/MedSymmFlow_Project/fid_analysis/real_normal_1214/real_normal_0416.png,0.9505369663238525
/content/drive/MyDrive/MedSymmFlow_Project/fid_analysis/real_normal_1214/real_normal_0558.png,/content/drive/MyDrive/MedSymmFlow_Project/fid_analysis/real_normal_1214/real_normal_1176.png,0.9505358934402466
/content/drive/MyDrive/MedSymmFlow_Project/fid_analysis/real_normal_1214/real_normal_1170.png,/content/drive/MyDrive/MedSymmFlow_Project/fid_analysis/real_normal_1214/real_normal_1053.png,0.9505239725112915
/content/drive/MyDrive/MedSymmFlow_Project/fid_analysis/real_normal_1214/real_normal_1034.png,/content/drive/MyDrive/MedSymmFlow_Project/fid_analysis/real_normal_1214/real_normal_0894.png,0.9504809379577637
/content/drive/MyDrive/MedSymmFlow_Project/fid_analysis/real_normal_1214/real_normal_0118.png,/content/drive/MyDrive/MedSymmFlow_Project/fid_analysis/real_normal_1214/real_normal_0165.png,0.9504783153533936
/content/drive/MyDrive/MedSymmFlow_Project/fid_analysis/real_normal_1214/real_normal_0465.png,/content/drive/MyDrive/MedSymmFlow_Project/fid_analysis/real_normal_1214/real_normal_0994.png,0.9504427313804626
/content/drive/MyDrive/MedSymmFlow_Project/fid_analysis/real_normal_1214/real_normal_0510.png,/content/drive/MyDrive/MedSymmFlow_Project/fid_analysis/real_normal_1214/real_normal_0656.png,0.9504181146621704
/content/drive/MyDrive/MedSymmFlow_Project/fid_analysis/real_normal_1214/real_normal_0656.png,/content/drive/MyDrive/MedSymmFlow_Project/fid_analysis/real_normal_1214/real_normal_0510.png,0.9504181146621704
/content/drive/MyDrive/MedSymmFlow_Project/fid_analysis/real_normal_1214/real_normal_0991.png,/content/drive/MyDrive/MedSymmFlow_Project/fid_analysis/real_normal_1214/real_normal_0974.png,0.950408935546875
/content/drive/MyDrive/MedSymmFlow_Project/fid_analysis/real_normal_1214/real_normal_0974.png,/content/drive/MyDrive/MedSymmFlow_Project/fid_analysis/real_normal_1214/real_normal_0991.png,0.950408935546875
/content/drive/MyDrive/MedSymmFlow_Project/fid_analysis/real_normal_1214/real_normal_0965.png,/content/drive/MyDrive/MedSymmFlow_Project/fid_analysis/real_normal_1214/real_normal_0449.png,0.9503940939903259
/content/drive/MyDrive/MedSymmFlow_Project/fid_analysis/real_normal_1214/real_normal_0750.png,/content/drive/MyDrive/MedSymmFlow_Project/fid_analysis/real_normal_1214/real_normal_0402.png,0.9503792524337769
/content/drive/MyDrive/MedSymmFlow_Project/fid_analysis/real_normal_1214/real_normal_1029.png,/content/drive/MyDrive/MedSymmFlow_Project/fid_analysis/real_normal_1214/real_normal_0141.png,0.9503208994865417
/content/drive/MyDrive/MedSymmFlow_Project/fid_analysis/real_normal_1214/real_normal_1093.png,/content/drive/MyDrive/MedSymmFlow_Project/fid_analysis/real_normal_1214/real_normal_0117.png,0.9502935409545898
/content/drive/MyDrive/MedSymmFlow_Project/fid_analysis/real_normal_1214/real_normal_0814.png,/content/drive/MyDrive/MedSymmFlow_Project/fid_analysis/real_normal_1214/real_normal_0570.png,0.9502711296081543
/content/drive/MyDrive/MedSymmFlow_Project/fid_analysis/real_normal_1214/real_normal_0570.png,/content/drive/MyDrive/MedSymmFlow_Project/fid_analysis/real_normal_1214/real_normal_0814.png,0.9502711296081543
/content/drive/MyDrive/MedSymmFlow_Project/fid_analysis/real_normal_1214/real_normal_0150.png,/content/drive/MyDrive/MedSymmFlow_Project/fid_analysis/real_normal_1214/real_normal_0131.png,0.9502453804016113
/content/drive/MyDrive/MedSymmFlow_Project/fid_analysis/real_normal_1214/real_normal_0104.png,/content/drive/MyDrive/MedSymmFlow_Project/fid_analysis/real_normal_1214/real_normal_0353.png,0.9502449035644531
/content/drive/MyDrive/MedSymmFlow_Project/fid_analysis/real_normal_1214/real_normal_1092.png,/content/drive/MyDrive/MedSymmFlow_Project/fid_analysis/real_normal_1214/real_normal_0730.png,0.950222373008728
/content/drive/MyDrive/MedSymmFlow_Project/fid_analysis/real_normal_1214/real_normal_0544.png,/content/drive/MyDrive/MedSymmFlow_Project/fid_analysis/real_normal_1214/real_normal_0781.png,0.9501726627349854
/content/drive/MyDrive/MedSymmFlow_Project/fid_analysis/real_normal_1214/real_normal_0675.png,/content/drive/MyDrive/MedSymmFlow_Project/fid_analysis/real_normal_1214/real_normal_1038.png,0.9501417875289917
/content/drive/MyDrive/MedSymmFlow_Project/fid_analysis/real_normal_1214/real_normal_1174.png,/content/drive/MyDrive/MedSymmFlow_Project/fid_analysis/real_normal_1214/real_normal_1191.png,0.9501031637191772
/content/drive/MyDrive/MedSymmFlow_Project/fid_analysis/real_normal_1214/real_normal_0130.png,/content/drive/MyDrive/MedSymmFlow_Project/fid_analysis/real_normal_1214/real_normal_0091.png,0.9500812292098999
/content/drive/MyDrive/MedSymmFlow_Project/fid_analysis/real_normal_1214/real_normal_0091.png,/content/drive/MyDrive/MedSymmFlow_Project/fid_analysis/real_normal_1214/real_normal_0130.png,0.9500812292098999
/content/drive/MyDrive/MedSymmFlow_Project/fid_analysis/real_normal_1214/real_normal_0580.png,/content/drive/MyDrive/MedSymmFlow_Project/fid_analysis/real_normal_1214/real_normal_0188.png,0.950075626373291
/content/drive/MyDrive/MedSymmFlow_Project/fid_analysis/real_normal_1214/real_normal_1190.png,/content/drive/MyDrive/MedSymmFlow_Project/fid_analysis/real_normal_1214/real_normal_0249.png,0.9500643610954285
/content/drive/MyDrive/MedSymmFlow_Project/fid_analysis/real_normal_1214/real_normal_0143.png,/content/drive/MyDrive/MedSymmFlow_Project/fid_analysis/real_normal_1214/real_normal_0893.png,0.9500540494918823
/content/drive/MyDrive/MedSymmFlow_Project/fid_analysis/real_normal_1214/real_normal_0822.png,/content/drive/MyDrive/MedSymmFlow_Project/fid_analysis/real_normal_1214/real_normal_0376.png,0.9500197172164917
/content/drive/MyDrive/MedSymmFlow_Project/fid_analysis/real_normal_1214/real_normal_0623.png,/content/drive/MyDrive/MedSymmFlow_Project/fid_analysis/real_normal_1214/real_normal_1013.png,0.9499983787536621
/content/drive/MyDrive/MedSymmFlow_Project/fid_analysis/real_normal_1214/real_normal_0187.png,/content/drive/MyDrive/MedSymmFlow_Project/fid_analysis/real_normal_1214/real_normal_0337.png,0.9499939680099487
/content/drive/MyDrive/MedSymmFlow_Project/fid_analysis/real_normal_1214/real_normal_1193.png,/content/drive/MyDrive/MedSymmFlow_Project/fid_analysis/real_normal_1214/real_normal_0573.png,0.9499768018722534
/content/drive/MyDrive/MedSymmFlow_Project/fid_analysis/real_normal_1214/real_normal_0103.png,/content/drive/MyDrive/MedSymmFlow_Project/fid_analysis/real_normal_1214/real_normal_0400.png,0.9499685168266296
/content/drive/MyDrive/MedSymmFlow_Project/fid_analysis/real_normal_1214/real_normal_1108.png,/content/drive/MyDrive/MedSymmFlow_Project/fid_analysis/real_normal_1214/real_normal_0636.png,0.9499627351760864
/content/drive/MyDrive/MedSymmFlow_Project/fid_analysis/real_normal_1214/real_normal_0636.png,/content/drive/MyDrive/MedSymmFlow_Project/fid_analysis/real_normal_1214/real_normal_1108.png,0.9499627351760864
/content/drive/MyDrive/MedSymmFlow_Project/fid_analysis/real_normal_1214/real_normal_0260.png,/content/drive/MyDrive/MedSymmFlow_Project/fid_analysis/real_normal_1214/real_normal_0152.png,0.9499369859695435
/content/drive/MyDrive/MedSymmFlow_Project/fid_analysis/real_normal_1214/real_normal_0023.png,/content/drive/MyDrive/MedSymmFlow_Project/fid_analysis/real_normal_1214/real_normal_1002.png,0.9499096870422363
/content/drive/MyDrive/MedSymmFlow_Project/fid_analysis/real_normal_1214/real_normal_0105.png,/content/drive/MyDrive/MedSymmFlow_Project/fid_analysis/real_normal_1214/real_normal_0659.png,0.9498891830444336
/content/drive/MyDrive/MedSymmFlow_Project/fid_analysis/real_normal_1214/real_normal_0316.png,/content/drive/MyDrive/MedSymmFlow_Project/fid_analysis/real_normal_1214/real_normal_0634.png,0.9498709440231323
/content/drive/MyDrive/MedSymmFlow_Project/fid_analysis/real_normal_1214/real_normal_0664.png,/content/drive/MyDrive/MedSymmFlow_Project/fid_analysis/real_normal_1214/real_normal_1019.png,0.9498538970947266
/content/drive/MyDrive/MedSymmFlow_Project/fid_analysis/real_normal_1214/real_normal_1019.png,/content/drive/MyDrive/MedSymmFlow_Project/fid_analysis/real_normal_1214/real_normal_0664.png,0.9498538970947266
/content/drive/MyDrive/MedSymmFlow_Project/fid_analysis/real_normal_1214/real_normal_0330.png,/content/drive/MyDrive/MedSymmFlow_Project/fid_analysis/real_normal_1214/real_normal_0414.png,0.9498210549354553
/content/drive/MyDrive/MedSymmFlow_Project/fid_analysis/real_normal_1214/real_normal_0631.png,/content/drive/MyDrive/MedSymmFlow_Project/fid_analysis/real_normal_1214/real_normal_1140.png,0.9498113393783569
/content/drive/MyDrive/MedSymmFlow_Project/fid_analysis/real_normal_1214/real_normal_0745.png,/content/drive/MyDrive/MedSymmFlow_Project/fid_analysis/real_normal_1214/real_normal_0169.png,0.949790358543396
/content/drive/MyDrive/MedSymmFlow_Project/fid_analysis/real_normal_1214/real_normal_0709.png,/content/drive/MyDrive/MedSymmFlow_Project/fid_analysis/real_normal_1214/real_normal_1001.png,0.9497634172439575
/content/drive/MyDrive/MedSymmFlow_Project/fid_analysis/real_normal_1214/real_normal_0044.png,/content/drive/MyDrive/MedSymmFlow_Project/fid_analysis/real_normal_1214/real_normal_0112.png,0.949745774269104
/content/drive/MyDrive/MedSymmFlow_Project/fid_analysis/real_normal_1214/real_normal_0702.png,/content/drive/MyDrive/MedSymmFlow_Project/fid_analysis/real_normal_1214/real_normal_0759.png,0.9496488571166992
/content/drive/MyDrive/MedSymmFlow_Project/fid_analysis/real_normal_1214/real_normal_0613.png,/content/drive/MyDrive/MedSymmFlow_Project/fid_analysis/real_normal_1214/real_normal_0235.png,0.9496448040008545
/content/drive/MyDrive/MedSymmFlow_Project/fid_analysis/real_normal_1214/real_normal_0235.png,/content/drive/MyDrive/MedSymmFlow_Project/fid_analysis/real_normal_1214/real_normal_0613.png,0.9496448040008545
/content/drive/MyDrive/MedSymmFlow_Project/fid_analysis/real_normal_1214/real_normal_0129.png,/content/drive/MyDrive/MedSymmFlow_Project/fid_analysis/real_normal_1214/real_normal_0968.png,0.9496400356292725
/content/drive/MyDrive/MedSymmFlow_Project/fid_analysis/real_normal_1214/real_normal_0357.png,/content/drive/MyDrive/MedSymmFlow_Project/fid_analysis/real_normal_1214/real_normal_1031.png,0.9496320486068726
/content/drive/MyDrive/MedSymmFlow_Project/fid_analysis/real_normal_1214/real_normal_0304.png,/content/drive/MyDrive/MedSymmFlow_Project/fid_analysis/real_normal_1214/real_normal_0374.png,0.9496216773986816
/content/drive/MyDrive/MedSymmFlow_Project/fid_analysis/real_normal_1214/real_normal_1007.png,/content/drive/MyDrive/MedSymmFlow_Project/fid_analysis/real_normal_1214/real_normal_0993.png,0.9496148824691772
/content/drive/MyDrive/MedSymmFlow_Project/fid_analysis/real_normal_1214/real_normal_0871.png,/content/drive/MyDrive/MedSymmFlow_Project/fid_analysis/real_normal_1214/real_normal_0756.png,0.9495718479156494
/content/drive/MyDrive/MedSymmFlow_Project/fid_analysis/real_normal_1214/real_normal_0347.png,/content/drive/MyDrive/MedSymmFlow_Project/fid_analysis/real_normal_1214/real_normal_0824.png,0.9495632648468018
/content/drive/MyDrive/MedSymmFlow_Project/fid_analysis/real_normal_1214/real_normal_0646.png,/content/drive/MyDrive/MedSymmFlow_Project/fid_analysis/real_normal_1214/real_normal_0893.png,0.9495630860328674
/content/drive/MyDrive/MedSymmFlow_Project/fid_analysis/real_normal_1214/real_normal_0831.png,/content/drive/MyDrive/MedSymmFlow_Project/fid_analysis/real_normal_1214/real_normal_0572.png,0.9495458006858826
/content/drive/MyDrive/MedSymmFlow_Project/fid_analysis/real_normal_1214/real_normal_0458.png,/content/drive/MyDrive/MedSymmFlow_Project/fid_analysis/real_normal_1214/real_normal_0909.png,0.9495037794113159
/content/drive/MyDrive/MedSymmFlow_Project/fid_analysis/real_normal_1214/real_normal_1012.png,/content/drive/MyDrive/MedSymmFlow_Project/fid_analysis/real_normal_1214/real_normal_0027.png,0.9494587182998657
/content/drive/MyDrive/MedSymmFlow_Project/fid_analysis/real_normal_1214/real_normal_0027.png,/content/drive/MyDrive/MedSymmFlow_Project/fid_analysis/real_normal_1214/real_normal_1012.png,0.9494587182998657
/content/drive/MyDrive/MedSymmFlow_Project/fid_analysis/real_normal_1214/real_normal_0916.png,/content/drive/MyDrive/MedSymmFlow_Project/fid_analysis/real_normal_1214/real_normal_0490.png,0.9494390487670898
/content/drive/MyDrive/MedSymmFlow_Project/fid_analysis/real_normal_1214/real_normal_0966.png,/content/drive/MyDrive/MedSymmFlow_Project/fid_analysis/real_normal_1214/real_normal_0302.png,0.9494365453720093
/content/drive/MyDrive/MedSymmFlow_Project/fid_analysis/real_normal_1214/real_normal_1125.png,/content/drive/MyDrive/MedSymmFlow_Project/fid_analysis/real_normal_1214/real_normal_0937.png,0.9493750333786011
/content/drive/MyDrive/MedSymmFlow_Project/fid_analysis/real_normal_1214/real_normal_0231.png,/content/drive/MyDrive/MedSymmFlow_Project/fid_analysis/real_normal_1214/real_normal_1162.png,0.9493693709373474
/content/drive/MyDrive/MedSymmFlow_Project/fid_analysis/real_normal_1214/real_normal_0467.png,/content/drive/MyDrive/MedSymmFlow_Project/fid_analysis/real_normal_1214/real_normal_0251.png,0.9493491053581238
/content/drive/MyDrive/MedSymmFlow_Project/fid_analysis/real_normal_1214/real_normal_0560.png,/content/drive/MyDrive/MedSymmFlow_Project/fid_analysis/real_normal_1214/real_normal_0274.png,0.9493463039398193
/content/drive/MyDrive/MedSymmFlow_Project/fid_analysis/real_normal_1214/real_normal_1128.png,/content/drive/MyDrive/MedSymmFlow_Project/fid_analysis/real_normal_1214/real_normal_0038.png,0.9493191838264465
/content/drive/MyDrive/MedSymmFlow_Project/fid_analysis/real_normal_1214/real_normal_0063.png,/content/drive/MyDrive/MedSymmFlow_Project/fid_analysis/real_normal_1214/real_normal_0092.png,0.9493077993392944
/content/drive/MyDrive/MedSymmFlow_Project/fid_analysis/real_normal_1214/real_normal_1005.png,/content/drive/MyDrive/MedSymmFlow_Project/fid_analysis/real_normal_1214/real_normal_1088.png,0.9493076801300049
/content/drive/MyDrive/MedSymmFlow_Project/fid_analysis/real_normal_1214/real_normal_0674.png,/content/drive/MyDrive/MedSymmFlow_Project/fid_analysis/real_normal_1214/real_normal_1169.png,0.9493057727813721
/content/drive/MyDrive/MedSymmFlow_Project/fid_analysis/real_normal_1214/real_normal_0953.png,/content/drive/MyDrive/MedSymmFlow_Project/fid_analysis/real_normal_1214/real_normal_0022.png,0.949291467666626
/content/drive/MyDrive/MedSymmFlow_Project/fid_analysis/real_normal_1214/real_normal_0362.png,/content/drive/MyDrive/MedSymmFlow_Project/fid_analysis/real_normal_1214/real_normal_0236.png,0.9492584466934204
/content/drive/MyDrive/MedSymmFlow_Project/fid_analysis/real_normal_1214/real_normal_0948.png,/content/drive/MyDrive/MedSymmFlow_Project/fid_analysis/real_normal_1214/real_normal_0102.png,0.9492309093475342
/content/drive/MyDrive/MedSymmFlow_Project/fid_analysis/real_normal_1214/real_normal_0995.png,/content/drive/MyDrive/MedSymmFlow_Project/fid_analysis/real_normal_1214/real_normal_0876.png,0.9491748809814453
/content/drive/MyDrive/MedSymmFlow_Project/fid_analysis/real_normal_1214/real_normal_1099.png,/content/drive/MyDrive/MedSymmFlow_Project/fid_analysis/real_normal_1214/real_normal_0766.png,0.9491714239120483
/content/drive/MyDrive/MedSymmFlow_Project/fid_analysis/real_normal_1214/real_normal_0529.png,/content/drive/MyDrive/MedSymmFlow_Project/fid_analysis/real_normal_1214/real_normal_0944.png,0.9491540789604187
/content/drive/MyDrive/MedSymmFlow_Project/fid_analysis/real_normal_1214/real_normal_0944.png,/content/drive/MyDrive/MedSymmFlow_Project/fid_analysis/real_normal_1214/real_normal_0529.png,0.9491540789604187
/content/drive/MyDrive/MedSymmFlow_Project/fid_analysis/real_normal_1214/real_normal_1072.png,/content/drive/MyDrive/MedSymmFlow_Project/fid_analysis/real_normal_1214/real_normal_0753.png,0.9491486549377441
/content/drive/MyDrive/MedSymmFlow_Project/fid_analysis/real_normal_1214/real_normal_0862.png,/content/drive/MyDrive/MedSymmFlow_Project/fid_analysis/real_normal_1214/real_normal_0204.png,0.9491455554962158
/content/drive/MyDrive/MedSymmFlow_Project/fid_analysis/real_normal_1214/real_normal_0204.png,/content/drive/MyDrive/MedSymmFlow_Project/fid_analysis/real_normal_1214/real_normal_0862.png,0.9491455554962158
/content/drive/MyDrive/MedSymmFlow_Project/fid_analysis/real_normal_1214/real_normal_0597.png,/content/drive/MyDrive/MedSymmFlow_Project/fid_analysis/real_normal_1214/real_normal_0305.png,0.9491367340087891
/content/drive/MyDrive/MedSymmFlow_Project/fid_analysis/real_normal_1214/real_normal_1026.png,/content/drive/MyDrive/MedSymmFlow_Project/fid_analysis/real_normal_1214/real_normal_1202.png,0.9491260647773743
/content/drive/MyDrive/MedSymmFlow_Project/fid_analysis/real_normal_1214/real_normal_1074.png,/content/drive/MyDrive/MedSymmFlow_Project/fid_analysis/real_normal_1214/real_normal_0382.png,0.9491228461265564
/content/drive/MyDrive/MedSymmFlow_Project/fid_analysis/real_normal_1214/real_normal_0671.png,/content/drive/MyDrive/MedSymmFlow_Project/fid_analysis/real_normal_1214/real_normal_0688.png,0.9491048455238342
/content/drive/MyDrive/MedSymmFlow_Project/fid_analysis/real_normal_1214/real_normal_0604.png,/content/drive/MyDrive/MedSymmFlow_Project/fid_analysis/real_normal_1214/real_normal_1045.png,0.9490674138069153
/content/drive/MyDrive/MedSymmFlow_Project/fid_analysis/real_normal_1214/real_normal_0748.png,/content/drive/MyDrive/MedSymmFlow_Project/fid_analysis/real_normal_1214/real_normal_0251.png,0.949036180973053
/content/drive/MyDrive/MedSymmFlow_Project/fid_analysis/real_normal_1214/real_normal_0729.png,/content/drive/MyDrive/MedSymmFlow_Project/fid_analysis/real_normal_1214/real_normal_0636.png,0.9489679336547852
/content/drive/MyDrive/MedSymmFlow_Project/fid_analysis/real_normal_1214/real_normal_0807.png,/content/drive/MyDrive/MedSymmFlow_Project/fid_analysis/real_normal_1214/real_normal_1019.png,0.9489609003067017
/content/drive/MyDrive/MedSymmFlow_Project/fid_analysis/real_normal_1214/real_normal_0405.png,/content/drive/MyDrive/MedSymmFlow_Project/fid_analysis/real_normal_1214/real_normal_0683.png,0.9489441514015198
/content/drive/MyDrive/MedSymmFlow_Project/fid_analysis/real_normal_1214/real_normal_0162.png,/content/drive/MyDrive/MedSymmFlow_Project/fid_analysis/real_normal_1214/real_normal_0311.png,0.9489362239837646
/content/drive/MyDrive/MedSymmFlow_Project/fid_analysis/real_normal_1214/real_normal_0356.png,/content/drive/MyDrive/MedSymmFlow_Project/fid_analysis/real_normal_1214/real_normal_1002.png,0.948913037776947
/content/drive/MyDrive/MedSymmFlow_Project/fid_analysis/real_normal_1214/real_normal_0889.png,/content/drive/MyDrive/MedSymmFlow_Project/fid_analysis/real_normal_1214/real_normal_0518.png,0.9488939046859741
/content/drive/MyDrive/MedSymmFlow_Project/fid_analysis/real_normal_1214/real_normal_0923.png,/content/drive/MyDrive/MedSymmFlow_Project/fid_analysis/real_normal_1214/real_normal_0156.png,0.9488844871520996
/content/drive/MyDrive/MedSymmFlow_Project/fid_analysis/real_normal_1214/real_normal_1085.png,/content/drive/MyDrive/MedSymmFlow_Project/fid_analysis/real_normal_1214/real_normal_0993.png,0.9488797187805176
/content/drive/MyDrive/MedSymmFlow_Project/fid_analysis/real_normal_1214/real_normal_0585.png,/content/drive/MyDrive/MedSymmFlow_Project/fid_analysis/real_normal_1214/real_normal_0236.png,0.9488638639450073
/content/drive/MyDrive/MedSymmFlow_Project/fid_analysis/real_normal_1214/real_normal_0486.png,/content/drive/MyDrive/MedSymmFlow_Project/fid_analysis/real_normal_1214/real_normal_0592.png,0.948859453201294
/content/drive/MyDrive/MedSymmFlow_Project/fid_analysis/real_normal_1214/real_normal_0441.png,/content/drive/MyDrive/MedSymmFlow_Project/fid_analysis/real_normal_1214/real_normal_0019.png,0.9488484859466553
/content/drive/MyDrive/MedSymmFlow_Project/fid_analysis/real_normal_1214/real_normal_1056.png,/content/drive/MyDrive/MedSymmFlow_Project/fid_analysis/real_normal_1214/real_normal_0806.png,0.9488090872764587
/content/drive/MyDrive/MedSymmFlow_Project/fid_analysis/real_normal_1214/real_normal_0170.png,/content/drive/MyDrive/MedSymmFlow_Project/fid_analysis/real_normal_1214/real_normal_0346.png,0.9488080143928528
/content/drive/MyDrive/MedSymmFlow_Project/fid_analysis/real_normal_1214/real_normal_0346.png,/content/drive/MyDrive/MedSymmFlow_Project/fid_analysis/real_normal_1214/real_normal_0170.png,0.9488080143928528
/content/drive/MyDrive/MedSymmFlow_Project/fid_analysis/real_normal_1214/real_normal_1182.png,/content/drive/MyDrive/MedSymmFlow_Project/fid_analysis/real_normal_1214/real_normal_0759.png,0.9487993121147156
/content/drive/MyDrive/MedSymmFlow_Project/fid_analysis/real_normal_1214/real_normal_0489.png,/content/drive/MyDrive/MedSymmFlow_Project/fid_analysis/real_normal_1214/real_normal_1162.png,0.9487684965133667
/content/drive/MyDrive/MedSymmFlow_Project/fid_analysis/real_normal_1214/real_normal_0839.png,/content/drive/MyDrive/MedSymmFlow_Project/fid_analysis/real_normal_1214/real_normal_0127.png,0.9487377405166626
/content/drive/MyDrive/MedSymmFlow_Project/fid_analysis/real_normal_1214/real_normal_0437.png,/content/drive/MyDrive/MedSymmFlow_Project/fid_analysis/real_normal_1214/real_normal_0494.png,0.9487263560295105
/content/drive/MyDrive/MedSymmFlow_Project/fid_analysis/real_normal_1214/real_normal_0846.png,/content/drive/MyDrive/MedSymmFlow_Project/fid_analysis/real_normal_1214/real_normal_1094.png,0.9487186074256897
/content/drive/MyDrive/MedSymmFlow_Project/fid_analysis/real_normal_1214/real_normal_0528.png,/content/drive/MyDrive/MedSymmFlow_Project/fid_analysis/real_normal_1214/real_normal_0893.png,0.9487011432647705
/content/drive/MyDrive/MedSymmFlow_Project/fid_analysis/real_normal_1214/real_normal_1084.png,/content/drive/MyDrive/MedSymmFlow_Project/fid_analysis/real_normal_1214/real_normal_0110.png,0.9486945867538452
/content/drive/MyDrive/MedSymmFlow_Project/fid_analysis/real_normal_1214/real_normal_1185.png,/content/drive/MyDrive/MedSymmFlow_Project/fid_analysis/real_normal_1214/real_normal_0550.png,0.9486894607543945
/content/drive/MyDrive/MedSymmFlow_Project/fid_analysis/real_normal_1214/real_normal_0365.png,/content/drive/MyDrive/MedSymmFlow_Project/fid_analysis/real_normal_1214/real_normal_0412.png,0.9486879110336304
/content/drive/MyDrive/MedSymmFlow_Project/fid_analysis/real_normal_1214/real_normal_0081.png,/content/drive/MyDrive/MedSymmFlow_Project/fid_analysis/real_normal_1214/real_normal_0876.png,0.948639452457428
/content/drive/MyDrive/MedSymmFlow_Project/fid_analysis/real_normal_1214/real_normal_1113.png,/content/drive/MyDrive/MedSymmFlow_Project/fid_analysis/real_normal_1214/real_normal_1101.png,0.9486384391784668
/content/drive/MyDrive/MedSymmFlow_Project/fid_analysis/real_normal_1214/real_normal_0142.png,/content/drive/MyDrive/MedSymmFlow_Project/fid_analysis/real_normal_1214/real_normal_0745.png,0.9486352205276489
/content/drive/MyDrive/MedSymmFlow_Project/fid_analysis/real_normal_1214/real_normal_0345.png,/content/drive/MyDrive/MedSymmFlow_Project/fid_analysis/real_normal_1214/real_normal_0032.png,0.9486115574836731
/content/drive/MyDrive/MedSymmFlow_Project/fid_analysis/real_normal_1214/real_normal_0886.png,/content/drive/MyDrive/MedSymmFlow_Project/fid_analysis/real_normal_1214/real_normal_0484.png,0.9485748410224915
/content/drive/MyDrive/MedSymmFlow_Project/fid_analysis/real_normal_1214/real_normal_0028.png,/content/drive/MyDrive/MedSymmFlow_Project/fid_analysis/real_normal_1214/real_normal_1107.png,0.9485564827919006
/content/drive/MyDrive/MedSymmFlow_Project/fid_analysis/real_normal_1214/real_normal_1107.png,/content/drive/MyDrive/MedSymmFlow_Project/fid_analysis/real_normal_1214/real_normal_0028.png,0.9485564827919006
/content/drive/MyDrive/MedSymmFlow_Project/fid_analysis/real_normal_1214/real_normal_0962.png,/content/drive/MyDrive/MedSymmFlow_Project/fid_analysis/real_normal_1214/real_normal_0510.png,0.9485489130020142
/content/drive/MyDrive/MedSymmFlow_Project/fid_analysis/real_normal_1214/real_normal_1098.png,/content/drive/MyDrive/MedSymmFlow_Project/fid_analysis/real_normal_1214/real_normal_0747.png,0.948523759841919
/content/drive/MyDrive/MedSymmFlow_Project/fid_analysis/real_normal_1214/real_normal_0747.png,/content/drive/MyDrive/MedSymmFlow_Project/fid_analysis/real_normal_1214/real_normal_1098.png,0.948523759841919
/content/drive/MyDrive/MedSymmFlow_Project/fid_analysis/real_normal_1214/real_normal_0473.png,/content/drive/MyDrive/MedSymmFlow_Project/fid_analysis/real_normal_1214/real_normal_0506.png,0.9485219717025757
/content/drive/MyDrive/MedSymmFlow_Project/fid_analysis/real_normal_1214/real_normal_0999.png,/content/drive/MyDrive/MedSymmFlow_Project/fid_analysis/real_normal_1214/real_normal_0236.png,0.9485213756561279
/content/drive/MyDrive/MedSymmFlow_Project/fid_analysis/real_normal_1214/real_normal_0567.png,/content/drive/MyDrive/MedSymmFlow_Project/fid_analysis/real_normal_1214/real_normal_0133.png,0.9485185742378235
/content/drive/MyDrive/MedSymmFlow_Project/fid_analysis/real_normal_1214/real_normal_0819.png,/content/drive/MyDrive/MedSymmFlow_Project/fid_analysis/real_normal_1214/real_normal_0681.png,0.9484350085258484
/content/drive/MyDrive/MedSymmFlow_Project/fid_analysis/real_normal_1214/real_normal_0867.png,/content/drive/MyDrive/MedSymmFlow_Project/fid_analysis/real_normal_1214/real_normal_0913.png,0.948418378829956
/content/drive/MyDrive/MedSymmFlow_Project/fid_analysis/real_normal_1214/real_normal_0988.png,/content/drive/MyDrive/MedSymmFlow_Project/fid_analysis/real_normal_1214/real_normal_0881.png,0.9484173059463501
/content/drive/MyDrive/MedSymmFlow_Project/fid_analysis/real_normal_1214/real_normal_1067.png,/content/drive/MyDrive/MedSymmFlow_Project/fid_analysis/real_normal_1214/real_normal_0278.png,0.9483911395072937
/content/drive/MyDrive/MedSymmFlow_Project/fid_analysis/real_normal_1214/real_normal_0224.png,/content/drive/MyDrive/MedSymmFlow_Project/fid_analysis/real_normal_1214/real_normal_0097.png,0.9483529329299927
/content/drive/MyDrive/MedSymmFlow_Project/fid_analysis/real_normal_1214/real_normal_0998.png,/content/drive/MyDrive/MedSymmFlow_Project/fid_analysis/real_normal_1214/real_normal_1039.png,0.9483309984207153
/content/drive/MyDrive/MedSymmFlow_Project/fid_analysis/real_normal_1214/real_normal_0222.png,/content/drive/MyDrive/MedSymmFlow_Project/fid_analysis/real_normal_1214/real_normal_0305.png,0.9483028650283813
/content/drive/MyDrive/MedSymmFlow_Project/fid_analysis/real_normal_1214/real_normal_1111.png,/content/drive/MyDrive/MedSymmFlow_Project/fid_analysis/real_normal_1214/real_normal_0681.png,0.9482970833778381
/content/drive/MyDrive/MedSymmFlow_Project/fid_analysis/real_normal_1214/real_normal_0707.png,/content/drive/MyDrive/MedSymmFlow_Project/fid_analysis/real_normal_1214/real_normal_0175.png,0.948255717754364
/content/drive/MyDrive/MedSymmFlow_Project/fid_analysis/real_normal_1214/real_normal_0755.png,/content/drive/MyDrive/MedSymmFlow_Project/fid_analysis/real_normal_1214/real_normal_0805.png,0.9482141733169556
/content/drive/MyDrive/MedSymmFlow_Project/fid_analysis/real_normal_1214/real_normal_0950.png,/content/drive/MyDrive/MedSymmFlow_Project/fid_analysis/real_normal_1214/real_normal_1188.png,0.9482024908065796
/content/drive/MyDrive/MedSymmFlow_Project/fid_analysis/real_normal_1214/real_normal_0896.png,/content/drive/MyDrive/MedSymmFlow_Project/fid_analysis/real_normal_1214/real_normal_0884.png,0.9481866359710693
/content/drive/MyDrive/MedSymmFlow_Project/fid_analysis/real_normal_1214/real_normal_0865.png,/content/drive/MyDrive/MedSymmFlow_Project/fid_analysis/real_normal_1214/real_normal_0402.png,0.9481654167175293
/content/drive/MyDrive/MedSymmFlow_Project/fid_analysis/real_normal_1214/real_normal_1033.png,/content/drive/MyDrive/MedSymmFlow_Project/fid_analysis/real_normal_1214/real_normal_0996.png,0.9480904340744019
/content/drive/MyDrive/MedSymmFlow_Project/fid_analysis/real_normal_1214/real_normal_0996.png,/content/drive/MyDrive/MedSymmFlow_Project/fid_analysis/real_normal_1214/real_normal_1033.png,0.9480904340744019
/content/drive/MyDrive/MedSymmFlow_Project/fid_analysis/real_normal_1214/real_normal_0523.png,/content/drive/MyDrive/MedSymmFlow_Project/fid_analysis/real_normal_1214/real_normal_0558.png,0.9480790495872498
/content/drive/MyDrive/MedSymmFlow_Project/fid_analysis/real_normal_1214/real_normal_0482.png,/content/drive/MyDrive/MedSymmFlow_Project/fid_analysis/real_normal_1214/real_normal_0797.png,0.9480558037757874
/content/drive/MyDrive/MedSymmFlow_Project/fid_analysis/real_normal_1214/real_normal_0589.png,/content/drive/MyDrive/MedSymmFlow_Project/fid_analysis/real_normal_1214/real_normal_0544.png,0.9479910135269165
/content/drive/MyDrive/MedSymmFlow_Project/fid_analysis/real_normal_1214/real_normal_0557.png,/content/drive/MyDrive/MedSymmFlow_Project/fid_analysis/real_normal_1214/real_normal_1211.png,0.9479659795761108
/content/drive/MyDrive/MedSymmFlow_Project/fid_analysis/real_normal_1214/real_normal_0694.png,/content/drive/MyDrive/MedSymmFlow_Project/fid_analysis/real_normal_1214/real_normal_1120.png,0.9479649066925049
/content/drive/MyDrive/MedSymmFlow_Project/fid_analysis/real_normal_1214/real_normal_1120.png,/content/drive/MyDrive/MedSymmFlow_Project/fid_analysis/real_normal_1214/real_normal_0694.png,0.9479649066925049
/content/drive/MyDrive/MedSymmFlow_Project/fid_analysis/real_normal_1214/real_normal_0757.png,/content/drive/MyDrive/MedSymmFlow_Project/fid_analysis/real_normal_1214/real_normal_0012.png,0.947962760925293
/content/drive/MyDrive/MedSymmFlow_Project/fid_analysis/real_normal_1214/real_normal_0826.png,/content/drive/MyDrive/MedSymmFlow_Project/fid_analysis/real_normal_1214/real_normal_0814.png,0.9479566812515259
/content/drive/MyDrive/MedSymmFlow_Project/fid_analysis/real_normal_1214/real_normal_0514.png,/content/drive/MyDrive/MedSymmFlow_Project/fid_analysis/real_normal_1214/real_normal_0793.png,0.9479049444198608
/content/drive/MyDrive/MedSymmFlow_Project/fid_analysis/real_normal_1214/real_normal_0577.png,/content/drive/MyDrive/MedSymmFlow_Project/fid_analysis/real_normal_1214/real_normal_1201.png,0.9478932023048401
/content/drive/MyDrive/MedSymmFlow_Project/fid_analysis/real_normal_1214/real_normal_0630.png,/content/drive/MyDrive/MedSymmFlow_Project/fid_analysis/real_normal_1214/real_normal_0015.png,0.9478731751441956
/content/drive/MyDrive/MedSymmFlow_Project/fid_analysis/real_normal_1214/real_normal_0447.png,/content/drive/MyDrive/MedSymmFlow_Project/fid_analysis/real_normal_1214/real_normal_0796.png,0.9478687047958374
/content/drive/MyDrive/MedSymmFlow_Project/fid_analysis/real_normal_1214/real_normal_0068.png,/content/drive/MyDrive/MedSymmFlow_Project/fid_analysis/real_normal_1214/real_normal_0628.png,0.947849452495575
/content/drive/MyDrive/MedSymmFlow_Project/fid_analysis/real_normal_1214/real_normal_0009.png,/content/drive/MyDrive/MedSymmFlow_Project/fid_analysis/real_normal_1214/real_normal_0969.png,0.9478236436843872
/content/drive/MyDrive/MedSymmFlow_Project/fid_analysis/real_normal_1214/real_normal_1138.png,/content/drive/MyDrive/MedSymmFlow_Project/fid_analysis/real_normal_1214/real_normal_0689.png,0.9478012323379517
/content/drive/MyDrive/MedSymmFlow_Project/fid_analysis/real_normal_1214/real_normal_0981.png,/content/drive/MyDrive/MedSymmFlow_Project/fid_analysis/real_normal_1214/real_normal_1041.png,0.9477821588516235
/content/drive/MyDrive/MedSymmFlow_Project/fid_analysis/real_normal_1214/real_normal_1096.png,/content/drive/MyDrive/MedSymmFlow_Project/fid_analysis/real_normal_1214/real_normal_0271.png,0.9477663040161133
/content/drive/MyDrive/MedSymmFlow_Project/fid_analysis/real_normal_1214/real_normal_1157.png,/content/drive/MyDrive/MedSymmFlow_Project/fid_analysis/real_normal_1214/real_normal_0716.png,0.9477535486221313
/content/drive/MyDrive/MedSymmFlow_Project/fid_analysis/real_normal_1214/real_normal_1189.png,/content/drive/MyDrive/MedSymmFlow_Project/fid_analysis/real_normal_1214/real_normal_0045.png,0.9477009773254395
/content/drive/MyDrive/MedSymmFlow_Project/fid_analysis/real_normal_1214/real_normal_0817.png,/content/drive/MyDrive/MedSymmFlow_Project/fid_analysis/real_normal_1214/real_normal_0150.png,0.9476833343505859
/content/drive/MyDrive/MedSymmFlow_Project/fid_analysis/real_normal_1214/real_normal_0247.png,/content/drive/MyDrive/MedSymmFlow_Project/fid_analysis/real_normal_1214/real_normal_1158.png,0.9476622343063354
/content/drive/MyDrive/MedSymmFlow_Project/fid_analysis/real_normal_1214/real_normal_0607.png,/content/drive/MyDrive/MedSymmFlow_Project/fid_analysis/real_normal_1214/real_normal_0490.png,0.9476616382598877
/content/drive/MyDrive/MedSymmFlow_Project/fid_analysis/real_normal_1214/real_normal_0201.png,/content/drive/MyDrive/MedSymmFlow_Project/fid_analysis/real_normal_1214/real_normal_0491.png,0.9476559162139893
/content/drive/MyDrive/MedSymmFlow_Project/fid_analysis/real_normal_1214/real_normal_0135.png,/content/drive/MyDrive/MedSymmFlow_Project/fid_analysis/real_normal_1214/real_normal_0222.png,0.9476432800292969
/content/drive/MyDrive/MedSymmFlow_Project/fid_analysis/real_normal_1214/real_normal_0072.png,/content/drive/MyDrive/MedSymmFlow_Project/fid_analysis/real_normal_1214/real_normal_1189.png,0.9476296305656433
/content/drive/MyDrive/MedSymmFlow_Project/fid_analysis/real_normal_1214/real_normal_0672.png,/content/drive/MyDrive/MedSymmFlow_Project/fid_analysis/real_normal_1214/real_normal_0247.png,0.9476214647293091
/content/drive/MyDrive/MedSymmFlow_Project/fid_analysis/real_normal_1214/real_normal_0241.png,/content/drive/MyDrive/MedSymmFlow_Project/fid_analysis/real_normal_1214/real_normal_0089.png,0.947618305683136
/content/drive/MyDrive/MedSymmFlow_Project/fid_analysis/real_normal_1214/real_normal_1166.png,/content/drive/MyDrive/MedSymmFlow_Project/fid_analysis/real_normal_1214/real_normal_0171.png,0.947606086730957
/content/drive/MyDrive/MedSymmFlow_Project/fid_analysis/real_normal_1214/real_normal_0051.png,/content/drive/MyDrive/MedSymmFlow_Project/fid_analysis/real_normal_1214/real_normal_0483.png,0.9475991725921631
/content/drive/MyDrive/MedSymmFlow_Project/fid_analysis/real_normal_1214/real_normal_0598.png,/content/drive/MyDrive/MedSymmFlow_Project/fid_analysis/real_normal_1214/real_normal_0894.png,0.94757080078125
/content/drive/MyDrive/MedSymmFlow_Project/fid_analysis/real_normal_1214/real_normal_0780.png,/content/drive/MyDrive/MedSymmFlow_Project/fid_analysis/real_normal_1214/real_normal_1018.png,0.947566032409668
/content/drive/MyDrive/MedSymmFlow_Project/fid_analysis/real_normal_1214/real_normal_0803.png,/content/drive/MyDrive/MedSymmFlow_Project/fid_analysis/real_normal_1214/real_normal_0760.png,0.9475520849227905
/content/drive/MyDrive/MedSymmFlow_Project/fid_analysis/real_normal_1214/real_normal_0903.png,/content/drive/MyDrive/MedSymmFlow_Project/fid_analysis/real_normal_1214/real_normal_0161.png,0.9475295543670654
/content/drive/MyDrive/MedSymmFlow_Project/fid_analysis/real_normal_1214/real_normal_0474.png,/content/drive/MyDrive/MedSymmFlow_Project/fid_analysis/real_normal_1214/real_normal_0721.png,0.9475150108337402
/content/drive/MyDrive/MedSymmFlow_Project/fid_analysis/real_normal_1214/real_normal_0399.png,/content/drive/MyDrive/MedSymmFlow_Project/fid_analysis/real_normal_1214/real_normal_0861.png,0.9474484920501709
/content/drive/MyDrive/MedSymmFlow_Project/fid_analysis/real_normal_1214/real_normal_0611.png,/content/drive/MyDrive/MedSymmFlow_Project/fid_analysis/real_normal_1214/real_normal_0908.png,0.9474222660064697
/content/drive/MyDrive/MedSymmFlow_Project/fid_analysis/real_normal_1214/real_normal_1052.png,/content/drive/MyDrive/MedSymmFlow_Project/fid_analysis/real_normal_1214/real_normal_1002.png,0.9473999738693237
/content/drive/MyDrive/MedSymmFlow_Project/fid_analysis/real_normal_1214/real_normal_0925.png,/content/drive/MyDrive/MedSymmFlow_Project/fid_analysis/real_normal_1214/real_normal_1211.png,0.9473918676376343
/content/drive/MyDrive/MedSymmFlow_Project/fid_analysis/real_normal_1214/real_normal_1027.png,/content/drive/MyDrive/MedSymmFlow_Project/fid_analysis/real_normal_1214/real_normal_1056.png,0.94733065366745
/content/drive/MyDrive/MedSymmFlow_Project/fid_analysis/real_normal_1214/real_normal_0487.png,/content/drive/MyDrive/MedSymmFlow_Project/fid_analysis/real_normal_1214/real_normal_0811.png,0.9473304748535156
/content/drive/MyDrive/MedSymmFlow_Project/fid_analysis/real_normal_1214/real_normal_0035.png,/content/drive/MyDrive/MedSymmFlow_Project/fid_analysis/real_normal_1214/real_normal_0246.png,0.9473268985748291
/content/drive/MyDrive/MedSymmFlow_Project/fid_analysis/real_normal_1214/real_normal_1122.png,/content/drive/MyDrive/MedSymmFlow_Project/fid_analysis/real_normal_1214/real_normal_0688.png,0.9472848176956177
/content/drive/MyDrive/MedSymmFlow_Project/fid_analysis/real_normal_1214/real_normal_0297.png,/content/drive/MyDrive/MedSymmFlow_Project/fid_analysis/real_normal_1214/real_normal_0649.png,0.9472830295562744
/content/drive/MyDrive/MedSymmFlow_Project/fid_analysis/real_normal_1214/real_normal_0394.png,/content/drive/MyDrive/MedSymmFlow_Project/fid_analysis/real_normal_1214/real_normal_0723.png,0.947270393371582
/content/drive/MyDrive/MedSymmFlow_Project/fid_analysis/real_normal_1214/real_normal_0564.png,/content/drive/MyDrive/MedSymmFlow_Project/fid_analysis/real_normal_1214/real_normal_0138.png,0.9472447633743286
/content/drive/MyDrive/MedSymmFlow_Project/fid_analysis/real_normal_1214/real_normal_0138.png,/content/drive/MyDrive/MedSymmFlow_Project/fid_analysis/real_normal_1214/real_normal_0564.png,0.9472447633743286
/content/drive/MyDrive/MedSymmFlow_Project/fid_analysis/real_normal_1214/real_normal_0479.png,/content/drive/MyDrive/MedSymmFlow_Project/fid_analysis/real_normal_1214/real_normal_0311.png,0.9472062587738037
/content/drive/MyDrive/MedSymmFlow_Project/fid_analysis/real_normal_1214/real_normal_0039.png,/content/drive/MyDrive/MedSymmFlow_Project/fid_analysis/real_normal_1214/real_normal_1040.png,0.9471972584724426
/content/drive/MyDrive/MedSymmFlow_Project/fid_analysis/real_normal_1214/real_normal_1040.png,/content/drive/MyDrive/MedSymmFlow_Project/fid_analysis/real_normal_1214/real_normal_0039.png,0.9471972584724426
/content/drive/MyDrive/MedSymmFlow_Project/fid_analysis/real_normal_1214/real_normal_1061.png,/content/drive/MyDrive/MedSymmFlow_Project/fid_analysis/real_normal_1214/real_normal_0179.png,0.9471827745437622
/content/drive/MyDrive/MedSymmFlow_Project/fid_analysis/real_normal_1214/real_normal_0794.png,/content/drive/MyDrive/MedSymmFlow_Project/fid_analysis/real_normal_1214/real_normal_1031.png,0.9471635222434998
/content/drive/MyDrive/MedSymmFlow_Project/fid_analysis/real_normal_1214/real_normal_1121.png,/content/drive/MyDrive/MedSymmFlow_Project/fid_analysis/real_normal_1214/real_normal_0518.png,0.9471299648284912
/content/drive/MyDrive/MedSymmFlow_Project/fid_analysis/real_normal_1214/real_normal_1057.png,/content/drive/MyDrive/MedSymmFlow_Project/fid_analysis/real_normal_1214/real_normal_0659.png,0.9471104741096497
/content/drive/MyDrive/MedSymmFlow_Project/fid_analysis/real_normal_1214/real_normal_0578.png,/content/drive/MyDrive/MedSymmFlow_Project/fid_analysis/real_normal_1214/real_normal_0257.png,0.9471036195755005
/content/drive/MyDrive/MedSymmFlow_Project/fid_analysis/real_normal_1214/real_normal_1065.png,/content/drive/MyDrive/MedSymmFlow_Project/fid_analysis/real_normal_1214/real_normal_0137.png,0.9470941424369812
/content/drive/MyDrive/MedSymmFlow_Project/fid_analysis/real_normal_1214/real_normal_0936.png,/content/drive/MyDrive/MedSymmFlow_Project/fid_analysis/real_normal_1214/real_normal_0449.png,0.9470844268798828
/content/drive/MyDrive/MedSymmFlow_Project/fid_analysis/real_normal_1214/real_normal_0160.png,/content/drive/MyDrive/MedSymmFlow_Project/fid_analysis/real_normal_1214/real_normal_0172.png,0.9470710754394531
/content/drive/MyDrive/MedSymmFlow_Project/fid_analysis/real_normal_1214/real_normal_0919.png,/content/drive/MyDrive/MedSymmFlow_Project/fid_analysis/real_normal_1214/real_normal_0265.png,0.9470083713531494
/content/drive/MyDrive/MedSymmFlow_Project/fid_analysis/real_normal_1214/real_normal_0197.png,/content/drive/MyDrive/MedSymmFlow_Project/fid_analysis/real_normal_1214/real_normal_0336.png,0.9469969272613525
/content/drive/MyDrive/MedSymmFlow_Project/fid_analysis/real_normal_1214/real_normal_0202.png,/content/drive/MyDrive/MedSymmFlow_Project/fid_analysis/real_normal_1214/real_normal_0282.png,0.9469897747039795
/content/drive/MyDrive/MedSymmFlow_Project/fid_analysis/real_normal_1214/real_normal_0642.png,/content/drive/MyDrive/MedSymmFlow_Project/fid_analysis/real_normal_1214/real_normal_0017.png,0.9469688534736633
/content/drive/MyDrive/MedSymmFlow_Project/fid_analysis/real_normal_1214/real_normal_0107.png,/content/drive/MyDrive/MedSymmFlow_Project/fid_analysis/real_normal_1214/real_normal_0165.png,0.9469547271728516
/content/drive/MyDrive/MedSymmFlow_Project/fid_analysis/real_normal_1214/real_normal_0530.png,/content/drive/MyDrive/MedSymmFlow_Project/fid_analysis/real_normal_1214/real_normal_0089.png,0.9469349384307861
/content/drive/MyDrive/MedSymmFlow_Project/fid_analysis/real_normal_1214/real_normal_0445.png,/content/drive/MyDrive/MedSymmFlow_Project/fid_analysis/real_normal_1214/real_normal_0882.png,0.9469258785247803
/content/drive/MyDrive/MedSymmFlow_Project/fid_analysis/real_normal_1214/real_normal_0941.png,/content/drive/MyDrive/MedSymmFlow_Project/fid_analysis/real_normal_1214/real_normal_0598.png,0.9469151496887207
/content/drive/MyDrive/MedSymmFlow_Project/fid_analysis/real_normal_1214/real_normal_0415.png,/content/drive/MyDrive/MedSymmFlow_Project/fid_analysis/real_normal_1214/real_normal_0097.png,0.9468713998794556
/content/drive/MyDrive/MedSymmFlow_Project/fid_analysis/real_normal_1214/real_normal_0378.png,/content/drive/MyDrive/MedSymmFlow_Project/fid_analysis/real_normal_1214/real_normal_0236.png,0.9468536376953125
/content/drive/MyDrive/MedSymmFlow_Project/fid_analysis/real_normal_1214/real_normal_1059.png,/content/drive/MyDrive/MedSymmFlow_Project/fid_analysis/real_normal_1214/real_normal_0351.png,0.946818470954895
/content/drive/MyDrive/MedSymmFlow_Project/fid_analysis/real_normal_1214/real_normal_0213.png,/content/drive/MyDrive/MedSymmFlow_Project/fid_analysis/real_normal_1214/real_normal_1088.png,0.9468154907226562
/content/drive/MyDrive/MedSymmFlow_Project/fid_analysis/real_normal_1214/real_normal_0898.png,/content/drive/MyDrive/MedSymmFlow_Project/fid_analysis/real_normal_1214/real_normal_0578.png,0.9468061327934265
/content/drive/MyDrive/MedSymmFlow_Project/fid_analysis/real_normal_1214/real_normal_0062.png,/content/drive/MyDrive/MedSymmFlow_Project/fid_analysis/real_normal_1214/real_normal_0053.png,0.9468026161193848
/content/drive/MyDrive/MedSymmFlow_Project/fid_analysis/real_normal_1214/real_normal_0208.png,/content/drive/MyDrive/MedSymmFlow_Project/fid_analysis/real_normal_1214/real_normal_0517.png,0.9467676877975464
/content/drive/MyDrive/MedSymmFlow_Project/fid_analysis/real_normal_1214/real_normal_0324.png,/content/drive/MyDrive/MedSymmFlow_Project/fid_analysis/real_normal_1214/real_normal_0614.png,0.9467427134513855
/content/drive/MyDrive/MedSymmFlow_Project/fid_analysis/real_normal_1214/real_normal_0769.png,/content/drive/MyDrive/MedSymmFlow_Project/fid_analysis/real_normal_1214/real_normal_0200.png,0.9467393159866333
/content/drive/MyDrive/MedSymmFlow_Project/fid_analysis/real_normal_1214/real_normal_0816.png,/content/drive/MyDrive/MedSymmFlow_Project/fid_analysis/real_normal_1214/real_normal_0770.png,0.9467328786849976
/content/drive/MyDrive/MedSymmFlow_Project/fid_analysis/real_normal_1214/real_normal_0770.png,/content/drive/MyDrive/MedSymmFlow_Project/fid_analysis/real_normal_1214/real_normal_0816.png,0.9467328786849976
/content/drive/MyDrive/MedSymmFlow_Project/fid_analysis/real_normal_1214/real_normal_1135.png,/content/drive/MyDrive/MedSymmFlow_Project/fid_analysis/real_normal_1214/real_normal_1041.png,0.9467129111289978
/content/drive/MyDrive/MedSymmFlow_Project/fid_analysis/real_normal_1214/real_normal_0942.png,/content/drive/MyDrive/MedSymmFlow_Project/fid_analysis/real_normal_1214/real_normal_0200.png,0.9467099905014038
/content/drive/MyDrive/MedSymmFlow_Project/fid_analysis/real_normal_1214/real_normal_0541.png,/content/drive/MyDrive/MedSymmFlow_Project/fid_analysis/real_normal_1214/real_normal_0187.png,0.946709394454956
/content/drive/MyDrive/MedSymmFlow_Project/fid_analysis/real_normal_1214/real_normal_0596.png,/content/drive/MyDrive/MedSymmFlow_Project/fid_analysis/real_normal_1214/real_normal_0032.png,0.9467014074325562
/content/drive/MyDrive/MedSymmFlow_Project/fid_analysis/real_normal_1214/real_normal_0084.png,/content/drive/MyDrive/MedSymmFlow_Project/fid_analysis/real_normal_1214/real_normal_0966.png,0.9466938376426697
/content/drive/MyDrive/MedSymmFlow_Project/fid_analysis/real_normal_1214/real_normal_0266.png,/content/drive/MyDrive/MedSymmFlow_Project/fid_analysis/real_normal_1214/real_normal_0040.png,0.9466853141784668
/content/drive/MyDrive/MedSymmFlow_Project/fid_analysis/real_normal_1214/real_normal_0040.png,/content/drive/MyDrive/MedSymmFlow_Project/fid_analysis/real_normal_1214/real_normal_0266.png,0.9466853141784668
/content/drive/MyDrive/MedSymmFlow_Project/fid_analysis/real_normal_1214/real_normal_0581.png,/content/drive/MyDrive/MedSymmFlow_Project/fid_analysis/real_normal_1214/real_normal_0663.png,0.9466569423675537
/content/drive/MyDrive/MedSymmFlow_Project/fid_analysis/real_normal_1214/real_normal_1142.png,/content/drive/MyDrive/MedSymmFlow_Project/fid_analysis/real_normal_1214/real_normal_0010.png,0.9466137886047363
/content/drive/MyDrive/MedSymmFlow_Project/fid_analysis/real_normal_1214/real_normal_1004.png,/content/drive/MyDrive/MedSymmFlow_Project/fid_analysis/real_normal_1214/real_normal_0702.png,0.9466137886047363
/content/drive/MyDrive/MedSymmFlow_Project/fid_analysis/real_normal_1214/real_normal_0546.png,/content/drive/MyDrive/MedSymmFlow_Project/fid_analysis/real_normal_1214/real_normal_0412.png,0.9465938806533813
/content/drive/MyDrive/MedSymmFlow_Project/fid_analysis/real_normal_1214/real_normal_0427.png,/content/drive/MyDrive/MedSymmFlow_Project/fid_analysis/real_normal_1214/real_normal_0821.png,0.9465345144271851
/content/drive/MyDrive/MedSymmFlow_Project/fid_analysis/real_normal_1214/real_normal_0480.png,/content/drive/MyDrive/MedSymmFlow_Project/fid_analysis/real_normal_1214/real_normal_0688.png,0.946532130241394
/content/drive/MyDrive/MedSymmFlow_Project/fid_analysis/real_normal_1214/real_normal_0877.png,/content/drive/MyDrive/MedSymmFlow_Project/fid_analysis/real_normal_1214/real_normal_0301.png,0.9464406967163086
/content/drive/MyDrive/MedSymmFlow_Project/fid_analysis/real_normal_1214/real_normal_0083.png,/content/drive/MyDrive/MedSymmFlow_Project/fid_analysis/real_normal_1214/real_normal_0947.png,0.9464061260223389
/content/drive/MyDrive/MedSymmFlow_Project/fid_analysis/real_normal_1214/real_normal_0189.png,/content/drive/MyDrive/MedSymmFlow_Project/fid_analysis/real_normal_1214/real_normal_0136.png,0.946378231048584
/content/drive/MyDrive/MedSymmFlow_Project/fid_analysis/real_normal_1214/real_normal_1003.png,/content/drive/MyDrive/MedSymmFlow_Project/fid_analysis/real_normal_1214/real_normal_0238.png,0.9463706016540527
/content/drive/MyDrive/MedSymmFlow_Project/fid_analysis/real_normal_1214/real_normal_1009.png,/content/drive/MyDrive/MedSymmFlow_Project/fid_analysis/real_normal_1214/real_normal_0341.png,0.9463309049606323
/content/drive/MyDrive/MedSymmFlow_Project/fid_analysis/real_normal_1214/real_normal_0341.png,/content/drive/MyDrive/MedSymmFlow_Project/fid_analysis/real_normal_1214/real_normal_1009.png,0.9463309049606323
/content/drive/MyDrive/MedSymmFlow_Project/fid_analysis/real_normal_1214/real_normal_1200.png,/content/drive/MyDrive/MedSymmFlow_Project/fid_analysis/real_normal_1214/real_normal_0079.png,0.9463133811950684
/content/drive/MyDrive/MedSymmFlow_Project/fid_analysis/real_normal_1214/real_normal_0650.png,/content/drive/MyDrive/MedSymmFlow_Project/fid_analysis/real_normal_1214/real_normal_0997.png,0.9463057518005371
/content/drive/MyDrive/MedSymmFlow_Project/fid_analysis/real_normal_1214/real_normal_0645.png,/content/drive/MyDrive/MedSymmFlow_Project/fid_analysis/real_normal_1214/real_normal_0056.png,0.9462904930114746
/content/drive/MyDrive/MedSymmFlow_Project/fid_analysis/real_normal_1214/real_normal_0575.png,/content/drive/MyDrive/MedSymmFlow_Project/fid_analysis/real_normal_1214/real_normal_0325.png,0.94626784324646
/content/drive/MyDrive/MedSymmFlow_Project/fid_analysis/real_normal_1214/real_normal_0090.png,/content/drive/MyDrive/MedSymmFlow_Project/fid_analysis/real_normal_1214/real_normal_0871.png,0.9462094306945801
/content/drive/MyDrive/MedSymmFlow_Project/fid_analysis/real_normal_1214/real_normal_1155.png,/content/drive/MyDrive/MedSymmFlow_Project/fid_analysis/real_normal_1214/real_normal_0585.png,0.946168065071106
/content/drive/MyDrive/MedSymmFlow_Project/fid_analysis/real_normal_1214/real_normal_1161.png,/content/drive/MyDrive/MedSymmFlow_Project/fid_analysis/real_normal_1214/real_normal_0303.png,0.9461463689804077
/content/drive/MyDrive/MedSymmFlow_Project/fid_analysis/real_normal_1214/real_normal_0323.png,/content/drive/MyDrive/MedSymmFlow_Project/fid_analysis/real_normal_1214/real_normal_1002.png,0.9461404085159302
/content/drive/MyDrive/MedSymmFlow_Project/fid_analysis/real_normal_1214/real_normal_0431.png,/content/drive/MyDrive/MedSymmFlow_Project/fid_analysis/real_normal_1214/real_normal_0416.png,0.9461380243301392
/content/drive/MyDrive/MedSymmFlow_Project/fid_analysis/real_normal_1214/real_normal_0622.png,/content/drive/MyDrive/MedSymmFlow_Project/fid_analysis/real_normal_1214/real_normal_0852.png,0.9461180567741394
/content/drive/MyDrive/MedSymmFlow_Project/fid_analysis/real_normal_1214/real_normal_1075.png,/content/drive/MyDrive/MedSymmFlow_Project/fid_analysis/real_normal_1214/real_normal_1016.png,0.9460647106170654
/content/drive/MyDrive/MedSymmFlow_Project/fid_analysis/real_normal_1214/real_normal_0963.png,/content/drive/MyDrive/MedSymmFlow_Project/fid_analysis/real_normal_1214/real_normal_0782.png,0.9460562467575073
/content/drive/MyDrive/MedSymmFlow_Project/fid_analysis/real_normal_1214/real_normal_0951.png,/content/drive/MyDrive/MedSymmFlow_Project/fid_analysis/real_normal_1214/real_normal_0021.png,0.9460180401802063
/content/drive/MyDrive/MedSymmFlow_Project/fid_analysis/real_normal_1214/real_normal_0990.png,/content/drive/MyDrive/MedSymmFlow_Project/fid_analysis/real_normal_1214/real_normal_1039.png,0.9460095167160034
/content/drive/MyDrive/MedSymmFlow_Project/fid_analysis/real_normal_1214/real_normal_0124.png,/content/drive/MyDrive/MedSymmFlow_Project/fid_analysis/real_normal_1214/real_normal_0683.png,0.9460018873214722
/content/drive/MyDrive/MedSymmFlow_Project/fid_analysis/real_normal_1214/real_normal_0713.png,/content/drive/MyDrive/MedSymmFlow_Project/fid_analysis/real_normal_1214/real_normal_0310.png,0.9459457397460938
/content/drive/MyDrive/MedSymmFlow_Project/fid_analysis/real_normal_1214/real_normal_0736.png,/content/drive/MyDrive/MedSymmFlow_Project/fid_analysis/real_normal_1214/real_normal_0580.png,0.9458972811698914
/content/drive/MyDrive/MedSymmFlow_Project/fid_analysis/real_normal_1214/real_normal_1209.png,/content/drive/MyDrive/MedSymmFlow_Project/fid_analysis/real_normal_1214/real_normal_0169.png,0.9458959102630615
/content/drive/MyDrive/MedSymmFlow_Project/fid_analysis/real_normal_1214/real_normal_0691.png,/content/drive/MyDrive/MedSymmFlow_Project/fid_analysis/real_normal_1214/real_normal_0388.png,0.9458945393562317
/content/drive/MyDrive/MedSymmFlow_Project/fid_analysis/real_normal_1214/real_normal_0863.png,/content/drive/MyDrive/MedSymmFlow_Project/fid_analysis/real_normal_1214/real_normal_0056.png,0.945868730545044
/content/drive/MyDrive/MedSymmFlow_Project/fid_analysis/real_normal_1214/real_normal_0421.png,/content/drive/MyDrive/MedSymmFlow_Project/fid_analysis/real_normal_1214/real_normal_0207.png,0.9458587765693665
/content/drive/MyDrive/MedSymmFlow_Project/fid_analysis/real_normal_1214/real_normal_0410.png,/content/drive/MyDrive/MedSymmFlow_Project/fid_analysis/real_normal_1214/real_normal_0518.png,0.9458239078521729
/content/drive/MyDrive/MedSymmFlow_Project/fid_analysis/real_normal_1214/real_normal_0985.png,/content/drive/MyDrive/MedSymmFlow_Project/fid_analysis/real_normal_1214/real_normal_0312.png,0.9458086490631104
/content/drive/MyDrive/MedSymmFlow_Project/fid_analysis/real_normal_1214/real_normal_0761.png,/content/drive/MyDrive/MedSymmFlow_Project/fid_analysis/real_normal_1214/real_normal_1055.png,0.9457763433456421
/content/drive/MyDrive/MedSymmFlow_Project/fid_analysis/real_normal_1214/real_normal_0442.png,/content/drive/MyDrive/MedSymmFlow_Project/fid_analysis/real_normal_1214/real_normal_0685.png,0.9457654356956482
/content/drive/MyDrive/MedSymmFlow_Project/fid_analysis/real_normal_1214/real_normal_0640.png,/content/drive/MyDrive/MedSymmFlow_Project/fid_analysis/real_normal_1214/real_normal_0375.png,0.94576096534729
/content/drive/MyDrive/MedSymmFlow_Project/fid_analysis/real_normal_1214/real_normal_1021.png,/content/drive/MyDrive/MedSymmFlow_Project/fid_analysis/real_normal_1214/real_normal_0081.png,0.9457565546035767
/content/drive/MyDrive/MedSymmFlow_Project/fid_analysis/real_normal_1214/real_normal_0906.png,/content/drive/MyDrive/MedSymmFlow_Project/fid_analysis/real_normal_1214/real_normal_0312.png,0.9457204937934875
/content/drive/MyDrive/MedSymmFlow_Project/fid_analysis/real_normal_1214/real_normal_0507.png,/content/drive/MyDrive/MedSymmFlow_Project/fid_analysis/real_normal_1214/real_normal_0070.png,0.9457184672355652
/content/drive/MyDrive/MedSymmFlow_Project/fid_analysis/real_normal_1214/real_normal_1119.png,/content/drive/MyDrive/MedSymmFlow_Project/fid_analysis/real_normal_1214/real_normal_0008.png,0.9456884860992432
/content/drive/MyDrive/MedSymmFlow_Project/fid_analysis/real_normal_1214/real_normal_0820.png,/content/drive/MyDrive/MedSymmFlow_Project/fid_analysis/real_normal_1214/real_normal_0745.png,0.9456770420074463
/content/drive/MyDrive/MedSymmFlow_Project/fid_analysis/real_normal_1214/real_normal_0031.png,/content/drive/MyDrive/MedSymmFlow_Project/fid_analysis/real_normal_1214/real_normal_0852.png,0.945632815361023
/content/drive/MyDrive/MedSymmFlow_Project/fid_analysis/real_normal_1214/real_normal_1144.png,/content/drive/MyDrive/MedSymmFlow_Project/fid_analysis/real_normal_1214/real_normal_0643.png,0.9456096291542053
/content/drive/MyDrive/MedSymmFlow_Project/fid_analysis/real_normal_1214/real_normal_0232.png,/content/drive/MyDrive/MedSymmFlow_Project/fid_analysis/real_normal_1214/real_normal_1174.png,0.9456000328063965
/content/drive/MyDrive/MedSymmFlow_Project/fid_analysis/real_normal_1214/real_normal_0927.png,/content/drive/MyDrive/MedSymmFlow_Project/fid_analysis/real_normal_1214/real_normal_0411.png,0.9455915689468384
/content/drive/MyDrive/MedSymmFlow_Project/fid_analysis/real_normal_1214/real_normal_1212.png,/content/drive/MyDrive/MedSymmFlow_Project/fid_analysis/real_normal_1214/real_normal_0278.png,0.945551335811615
/content/drive/MyDrive/MedSymmFlow_Project/fid_analysis/real_normal_1214/real_normal_1068.png,/content/drive/MyDrive/MedSymmFlow_Project/fid_analysis/real_normal_1214/real_normal_0490.png,0.9455145001411438
/content/drive/MyDrive/MedSymmFlow_Project/fid_analysis/real_normal_1214/real_normal_0454.png,/content/drive/MyDrive/MedSymmFlow_Project/fid_analysis/real_normal_1214/real_normal_0271.png,0.9454710483551025
/content/drive/MyDrive/MedSymmFlow_Project/fid_analysis/real_normal_1214/real_normal_0290.png,/content/drive/MyDrive/MedSymmFlow_Project/fid_analysis/real_normal_1214/real_normal_0855.png,0.9454017877578735
/content/drive/MyDrive/MedSymmFlow_Project/fid_analysis/real_normal_1214/real_normal_0355.png,/content/drive/MyDrive/MedSymmFlow_Project/fid_analysis/real_normal_1214/real_normal_0582.png,0.945380449295044
/content/drive/MyDrive/MedSymmFlow_Project/fid_analysis/real_normal_1214/real_normal_0608.png,/content/drive/MyDrive/MedSymmFlow_Project/fid_analysis/real_normal_1214/real_normal_0382.png,0.9453692436218262
/content/drive/MyDrive/MedSymmFlow_Project/fid_analysis/real_normal_1214/real_normal_0534.png,/content/drive/MyDrive/MedSymmFlow_Project/fid_analysis/real_normal_1214/real_normal_0163.png,0.9453418850898743
/content/drive/MyDrive/MedSymmFlow_Project/fid_analysis/real_normal_1214/real_normal_0902.png,/content/drive/MyDrive/MedSymmFlow_Project/fid_analysis/real_normal_1214/real_normal_0949.png,0.9453305006027222
/content/drive/MyDrive/MedSymmFlow_Project/fid_analysis/real_normal_1214/real_normal_0733.png,/content/drive/MyDrive/MedSymmFlow_Project/fid_analysis/real_normal_1214/real_normal_1116.png,0.9453234076499939
/content/drive/MyDrive/MedSymmFlow_Project/fid_analysis/real_normal_1214/real_normal_1069.png,/content/drive/MyDrive/MedSymmFlow_Project/fid_analysis/real_normal_1214/real_normal_0070.png,0.9452953934669495
/content/drive/MyDrive/MedSymmFlow_Project/fid_analysis/real_normal_1214/real_normal_0972.png,/content/drive/MyDrive/MedSymmFlow_Project/fid_analysis/real_normal_1214/real_normal_0236.png,0.9452039003372192
/content/drive/MyDrive/MedSymmFlow_Project/fid_analysis/real_normal_1214/real_normal_0313.png,/content/drive/MyDrive/MedSymmFlow_Project/fid_analysis/real_normal_1214/real_normal_0038.png,0.9451878070831299
/content/drive/MyDrive/MedSymmFlow_Project/fid_analysis/real_normal_1214/real_normal_0349.png,/content/drive/MyDrive/MedSymmFlow_Project/fid_analysis/real_normal_1214/real_normal_0335.png,0.94516921043396
/content/drive/MyDrive/MedSymmFlow_Project/fid_analysis/real_normal_1214/real_normal_1104.png,/content/drive/MyDrive/MedSymmFlow_Project/fid_analysis/real_normal_1214/real_normal_0236.png,0.9451223611831665
/content/drive/MyDrive/MedSymmFlow_Project/fid_analysis/real_normal_1214/real_normal_0992.png,/content/drive/MyDrive/MedSymmFlow_Project/fid_analysis/real_normal_1214/real_normal_0926.png,0.9451063871383667
/content/drive/MyDrive/MedSymmFlow_Project/fid_analysis/real_normal_1214/real_normal_0132.png,/content/drive/MyDrive/MedSymmFlow_Project/fid_analysis/real_normal_1214/real_normal_0977.png,0.9450872540473938
/content/drive/MyDrive/MedSymmFlow_Project/fid_analysis/real_normal_1214/real_normal_0391.png,/content/drive/MyDrive/MedSymmFlow_Project/fid_analysis/real_normal_1214/real_normal_0798.png,0.9450652003288269
/content/drive/MyDrive/MedSymmFlow_Project/fid_analysis/real_normal_1214/real_normal_0338.png,/content/drive/MyDrive/MedSymmFlow_Project/fid_analysis/real_normal_1214/real_normal_0812.png,0.9449751377105713
/content/drive/MyDrive/MedSymmFlow_Project/fid_analysis/real_normal_1214/real_normal_0989.png,/content/drive/MyDrive/MedSymmFlow_Project/fid_analysis/real_normal_1214/real_normal_1202.png,0.9449126720428467
/content/drive/MyDrive/MedSymmFlow_Project/fid_analysis/real_normal_1214/real_normal_0042.png,/content/drive/MyDrive/MedSymmFlow_Project/fid_analysis/real_normal_1214/real_normal_0643.png,0.9448437690734863
/content/drive/MyDrive/MedSymmFlow_Project/fid_analysis/real_normal_1214/real_normal_0520.png,/content/drive/MyDrive/MedSymmFlow_Project/fid_analysis/real_normal_1214/real_normal_0990.png,0.9448424577713013
/content/drive/MyDrive/MedSymmFlow_Project/fid_analysis/real_normal_1214/real_normal_0033.png,/content/drive/MyDrive/MedSymmFlow_Project/fid_analysis/real_normal_1214/real_normal_0152.png,0.9447983503341675
/content/drive/MyDrive/MedSymmFlow_Project/fid_analysis/real_normal_1214/real_normal_0331.png,/content/drive/MyDrive/MedSymmFlow_Project/fid_analysis/real_normal_1214/real_normal_0523.png,0.9447678327560425
/content/drive/MyDrive/MedSymmFlow_Project/fid_analysis/real_normal_1214/real_normal_0471.png,/content/drive/MyDrive/MedSymmFlow_Project/fid_analysis/real_normal_1214/real_normal_0114.png,0.9446273446083069
/content/drive/MyDrive/MedSymmFlow_Project/fid_analysis/real_normal_1214/real_normal_0057.png,/content/drive/MyDrive/MedSymmFlow_Project/fid_analysis/real_normal_1214/real_normal_0987.png,0.9446130394935608
/content/drive/MyDrive/MedSymmFlow_Project/fid_analysis/real_normal_1214/real_normal_0547.png,/content/drive/MyDrive/MedSymmFlow_Project/fid_analysis/real_normal_1214/real_normal_0807.png,0.9445732831954956
/content/drive/MyDrive/MedSymmFlow_Project/fid_analysis/real_normal_1214/real_normal_0739.png,/content/drive/MyDrive/MedSymmFlow_Project/fid_analysis/real_normal_1214/real_normal_0195.png,0.9445459842681885
/content/drive/MyDrive/MedSymmFlow_Project/fid_analysis/real_normal_1214/real_normal_1089.png,/content/drive/MyDrive/MedSymmFlow_Project/fid_analysis/real_normal_1214/real_normal_0756.png,0.9445384740829468
/content/drive/MyDrive/MedSymmFlow_Project/fid_analysis/real_normal_1214/real_normal_0873.png,/content/drive/MyDrive/MedSymmFlow_Project/fid_analysis/real_normal_1214/real_normal_0270.png,0.9445229768753052
/content/drive/MyDrive/MedSymmFlow_Project/fid_analysis/real_normal_1214/real_normal_0270.png,/content/drive/MyDrive/MedSymmFlow_Project/fid_analysis/real_normal_1214/real_normal_0873.png,0.9445229768753052
/content/drive/MyDrive/MedSymmFlow_Project/fid_analysis/real_normal_1214/real_normal_0720.png,/content/drive/MyDrive/MedSymmFlow_Project/fid_analysis/real_normal_1214/real_normal_0806.png,0.9444334506988525
/content/drive/MyDrive/MedSymmFlow_Project/fid_analysis/real_normal_1214/real_normal_0956.png,/content/drive/MyDrive/MedSymmFlow_Project/fid_analysis/real_normal_1214/real_normal_1007.png,0.9443705677986145
/content/drive/MyDrive/MedSymmFlow_Project/fid_analysis/real_normal_1214/real_normal_0088.png,/content/drive/MyDrive/MedSymmFlow_Project/fid_analysis/real_normal_1214/real_normal_0314.png,0.9443649053573608
/content/drive/MyDrive/MedSymmFlow_Project/fid_analysis/real_normal_1214/real_normal_0841.png,/content/drive/MyDrive/MedSymmFlow_Project/fid_analysis/real_normal_1214/real_normal_0075.png,0.9443622827529907
/content/drive/MyDrive/MedSymmFlow_Project/fid_analysis/real_normal_1214/real_normal_0327.png,/content/drive/MyDrive/MedSymmFlow_Project/fid_analysis/real_normal_1214/real_normal_0894.png,0.9443364143371582
/content/drive/MyDrive/MedSymmFlow_Project/fid_analysis/real_normal_1214/real_normal_0673.png,/content/drive/MyDrive/MedSymmFlow_Project/fid_analysis/real_normal_1214/real_normal_0896.png,0.9443250298500061
/content/drive/MyDrive/MedSymmFlow_Project/fid_analysis/real_normal_1214/real_normal_0259.png,/content/drive/MyDrive/MedSymmFlow_Project/fid_analysis/real_normal_1214/real_normal_0110.png,0.94429612159729
/content/drive/MyDrive/MedSymmFlow_Project/fid_analysis/real_normal_1214/real_normal_0933.png,/content/drive/MyDrive/MedSymmFlow_Project/fid_analysis/real_normal_1214/real_normal_0739.png,0.9442731142044067
/content/drive/MyDrive/MedSymmFlow_Project/fid_analysis/real_normal_1214/real_normal_0850.png,/content/drive/MyDrive/MedSymmFlow_Project/fid_analysis/real_normal_1214/real_normal_1092.png,0.9442479610443115
/content/drive/MyDrive/MedSymmFlow_Project/fid_analysis/real_normal_1214/real_normal_0071.png,/content/drive/MyDrive/MedSymmFlow_Project/fid_analysis/real_normal_1214/real_normal_1103.png,0.944216787815094
/content/drive/MyDrive/MedSymmFlow_Project/fid_analysis/real_normal_1214/real_normal_0126.png,/content/drive/MyDrive/MedSymmFlow_Project/fid_analysis/real_normal_1214/real_normal_0387.png,0.944198489189148
/content/drive/MyDrive/MedSymmFlow_Project/fid_analysis/real_normal_1214/real_normal_0387.png,/content/drive/MyDrive/MedSymmFlow_Project/fid_analysis/real_normal_1214/real_normal_0126.png,0.944198489189148
/content/drive/MyDrive/MedSymmFlow_Project/fid_analysis/real_normal_1214/real_normal_0653.png,/content/drive/MyDrive/MedSymmFlow_Project/fid_analysis/real_normal_1214/real_normal_0872.png,0.9441702365875244
/content/drive/MyDrive/MedSymmFlow_Project/fid_analysis/real_normal_1214/real_normal_1083.png,/content/drive/MyDrive/MedSymmFlow_Project/fid_analysis/real_normal_1214/real_normal_0152.png,0.9441482424736023
/content/drive/MyDrive/MedSymmFlow_Project/fid_analysis/real_normal_1214/real_normal_0240.png,/content/drive/MyDrive/MedSymmFlow_Project/fid_analysis/real_normal_1214/real_normal_0489.png,0.9441362023353577
/content/drive/MyDrive/MedSymmFlow_Project/fid_analysis/real_normal_1214/real_normal_1206.png,/content/drive/MyDrive/MedSymmFlow_Project/fid_analysis/real_normal_1214/real_normal_0767.png,0.9441086053848267
/content/drive/MyDrive/MedSymmFlow_Project/fid_analysis/real_normal_1214/real_normal_0046.png,/content/drive/MyDrive/MedSymmFlow_Project/fid_analysis/real_normal_1214/real_normal_0735.png,0.9440857172012329
/content/drive/MyDrive/MedSymmFlow_Project/fid_analysis/real_normal_1214/real_normal_0662.png,/content/drive/MyDrive/MedSymmFlow_Project/fid_analysis/real_normal_1214/real_normal_0160.png,0.9440634250640869
/content/drive/MyDrive/MedSymmFlow_Project/fid_analysis/real_normal_1214/real_normal_0586.png,/content/drive/MyDrive/MedSymmFlow_Project/fid_analysis/real_normal_1214/real_normal_0779.png,0.9440597295761108
/content/drive/MyDrive/MedSymmFlow_Project/fid_analysis/real_normal_1214/real_normal_1124.png,/content/drive/MyDrive/MedSymmFlow_Project/fid_analysis/real_normal_1214/real_normal_0246.png,0.943992555141449
/content/drive/MyDrive/MedSymmFlow_Project/fid_analysis/real_normal_1214/real_normal_0978.png,/content/drive/MyDrive/MedSymmFlow_Project/fid_analysis/real_normal_1214/real_normal_0800.png,0.9439749121665955
/content/drive/MyDrive/MedSymmFlow_Project/fid_analysis/real_normal_1214/real_normal_0712.png,/content/drive/MyDrive/MedSymmFlow_Project/fid_analysis/real_normal_1214/real_normal_0027.png,0.9439556002616882
/content/drive/MyDrive/MedSymmFlow_Project/fid_analysis/real_normal_1214/real_normal_0601.png,/content/drive/MyDrive/MedSymmFlow_Project/fid_analysis/real_normal_1214/real_normal_0410.png,0.943942666053772
/content/drive/MyDrive/MedSymmFlow_Project/fid_analysis/real_normal_1214/real_normal_0215.png,/content/drive/MyDrive/MedSymmFlow_Project/fid_analysis/real_normal_1214/real_normal_0220.png,0.943923830986023
/content/drive/MyDrive/MedSymmFlow_Project/fid_analysis/real_normal_1214/real_normal_1058.png,/content/drive/MyDrive/MedSymmFlow_Project/fid_analysis/real_normal_1214/real_normal_1120.png,0.9438930749893188
/content/drive/MyDrive/MedSymmFlow_Project/fid_analysis/real_normal_1214/real_normal_0285.png,/content/drive/MyDrive/MedSymmFlow_Project/fid_analysis/real_normal_1214/real_normal_0483.png,0.9438549280166626
/content/drive/MyDrive/MedSymmFlow_Project/fid_analysis/real_normal_1214/real_normal_0226.png,/content/drive/MyDrive/MedSymmFlow_Project/fid_analysis/real_normal_1214/real_normal_1025.png,0.9438408613204956
/content/drive/MyDrive/MedSymmFlow_Project/fid_analysis/real_normal_1214/real_normal_0191.png,/content/drive/MyDrive/MedSymmFlow_Project/fid_analysis/real_normal_1214/real_normal_0057.png,0.9438178539276123
/content/drive/MyDrive/MedSymmFlow_Project/fid_analysis/real_normal_1214/real_normal_0637.png,/content/drive/MyDrive/MedSymmFlow_Project/fid_analysis/real_normal_1214/real_normal_1188.png,0.9437984228134155
/content/drive/MyDrive/MedSymmFlow_Project/fid_analysis/real_normal_1214/real_normal_1105.png,/content/drive/MyDrive/MedSymmFlow_Project/fid_analysis/real_normal_1214/real_normal_0526.png,0.9437969326972961
/content/drive/MyDrive/MedSymmFlow_Project/fid_analysis/real_normal_1214/real_normal_0574.png,/content/drive/MyDrive/MedSymmFlow_Project/fid_analysis/real_normal_1214/real_normal_1161.png,0.9437537789344788
/content/drive/MyDrive/MedSymmFlow_Project/fid_analysis/real_normal_1214/real_normal_0773.png,/content/drive/MyDrive/MedSymmFlow_Project/fid_analysis/real_normal_1214/real_normal_0794.png,0.9437505006790161
/content/drive/MyDrive/MedSymmFlow_Project/fid_analysis/real_normal_1214/real_normal_0609.png,/content/drive/MyDrive/MedSymmFlow_Project/fid_analysis/real_normal_1214/real_normal_0259.png,0.9436615705490112
/content/drive/MyDrive/MedSymmFlow_Project/fid_analysis/real_normal_1214/real_normal_0147.png,/content/drive/MyDrive/MedSymmFlow_Project/fid_analysis/real_normal_1214/real_normal_0588.png,0.94363933801651
/content/drive/MyDrive/MedSymmFlow_Project/fid_analysis/real_normal_1214/real_normal_0029.png,/content/drive/MyDrive/MedSymmFlow_Project/fid_analysis/real_normal_1214/real_normal_0027.png,0.9436183571815491
/content/drive/MyDrive/MedSymmFlow_Project/fid_analysis/real_normal_1214/real_normal_0527.png,/content/drive/MyDrive/MedSymmFlow_Project/fid_analysis/real_normal_1214/real_normal_0873.png,0.9435540437698364
/content/drive/MyDrive/MedSymmFlow_Project/fid_analysis/real_normal_1214/real_normal_0976.png,/content/drive/MyDrive/MedSymmFlow_Project/fid_analysis/real_normal_1214/real_normal_0232.png,0.9435240030288696
/content/drive/MyDrive/MedSymmFlow_Project/fid_analysis/real_normal_1214/real_normal_1023.png,/content/drive/MyDrive/MedSymmFlow_Project/fid_analysis/real_normal_1214/real_normal_0688.png,0.9435094594955444
/content/drive/MyDrive/MedSymmFlow_Project/fid_analysis/real_normal_1214/real_normal_0466.png,/content/drive/MyDrive/MedSymmFlow_Project/fid_analysis/real_normal_1214/real_normal_0702.png,0.9434845447540283
/content/drive/MyDrive/MedSymmFlow_Project/fid_analysis/real_normal_1214/real_normal_0818.png,/content/drive/MyDrive/MedSymmFlow_Project/fid_analysis/real_normal_1214/real_normal_0400.png,0.9434623718261719
/content/drive/MyDrive/MedSymmFlow_Project/fid_analysis/real_normal_1214/real_normal_0392.png,/content/drive/MyDrive/MedSymmFlow_Project/fid_analysis/real_normal_1214/real_normal_0745.png,0.9433411955833435
/content/drive/MyDrive/MedSymmFlow_Project/fid_analysis/real_normal_1214/real_normal_0828.png,/content/drive/MyDrive/MedSymmFlow_Project/fid_analysis/real_normal_1214/real_normal_0278.png,0.9433196783065796
/content/drive/MyDrive/MedSymmFlow_Project/fid_analysis/real_normal_1214/real_normal_0959.png,/content/drive/MyDrive/MedSymmFlow_Project/fid_analysis/real_normal_1214/real_normal_1002.png,0.9432805776596069
/content/drive/MyDrive/MedSymmFlow_Project/fid_analysis/real_normal_1214/real_normal_0960.png,/content/drive/MyDrive/MedSymmFlow_Project/fid_analysis/real_normal_1214/real_normal_1155.png,0.9432470798492432
/content/drive/MyDrive/MedSymmFlow_Project/fid_analysis/real_normal_1214/real_normal_0499.png,/content/drive/MyDrive/MedSymmFlow_Project/fid_analysis/real_normal_1214/real_normal_1056.png,0.9432250261306763
/content/drive/MyDrive/MedSymmFlow_Project/fid_analysis/real_normal_1214/real_normal_0334.png,/content/drive/MyDrive/MedSymmFlow_Project/fid_analysis/real_normal_1214/real_normal_0590.png,0.94321608543396
/content/drive/MyDrive/MedSymmFlow_Project/fid_analysis/real_normal_1214/real_normal_0361.png,/content/drive/MyDrive/MedSymmFlow_Project/fid_analysis/real_normal_1214/real_normal_0390.png,0.9431924819946289
/content/drive/MyDrive/MedSymmFlow_Project/fid_analysis/real_normal_1214/real_normal_0856.png,/content/drive/MyDrive/MedSymmFlow_Project/fid_analysis/real_normal_1214/real_normal_0596.png,0.9430443048477173
/content/drive/MyDrive/MedSymmFlow_Project/fid_analysis/real_normal_1214/real_normal_0230.png,/content/drive/MyDrive/MedSymmFlow_Project/fid_analysis/real_normal_1214/real_normal_0114.png,0.9430347681045532
/content/drive/MyDrive/MedSymmFlow_Project/fid_analysis/real_normal_1214/real_normal_0715.png,/content/drive/MyDrive/MedSymmFlow_Project/fid_analysis/real_normal_1214/real_normal_0418.png,0.9430129528045654
/content/drive/MyDrive/MedSymmFlow_Project/fid_analysis/real_normal_1214/real_normal_0167.png,/content/drive/MyDrive/MedSymmFlow_Project/fid_analysis/real_normal_1214/real_normal_0370.png,0.9429714679718018
/content/drive/MyDrive/MedSymmFlow_Project/fid_analysis/real_normal_1214/real_normal_0186.png,/content/drive/MyDrive/MedSymmFlow_Project/fid_analysis/real_normal_1214/real_normal_0458.png,0.942874014377594
/content/drive/MyDrive/MedSymmFlow_Project/fid_analysis/real_normal_1214/real_normal_0859.png,/content/drive/MyDrive/MedSymmFlow_Project/fid_analysis/real_normal_1214/real_normal_0824.png,0.9428411722183228
/content/drive/MyDrive/MedSymmFlow_Project/fid_analysis/real_normal_1214/real_normal_0037.png,/content/drive/MyDrive/MedSymmFlow_Project/fid_analysis/real_normal_1214/real_normal_1028.png,0.9428328275680542
/content/drive/MyDrive/MedSymmFlow_Project/fid_analysis/real_normal_1214/real_normal_0669.png,/content/drive/MyDrive/MedSymmFlow_Project/fid_analysis/real_normal_1214/real_normal_0026.png,0.9428260326385498
/content/drive/MyDrive/MedSymmFlow_Project/fid_analysis/real_normal_1214/real_normal_0790.png,/content/drive/MyDrive/MedSymmFlow_Project/fid_analysis/real_normal_1214/real_normal_0109.png,0.9428028464317322
/content/drive/MyDrive/MedSymmFlow_Project/fid_analysis/real_normal_1214/real_normal_1048.png,/content/drive/MyDrive/MedSymmFlow_Project/fid_analysis/real_normal_1214/real_normal_1144.png,0.9428009986877441
/content/drive/MyDrive/MedSymmFlow_Project/fid_analysis/real_normal_1214/real_normal_0360.png,/content/drive/MyDrive/MedSymmFlow_Project/fid_analysis/real_normal_1214/real_normal_1171.png,0.942794680595398
/content/drive/MyDrive/MedSymmFlow_Project/fid_analysis/real_normal_1214/real_normal_0583.png,/content/drive/MyDrive/MedSymmFlow_Project/fid_analysis/real_normal_1214/real_normal_0053.png,0.9426961541175842
/content/drive/MyDrive/MedSymmFlow_Project/fid_analysis/real_normal_1214/real_normal_0300.png,/content/drive/MyDrive/MedSymmFlow_Project/fid_analysis/real_normal_1214/real_normal_0364.png,0.9426808953285217
/content/drive/MyDrive/MedSymmFlow_Project/fid_analysis/real_normal_1214/real_normal_1077.png,/content/drive/MyDrive/MedSymmFlow_Project/fid_analysis/real_normal_1214/real_normal_1027.png,0.9426717162132263
/content/drive/MyDrive/MedSymmFlow_Project/fid_analysis/real_normal_1214/real_normal_1175.png,/content/drive/MyDrive/MedSymmFlow_Project/fid_analysis/real_normal_1214/real_normal_0839.png,0.9426594972610474
/content/drive/MyDrive/MedSymmFlow_Project/fid_analysis/real_normal_1214/real_normal_1020.png,/content/drive/MyDrive/MedSymmFlow_Project/fid_analysis/real_normal_1214/real_normal_0949.png,0.9425879716873169
/content/drive/MyDrive/MedSymmFlow_Project/fid_analysis/real_normal_1214/real_normal_0946.png,/content/drive/MyDrive/MedSymmFlow_Project/fid_analysis/real_normal_1214/real_normal_0888.png,0.9425753951072693
/content/drive/MyDrive/MedSymmFlow_Project/fid_analysis/real_normal_1214/real_normal_0237.png,/content/drive/MyDrive/MedSymmFlow_Project/fid_analysis/real_normal_1214/real_normal_0496.png,0.942556619644165
/content/drive/MyDrive/MedSymmFlow_Project/fid_analysis/real_normal_1214/real_normal_0868.png,/content/drive/MyDrive/MedSymmFlow_Project/fid_analysis/real_normal_1214/real_normal_0112.png,0.9425392150878906
/content/drive/MyDrive/MedSymmFlow_Project/fid_analysis/real_normal_1214/real_normal_0452.png,/content/drive/MyDrive/MedSymmFlow_Project/fid_analysis/real_normal_1214/real_normal_0178.png,0.94251549243927
/content/drive/MyDrive/MedSymmFlow_Project/fid_analysis/real_normal_1214/real_normal_1173.png,/content/drive/MyDrive/MedSymmFlow_Project/fid_analysis/real_normal_1214/real_normal_0124.png,0.9425017833709717
/content/drive/MyDrive/MedSymmFlow_Project/fid_analysis/real_normal_1214/real_normal_0434.png,/content/drive/MyDrive/MedSymmFlow_Project/fid_analysis/real_normal_1214/real_normal_0916.png,0.9424552321434021
/content/drive/MyDrive/MedSymmFlow_Project/fid_analysis/real_normal_1214/real_normal_0660.png,/content/drive/MyDrive/MedSymmFlow_Project/fid_analysis/real_normal_1214/real_normal_0090.png,0.9424530863761902
/content/drive/MyDrive/MedSymmFlow_Project/fid_analysis/real_normal_1214/real_normal_0435.png,/content/drive/MyDrive/MedSymmFlow_Project/fid_analysis/real_normal_1214/real_normal_1002.png,0.9424311518669128
/content/drive/MyDrive/MedSymmFlow_Project/fid_analysis/real_normal_1214/real_normal_1167.png,/content/drive/MyDrive/MedSymmFlow_Project/fid_analysis/real_normal_1214/real_normal_0085.png,0.9424033761024475
/content/drive/MyDrive/MedSymmFlow_Project/fid_analysis/real_normal_1214/real_normal_0842.png,/content/drive/MyDrive/MedSymmFlow_Project/fid_analysis/real_normal_1214/real_normal_0120.png,0.9422756433486938
/content/drive/MyDrive/MedSymmFlow_Project/fid_analysis/real_normal_1214/real_normal_0157.png,/content/drive/MyDrive/MedSymmFlow_Project/fid_analysis/real_normal_1214/real_normal_0303.png,0.9422576427459717
/content/drive/MyDrive/MedSymmFlow_Project/fid_analysis/real_normal_1214/real_normal_0005.png,/content/drive/MyDrive/MedSymmFlow_Project/fid_analysis/real_normal_1214/real_normal_1188.png,0.9421579241752625
/content/drive/MyDrive/MedSymmFlow_Project/fid_analysis/real_normal_1214/real_normal_0920.png,/content/drive/MyDrive/MedSymmFlow_Project/fid_analysis/real_normal_1214/real_normal_1003.png,0.942145824432373
/content/drive/MyDrive/MedSymmFlow_Project/fid_analysis/real_normal_1214/real_normal_0851.png,/content/drive/MyDrive/MedSymmFlow_Project/fid_analysis/real_normal_1214/real_normal_0399.png,0.942125141620636
/content/drive/MyDrive/MedSymmFlow_Project/fid_analysis/real_normal_1214/real_normal_0395.png,/content/drive/MyDrive/MedSymmFlow_Project/fid_analysis/real_normal_1214/real_normal_0598.png,0.9421244263648987
/content/drive/MyDrive/MedSymmFlow_Project/fid_analysis/real_normal_1214/real_normal_0754.png,/content/drive/MyDrive/MedSymmFlow_Project/fid_analysis/real_normal_1214/real_normal_0566.png,0.9421186447143555
/content/drive/MyDrive/MedSymmFlow_Project/fid_analysis/real_normal_1214/real_normal_0339.png,/content/drive/MyDrive/MedSymmFlow_Project/fid_analysis/real_normal_1214/real_normal_0114.png,0.9421018958091736
/content/drive/MyDrive/MedSymmFlow_Project/fid_analysis/real_normal_1214/real_normal_0255.png,/content/drive/MyDrive/MedSymmFlow_Project/fid_analysis/real_normal_1214/real_normal_0767.png,0.942016065120697
/content/drive/MyDrive/MedSymmFlow_Project/fid_analysis/real_normal_1214/real_normal_0354.png,/content/drive/MyDrive/MedSymmFlow_Project/fid_analysis/real_normal_1214/real_normal_0070.png,0.9420068264007568
/content/drive/MyDrive/MedSymmFlow_Project/fid_analysis/real_normal_1214/real_normal_1149.png,/content/drive/MyDrive/MedSymmFlow_Project/fid_analysis/real_normal_1214/real_normal_1188.png,0.9420022964477539
/content/drive/MyDrive/MedSymmFlow_Project/fid_analysis/real_normal_1214/real_normal_0551.png,/content/drive/MyDrive/MedSymmFlow_Project/fid_analysis/real_normal_1214/real_normal_0028.png,0.9419758319854736
/content/drive/MyDrive/MedSymmFlow_Project/fid_analysis/real_normal_1214/real_normal_0778.png,/content/drive/MyDrive/MedSymmFlow_Project/fid_analysis/real_normal_1214/real_normal_0045.png,0.9419721961021423
/content/drive/MyDrive/MedSymmFlow_Project/fid_analysis/real_normal_1214/real_normal_1078.png,/content/drive/MyDrive/MedSymmFlow_Project/fid_analysis/real_normal_1214/real_normal_0549.png,0.9419069886207581
/content/drive/MyDrive/MedSymmFlow_Project/fid_analysis/real_normal_1214/real_normal_0693.png,/content/drive/MyDrive/MedSymmFlow_Project/fid_analysis/real_normal_1214/real_normal_0982.png,0.9418241381645203
/content/drive/MyDrive/MedSymmFlow_Project/fid_analysis/real_normal_1214/real_normal_0424.png,/content/drive/MyDrive/MedSymmFlow_Project/fid_analysis/real_normal_1214/real_normal_0734.png,0.9417040944099426
/content/drive/MyDrive/MedSymmFlow_Project/fid_analysis/real_normal_1214/real_normal_0979.png,/content/drive/MyDrive/MedSymmFlow_Project/fid_analysis/real_normal_1214/real_normal_0078.png,0.9416955709457397
/content/drive/MyDrive/MedSymmFlow_Project/fid_analysis/real_normal_1214/real_normal_0219.png,/content/drive/MyDrive/MedSymmFlow_Project/fid_analysis/real_normal_1214/real_normal_0080.png,0.9416656494140625
/content/drive/MyDrive/MedSymmFlow_Project/fid_analysis/real_normal_1214/real_normal_1178.png,/content/drive/MyDrive/MedSymmFlow_Project/fid_analysis/real_normal_1214/real_normal_1058.png,0.9414827227592468
/content/drive/MyDrive/MedSymmFlow_Project/fid_analysis/real_normal_1214/real_normal_0100.png,/content/drive/MyDrive/MedSymmFlow_Project/fid_analysis/real_normal_1214/real_normal_0144.png,0.941338062286377
/content/drive/MyDrive/MedSymmFlow_Project/fid_analysis/real_normal_1214/real_normal_0098.png,/content/drive/MyDrive/MedSymmFlow_Project/fid_analysis/real_normal_1214/real_normal_0112.png,0.9413064122200012
/content/drive/MyDrive/MedSymmFlow_Project/fid_analysis/real_normal_1214/real_normal_1134.png,/content/drive/MyDrive/MedSymmFlow_Project/fid_analysis/real_normal_1214/real_normal_0595.png,0.9411957263946533
/content/drive/MyDrive/MedSymmFlow_Project/fid_analysis/real_normal_1214/real_normal_0094.png,/content/drive/MyDrive/MedSymmFlow_Project/fid_analysis/real_normal_1214/real_normal_0628.png,0.9410842061042786
/content/drive/MyDrive/MedSymmFlow_Project/fid_analysis/real_normal_1214/real_normal_0752.png,/content/drive/MyDrive/MedSymmFlow_Project/fid_analysis/real_normal_1214/real_normal_1130.png,0.9410412907600403
/content/drive/MyDrive/MedSymmFlow_Project/fid_analysis/real_normal_1214/real_normal_0420.png,/content/drive/MyDrive/MedSymmFlow_Project/fid_analysis/real_normal_1214/real_normal_0794.png,0.9409629702568054
/content/drive/MyDrive/MedSymmFlow_Project/fid_analysis/real_normal_1214/real_normal_0835.png,/content/drive/MyDrive/MedSymmFlow_Project/fid_analysis/real_normal_1214/real_normal_0830.png,0.9408347010612488
/content/drive/MyDrive/MedSymmFlow_Project/fid_analysis/real_normal_1214/real_normal_0860.png,/content/drive/MyDrive/MedSymmFlow_Project/fid_analysis/real_normal_1214/real_normal_0241.png,0.9408175945281982
/content/drive/MyDrive/MedSymmFlow_Project/fid_analysis/real_normal_1214/real_normal_0086.png,/content/drive/MyDrive/MedSymmFlow_Project/fid_analysis/real_normal_1214/real_normal_0751.png,0.9407059550285339
/content/drive/MyDrive/MedSymmFlow_Project/fid_analysis/real_normal_1214/real_normal_0593.png,/content/drive/MyDrive/MedSymmFlow_Project/fid_analysis/real_normal_1214/real_normal_0347.png,0.9407025575637817
/content/drive/MyDrive/MedSymmFlow_Project/fid_analysis/real_normal_1214/real_normal_0217.png,/content/drive/MyDrive/MedSymmFlow_Project/fid_analysis/real_normal_1214/real_normal_0810.png,0.9406997561454773
/content/drive/MyDrive/MedSymmFlow_Project/fid_analysis/real_normal_1214/real_normal_0521.png,/content/drive/MyDrive/MedSymmFlow_Project/fid_analysis/real_normal_1214/real_normal_1187.png,0.9405866861343384
/content/drive/MyDrive/MedSymmFlow_Project/fid_analysis/real_normal_1214/real_normal_0211.png,/content/drive/MyDrive/MedSymmFlow_Project/fid_analysis/real_normal_1214/real_normal_1189.png,0.9404255747795105
/content/drive/MyDrive/MedSymmFlow_Project/fid_analysis/real_normal_1214/real_normal_0446.png,/content/drive/MyDrive/MedSymmFlow_Project/fid_analysis/real_normal_1214/real_normal_1074.png,0.940338134765625
/content/drive/MyDrive/MedSymmFlow_Project/fid_analysis/real_normal_1214/real_normal_1139.png,/content/drive/MyDrive/MedSymmFlow_Project/fid_analysis/real_normal_1214/real_normal_0551.png,0.9403222799301147
/content/drive/MyDrive/MedSymmFlow_Project/fid_analysis/real_normal_1214/real_normal_0525.png,/content/drive/MyDrive/MedSymmFlow_Project/fid_analysis/real_normal_1214/real_normal_0768.png,0.9402228593826294
/content/drive/MyDrive/MedSymmFlow_Project/fid_analysis/real_normal_1214/real_normal_0765.png,/content/drive/MyDrive/MedSymmFlow_Project/fid_analysis/real_normal_1214/real_normal_0316.png,0.9401223659515381
/content/drive/MyDrive/MedSymmFlow_Project/fid_analysis/real_normal_1214/real_normal_0932.png,/content/drive/MyDrive/MedSymmFlow_Project/fid_analysis/real_normal_1214/real_normal_0278.png,0.9401053190231323
/content/drive/MyDrive/MedSymmFlow_Project/fid_analysis/real_normal_1214/real_normal_0168.png,/content/drive/MyDrive/MedSymmFlow_Project/fid_analysis/real_normal_1214/real_normal_1208.png,0.9400980472564697
/content/drive/MyDrive/MedSymmFlow_Project/fid_analysis/real_normal_1214/real_normal_0448.png,/content/drive/MyDrive/MedSymmFlow_Project/fid_analysis/real_normal_1214/real_normal_0535.png,0.9400807619094849
/content/drive/MyDrive/MedSymmFlow_Project/fid_analysis/real_normal_1214/real_normal_0764.png,/content/drive/MyDrive/MedSymmFlow_Project/fid_analysis/real_normal_1214/real_normal_1204.png,0.9400586485862732
/content/drive/MyDrive/MedSymmFlow_Project/fid_analysis/real_normal_1214/real_normal_0801.png,/content/drive/MyDrive/MedSymmFlow_Project/fid_analysis/real_normal_1214/real_normal_0221.png,0.9400168657302856
/content/drive/MyDrive/MedSymmFlow_Project/fid_analysis/real_normal_1214/real_normal_0762.png,/content/drive/MyDrive/MedSymmFlow_Project/fid_analysis/real_normal_1214/real_normal_1051.png,0.9400073289871216
/content/drive/MyDrive/MedSymmFlow_Project/fid_analysis/real_normal_1214/real_normal_0181.png,/content/drive/MyDrive/MedSymmFlow_Project/fid_analysis/real_normal_1214/real_normal_0302.png,0.9399936199188232
/content/drive/MyDrive/MedSymmFlow_Project/fid_analysis/real_normal_1214/real_normal_0711.png,/content/drive/MyDrive/MedSymmFlow_Project/fid_analysis/real_normal_1214/real_normal_0773.png,0.9399847984313965
/content/drive/MyDrive/MedSymmFlow_Project/fid_analysis/real_normal_1214/real_normal_0543.png,/content/drive/MyDrive/MedSymmFlow_Project/fid_analysis/real_normal_1214/real_normal_0481.png,0.939784049987793
/content/drive/MyDrive/MedSymmFlow_Project/fid_analysis/real_normal_1214/real_normal_0957.png,/content/drive/MyDrive/MedSymmFlow_Project/fid_analysis/real_normal_1214/real_normal_0490.png,0.9397739768028259
/content/drive/MyDrive/MedSymmFlow_Project/fid_analysis/real_normal_1214/real_normal_0264.png,/content/drive/MyDrive/MedSymmFlow_Project/fid_analysis/real_normal_1214/real_normal_0156.png,0.9397544860839844
/content/drive/MyDrive/MedSymmFlow_Project/fid_analysis/real_normal_1214/real_normal_0018.png,/content/drive/MyDrive/MedSymmFlow_Project/fid_analysis/real_normal_1214/real_normal_0412.png,0.9397166967391968
/content/drive/MyDrive/MedSymmFlow_Project/fid_analysis/real_normal_1214/real_normal_0615.png,/content/drive/MyDrive/MedSymmFlow_Project/fid_analysis/real_normal_1214/real_normal_0716.png,0.9396990537643433
/content/drive/MyDrive/MedSymmFlow_Project/fid_analysis/real_normal_1214/real_normal_0961.png,/content/drive/MyDrive/MedSymmFlow_Project/fid_analysis/real_normal_1214/real_normal_0120.png,0.9396851658821106
/content/drive/MyDrive/MedSymmFlow_Project/fid_analysis/real_normal_1214/real_normal_0205.png,/content/drive/MyDrive/MedSymmFlow_Project/fid_analysis/real_normal_1214/real_normal_0809.png,0.9396730065345764
/content/drive/MyDrive/MedSymmFlow_Project/fid_analysis/real_normal_1214/real_normal_0897.png,/content/drive/MyDrive/MedSymmFlow_Project/fid_analysis/real_normal_1214/real_normal_0015.png,0.939613938331604
/content/drive/MyDrive/MedSymmFlow_Project/fid_analysis/real_normal_1214/real_normal_0591.png,/content/drive/MyDrive/MedSymmFlow_Project/fid_analysis/real_normal_1214/real_normal_0438.png,0.9395762085914612
/content/drive/MyDrive/MedSymmFlow_Project/fid_analysis/real_normal_1214/real_normal_0438.png,/content/drive/MyDrive/MedSymmFlow_Project/fid_analysis/real_normal_1214/real_normal_0591.png,0.9395762085914612
/content/drive/MyDrive/MedSymmFlow_Project/fid_analysis/real_normal_1214/real_normal_0500.png,/content/drive/MyDrive/MedSymmFlow_Project/fid_analysis/real_normal_1214/real_normal_1200.png,0.9394272565841675
/content/drive/MyDrive/MedSymmFlow_Project/fid_analysis/real_normal_1214/real_normal_0049.png,/content/drive/MyDrive/MedSymmFlow_Project/fid_analysis/real_normal_1214/real_normal_0616.png,0.939395546913147
/content/drive/MyDrive/MedSymmFlow_Project/fid_analysis/real_normal_1214/real_normal_1196.png,/content/drive/MyDrive/MedSymmFlow_Project/fid_analysis/real_normal_1214/real_normal_0869.png,0.9393246173858643
/content/drive/MyDrive/MedSymmFlow_Project/fid_analysis/real_normal_1214/real_normal_0749.png,/content/drive/MyDrive/MedSymmFlow_Project/fid_analysis/real_normal_1214/real_normal_0156.png,0.939307689666748
/content/drive/MyDrive/MedSymmFlow_Project/fid_analysis/real_normal_1214/real_normal_0223.png,/content/drive/MyDrive/MedSymmFlow_Project/fid_analysis/real_normal_1214/real_normal_0321.png,0.9392287731170654
/content/drive/MyDrive/MedSymmFlow_Project/fid_analysis/real_normal_1214/real_normal_0307.png,/content/drive/MyDrive/MedSymmFlow_Project/fid_analysis/real_normal_1214/real_normal_0649.png,0.9392009973526001
/content/drive/MyDrive/MedSymmFlow_Project/fid_analysis/real_normal_1214/real_normal_0775.png,/content/drive/MyDrive/MedSymmFlow_Project/fid_analysis/real_normal_1214/real_normal_0965.png,0.9391831159591675
/content/drive/MyDrive/MedSymmFlow_Project/fid_analysis/real_normal_1214/real_normal_0460.png,/content/drive/MyDrive/MedSymmFlow_Project/fid_analysis/real_normal_1214/real_normal_1160.png,0.939093291759491
/content/drive/MyDrive/MedSymmFlow_Project/fid_analysis/real_normal_1214/real_normal_0283.png,/content/drive/MyDrive/MedSymmFlow_Project/fid_analysis/real_normal_1214/real_normal_0165.png,0.9390918016433716
/content/drive/MyDrive/MedSymmFlow_Project/fid_analysis/real_normal_1214/real_normal_0350.png,/content/drive/MyDrive/MedSymmFlow_Project/fid_analysis/real_normal_1214/real_normal_1169.png,0.9390560984611511
/content/drive/MyDrive/MedSymmFlow_Project/fid_analysis/real_normal_1214/real_normal_0799.png,/content/drive/MyDrive/MedSymmFlow_Project/fid_analysis/real_normal_1214/real_normal_0909.png,0.9390283823013306
/content/drive/MyDrive/MedSymmFlow_Project/fid_analysis/real_normal_1214/real_normal_0511.png,/content/drive/MyDrive/MedSymmFlow_Project/fid_analysis/real_normal_1214/real_normal_0612.png,0.9389395713806152
/content/drive/MyDrive/MedSymmFlow_Project/fid_analysis/real_normal_1214/real_normal_0532.png,/content/drive/MyDrive/MedSymmFlow_Project/fid_analysis/real_normal_1214/real_normal_0771.png,0.9387567639350891
/content/drive/MyDrive/MedSymmFlow_Project/fid_analysis/real_normal_1214/real_normal_0823.png,/content/drive/MyDrive/MedSymmFlow_Project/fid_analysis/real_normal_1214/real_normal_0442.png,0.9387493133544922
/content/drive/MyDrive/MedSymmFlow_Project/fid_analysis/real_normal_1214/real_normal_0503.png,/content/drive/MyDrive/MedSymmFlow_Project/fid_analysis/real_normal_1214/real_normal_0301.png,0.9386444091796875
/content/drive/MyDrive/MedSymmFlow_Project/fid_analysis/real_normal_1214/real_normal_0123.png,/content/drive/MyDrive/MedSymmFlow_Project/fid_analysis/real_normal_1214/real_normal_0705.png,0.938316822052002
/content/drive/MyDrive/MedSymmFlow_Project/fid_analysis/real_normal_1214/real_normal_0459.png,/content/drive/MyDrive/MedSymmFlow_Project/fid_analysis/real_normal_1214/real_normal_0179.png,0.9382544159889221
/content/drive/MyDrive/MedSymmFlow_Project/fid_analysis/real_normal_1214/real_normal_1172.png,/content/drive/MyDrive/MedSymmFlow_Project/fid_analysis/real_normal_1214/real_normal_0303.png,0.9381741285324097
/content/drive/MyDrive/MedSymmFlow_Project/fid_analysis/real_normal_1214/real_normal_0836.png,/content/drive/MyDrive/MedSymmFlow_Project/fid_analysis/real_normal_1214/real_normal_1155.png,0.938164234161377
/content/drive/MyDrive/MedSymmFlow_Project/fid_analysis/real_normal_1214/real_normal_0443.png,/content/drive/MyDrive/MedSymmFlow_Project/fid_analysis/real_normal_1214/real_normal_1054.png,0.9380933046340942
/content/drive/MyDrive/MedSymmFlow_Project/fid_analysis/real_normal_1214/real_normal_0606.png,/content/drive/MyDrive/MedSymmFlow_Project/fid_analysis/real_normal_1214/real_normal_0004.png,0.9380835294723511
/content/drive/MyDrive/MedSymmFlow_Project/fid_analysis/real_normal_1214/real_normal_0007.png,/content/drive/MyDrive/MedSymmFlow_Project/fid_analysis/real_normal_1214/real_normal_1183.png,0.9380702376365662
/content/drive/MyDrive/MedSymmFlow_Project/fid_analysis/real_normal_1214/real_normal_1183.png,/content/drive/MyDrive/MedSymmFlow_Project/fid_analysis/real_normal_1214/real_normal_0007.png,0.9380702376365662
/content/drive/MyDrive/MedSymmFlow_Project/fid_analysis/real_normal_1214/real_normal_0154.png,/content/drive/MyDrive/MedSymmFlow_Project/fid_analysis/real_normal_1214/real_normal_0043.png,0.9380301237106323
/content/drive/MyDrive/MedSymmFlow_Project/fid_analysis/real_normal_1214/real_normal_0216.png,/content/drive/MyDrive/MedSymmFlow_Project/fid_analysis/real_normal_1214/real_normal_0368.png,0.9379205703735352
/content/drive/MyDrive/MedSymmFlow_Project/fid_analysis/real_normal_1214/real_normal_0864.png,/content/drive/MyDrive/MedSymmFlow_Project/fid_analysis/real_normal_1214/real_normal_1208.png,0.9379037618637085
/content/drive/MyDrive/MedSymmFlow_Project/fid_analysis/real_normal_1214/real_normal_0003.png,/content/drive/MyDrive/MedSymmFlow_Project/fid_analysis/real_normal_1214/real_normal_0012.png,0.93780118227005
/content/drive/MyDrive/MedSymmFlow_Project/fid_analysis/real_normal_1214/real_normal_0332.png,/content/drive/MyDrive/MedSymmFlow_Project/fid_analysis/real_normal_1214/real_normal_0842.png,0.9376991987228394
/content/drive/MyDrive/MedSymmFlow_Project/fid_analysis/real_normal_1214/real_normal_0184.png,/content/drive/MyDrive/MedSymmFlow_Project/fid_analysis/real_normal_1214/real_normal_0376.png,0.9375746846199036
/content/drive/MyDrive/MedSymmFlow_Project/fid_analysis/real_normal_1214/real_normal_0439.png,/content/drive/MyDrive/MedSymmFlow_Project/fid_analysis/real_normal_1214/real_normal_0027.png,0.9373642206192017
/content/drive/MyDrive/MedSymmFlow_Project/fid_analysis/real_normal_1214/real_normal_0348.png,/content/drive/MyDrive/MedSymmFlow_Project/fid_analysis/real_normal_1214/real_normal_0974.png,0.9371719360351562
/content/drive/MyDrive/MedSymmFlow_Project/fid_analysis/real_normal_1214/real_normal_0641.png,/content/drive/MyDrive/MedSymmFlow_Project/fid_analysis/real_normal_1214/real_normal_1002.png,0.9371610879898071
/content/drive/MyDrive/MedSymmFlow_Project/fid_analysis/real_normal_1214/real_normal_0870.png,/content/drive/MyDrive/MedSymmFlow_Project/fid_analysis/real_normal_1214/real_normal_0571.png,0.9370924234390259
/content/drive/MyDrive/MedSymmFlow_Project/fid_analysis/real_normal_1214/real_normal_0060.png,/content/drive/MyDrive/MedSymmFlow_Project/fid_analysis/real_normal_1214/real_normal_0781.png,0.9370758533477783
/content/drive/MyDrive/MedSymmFlow_Project/fid_analysis/real_normal_1214/real_normal_1043.png,/content/drive/MyDrive/MedSymmFlow_Project/fid_analysis/real_normal_1214/real_normal_0004.png,0.9369201064109802
/content/drive/MyDrive/MedSymmFlow_Project/fid_analysis/real_normal_1214/real_normal_0710.png,/content/drive/MyDrive/MedSymmFlow_Project/fid_analysis/real_normal_1214/real_normal_0927.png,0.9368177056312561
/content/drive/MyDrive/MedSymmFlow_Project/fid_analysis/real_normal_1214/real_normal_0666.png,/content/drive/MyDrive/MedSymmFlow_Project/fid_analysis/real_normal_1214/real_normal_1045.png,0.9367226362228394
/content/drive/MyDrive/MedSymmFlow_Project/fid_analysis/real_normal_1214/real_normal_0050.png,/content/drive/MyDrive/MedSymmFlow_Project/fid_analysis/real_normal_1214/real_normal_1129.png,0.9365435838699341
/content/drive/MyDrive/MedSymmFlow_Project/fid_analysis/real_normal_1214/real_normal_1195.png,/content/drive/MyDrive/MedSymmFlow_Project/fid_analysis/real_normal_1214/real_normal_0330.png,0.9365251064300537
/content/drive/MyDrive/MedSymmFlow_Project/fid_analysis/real_normal_1214/real_normal_0488.png,/content/drive/MyDrive/MedSymmFlow_Project/fid_analysis/real_normal_1214/real_normal_0642.png,0.9364944696426392
/content/drive/MyDrive/MedSymmFlow_Project/fid_analysis/real_normal_1214/real_normal_0783.png,/content/drive/MyDrive/MedSymmFlow_Project/fid_analysis/real_normal_1214/real_normal_0839.png,0.9364292621612549
/content/drive/MyDrive/MedSymmFlow_Project/fid_analysis/real_normal_1214/real_normal_0393.png,/content/drive/MyDrive/MedSymmFlow_Project/fid_analysis/real_normal_1214/real_normal_0165.png,0.9362896084785461
/content/drive/MyDrive/MedSymmFlow_Project/fid_analysis/real_normal_1214/real_normal_0845.png,/content/drive/MyDrive/MedSymmFlow_Project/fid_analysis/real_normal_1214/real_normal_0954.png,0.9362133741378784
/content/drive/MyDrive/MedSymmFlow_Project/fid_analysis/real_normal_1214/real_normal_0954.png,/content/drive/MyDrive/MedSymmFlow_Project/fid_analysis/real_normal_1214/real_normal_0845.png,0.9362133741378784
/content/drive/MyDrive/MedSymmFlow_Project/fid_analysis/real_normal_1214/real_normal_0726.png,/content/drive/MyDrive/MedSymmFlow_Project/fid_analysis/real_normal_1214/real_normal_1074.png,0.9362043142318726
/content/drive/MyDrive/MedSymmFlow_Project/fid_analysis/real_normal_1214/real_normal_0295.png,/content/drive/MyDrive/MedSymmFlow_Project/fid_analysis/real_normal_1214/real_normal_0887.png,0.9360924363136292
/content/drive/MyDrive/MedSymmFlow_Project/fid_analysis/real_normal_1214/real_normal_0743.png,/content/drive/MyDrive/MedSymmFlow_Project/fid_analysis/real_normal_1214/real_normal_0900.png,0.9359703063964844
/content/drive/MyDrive/MedSymmFlow_Project/fid_analysis/real_normal_1214/real_normal_0565.png,/content/drive/MyDrive/MedSymmFlow_Project/fid_analysis/real_normal_1214/real_normal_0974.png,0.9354423880577087
/content/drive/MyDrive/MedSymmFlow_Project/fid_analysis/real_normal_1214/real_normal_0369.png,/content/drive/MyDrive/MedSymmFlow_Project/fid_analysis/real_normal_1214/real_normal_0780.png,0.935021698474884
/content/drive/MyDrive/MedSymmFlow_Project/fid_analysis/real_normal_1214/real_normal_0924.png,/content/drive/MyDrive/MedSymmFlow_Project/fid_analysis/real_normal_1214/real_normal_1172.png,0.9348471164703369
/content/drive/MyDrive/MedSymmFlow_Project/fid_analysis/real_normal_1214/real_normal_0340.png,/content/drive/MyDrive/MedSymmFlow_Project/fid_analysis/real_normal_1214/real_normal_0328.png,0.9348468780517578
/content/drive/MyDrive/MedSymmFlow_Project/fid_analysis/real_normal_1214/real_normal_0113.png,/content/drive/MyDrive/MedSymmFlow_Project/fid_analysis/real_normal_1214/real_normal_0545.png,0.9347907900810242
/content/drive/MyDrive/MedSymmFlow_Project/fid_analysis/real_normal_1214/real_normal_0724.png,/content/drive/MyDrive/MedSymmFlow_Project/fid_analysis/real_normal_1214/real_normal_0028.png,0.9346967935562134
/content/drive/MyDrive/MedSymmFlow_Project/fid_analysis/real_normal_1214/real_normal_0073.png,/content/drive/MyDrive/MedSymmFlow_Project/fid_analysis/real_normal_1214/real_normal_1031.png,0.9346120953559875
/content/drive/MyDrive/MedSymmFlow_Project/fid_analysis/real_normal_1214/real_normal_1181.png,/content/drive/MyDrive/MedSymmFlow_Project/fid_analysis/real_normal_1214/real_normal_0597.png,0.934455156326294
/content/drive/MyDrive/MedSymmFlow_Project/fid_analysis/real_normal_1214/real_normal_0134.png,/content/drive/MyDrive/MedSymmFlow_Project/fid_analysis/real_normal_1214/real_normal_0245.png,0.9343180656433105
/content/drive/MyDrive/MedSymmFlow_Project/fid_analysis/real_normal_1214/real_normal_0409.png,/content/drive/MyDrive/MedSymmFlow_Project/fid_analysis/real_normal_1214/real_normal_0111.png,0.9340647459030151
/content/drive/MyDrive/MedSymmFlow_Project/fid_analysis/real_normal_1214/real_normal_1071.png,/content/drive/MyDrive/MedSymmFlow_Project/fid_analysis/real_normal_1214/real_normal_0415.png,0.933988094329834
/content/drive/MyDrive/MedSymmFlow_Project/fid_analysis/real_normal_1214/real_normal_0122.png,/content/drive/MyDrive/MedSymmFlow_Project/fid_analysis/real_normal_1214/real_normal_0767.png,0.9338164329528809
/content/drive/MyDrive/MedSymmFlow_Project/fid_analysis/real_normal_1214/real_normal_0911.png,/content/drive/MyDrive/MedSymmFlow_Project/fid_analysis/real_normal_1214/real_normal_0261.png,0.9336783289909363
/content/drive/MyDrive/MedSymmFlow_Project/fid_analysis/real_normal_1214/real_normal_0509.png,/content/drive/MyDrive/MedSymmFlow_Project/fid_analysis/real_normal_1214/real_normal_0661.png,0.9335347414016724
/content/drive/MyDrive/MedSymmFlow_Project/fid_analysis/real_normal_1214/real_normal_1015.png,/content/drive/MyDrive/MedSymmFlow_Project/fid_analysis/real_normal_1214/real_normal_1041.png,0.9331804513931274
/content/drive/MyDrive/MedSymmFlow_Project/fid_analysis/real_normal_1214/real_normal_0428.png,/content/drive/MyDrive/MedSymmFlow_Project/fid_analysis/real_normal_1214/real_normal_0976.png,0.9330769777297974
/content/drive/MyDrive/MedSymmFlow_Project/fid_analysis/real_normal_1214/real_normal_0495.png,/content/drive/MyDrive/MedSymmFlow_Project/fid_analysis/real_normal_1214/real_normal_0244.png,0.9328651428222656
/content/drive/MyDrive/MedSymmFlow_Project/fid_analysis/real_normal_1214/real_normal_0429.png,/content/drive/MyDrive/MedSymmFlow_Project/fid_analysis/real_normal_1214/real_normal_1115.png,0.9325447678565979
/content/drive/MyDrive/MedSymmFlow_Project/fid_analysis/real_normal_1214/real_normal_0396.png,/content/drive/MyDrive/MedSymmFlow_Project/fid_analysis/real_normal_1214/real_normal_0661.png,0.9324381351470947
/content/drive/MyDrive/MedSymmFlow_Project/fid_analysis/real_normal_1214/real_normal_0380.png,/content/drive/MyDrive/MedSymmFlow_Project/fid_analysis/real_normal_1214/real_normal_0919.png,0.9322342276573181
/content/drive/MyDrive/MedSymmFlow_Project/fid_analysis/real_normal_1214/real_normal_0234.png,/content/drive/MyDrive/MedSymmFlow_Project/fid_analysis/real_normal_1214/real_normal_0445.png,0.9321812391281128
/content/drive/MyDrive/MedSymmFlow_Project/fid_analysis/real_normal_1214/real_normal_1133.png,/content/drive/MyDrive/MedSymmFlow_Project/fid_analysis/real_normal_1214/real_normal_0671.png,0.9319594502449036
/content/drive/MyDrive/MedSymmFlow_Project/fid_analysis/real_normal_1214/real_normal_0000.png,/content/drive/MyDrive/MedSymmFlow_Project/fid_analysis/real_normal_1214/real_normal_0758.png,0.9319589138031006
/content/drive/MyDrive/MedSymmFlow_Project/fid_analysis/real_normal_1214/real_normal_0686.png,/content/drive/MyDrive/MedSymmFlow_Project/fid_analysis/real_normal_1214/real_normal_0974.png,0.9313269257545471
/content/drive/MyDrive/MedSymmFlow_Project/fid_analysis/real_normal_1214/real_normal_0385.png,/content/drive/MyDrive/MedSymmFlow_Project/fid_analysis/real_normal_1214/real_normal_0323.png,0.930878758430481
/content/drive/MyDrive/MedSymmFlow_Project/fid_analysis/real_normal_1214/real_normal_0699.png,/content/drive/MyDrive/MedSymmFlow_Project/fid_analysis/real_normal_1214/real_normal_0991.png,0.9306014776229858
/content/drive/MyDrive/MedSymmFlow_Project/fid_analysis/real_normal_1214/real_normal_0958.png,/content/drive/MyDrive/MedSymmFlow_Project/fid_analysis/real_normal_1214/real_normal_1024.png,0.9298772215843201
/content/drive/MyDrive/MedSymmFlow_Project/fid_analysis/real_normal_1214/real_normal_0408.png,/content/drive/MyDrive/MedSymmFlow_Project/fid_analysis/real_normal_1214/real_normal_0753.png,0.9296016097068787
/content/drive/MyDrive/MedSymmFlow_Project/fid_analysis/real_normal_1214/real_normal_0199.png,/content/drive/MyDrive/MedSymmFlow_Project/fid_analysis/real_normal_1214/real_normal_0260.png,0.9290728569030762
/content/drive/MyDrive/MedSymmFlow_Project/fid_analysis/real_normal_1214/real_normal_1095.png,/content/drive/MyDrive/MedSymmFlow_Project/fid_analysis/real_normal_1214/real_normal_1029.png,0.9290648698806763
/content/drive/MyDrive/MedSymmFlow_Project/fid_analysis/real_normal_1214/real_normal_0827.png,/content/drive/MyDrive/MedSymmFlow_Project/fid_analysis/real_normal_1214/real_normal_0732.png,0.9286695718765259
/content/drive/MyDrive/MedSymmFlow_Project/fid_analysis/real_normal_1214/real_normal_0106.png,/content/drive/MyDrive/MedSymmFlow_Project/fid_analysis/real_normal_1214/real_normal_0571.png,0.9286284446716309
/content/drive/MyDrive/MedSymmFlow_Project/fid_analysis/real_normal_1214/real_normal_0524.png,/content/drive/MyDrive/MedSymmFlow_Project/fid_analysis/real_normal_1214/real_normal_0887.png,0.9280037879943848
/content/drive/MyDrive/MedSymmFlow_Project/fid_analysis/real_normal_1214/real_normal_0808.png,/content/drive/MyDrive/MedSymmFlow_Project/fid_analysis/real_normal_1214/real_normal_0439.png,0.9275377988815308
/content/drive/MyDrive/MedSymmFlow_Project/fid_analysis/real_normal_1214/real_normal_0696.png,/content/drive/MyDrive/MedSymmFlow_Project/fid_analysis/real_normal_1214/real_normal_0186.png,0.9258602857589722
/content/drive/MyDrive/MedSymmFlow_Project/fid_analysis/real_normal_1214/real_normal_0463.png,/content/drive/MyDrive/MedSymmFlow_Project/fid_analysis/real_normal_1214/real_normal_0551.png,0.9238877296447754
/content/drive/MyDrive/MedSymmFlow_Project/fid_analysis/real_normal_1214/real_normal_0895.png,/content/drive/MyDrive/MedSymmFlow_Project/fid_analysis/real_normal_1214/real_normal_0219.png,0.9229065179824829
/content/drive/MyDrive/MedSymmFlow_Project/fid_analysis/real_normal_1214/real_normal_0462.png,/content/drive/MyDrive/MedSymmFlow_Project/fid_analysis/real_normal_1214/real_normal_0630.png,0.9212887287139893
/content/drive/MyDrive/MedSymmFlow_Project/fid_analysis/real_normal_1214/real_normal_1126.png,/content/drive/MyDrive/MedSymmFlow_Project/fid_analysis/real_normal_1214/real_normal_0081.png,0.919804573059082
/content/drive/MyDrive/MedSymmFlow_Project/fid_analysis/real_normal_1214/real_normal_0190.png,/content/drive/MyDrive/MedSymmFlow_Project/fid_analysis/real_normal_1214/real_normal_0961.png,0.9148325324058533
/content/drive/MyDrive/MedSymmFlow_Project/fid_analysis/real_normal_1214/real_normal_0620.png,/content/drive/MyDrive/MedSymmFlow_Project/fid_analysis/real_normal_1214/real_normal_1211.png,0.9101803302764893

