synthetic_path,nearest_synthetic_path,cosine_similarity
/content/drive/MyDrive/MedSymmFlow_Project/synthetic_data/pneumoniamnist_normal_2280_filtered/normal_2107.png,/content/drive/MyDrive/MedSymmFlow_Project/synthetic_data/pneumoniamnist_normal_2280_filtered/normal_1081.png,0.9808104038238525
/content/drive/MyDrive/MedSymmFlow_Project/synthetic_data/pneumoniamnist_normal_2280_filtered/normal_1081.png,/content/drive/MyDrive/MedSymmFlow_Project/synthetic_data/pneumoniamnist_normal_2280_filtered/normal_2107.png,0.9808104038238525
/content/drive/MyDrive/MedSymmFlow_Project/synthetic_data/pneumoniamnist_normal_2280_filtered/normal_1971.png,/content/drive/MyDrive/MedSymmFlow_Project/synthetic_data/pneumoniamnist_normal_2280_filtered/normal_1439.png,0.9807846546173096
/content/drive/MyDrive/MedSymmFlow_Project/synthetic_data/pneumoniamnist_normal_2280_filtered/normal_1439.png,/content/drive/MyDrive/MedSymmFlow_Project/synthetic_data/pneumoniamnist_normal_2280_filtered/normal_1971.png,0.9807846546173096
/content/drive/MyDrive/MedSymmFlow_Project/synthetic_data/pneumoniamnist_normal_2280_filtered/normal_2203.png,/content/drive/MyDrive/MedSymmFlow_Project/synthetic_data/pneumoniamnist_normal_2280_filtered/normal_0510.png,0.979742169380188
/content/drive/MyDrive/MedSymmFlow_Project/synthetic_data/pneumoniamnist_normal_2280_filtered/normal_0510.png,/content/drive/MyDrive/MedSymmFlow_Project/synthetic_data/pneumoniamnist_normal_2280_filtered/normal_2203.png,0.979742169380188
/content/drive/MyDrive/MedSymmFlow_Project/synthetic_data/pneumoniamnist_normal_2280_filtered/normal_1215.png,/content/drive/MyDrive/MedSymmFlow_Project/synthetic_data/pneumoniamnist_normal_2280_filtered/normal_0516.png,0.9796366691589355
/content/drive/MyDrive/MedSymmFlow_Project/synthetic_data/pneumoniamnist_normal_2280_filtered/normal_0516.png,/content/drive/MyDrive/MedSymmFlow_Project/synthetic_data/pneumoniamnist_normal_2280_filtered/normal_1215.png,0.9796366691589355
/content/drive/MyDrive/MedSymmFlow_Project/synthetic_data/pneumoniamnist_normal_2280_filtered/normal_1862.png,/content/drive/MyDrive/MedSymmFlow_Project/synthetic_data/pneumoniamnist_normal_2280_filtered/normal_0625.png,0.9785611629486084
/content/drive/MyDrive/MedSymmFlow_Project/synthetic_data/pneumoniamnist_normal_2280_filtered/normal_0625.png,/content/drive/MyDrive/MedSymmFlow_Project/synthetic_data/pneumoniamnist_normal_2280_filtered/normal_1862.png,0.9785611629486084
/content/drive/MyDrive/MedSymmFlow_Project/synthetic_data/pneumoniamnist_normal_2280_filtered/normal_2164.png,/content/drive/MyDrive/MedSymmFlow_Project/synthetic_data/pneumoniamnist_normal_2280_filtered/normal_1811.png,0.9784823656082153
/content/drive/MyDrive/MedSymmFlow_Project/synthetic_data/pneumoniamnist_normal_2280_filtered/normal_1811.png,/content/drive/MyDrive/MedSymmFlow_Project/synthetic_data/pneumoniamnist_normal_2280_filtered/normal_2164.png,0.9784823656082153
/content/drive/MyDrive/MedSymmFlow_Project/synthetic_data/pneumoniamnist_normal_2280_filtered/normal_0178.png,/content/drive/MyDrive/MedSymmFlow_Project/synthetic_data/pneumoniamnist_normal_2280_filtered/normal_1280.png,0.978234589099884
/content/drive/MyDrive/MedSymmFlow_Project/synthetic_data/pneumoniamnist_normal_2280_filtered/normal_1280.png,/content/drive/MyDrive/MedSymmFlow_Project/synthetic_data/pneumoniamnist_normal_2280_filtered/normal_0178.png,0.978234589099884
/content/drive/MyDrive/MedSymmFlow_Project/synthetic_data/pneumoniamnist_normal_2280_filtered/normal_0870.png,/content/drive/MyDrive/MedSymmFlow_Project/synthetic_data/pneumoniamnist_normal_2280_filtered/normal_1018.png,0.9781665802001953
/content/drive/MyDrive/MedSymmFlow_Project/synthetic_data/pneumoniamnist_normal_2280_filtered/normal_1018.png,/content/drive/MyDrive/MedSymmFlow_Project/synthetic_data/pneumoniamnist_normal_2280_filtered/normal_0870.png,0.9781665802001953
/content/drive/MyDrive/MedSymmFlow_Project/synthetic_data/pneumoniamnist_normal_2280_filtered/normal_1042.png,/content/drive/MyDrive/MedSymmFlow_Project/synthetic_data/pneumoniamnist_normal_2280_filtered/normal_2164.png,0.978151798248291
/content/drive/MyDrive/MedSymmFlow_Project/synthetic_data/pneumoniamnist_normal_2280_filtered/normal_0639.png,/content/drive/MyDrive/MedSymmFlow_Project/synthetic_data/pneumoniamnist_normal_2280_filtered/normal_0191.png,0.9776434898376465
/content/drive/MyDrive/MedSymmFlow_Project/synthetic_data/pneumoniamnist_normal_2280_filtered/normal_0191.png,/content/drive/MyDrive/MedSymmFlow_Project/synthetic_data/pneumoniamnist_normal_2280_filtered/normal_0639.png,0.9776434898376465
/content/drive/MyDrive/MedSymmFlow_Project/synthetic_data/pneumoniamnist_normal_2280_filtered/normal_0008.png,/content/drive/MyDrive/MedSymmFlow_Project/synthetic_data/pneumoniamnist_normal_2280_filtered/normal_2164.png,0.9776418209075928
/content/drive/MyDrive/MedSymmFlow_Project/synthetic_data/pneumoniamnist_normal_2280_filtered/normal_1648.png,/content/drive/MyDrive/MedSymmFlow_Project/synthetic_data/pneumoniamnist_normal_2280_filtered/normal_0468.png,0.9774481058120728
/content/drive/MyDrive/MedSymmFlow_Project/synthetic_data/pneumoniamnist_normal_2280_filtered/normal_0468.png,/content/drive/MyDrive/MedSymmFlow_Project/synthetic_data/pneumoniamnist_normal_2280_filtered/normal_1648.png,0.9774481058120728
/content/drive/MyDrive/MedSymmFlow_Project/synthetic_data/pneumoniamnist_normal_2280_filtered/normal_0565.png,/content/drive/MyDrive/MedSymmFlow_Project/synthetic_data/pneumoniamnist_normal_2280_filtered/normal_1042.png,0.9774471521377563
/content/drive/MyDrive/MedSymmFlow_Project/synthetic_data/pneumoniamnist_normal_2280_filtered/normal_2272.png,/content/drive/MyDrive/MedSymmFlow_Project/synthetic_data/pneumoniamnist_normal_2280_filtered/normal_2204.png,0.9773994088172913
/content/drive/MyDrive/MedSymmFlow_Project/synthetic_data/pneumoniamnist_normal_2280_filtered/normal_2204.png,/content/drive/MyDrive/MedSymmFlow_Project/synthetic_data/pneumoniamnist_normal_2280_filtered/normal_2272.png,0.9773994088172913
/content/drive/MyDrive/MedSymmFlow_Project/synthetic_data/pneumoniamnist_normal_2280_filtered/normal_0823.png,/content/drive/MyDrive/MedSymmFlow_Project/synthetic_data/pneumoniamnist_normal_2280_filtered/normal_1001.png,0.9773463010787964
/content/drive/MyDrive/MedSymmFlow_Project/synthetic_data/pneumoniamnist_normal_2280_filtered/normal_1001.png,/content/drive/MyDrive/MedSymmFlow_Project/synthetic_data/pneumoniamnist_normal_2280_filtered/normal_0823.png,0.9773463010787964
/content/drive/MyDrive/MedSymmFlow_Project/synthetic_data/pneumoniamnist_normal_2280_filtered/normal_1462.png,/content/drive/MyDrive/MedSymmFlow_Project/synthetic_data/pneumoniamnist_normal_2280_filtered/normal_1396.png,0.9772806167602539
/content/drive/MyDrive/MedSymmFlow_Project/synthetic_data/pneumoniamnist_normal_2280_filtered/normal_1396.png,/content/drive/MyDrive/MedSymmFlow_Project/synthetic_data/pneumoniamnist_normal_2280_filtered/normal_1462.png,0.9772806167602539
/content/drive/MyDrive/MedSymmFlow_Project/synthetic_data/pneumoniamnist_normal_2280_filtered/normal_2143.png,/content/drive/MyDrive/MedSymmFlow_Project/synthetic_data/pneumoniamnist_normal_2280_filtered/normal_1018.png,0.9772783517837524
/content/drive/MyDrive/MedSymmFlow_Project/synthetic_data/pneumoniamnist_normal_2280_filtered/normal_2189.png,/content/drive/MyDrive/MedSymmFlow_Project/synthetic_data/pneumoniamnist_normal_2280_filtered/normal_0565.png,0.9772593975067139
/content/drive/MyDrive/MedSymmFlow_Project/synthetic_data/pneumoniamnist_normal_2280_filtered/normal_0729.png,/content/drive/MyDrive/MedSymmFlow_Project/synthetic_data/pneumoniamnist_normal_2280_filtered/normal_0008.png,0.9770030975341797
/content/drive/MyDrive/MedSymmFlow_Project/synthetic_data/pneumoniamnist_normal_2280_filtered/normal_1332.png,/content/drive/MyDrive/MedSymmFlow_Project/synthetic_data/pneumoniamnist_normal_2280_filtered/normal_1902.png,0.9769061803817749
/content/drive/MyDrive/MedSymmFlow_Project/synthetic_data/pneumoniamnist_normal_2280_filtered/normal_1902.png,/content/drive/MyDrive/MedSymmFlow_Project/synthetic_data/pneumoniamnist_normal_2280_filtered/normal_1332.png,0.9769061803817749
/content/drive/MyDrive/MedSymmFlow_Project/synthetic_data/pneumoniamnist_normal_2280_filtered/normal_1899.png,/content/drive/MyDrive/MedSymmFlow_Project/synthetic_data/pneumoniamnist_normal_2280_filtered/normal_2164.png,0.9766639471054077
/content/drive/MyDrive/MedSymmFlow_Project/synthetic_data/pneumoniamnist_normal_2280_filtered/normal_1674.png,/content/drive/MyDrive/MedSymmFlow_Project/synthetic_data/pneumoniamnist_normal_2280_filtered/normal_1550.png,0.9766159057617188
/content/drive/MyDrive/MedSymmFlow_Project/synthetic_data/pneumoniamnist_normal_2280_filtered/normal_1550.png,/content/drive/MyDrive/MedSymmFlow_Project/synthetic_data/pneumoniamnist_normal_2280_filtered/normal_1674.png,0.9766159057617188
/content/drive/MyDrive/MedSymmFlow_Project/synthetic_data/pneumoniamnist_normal_2280_filtered/normal_2223.png,/content/drive/MyDrive/MedSymmFlow_Project/synthetic_data/pneumoniamnist_normal_2280_filtered/normal_1149.png,0.9766151905059814
/content/drive/MyDrive/MedSymmFlow_Project/synthetic_data/pneumoniamnist_normal_2280_filtered/normal_1149.png,/content/drive/MyDrive/MedSymmFlow_Project/synthetic_data/pneumoniamnist_normal_2280_filtered/normal_2223.png,0.9766151905059814
/content/drive/MyDrive/MedSymmFlow_Project/synthetic_data/pneumoniamnist_normal_2280_filtered/normal_0678.png,/content/drive/MyDrive/MedSymmFlow_Project/synthetic_data/pneumoniamnist_normal_2280_filtered/normal_1311.png,0.9764922857284546
/content/drive/MyDrive/MedSymmFlow_Project/synthetic_data/pneumoniamnist_normal_2280_filtered/normal_1311.png,/content/drive/MyDrive/MedSymmFlow_Project/synthetic_data/pneumoniamnist_normal_2280_filtered/normal_0678.png,0.9764922857284546
/content/drive/MyDrive/MedSymmFlow_Project/synthetic_data/pneumoniamnist_normal_2280_filtered/normal_1769.png,/content/drive/MyDrive/MedSymmFlow_Project/synthetic_data/pneumoniamnist_normal_2280_filtered/normal_1936.png,0.976319432258606
/content/drive/MyDrive/MedSymmFlow_Project/synthetic_data/pneumoniamnist_normal_2280_filtered/normal_1936.png,/content/drive/MyDrive/MedSymmFlow_Project/synthetic_data/pneumoniamnist_normal_2280_filtered/normal_1769.png,0.976319432258606
/content/drive/MyDrive/MedSymmFlow_Project/synthetic_data/pneumoniamnist_normal_2280_filtered/normal_2121.png,/content/drive/MyDrive/MedSymmFlow_Project/synthetic_data/pneumoniamnist_normal_2280_filtered/normal_1233.png,0.9761357307434082
/content/drive/MyDrive/MedSymmFlow_Project/synthetic_data/pneumoniamnist_normal_2280_filtered/normal_1233.png,/content/drive/MyDrive/MedSymmFlow_Project/synthetic_data/pneumoniamnist_normal_2280_filtered/normal_2121.png,0.9761357307434082
/content/drive/MyDrive/MedSymmFlow_Project/synthetic_data/pneumoniamnist_normal_2280_filtered/normal_1352.png,/content/drive/MyDrive/MedSymmFlow_Project/synthetic_data/pneumoniamnist_normal_2280_filtered/normal_2223.png,0.9760947227478027
/content/drive/MyDrive/MedSymmFlow_Project/synthetic_data/pneumoniamnist_normal_2280_filtered/normal_2000.png,/content/drive/MyDrive/MedSymmFlow_Project/synthetic_data/pneumoniamnist_normal_2280_filtered/normal_1814.png,0.9760317206382751
/content/drive/MyDrive/MedSymmFlow_Project/synthetic_data/pneumoniamnist_normal_2280_filtered/normal_1814.png,/content/drive/MyDrive/MedSymmFlow_Project/synthetic_data/pneumoniamnist_normal_2280_filtered/normal_2000.png,0.9760317206382751
/content/drive/MyDrive/MedSymmFlow_Project/synthetic_data/pneumoniamnist_normal_2280_filtered/normal_0540.png,/content/drive/MyDrive/MedSymmFlow_Project/synthetic_data/pneumoniamnist_normal_2280_filtered/normal_0525.png,0.9760184288024902
/content/drive/MyDrive/MedSymmFlow_Project/synthetic_data/pneumoniamnist_normal_2280_filtered/normal_0525.png,/content/drive/MyDrive/MedSymmFlow_Project/synthetic_data/pneumoniamnist_normal_2280_filtered/normal_0540.png,0.9760184288024902
/content/drive/MyDrive/MedSymmFlow_Project/synthetic_data/pneumoniamnist_normal_2280_filtered/normal_0464.png,/content/drive/MyDrive/MedSymmFlow_Project/synthetic_data/pneumoniamnist_normal_2280_filtered/normal_0283.png,0.9759849309921265
/content/drive/MyDrive/MedSymmFlow_Project/synthetic_data/pneumoniamnist_normal_2280_filtered/normal_0283.png,/content/drive/MyDrive/MedSymmFlow_Project/synthetic_data/pneumoniamnist_normal_2280_filtered/normal_0464.png,0.9759849309921265
/content/drive/MyDrive/MedSymmFlow_Project/synthetic_data/pneumoniamnist_normal_2280_filtered/normal_0627.png,/content/drive/MyDrive/MedSymmFlow_Project/synthetic_data/pneumoniamnist_normal_2280_filtered/normal_0099.png,0.9758983850479126
/content/drive/MyDrive/MedSymmFlow_Project/synthetic_data/pneumoniamnist_normal_2280_filtered/normal_0099.png,/content/drive/MyDrive/MedSymmFlow_Project/synthetic_data/pneumoniamnist_normal_2280_filtered/normal_0627.png,0.9758983850479126
/content/drive/MyDrive/MedSymmFlow_Project/synthetic_data/pneumoniamnist_normal_2280_filtered/normal_0861.png,/content/drive/MyDrive/MedSymmFlow_Project/synthetic_data/pneumoniamnist_normal_2280_filtered/normal_0522.png,0.975846529006958
/content/drive/MyDrive/MedSymmFlow_Project/synthetic_data/pneumoniamnist_normal_2280_filtered/normal_0522.png,/content/drive/MyDrive/MedSymmFlow_Project/synthetic_data/pneumoniamnist_normal_2280_filtered/normal_0861.png,0.975846529006958
/content/drive/MyDrive/MedSymmFlow_Project/synthetic_data/pneumoniamnist_normal_2280_filtered/normal_0755.png,/content/drive/MyDrive/MedSymmFlow_Project/synthetic_data/pneumoniamnist_normal_2280_filtered/normal_1817.png,0.9758021831512451
/content/drive/MyDrive/MedSymmFlow_Project/synthetic_data/pneumoniamnist_normal_2280_filtered/normal_1817.png,/content/drive/MyDrive/MedSymmFlow_Project/synthetic_data/pneumoniamnist_normal_2280_filtered/normal_0755.png,0.9758021831512451
/content/drive/MyDrive/MedSymmFlow_Project/synthetic_data/pneumoniamnist_normal_2280_filtered/normal_1970.png,/content/drive/MyDrive/MedSymmFlow_Project/synthetic_data/pneumoniamnist_normal_2280_filtered/normal_1648.png,0.9757182598114014
/content/drive/MyDrive/MedSymmFlow_Project/synthetic_data/pneumoniamnist_normal_2280_filtered/normal_1222.png,/content/drive/MyDrive/MedSymmFlow_Project/synthetic_data/pneumoniamnist_normal_2280_filtered/normal_1327.png,0.9757156372070312
/content/drive/MyDrive/MedSymmFlow_Project/synthetic_data/pneumoniamnist_normal_2280_filtered/normal_1327.png,/content/drive/MyDrive/MedSymmFlow_Project/synthetic_data/pneumoniamnist_normal_2280_filtered/normal_1222.png,0.9757156372070312
/content/drive/MyDrive/MedSymmFlow_Project/synthetic_data/pneumoniamnist_normal_2280_filtered/normal_1131.png,/content/drive/MyDrive/MedSymmFlow_Project/synthetic_data/pneumoniamnist_normal_2280_filtered/normal_2164.png,0.975700855255127
/content/drive/MyDrive/MedSymmFlow_Project/synthetic_data/pneumoniamnist_normal_2280_filtered/normal_1937.png,/content/drive/MyDrive/MedSymmFlow_Project/synthetic_data/pneumoniamnist_normal_2280_filtered/normal_1131.png,0.9756917953491211
/content/drive/MyDrive/MedSymmFlow_Project/synthetic_data/pneumoniamnist_normal_2280_filtered/normal_1384.png,/content/drive/MyDrive/MedSymmFlow_Project/synthetic_data/pneumoniamnist_normal_2280_filtered/normal_1716.png,0.9756489992141724
/content/drive/MyDrive/MedSymmFlow_Project/synthetic_data/pneumoniamnist_normal_2280_filtered/normal_1716.png,/content/drive/MyDrive/MedSymmFlow_Project/synthetic_data/pneumoniamnist_normal_2280_filtered/normal_1384.png,0.9756489992141724
/content/drive/MyDrive/MedSymmFlow_Project/synthetic_data/pneumoniamnist_normal_2280_filtered/normal_2194.png,/content/drive/MyDrive/MedSymmFlow_Project/synthetic_data/pneumoniamnist_normal_2280_filtered/normal_1505.png,0.9755614995956421
/content/drive/MyDrive/MedSymmFlow_Project/synthetic_data/pneumoniamnist_normal_2280_filtered/normal_1505.png,/content/drive/MyDrive/MedSymmFlow_Project/synthetic_data/pneumoniamnist_normal_2280_filtered/normal_2194.png,0.9755614995956421
/content/drive/MyDrive/MedSymmFlow_Project/synthetic_data/pneumoniamnist_normal_2280_filtered/normal_0586.png,/content/drive/MyDrive/MedSymmFlow_Project/synthetic_data/pneumoniamnist_normal_2280_filtered/normal_0627.png,0.9754104614257812
/content/drive/MyDrive/MedSymmFlow_Project/synthetic_data/pneumoniamnist_normal_2280_filtered/normal_1575.png,/content/drive/MyDrive/MedSymmFlow_Project/synthetic_data/pneumoniamnist_normal_2280_filtered/normal_0201.png,0.9754088521003723
/content/drive/MyDrive/MedSymmFlow_Project/synthetic_data/pneumoniamnist_normal_2280_filtered/normal_0201.png,/content/drive/MyDrive/MedSymmFlow_Project/synthetic_data/pneumoniamnist_normal_2280_filtered/normal_1575.png,0.9754088521003723
/content/drive/MyDrive/MedSymmFlow_Project/synthetic_data/pneumoniamnist_normal_2280_filtered/normal_0126.png,/content/drive/MyDrive/MedSymmFlow_Project/synthetic_data/pneumoniamnist_normal_2280_filtered/normal_0545.png,0.9753848910331726
/content/drive/MyDrive/MedSymmFlow_Project/synthetic_data/pneumoniamnist_normal_2280_filtered/normal_0545.png,/content/drive/MyDrive/MedSymmFlow_Project/synthetic_data/pneumoniamnist_normal_2280_filtered/normal_0126.png,0.9753848910331726
/content/drive/MyDrive/MedSymmFlow_Project/synthetic_data/pneumoniamnist_normal_2280_filtered/normal_1617.png,/content/drive/MyDrive/MedSymmFlow_Project/synthetic_data/pneumoniamnist_normal_2280_filtered/normal_0510.png,0.9753540754318237
/content/drive/MyDrive/MedSymmFlow_Project/synthetic_data/pneumoniamnist_normal_2280_filtered/normal_1645.png,/content/drive/MyDrive/MedSymmFlow_Project/synthetic_data/pneumoniamnist_normal_2280_filtered/normal_1674.png,0.9752541780471802
/content/drive/MyDrive/MedSymmFlow_Project/synthetic_data/pneumoniamnist_normal_2280_filtered/normal_0617.png,/content/drive/MyDrive/MedSymmFlow_Project/synthetic_data/pneumoniamnist_normal_2280_filtered/normal_1276.png,0.9752175807952881
/content/drive/MyDrive/MedSymmFlow_Project/synthetic_data/pneumoniamnist_normal_2280_filtered/normal_1276.png,/content/drive/MyDrive/MedSymmFlow_Project/synthetic_data/pneumoniamnist_normal_2280_filtered/normal_0617.png,0.9752175807952881
/content/drive/MyDrive/MedSymmFlow_Project/synthetic_data/pneumoniamnist_normal_2280_filtered/normal_1324.png,/content/drive/MyDrive/MedSymmFlow_Project/synthetic_data/pneumoniamnist_normal_2280_filtered/normal_1648.png,0.9752051830291748
/content/drive/MyDrive/MedSymmFlow_Project/synthetic_data/pneumoniamnist_normal_2280_filtered/normal_2052.png,/content/drive/MyDrive/MedSymmFlow_Project/synthetic_data/pneumoniamnist_normal_2280_filtered/normal_1371.png,0.9751965999603271
/content/drive/MyDrive/MedSymmFlow_Project/synthetic_data/pneumoniamnist_normal_2280_filtered/normal_1371.png,/content/drive/MyDrive/MedSymmFlow_Project/synthetic_data/pneumoniamnist_normal_2280_filtered/normal_2052.png,0.9751965999603271
/content/drive/MyDrive/MedSymmFlow_Project/synthetic_data/pneumoniamnist_normal_2280_filtered/normal_0744.png,/content/drive/MyDrive/MedSymmFlow_Project/synthetic_data/pneumoniamnist_normal_2280_filtered/normal_0200.png,0.9751290082931519
/content/drive/MyDrive/MedSymmFlow_Project/synthetic_data/pneumoniamnist_normal_2280_filtered/normal_0200.png,/content/drive/MyDrive/MedSymmFlow_Project/synthetic_data/pneumoniamnist_normal_2280_filtered/normal_0744.png,0.9751290082931519
/content/drive/MyDrive/MedSymmFlow_Project/synthetic_data/pneumoniamnist_normal_2280_filtered/normal_0452.png,/content/drive/MyDrive/MedSymmFlow_Project/synthetic_data/pneumoniamnist_normal_2280_filtered/normal_0699.png,0.9750005602836609
/content/drive/MyDrive/MedSymmFlow_Project/synthetic_data/pneumoniamnist_normal_2280_filtered/normal_0699.png,/content/drive/MyDrive/MedSymmFlow_Project/synthetic_data/pneumoniamnist_normal_2280_filtered/normal_0452.png,0.9750005602836609
/content/drive/MyDrive/MedSymmFlow_Project/synthetic_data/pneumoniamnist_normal_2280_filtered/normal_1204.png,/content/drive/MyDrive/MedSymmFlow_Project/synthetic_data/pneumoniamnist_normal_2280_filtered/normal_2164.png,0.9749482870101929
/content/drive/MyDrive/MedSymmFlow_Project/synthetic_data/pneumoniamnist_normal_2280_filtered/normal_0344.png,/content/drive/MyDrive/MedSymmFlow_Project/synthetic_data/pneumoniamnist_normal_2280_filtered/normal_1598.png,0.9749423265457153
/content/drive/MyDrive/MedSymmFlow_Project/synthetic_data/pneumoniamnist_normal_2280_filtered/normal_1598.png,/content/drive/MyDrive/MedSymmFlow_Project/synthetic_data/pneumoniamnist_normal_2280_filtered/normal_0344.png,0.9749423265457153
/content/drive/MyDrive/MedSymmFlow_Project/synthetic_data/pneumoniamnist_normal_2280_filtered/normal_1628.png,/content/drive/MyDrive/MedSymmFlow_Project/synthetic_data/pneumoniamnist_normal_2280_filtered/normal_0658.png,0.9749284386634827
/content/drive/MyDrive/MedSymmFlow_Project/synthetic_data/pneumoniamnist_normal_2280_filtered/normal_0658.png,/content/drive/MyDrive/MedSymmFlow_Project/synthetic_data/pneumoniamnist_normal_2280_filtered/normal_1628.png,0.9749284386634827
/content/drive/MyDrive/MedSymmFlow_Project/synthetic_data/pneumoniamnist_normal_2280_filtered/normal_1666.png,/content/drive/MyDrive/MedSymmFlow_Project/synthetic_data/pneumoniamnist_normal_2280_filtered/normal_0055.png,0.9749180674552917
/content/drive/MyDrive/MedSymmFlow_Project/synthetic_data/pneumoniamnist_normal_2280_filtered/normal_0055.png,/content/drive/MyDrive/MedSymmFlow_Project/synthetic_data/pneumoniamnist_normal_2280_filtered/normal_1666.png,0.9749180674552917
/content/drive/MyDrive/MedSymmFlow_Project/synthetic_data/pneumoniamnist_normal_2280_filtered/normal_0577.png,/content/drive/MyDrive/MedSymmFlow_Project/synthetic_data/pneumoniamnist_normal_2280_filtered/normal_2164.png,0.9749051928520203
/content/drive/MyDrive/MedSymmFlow_Project/synthetic_data/pneumoniamnist_normal_2280_filtered/normal_1073.png,/content/drive/MyDrive/MedSymmFlow_Project/synthetic_data/pneumoniamnist_normal_2280_filtered/normal_0331.png,0.9748854637145996
/content/drive/MyDrive/MedSymmFlow_Project/synthetic_data/pneumoniamnist_normal_2280_filtered/normal_0331.png,/content/drive/MyDrive/MedSymmFlow_Project/synthetic_data/pneumoniamnist_normal_2280_filtered/normal_1073.png,0.9748854637145996
/content/drive/MyDrive/MedSymmFlow_Project/synthetic_data/pneumoniamnist_normal_2280_filtered/normal_0420.png,/content/drive/MyDrive/MedSymmFlow_Project/synthetic_data/pneumoniamnist_normal_2280_filtered/normal_0019.png,0.9748667478561401
/content/drive/MyDrive/MedSymmFlow_Project/synthetic_data/pneumoniamnist_normal_2280_filtered/normal_0019.png,/content/drive/MyDrive/MedSymmFlow_Project/synthetic_data/pneumoniamnist_normal_2280_filtered/normal_0420.png,0.9748667478561401
/content/drive/MyDrive/MedSymmFlow_Project/synthetic_data/pneumoniamnist_normal_2280_filtered/normal_0302.png,/content/drive/MyDrive/MedSymmFlow_Project/synthetic_data/pneumoniamnist_normal_2280_filtered/normal_0417.png,0.9748384356498718
/content/drive/MyDrive/MedSymmFlow_Project/synthetic_data/pneumoniamnist_normal_2280_filtered/normal_0417.png,/content/drive/MyDrive/MedSymmFlow_Project/synthetic_data/pneumoniamnist_normal_2280_filtered/normal_0302.png,0.9748384356498718
/content/drive/MyDrive/MedSymmFlow_Project/synthetic_data/pneumoniamnist_normal_2280_filtered/normal_2018.png,/content/drive/MyDrive/MedSymmFlow_Project/synthetic_data/pneumoniamnist_normal_2280_filtered/normal_2172.png,0.9748038053512573
/content/drive/MyDrive/MedSymmFlow_Project/synthetic_data/pneumoniamnist_normal_2280_filtered/normal_2172.png,/content/drive/MyDrive/MedSymmFlow_Project/synthetic_data/pneumoniamnist_normal_2280_filtered/normal_2018.png,0.9748038053512573
/content/drive/MyDrive/MedSymmFlow_Project/synthetic_data/pneumoniamnist_normal_2280_filtered/normal_0939.png,/content/drive/MyDrive/MedSymmFlow_Project/synthetic_data/pneumoniamnist_normal_2280_filtered/normal_0531.png,0.9747837781906128
/content/drive/MyDrive/MedSymmFlow_Project/synthetic_data/pneumoniamnist_normal_2280_filtered/normal_0531.png,/content/drive/MyDrive/MedSymmFlow_Project/synthetic_data/pneumoniamnist_normal_2280_filtered/normal_0939.png,0.9747837781906128
/content/drive/MyDrive/MedSymmFlow_Project/synthetic_data/pneumoniamnist_normal_2280_filtered/normal_1900.png,/content/drive/MyDrive/MedSymmFlow_Project/synthetic_data/pneumoniamnist_normal_2280_filtered/normal_2164.png,0.9747646450996399
/content/drive/MyDrive/MedSymmFlow_Project/synthetic_data/pneumoniamnist_normal_2280_filtered/normal_0023.png,/content/drive/MyDrive/MedSymmFlow_Project/synthetic_data/pneumoniamnist_normal_2280_filtered/normal_0417.png,0.9747545719146729
/content/drive/MyDrive/MedSymmFlow_Project/synthetic_data/pneumoniamnist_normal_2280_filtered/normal_1344.png,/content/drive/MyDrive/MedSymmFlow_Project/synthetic_data/pneumoniamnist_normal_2280_filtered/normal_1304.png,0.9747366309165955
/content/drive/MyDrive/MedSymmFlow_Project/synthetic_data/pneumoniamnist_normal_2280_filtered/normal_1304.png,/content/drive/MyDrive/MedSymmFlow_Project/synthetic_data/pneumoniamnist_normal_2280_filtered/normal_1344.png,0.9747366309165955
/content/drive/MyDrive/MedSymmFlow_Project/synthetic_data/pneumoniamnist_normal_2280_filtered/normal_2149.png,/content/drive/MyDrive/MedSymmFlow_Project/synthetic_data/pneumoniamnist_normal_2280_filtered/normal_1598.png,0.9747136831283569
/content/drive/MyDrive/MedSymmFlow_Project/synthetic_data/pneumoniamnist_normal_2280_filtered/normal_2270.png,/content/drive/MyDrive/MedSymmFlow_Project/synthetic_data/pneumoniamnist_normal_2280_filtered/normal_1796.png,0.9746748805046082
/content/drive/MyDrive/MedSymmFlow_Project/synthetic_data/pneumoniamnist_normal_2280_filtered/normal_1796.png,/content/drive/MyDrive/MedSymmFlow_Project/synthetic_data/pneumoniamnist_normal_2280_filtered/normal_2270.png,0.9746748805046082
/content/drive/MyDrive/MedSymmFlow_Project/synthetic_data/pneumoniamnist_normal_2280_filtered/normal_1868.png,/content/drive/MyDrive/MedSymmFlow_Project/synthetic_data/pneumoniamnist_normal_2280_filtered/normal_1126.png,0.9746049642562866
/content/drive/MyDrive/MedSymmFlow_Project/synthetic_data/pneumoniamnist_normal_2280_filtered/normal_1126.png,/content/drive/MyDrive/MedSymmFlow_Project/synthetic_data/pneumoniamnist_normal_2280_filtered/normal_1868.png,0.9746049642562866
/content/drive/MyDrive/MedSymmFlow_Project/synthetic_data/pneumoniamnist_normal_2280_filtered/normal_0226.png,/content/drive/MyDrive/MedSymmFlow_Project/synthetic_data/pneumoniamnist_normal_2280_filtered/normal_0178.png,0.9745903015136719
/content/drive/MyDrive/MedSymmFlow_Project/synthetic_data/pneumoniamnist_normal_2280_filtered/normal_1428.png,/content/drive/MyDrive/MedSymmFlow_Project/synthetic_data/pneumoniamnist_normal_2280_filtered/normal_0008.png,0.974563479423523
/content/drive/MyDrive/MedSymmFlow_Project/synthetic_data/pneumoniamnist_normal_2280_filtered/normal_1907.png,/content/drive/MyDrive/MedSymmFlow_Project/synthetic_data/pneumoniamnist_normal_2280_filtered/normal_0724.png,0.9744856953620911
/content/drive/MyDrive/MedSymmFlow_Project/synthetic_data/pneumoniamnist_normal_2280_filtered/normal_0724.png,/content/drive/MyDrive/MedSymmFlow_Project/synthetic_data/pneumoniamnist_normal_2280_filtered/normal_1907.png,0.9744856953620911
/content/drive/MyDrive/MedSymmFlow_Project/synthetic_data/pneumoniamnist_normal_2280_filtered/normal_0179.png,/content/drive/MyDrive/MedSymmFlow_Project/synthetic_data/pneumoniamnist_normal_2280_filtered/normal_0744.png,0.9744425415992737
/content/drive/MyDrive/MedSymmFlow_Project/synthetic_data/pneumoniamnist_normal_2280_filtered/normal_2267.png,/content/drive/MyDrive/MedSymmFlow_Project/synthetic_data/pneumoniamnist_normal_2280_filtered/normal_2207.png,0.9744408130645752
/content/drive/MyDrive/MedSymmFlow_Project/synthetic_data/pneumoniamnist_normal_2280_filtered/normal_2207.png,/content/drive/MyDrive/MedSymmFlow_Project/synthetic_data/pneumoniamnist_normal_2280_filtered/normal_2267.png,0.9744408130645752
/content/drive/MyDrive/MedSymmFlow_Project/synthetic_data/pneumoniamnist_normal_2280_filtered/normal_2044.png,/content/drive/MyDrive/MedSymmFlow_Project/synthetic_data/pneumoniamnist_normal_2280_filtered/normal_1814.png,0.9744403958320618
/content/drive/MyDrive/MedSymmFlow_Project/synthetic_data/pneumoniamnist_normal_2280_filtered/normal_1404.png,/content/drive/MyDrive/MedSymmFlow_Project/synthetic_data/pneumoniamnist_normal_2280_filtered/normal_0679.png,0.9744095802307129
/content/drive/MyDrive/MedSymmFlow_Project/synthetic_data/pneumoniamnist_normal_2280_filtered/normal_0679.png,/content/drive/MyDrive/MedSymmFlow_Project/synthetic_data/pneumoniamnist_normal_2280_filtered/normal_1404.png,0.9744095802307129
/content/drive/MyDrive/MedSymmFlow_Project/synthetic_data/pneumoniamnist_normal_2280_filtered/normal_1386.png,/content/drive/MyDrive/MedSymmFlow_Project/synthetic_data/pneumoniamnist_normal_2280_filtered/normal_2107.png,0.9743931293487549
/content/drive/MyDrive/MedSymmFlow_Project/synthetic_data/pneumoniamnist_normal_2280_filtered/normal_1029.png,/content/drive/MyDrive/MedSymmFlow_Project/synthetic_data/pneumoniamnist_normal_2280_filtered/normal_1404.png,0.9743857383728027
/content/drive/MyDrive/MedSymmFlow_Project/synthetic_data/pneumoniamnist_normal_2280_filtered/normal_1647.png,/content/drive/MyDrive/MedSymmFlow_Project/synthetic_data/pneumoniamnist_normal_2280_filtered/normal_1539.png,0.9743803143501282
/content/drive/MyDrive/MedSymmFlow_Project/synthetic_data/pneumoniamnist_normal_2280_filtered/normal_1539.png,/content/drive/MyDrive/MedSymmFlow_Project/synthetic_data/pneumoniamnist_normal_2280_filtered/normal_1647.png,0.9743803143501282
/content/drive/MyDrive/MedSymmFlow_Project/synthetic_data/pneumoniamnist_normal_2280_filtered/normal_1408.png,/content/drive/MyDrive/MedSymmFlow_Project/synthetic_data/pneumoniamnist_normal_2280_filtered/normal_0388.png,0.9743244647979736
/content/drive/MyDrive/MedSymmFlow_Project/synthetic_data/pneumoniamnist_normal_2280_filtered/normal_0388.png,/content/drive/MyDrive/MedSymmFlow_Project/synthetic_data/pneumoniamnist_normal_2280_filtered/normal_1408.png,0.9743244647979736
/content/drive/MyDrive/MedSymmFlow_Project/synthetic_data/pneumoniamnist_normal_2280_filtered/normal_0524.png,/content/drive/MyDrive/MedSymmFlow_Project/synthetic_data/pneumoniamnist_normal_2280_filtered/normal_0956.png,0.9742943644523621
/content/drive/MyDrive/MedSymmFlow_Project/synthetic_data/pneumoniamnist_normal_2280_filtered/normal_0956.png,/content/drive/MyDrive/MedSymmFlow_Project/synthetic_data/pneumoniamnist_normal_2280_filtered/normal_0524.png,0.9742943644523621
/content/drive/MyDrive/MedSymmFlow_Project/synthetic_data/pneumoniamnist_normal_2280_filtered/normal_1978.png,/content/drive/MyDrive/MedSymmFlow_Project/synthetic_data/pneumoniamnist_normal_2280_filtered/normal_1149.png,0.9742821455001831
/content/drive/MyDrive/MedSymmFlow_Project/synthetic_data/pneumoniamnist_normal_2280_filtered/normal_0144.png,/content/drive/MyDrive/MedSymmFlow_Project/synthetic_data/pneumoniamnist_normal_2280_filtered/normal_0927.png,0.9742715358734131
/content/drive/MyDrive/MedSymmFlow_Project/synthetic_data/pneumoniamnist_normal_2280_filtered/normal_0927.png,/content/drive/MyDrive/MedSymmFlow_Project/synthetic_data/pneumoniamnist_normal_2280_filtered/normal_0144.png,0.9742715358734131
/content/drive/MyDrive/MedSymmFlow_Project/synthetic_data/pneumoniamnist_normal_2280_filtered/normal_1468.png,/content/drive/MyDrive/MedSymmFlow_Project/synthetic_data/pneumoniamnist_normal_2280_filtered/normal_1204.png,0.974169909954071
/content/drive/MyDrive/MedSymmFlow_Project/synthetic_data/pneumoniamnist_normal_2280_filtered/normal_0313.png,/content/drive/MyDrive/MedSymmFlow_Project/synthetic_data/pneumoniamnist_normal_2280_filtered/normal_1550.png,0.9741411209106445
/content/drive/MyDrive/MedSymmFlow_Project/synthetic_data/pneumoniamnist_normal_2280_filtered/normal_1367.png,/content/drive/MyDrive/MedSymmFlow_Project/synthetic_data/pneumoniamnist_normal_2280_filtered/normal_1012.png,0.9741118550300598
/content/drive/MyDrive/MedSymmFlow_Project/synthetic_data/pneumoniamnist_normal_2280_filtered/normal_1012.png,/content/drive/MyDrive/MedSymmFlow_Project/synthetic_data/pneumoniamnist_normal_2280_filtered/normal_1367.png,0.9741118550300598
/content/drive/MyDrive/MedSymmFlow_Project/synthetic_data/pneumoniamnist_normal_2280_filtered/normal_1542.png,/content/drive/MyDrive/MedSymmFlow_Project/synthetic_data/pneumoniamnist_normal_2280_filtered/normal_2010.png,0.974107563495636
/content/drive/MyDrive/MedSymmFlow_Project/synthetic_data/pneumoniamnist_normal_2280_filtered/normal_2010.png,/content/drive/MyDrive/MedSymmFlow_Project/synthetic_data/pneumoniamnist_normal_2280_filtered/normal_1542.png,0.974107563495636
/content/drive/MyDrive/MedSymmFlow_Project/synthetic_data/pneumoniamnist_normal_2280_filtered/normal_1229.png,/content/drive/MyDrive/MedSymmFlow_Project/synthetic_data/pneumoniamnist_normal_2280_filtered/normal_1276.png,0.9741071462631226
/content/drive/MyDrive/MedSymmFlow_Project/synthetic_data/pneumoniamnist_normal_2280_filtered/normal_1845.png,/content/drive/MyDrive/MedSymmFlow_Project/synthetic_data/pneumoniamnist_normal_2280_filtered/normal_2194.png,0.97409987449646
/content/drive/MyDrive/MedSymmFlow_Project/synthetic_data/pneumoniamnist_normal_2280_filtered/normal_0062.png,/content/drive/MyDrive/MedSymmFlow_Project/synthetic_data/pneumoniamnist_normal_2280_filtered/normal_0959.png,0.9740977883338928
/content/drive/MyDrive/MedSymmFlow_Project/synthetic_data/pneumoniamnist_normal_2280_filtered/normal_0959.png,/content/drive/MyDrive/MedSymmFlow_Project/synthetic_data/pneumoniamnist_normal_2280_filtered/normal_0062.png,0.9740977883338928
/content/drive/MyDrive/MedSymmFlow_Project/synthetic_data/pneumoniamnist_normal_2280_filtered/normal_1263.png,/content/drive/MyDrive/MedSymmFlow_Project/synthetic_data/pneumoniamnist_normal_2280_filtered/normal_1233.png,0.9740934371948242
/content/drive/MyDrive/MedSymmFlow_Project/synthetic_data/pneumoniamnist_normal_2280_filtered/normal_0997.png,/content/drive/MyDrive/MedSymmFlow_Project/synthetic_data/pneumoniamnist_normal_2280_filtered/normal_0736.png,0.9740699529647827
/content/drive/MyDrive/MedSymmFlow_Project/synthetic_data/pneumoniamnist_normal_2280_filtered/normal_0736.png,/content/drive/MyDrive/MedSymmFlow_Project/synthetic_data/pneumoniamnist_normal_2280_filtered/normal_0997.png,0.9740699529647827
/content/drive/MyDrive/MedSymmFlow_Project/synthetic_data/pneumoniamnist_normal_2280_filtered/normal_1478.png,/content/drive/MyDrive/MedSymmFlow_Project/synthetic_data/pneumoniamnist_normal_2280_filtered/normal_2194.png,0.974067211151123
/content/drive/MyDrive/MedSymmFlow_Project/synthetic_data/pneumoniamnist_normal_2280_filtered/normal_0291.png,/content/drive/MyDrive/MedSymmFlow_Project/synthetic_data/pneumoniamnist_normal_2280_filtered/normal_0797.png,0.9740667343139648
/content/drive/MyDrive/MedSymmFlow_Project/synthetic_data/pneumoniamnist_normal_2280_filtered/normal_0797.png,/content/drive/MyDrive/MedSymmFlow_Project/synthetic_data/pneumoniamnist_normal_2280_filtered/normal_0291.png,0.9740667343139648
/content/drive/MyDrive/MedSymmFlow_Project/synthetic_data/pneumoniamnist_normal_2280_filtered/normal_1803.png,/content/drive/MyDrive/MedSymmFlow_Project/synthetic_data/pneumoniamnist_normal_2280_filtered/normal_1598.png,0.9740629196166992
/content/drive/MyDrive/MedSymmFlow_Project/synthetic_data/pneumoniamnist_normal_2280_filtered/normal_1612.png,/content/drive/MyDrive/MedSymmFlow_Project/synthetic_data/pneumoniamnist_normal_2280_filtered/normal_1250.png,0.9740594625473022
/content/drive/MyDrive/MedSymmFlow_Project/synthetic_data/pneumoniamnist_normal_2280_filtered/normal_1250.png,/content/drive/MyDrive/MedSymmFlow_Project/synthetic_data/pneumoniamnist_normal_2280_filtered/normal_1612.png,0.9740594625473022
/content/drive/MyDrive/MedSymmFlow_Project/synthetic_data/pneumoniamnist_normal_2280_filtered/normal_0080.png,/content/drive/MyDrive/MedSymmFlow_Project/synthetic_data/pneumoniamnist_normal_2280_filtered/normal_0834.png,0.974053144454956
/content/drive/MyDrive/MedSymmFlow_Project/synthetic_data/pneumoniamnist_normal_2280_filtered/normal_0834.png,/content/drive/MyDrive/MedSymmFlow_Project/synthetic_data/pneumoniamnist_normal_2280_filtered/normal_0080.png,0.974053144454956
/content/drive/MyDrive/MedSymmFlow_Project/synthetic_data/pneumoniamnist_normal_2280_filtered/normal_0285.png,/content/drive/MyDrive/MedSymmFlow_Project/synthetic_data/pneumoniamnist_normal_2280_filtered/normal_1085.png,0.9740291237831116
/content/drive/MyDrive/MedSymmFlow_Project/synthetic_data/pneumoniamnist_normal_2280_filtered/normal_1085.png,/content/drive/MyDrive/MedSymmFlow_Project/synthetic_data/pneumoniamnist_normal_2280_filtered/normal_0285.png,0.9740291237831116
/content/drive/MyDrive/MedSymmFlow_Project/synthetic_data/pneumoniamnist_normal_2280_filtered/normal_2085.png,/content/drive/MyDrive/MedSymmFlow_Project/synthetic_data/pneumoniamnist_normal_2280_filtered/normal_0678.png,0.9740267992019653
/content/drive/MyDrive/MedSymmFlow_Project/synthetic_data/pneumoniamnist_normal_2280_filtered/normal_1572.png,/content/drive/MyDrive/MedSymmFlow_Project/synthetic_data/pneumoniamnist_normal_2280_filtered/normal_0701.png,0.9739581346511841
/content/drive/MyDrive/MedSymmFlow_Project/synthetic_data/pneumoniamnist_normal_2280_filtered/normal_0701.png,/content/drive/MyDrive/MedSymmFlow_Project/synthetic_data/pneumoniamnist_normal_2280_filtered/normal_1572.png,0.9739581346511841
/content/drive/MyDrive/MedSymmFlow_Project/synthetic_data/pneumoniamnist_normal_2280_filtered/normal_2131.png,/content/drive/MyDrive/MedSymmFlow_Project/synthetic_data/pneumoniamnist_normal_2280_filtered/normal_0740.png,0.973939061164856
/content/drive/MyDrive/MedSymmFlow_Project/synthetic_data/pneumoniamnist_normal_2280_filtered/normal_0740.png,/content/drive/MyDrive/MedSymmFlow_Project/synthetic_data/pneumoniamnist_normal_2280_filtered/normal_2131.png,0.973939061164856
/content/drive/MyDrive/MedSymmFlow_Project/synthetic_data/pneumoniamnist_normal_2280_filtered/normal_0078.png,/content/drive/MyDrive/MedSymmFlow_Project/synthetic_data/pneumoniamnist_normal_2280_filtered/normal_1168.png,0.9739386439323425
/content/drive/MyDrive/MedSymmFlow_Project/synthetic_data/pneumoniamnist_normal_2280_filtered/normal_1168.png,/content/drive/MyDrive/MedSymmFlow_Project/synthetic_data/pneumoniamnist_normal_2280_filtered/normal_0078.png,0.9739386439323425
/content/drive/MyDrive/MedSymmFlow_Project/synthetic_data/pneumoniamnist_normal_2280_filtered/normal_1844.png,/content/drive/MyDrive/MedSymmFlow_Project/synthetic_data/pneumoniamnist_normal_2280_filtered/normal_1131.png,0.9739151000976562
/content/drive/MyDrive/MedSymmFlow_Project/synthetic_data/pneumoniamnist_normal_2280_filtered/normal_1129.png,/content/drive/MyDrive/MedSymmFlow_Project/synthetic_data/pneumoniamnist_normal_2280_filtered/normal_1860.png,0.9738931059837341
/content/drive/MyDrive/MedSymmFlow_Project/synthetic_data/pneumoniamnist_normal_2280_filtered/normal_1860.png,/content/drive/MyDrive/MedSymmFlow_Project/synthetic_data/pneumoniamnist_normal_2280_filtered/normal_1129.png,0.9738931059837341
/content/drive/MyDrive/MedSymmFlow_Project/synthetic_data/pneumoniamnist_normal_2280_filtered/normal_1236.png,/content/drive/MyDrive/MedSymmFlow_Project/synthetic_data/pneumoniamnist_normal_2280_filtered/normal_0565.png,0.973892867565155
/content/drive/MyDrive/MedSymmFlow_Project/synthetic_data/pneumoniamnist_normal_2280_filtered/normal_2053.png,/content/drive/MyDrive/MedSymmFlow_Project/synthetic_data/pneumoniamnist_normal_2280_filtered/normal_0617.png,0.9738874435424805
/content/drive/MyDrive/MedSymmFlow_Project/synthetic_data/pneumoniamnist_normal_2280_filtered/normal_1133.png,/content/drive/MyDrive/MedSymmFlow_Project/synthetic_data/pneumoniamnist_normal_2280_filtered/normal_1204.png,0.9738782644271851
/content/drive/MyDrive/MedSymmFlow_Project/synthetic_data/pneumoniamnist_normal_2280_filtered/normal_1140.png,/content/drive/MyDrive/MedSymmFlow_Project/synthetic_data/pneumoniamnist_normal_2280_filtered/normal_0886.png,0.9738749265670776
/content/drive/MyDrive/MedSymmFlow_Project/synthetic_data/pneumoniamnist_normal_2280_filtered/normal_0886.png,/content/drive/MyDrive/MedSymmFlow_Project/synthetic_data/pneumoniamnist_normal_2280_filtered/normal_1140.png,0.9738749265670776
/content/drive/MyDrive/MedSymmFlow_Project/synthetic_data/pneumoniamnist_normal_2280_filtered/normal_0459.png,/content/drive/MyDrive/MedSymmFlow_Project/synthetic_data/pneumoniamnist_normal_2280_filtered/normal_0153.png,0.9738718271255493
/content/drive/MyDrive/MedSymmFlow_Project/synthetic_data/pneumoniamnist_normal_2280_filtered/normal_0153.png,/content/drive/MyDrive/MedSymmFlow_Project/synthetic_data/pneumoniamnist_normal_2280_filtered/normal_0459.png,0.9738718271255493
/content/drive/MyDrive/MedSymmFlow_Project/synthetic_data/pneumoniamnist_normal_2280_filtered/normal_0747.png,/content/drive/MyDrive/MedSymmFlow_Project/synthetic_data/pneumoniamnist_normal_2280_filtered/normal_0646.png,0.9738634824752808
/content/drive/MyDrive/MedSymmFlow_Project/synthetic_data/pneumoniamnist_normal_2280_filtered/normal_0646.png,/content/drive/MyDrive/MedSymmFlow_Project/synthetic_data/pneumoniamnist_normal_2280_filtered/normal_0747.png,0.9738634824752808
/content/drive/MyDrive/MedSymmFlow_Project/synthetic_data/pneumoniamnist_normal_2280_filtered/normal_1401.png,/content/drive/MyDrive/MedSymmFlow_Project/synthetic_data/pneumoniamnist_normal_2280_filtered/normal_1149.png,0.9738450050354004
/content/drive/MyDrive/MedSymmFlow_Project/synthetic_data/pneumoniamnist_normal_2280_filtered/normal_1307.png,/content/drive/MyDrive/MedSymmFlow_Project/synthetic_data/pneumoniamnist_normal_2280_filtered/normal_0313.png,0.9738144874572754
/content/drive/MyDrive/MedSymmFlow_Project/synthetic_data/pneumoniamnist_normal_2280_filtered/normal_0569.png,/content/drive/MyDrive/MedSymmFlow_Project/synthetic_data/pneumoniamnist_normal_2280_filtered/normal_2270.png,0.9738127589225769
/content/drive/MyDrive/MedSymmFlow_Project/synthetic_data/pneumoniamnist_normal_2280_filtered/normal_2116.png,/content/drive/MyDrive/MedSymmFlow_Project/synthetic_data/pneumoniamnist_normal_2280_filtered/normal_1498.png,0.9738109111785889
/content/drive/MyDrive/MedSymmFlow_Project/synthetic_data/pneumoniamnist_normal_2280_filtered/normal_1498.png,/content/drive/MyDrive/MedSymmFlow_Project/synthetic_data/pneumoniamnist_normal_2280_filtered/normal_2116.png,0.9738109111785889
/content/drive/MyDrive/MedSymmFlow_Project/synthetic_data/pneumoniamnist_normal_2280_filtered/normal_1742.png,/content/drive/MyDrive/MedSymmFlow_Project/synthetic_data/pneumoniamnist_normal_2280_filtered/normal_1810.png,0.9737941026687622
/content/drive/MyDrive/MedSymmFlow_Project/synthetic_data/pneumoniamnist_normal_2280_filtered/normal_1810.png,/content/drive/MyDrive/MedSymmFlow_Project/synthetic_data/pneumoniamnist_normal_2280_filtered/normal_1742.png,0.9737941026687622
/content/drive/MyDrive/MedSymmFlow_Project/synthetic_data/pneumoniamnist_normal_2280_filtered/normal_1395.png,/content/drive/MyDrive/MedSymmFlow_Project/synthetic_data/pneumoniamnist_normal_2280_filtered/normal_0363.png,0.9737781882286072
/content/drive/MyDrive/MedSymmFlow_Project/synthetic_data/pneumoniamnist_normal_2280_filtered/normal_0363.png,/content/drive/MyDrive/MedSymmFlow_Project/synthetic_data/pneumoniamnist_normal_2280_filtered/normal_1395.png,0.9737781882286072
/content/drive/MyDrive/MedSymmFlow_Project/synthetic_data/pneumoniamnist_normal_2280_filtered/normal_2114.png,/content/drive/MyDrive/MedSymmFlow_Project/synthetic_data/pneumoniamnist_normal_2280_filtered/normal_0870.png,0.9737765789031982
/content/drive/MyDrive/MedSymmFlow_Project/synthetic_data/pneumoniamnist_normal_2280_filtered/normal_1317.png,/content/drive/MyDrive/MedSymmFlow_Project/synthetic_data/pneumoniamnist_normal_2280_filtered/normal_0480.png,0.9737722277641296
/content/drive/MyDrive/MedSymmFlow_Project/synthetic_data/pneumoniamnist_normal_2280_filtered/normal_0480.png,/content/drive/MyDrive/MedSymmFlow_Project/synthetic_data/pneumoniamnist_normal_2280_filtered/normal_1317.png,0.9737722277641296
/content/drive/MyDrive/MedSymmFlow_Project/synthetic_data/pneumoniamnist_normal_2280_filtered/normal_0714.png,/content/drive/MyDrive/MedSymmFlow_Project/synthetic_data/pneumoniamnist_normal_2280_filtered/normal_1143.png,0.9737420678138733
/content/drive/MyDrive/MedSymmFlow_Project/synthetic_data/pneumoniamnist_normal_2280_filtered/normal_1143.png,/content/drive/MyDrive/MedSymmFlow_Project/synthetic_data/pneumoniamnist_normal_2280_filtered/normal_0714.png,0.9737420678138733
/content/drive/MyDrive/MedSymmFlow_Project/synthetic_data/pneumoniamnist_normal_2280_filtered/normal_1398.png,/content/drive/MyDrive/MedSymmFlow_Project/synthetic_data/pneumoniamnist_normal_2280_filtered/normal_2259.png,0.9737368226051331
/content/drive/MyDrive/MedSymmFlow_Project/synthetic_data/pneumoniamnist_normal_2280_filtered/normal_2259.png,/content/drive/MyDrive/MedSymmFlow_Project/synthetic_data/pneumoniamnist_normal_2280_filtered/normal_1398.png,0.9737368226051331
/content/drive/MyDrive/MedSymmFlow_Project/synthetic_data/pneumoniamnist_normal_2280_filtered/normal_1290.png,/content/drive/MyDrive/MedSymmFlow_Project/synthetic_data/pneumoniamnist_normal_2280_filtered/normal_1083.png,0.9737257957458496
/content/drive/MyDrive/MedSymmFlow_Project/synthetic_data/pneumoniamnist_normal_2280_filtered/normal_1083.png,/content/drive/MyDrive/MedSymmFlow_Project/synthetic_data/pneumoniamnist_normal_2280_filtered/normal_1290.png,0.9737257957458496
/content/drive/MyDrive/MedSymmFlow_Project/synthetic_data/pneumoniamnist_normal_2280_filtered/normal_2037.png,/content/drive/MyDrive/MedSymmFlow_Project/synthetic_data/pneumoniamnist_normal_2280_filtered/normal_2267.png,0.9737242460250854
/content/drive/MyDrive/MedSymmFlow_Project/synthetic_data/pneumoniamnist_normal_2280_filtered/normal_2103.png,/content/drive/MyDrive/MedSymmFlow_Project/synthetic_data/pneumoniamnist_normal_2280_filtered/normal_1386.png,0.9737049341201782
/content/drive/MyDrive/MedSymmFlow_Project/synthetic_data/pneumoniamnist_normal_2280_filtered/normal_1625.png,/content/drive/MyDrive/MedSymmFlow_Project/synthetic_data/pneumoniamnist_normal_2280_filtered/normal_1470.png,0.9736326336860657
/content/drive/MyDrive/MedSymmFlow_Project/synthetic_data/pneumoniamnist_normal_2280_filtered/normal_1470.png,/content/drive/MyDrive/MedSymmFlow_Project/synthetic_data/pneumoniamnist_normal_2280_filtered/normal_1625.png,0.9736326336860657
/content/drive/MyDrive/MedSymmFlow_Project/synthetic_data/pneumoniamnist_normal_2280_filtered/normal_1075.png,/content/drive/MyDrive/MedSymmFlow_Project/synthetic_data/pneumoniamnist_normal_2280_filtered/normal_0540.png,0.9736295342445374
/content/drive/MyDrive/MedSymmFlow_Project/synthetic_data/pneumoniamnist_normal_2280_filtered/normal_0748.png,/content/drive/MyDrive/MedSymmFlow_Project/synthetic_data/pneumoniamnist_normal_2280_filtered/normal_1117.png,0.9736034870147705
/content/drive/MyDrive/MedSymmFlow_Project/synthetic_data/pneumoniamnist_normal_2280_filtered/normal_1117.png,/content/drive/MyDrive/MedSymmFlow_Project/synthetic_data/pneumoniamnist_normal_2280_filtered/normal_0748.png,0.9736034870147705
/content/drive/MyDrive/MedSymmFlow_Project/synthetic_data/pneumoniamnist_normal_2280_filtered/normal_0215.png,/content/drive/MyDrive/MedSymmFlow_Project/synthetic_data/pneumoniamnist_normal_2280_filtered/normal_0313.png,0.9736016988754272
/content/drive/MyDrive/MedSymmFlow_Project/synthetic_data/pneumoniamnist_normal_2280_filtered/normal_1016.png,/content/drive/MyDrive/MedSymmFlow_Project/synthetic_data/pneumoniamnist_normal_2280_filtered/normal_0741.png,0.9735844135284424
/content/drive/MyDrive/MedSymmFlow_Project/synthetic_data/pneumoniamnist_normal_2280_filtered/normal_0741.png,/content/drive/MyDrive/MedSymmFlow_Project/synthetic_data/pneumoniamnist_normal_2280_filtered/normal_1016.png,0.9735844135284424
/content/drive/MyDrive/MedSymmFlow_Project/synthetic_data/pneumoniamnist_normal_2280_filtered/normal_2022.png,/content/drive/MyDrive/MedSymmFlow_Project/synthetic_data/pneumoniamnist_normal_2280_filtered/normal_1263.png,0.9735715389251709
/content/drive/MyDrive/MedSymmFlow_Project/synthetic_data/pneumoniamnist_normal_2280_filtered/normal_1203.png,/content/drive/MyDrive/MedSymmFlow_Project/synthetic_data/pneumoniamnist_normal_2280_filtered/normal_2267.png,0.9735615253448486
/content/drive/MyDrive/MedSymmFlow_Project/synthetic_data/pneumoniamnist_normal_2280_filtered/normal_0426.png,/content/drive/MyDrive/MedSymmFlow_Project/synthetic_data/pneumoniamnist_normal_2280_filtered/normal_0197.png,0.9735525846481323
/content/drive/MyDrive/MedSymmFlow_Project/synthetic_data/pneumoniamnist_normal_2280_filtered/normal_0197.png,/content/drive/MyDrive/MedSymmFlow_Project/synthetic_data/pneumoniamnist_normal_2280_filtered/normal_0426.png,0.9735525846481323
/content/drive/MyDrive/MedSymmFlow_Project/synthetic_data/pneumoniamnist_normal_2280_filtered/normal_0412.png,/content/drive/MyDrive/MedSymmFlow_Project/synthetic_data/pneumoniamnist_normal_2280_filtered/normal_0714.png,0.9735471606254578
/content/drive/MyDrive/MedSymmFlow_Project/synthetic_data/pneumoniamnist_normal_2280_filtered/normal_1305.png,/content/drive/MyDrive/MedSymmFlow_Project/synthetic_data/pneumoniamnist_normal_2280_filtered/normal_2194.png,0.973536491394043
/content/drive/MyDrive/MedSymmFlow_Project/synthetic_data/pneumoniamnist_normal_2280_filtered/normal_1034.png,/content/drive/MyDrive/MedSymmFlow_Project/synthetic_data/pneumoniamnist_normal_2280_filtered/normal_1001.png,0.97353196144104
/content/drive/MyDrive/MedSymmFlow_Project/synthetic_data/pneumoniamnist_normal_2280_filtered/normal_1432.png,/content/drive/MyDrive/MedSymmFlow_Project/synthetic_data/pneumoniamnist_normal_2280_filtered/normal_1396.png,0.9734988808631897
/content/drive/MyDrive/MedSymmFlow_Project/synthetic_data/pneumoniamnist_normal_2280_filtered/normal_1442.png,/content/drive/MyDrive/MedSymmFlow_Project/synthetic_data/pneumoniamnist_normal_2280_filtered/normal_1445.png,0.9734755158424377
/content/drive/MyDrive/MedSymmFlow_Project/synthetic_data/pneumoniamnist_normal_2280_filtered/normal_1445.png,/content/drive/MyDrive/MedSymmFlow_Project/synthetic_data/pneumoniamnist_normal_2280_filtered/normal_1442.png,0.9734755158424377
/content/drive/MyDrive/MedSymmFlow_Project/synthetic_data/pneumoniamnist_normal_2280_filtered/normal_1571.png,/content/drive/MyDrive/MedSymmFlow_Project/synthetic_data/pneumoniamnist_normal_2280_filtered/normal_1263.png,0.973471999168396
/content/drive/MyDrive/MedSymmFlow_Project/synthetic_data/pneumoniamnist_normal_2280_filtered/normal_0888.png,/content/drive/MyDrive/MedSymmFlow_Project/synthetic_data/pneumoniamnist_normal_2280_filtered/normal_1311.png,0.9734702706336975
/content/drive/MyDrive/MedSymmFlow_Project/synthetic_data/pneumoniamnist_normal_2280_filtered/normal_0745.png,/content/drive/MyDrive/MedSymmFlow_Project/synthetic_data/pneumoniamnist_normal_2280_filtered/normal_1236.png,0.9734694957733154
/content/drive/MyDrive/MedSymmFlow_Project/synthetic_data/pneumoniamnist_normal_2280_filtered/normal_2256.png,/content/drive/MyDrive/MedSymmFlow_Project/synthetic_data/pneumoniamnist_normal_2280_filtered/normal_0228.png,0.9734656810760498
/content/drive/MyDrive/MedSymmFlow_Project/synthetic_data/pneumoniamnist_normal_2280_filtered/normal_0228.png,/content/drive/MyDrive/MedSymmFlow_Project/synthetic_data/pneumoniamnist_normal_2280_filtered/normal_2256.png,0.9734656810760498
/content/drive/MyDrive/MedSymmFlow_Project/synthetic_data/pneumoniamnist_normal_2280_filtered/normal_1683.png,/content/drive/MyDrive/MedSymmFlow_Project/synthetic_data/pneumoniamnist_normal_2280_filtered/normal_1612.png,0.973465085029602
/content/drive/MyDrive/MedSymmFlow_Project/synthetic_data/pneumoniamnist_normal_2280_filtered/normal_1009.png,/content/drive/MyDrive/MedSymmFlow_Project/synthetic_data/pneumoniamnist_normal_2280_filtered/normal_1276.png,0.973438560962677
/content/drive/MyDrive/MedSymmFlow_Project/synthetic_data/pneumoniamnist_normal_2280_filtered/normal_1115.png,/content/drive/MyDrive/MedSymmFlow_Project/synthetic_data/pneumoniamnist_normal_2280_filtered/normal_1625.png,0.9734159708023071
/content/drive/MyDrive/MedSymmFlow_Project/synthetic_data/pneumoniamnist_normal_2280_filtered/normal_2079.png,/content/drive/MyDrive/MedSymmFlow_Project/synthetic_data/pneumoniamnist_normal_2280_filtered/normal_2092.png,0.9734153747558594
/content/drive/MyDrive/MedSymmFlow_Project/synthetic_data/pneumoniamnist_normal_2280_filtered/normal_2092.png,/content/drive/MyDrive/MedSymmFlow_Project/synthetic_data/pneumoniamnist_normal_2280_filtered/normal_2079.png,0.9734153747558594
/content/drive/MyDrive/MedSymmFlow_Project/synthetic_data/pneumoniamnist_normal_2280_filtered/normal_0709.png,/content/drive/MyDrive/MedSymmFlow_Project/synthetic_data/pneumoniamnist_normal_2280_filtered/normal_1401.png,0.9734066128730774
/content/drive/MyDrive/MedSymmFlow_Project/synthetic_data/pneumoniamnist_normal_2280_filtered/normal_2274.png,/content/drive/MyDrive/MedSymmFlow_Project/synthetic_data/pneumoniamnist_normal_2280_filtered/normal_1978.png,0.9733907580375671
/content/drive/MyDrive/MedSymmFlow_Project/synthetic_data/pneumoniamnist_normal_2280_filtered/normal_1513.png,/content/drive/MyDrive/MedSymmFlow_Project/synthetic_data/pneumoniamnist_normal_2280_filtered/normal_1276.png,0.9733893871307373
/content/drive/MyDrive/MedSymmFlow_Project/synthetic_data/pneumoniamnist_normal_2280_filtered/normal_0235.png,/content/drive/MyDrive/MedSymmFlow_Project/synthetic_data/pneumoniamnist_normal_2280_filtered/normal_1907.png,0.9733830690383911
/content/drive/MyDrive/MedSymmFlow_Project/synthetic_data/pneumoniamnist_normal_2280_filtered/normal_0640.png,/content/drive/MyDrive/MedSymmFlow_Project/synthetic_data/pneumoniamnist_normal_2280_filtered/normal_0784.png,0.973375141620636
/content/drive/MyDrive/MedSymmFlow_Project/synthetic_data/pneumoniamnist_normal_2280_filtered/normal_0784.png,/content/drive/MyDrive/MedSymmFlow_Project/synthetic_data/pneumoniamnist_normal_2280_filtered/normal_0640.png,0.973375141620636
/content/drive/MyDrive/MedSymmFlow_Project/synthetic_data/pneumoniamnist_normal_2280_filtered/normal_0436.png,/content/drive/MyDrive/MedSymmFlow_Project/synthetic_data/pneumoniamnist_normal_2280_filtered/normal_0609.png,0.9733736515045166
/content/drive/MyDrive/MedSymmFlow_Project/synthetic_data/pneumoniamnist_normal_2280_filtered/normal_0609.png,/content/drive/MyDrive/MedSymmFlow_Project/synthetic_data/pneumoniamnist_normal_2280_filtered/normal_0436.png,0.9733736515045166
/content/drive/MyDrive/MedSymmFlow_Project/synthetic_data/pneumoniamnist_normal_2280_filtered/normal_0130.png,/content/drive/MyDrive/MedSymmFlow_Project/synthetic_data/pneumoniamnist_normal_2280_filtered/normal_1862.png,0.9733368158340454
/content/drive/MyDrive/MedSymmFlow_Project/synthetic_data/pneumoniamnist_normal_2280_filtered/normal_1278.png,/content/drive/MyDrive/MedSymmFlow_Project/synthetic_data/pneumoniamnist_normal_2280_filtered/normal_0762.png,0.9733355641365051
/content/drive/MyDrive/MedSymmFlow_Project/synthetic_data/pneumoniamnist_normal_2280_filtered/normal_0762.png,/content/drive/MyDrive/MedSymmFlow_Project/synthetic_data/pneumoniamnist_normal_2280_filtered/normal_1278.png,0.9733355641365051
/content/drive/MyDrive/MedSymmFlow_Project/synthetic_data/pneumoniamnist_normal_2280_filtered/normal_1701.png,/content/drive/MyDrive/MedSymmFlow_Project/synthetic_data/pneumoniamnist_normal_2280_filtered/normal_0327.png,0.9733337163925171
/content/drive/MyDrive/MedSymmFlow_Project/synthetic_data/pneumoniamnist_normal_2280_filtered/normal_0327.png,/content/drive/MyDrive/MedSymmFlow_Project/synthetic_data/pneumoniamnist_normal_2280_filtered/normal_1701.png,0.9733337163925171
/content/drive/MyDrive/MedSymmFlow_Project/synthetic_data/pneumoniamnist_normal_2280_filtered/normal_1590.png,/content/drive/MyDrive/MedSymmFlow_Project/synthetic_data/pneumoniamnist_normal_2280_filtered/normal_1863.png,0.9733206033706665
/content/drive/MyDrive/MedSymmFlow_Project/synthetic_data/pneumoniamnist_normal_2280_filtered/normal_1863.png,/content/drive/MyDrive/MedSymmFlow_Project/synthetic_data/pneumoniamnist_normal_2280_filtered/normal_1590.png,0.9733206033706665
/content/drive/MyDrive/MedSymmFlow_Project/synthetic_data/pneumoniamnist_normal_2280_filtered/normal_2048.png,/content/drive/MyDrive/MedSymmFlow_Project/synthetic_data/pneumoniamnist_normal_2280_filtered/normal_1149.png,0.97331702709198
/content/drive/MyDrive/MedSymmFlow_Project/synthetic_data/pneumoniamnist_normal_2280_filtered/normal_1780.png,/content/drive/MyDrive/MedSymmFlow_Project/synthetic_data/pneumoniamnist_normal_2280_filtered/normal_1204.png,0.9733055830001831
/content/drive/MyDrive/MedSymmFlow_Project/synthetic_data/pneumoniamnist_normal_2280_filtered/normal_2113.png,/content/drive/MyDrive/MedSymmFlow_Project/synthetic_data/pneumoniamnist_normal_2280_filtered/normal_1505.png,0.973297655582428
/content/drive/MyDrive/MedSymmFlow_Project/synthetic_data/pneumoniamnist_normal_2280_filtered/normal_1283.png,/content/drive/MyDrive/MedSymmFlow_Project/synthetic_data/pneumoniamnist_normal_2280_filtered/normal_2192.png,0.9732963442802429
/content/drive/MyDrive/MedSymmFlow_Project/synthetic_data/pneumoniamnist_normal_2280_filtered/normal_2192.png,/content/drive/MyDrive/MedSymmFlow_Project/synthetic_data/pneumoniamnist_normal_2280_filtered/normal_1283.png,0.9732963442802429
/content/drive/MyDrive/MedSymmFlow_Project/synthetic_data/pneumoniamnist_normal_2280_filtered/normal_0800.png,/content/drive/MyDrive/MedSymmFlow_Project/synthetic_data/pneumoniamnist_normal_2280_filtered/normal_0868.png,0.973292350769043
/content/drive/MyDrive/MedSymmFlow_Project/synthetic_data/pneumoniamnist_normal_2280_filtered/normal_0868.png,/content/drive/MyDrive/MedSymmFlow_Project/synthetic_data/pneumoniamnist_normal_2280_filtered/normal_0800.png,0.973292350769043
/content/drive/MyDrive/MedSymmFlow_Project/synthetic_data/pneumoniamnist_normal_2280_filtered/normal_0810.png,/content/drive/MyDrive/MedSymmFlow_Project/synthetic_data/pneumoniamnist_normal_2280_filtered/normal_1168.png,0.9732863903045654
/content/drive/MyDrive/MedSymmFlow_Project/synthetic_data/pneumoniamnist_normal_2280_filtered/normal_1387.png,/content/drive/MyDrive/MedSymmFlow_Project/synthetic_data/pneumoniamnist_normal_2280_filtered/normal_0313.png,0.9732861518859863
/content/drive/MyDrive/MedSymmFlow_Project/synthetic_data/pneumoniamnist_normal_2280_filtered/normal_1853.png,/content/drive/MyDrive/MedSymmFlow_Project/synthetic_data/pneumoniamnist_normal_2280_filtered/normal_1747.png,0.9732644557952881
/content/drive/MyDrive/MedSymmFlow_Project/synthetic_data/pneumoniamnist_normal_2280_filtered/normal_1747.png,/content/drive/MyDrive/MedSymmFlow_Project/synthetic_data/pneumoniamnist_normal_2280_filtered/normal_1853.png,0.9732644557952881
/content/drive/MyDrive/MedSymmFlow_Project/synthetic_data/pneumoniamnist_normal_2280_filtered/normal_1519.png,/content/drive/MyDrive/MedSymmFlow_Project/synthetic_data/pneumoniamnist_normal_2280_filtered/normal_1083.png,0.9732416272163391
/content/drive/MyDrive/MedSymmFlow_Project/synthetic_data/pneumoniamnist_normal_2280_filtered/normal_0010.png,/content/drive/MyDrive/MedSymmFlow_Project/synthetic_data/pneumoniamnist_normal_2280_filtered/normal_1332.png,0.9732277989387512
/content/drive/MyDrive/MedSymmFlow_Project/synthetic_data/pneumoniamnist_normal_2280_filtered/normal_1987.png,/content/drive/MyDrive/MedSymmFlow_Project/synthetic_data/pneumoniamnist_normal_2280_filtered/normal_1810.png,0.9732235670089722
/content/drive/MyDrive/MedSymmFlow_Project/synthetic_data/pneumoniamnist_normal_2280_filtered/normal_2166.png,/content/drive/MyDrive/MedSymmFlow_Project/synthetic_data/pneumoniamnist_normal_2280_filtered/normal_1029.png,0.9732217192649841
/content/drive/MyDrive/MedSymmFlow_Project/synthetic_data/pneumoniamnist_normal_2280_filtered/normal_2031.png,/content/drive/MyDrive/MedSymmFlow_Project/synthetic_data/pneumoniamnist_normal_2280_filtered/normal_0008.png,0.9732180833816528
/content/drive/MyDrive/MedSymmFlow_Project/synthetic_data/pneumoniamnist_normal_2280_filtered/normal_0711.png,/content/drive/MyDrive/MedSymmFlow_Project/synthetic_data/pneumoniamnist_normal_2280_filtered/normal_1324.png,0.9732105731964111
/content/drive/MyDrive/MedSymmFlow_Project/synthetic_data/pneumoniamnist_normal_2280_filtered/normal_1372.png,/content/drive/MyDrive/MedSymmFlow_Project/synthetic_data/pneumoniamnist_normal_2280_filtered/normal_1769.png,0.9732053279876709
/content/drive/MyDrive/MedSymmFlow_Project/synthetic_data/pneumoniamnist_normal_2280_filtered/normal_0317.png,/content/drive/MyDrive/MedSymmFlow_Project/synthetic_data/pneumoniamnist_normal_2280_filtered/normal_0714.png,0.9731635451316833
/content/drive/MyDrive/MedSymmFlow_Project/synthetic_data/pneumoniamnist_normal_2280_filtered/normal_1872.png,/content/drive/MyDrive/MedSymmFlow_Project/synthetic_data/pneumoniamnist_normal_2280_filtered/normal_1401.png,0.9731584787368774
/content/drive/MyDrive/MedSymmFlow_Project/synthetic_data/pneumoniamnist_normal_2280_filtered/normal_0184.png,/content/drive/MyDrive/MedSymmFlow_Project/synthetic_data/pneumoniamnist_normal_2280_filtered/normal_1899.png,0.9731332659721375
/content/drive/MyDrive/MedSymmFlow_Project/synthetic_data/pneumoniamnist_normal_2280_filtered/normal_0517.png,/content/drive/MyDrive/MedSymmFlow_Project/synthetic_data/pneumoniamnist_normal_2280_filtered/normal_1277.png,0.9731261730194092
/content/drive/MyDrive/MedSymmFlow_Project/synthetic_data/pneumoniamnist_normal_2280_filtered/normal_1277.png,/content/drive/MyDrive/MedSymmFlow_Project/synthetic_data/pneumoniamnist_normal_2280_filtered/normal_0517.png,0.9731261730194092
/content/drive/MyDrive/MedSymmFlow_Project/synthetic_data/pneumoniamnist_normal_2280_filtered/normal_0719.png,/content/drive/MyDrive/MedSymmFlow_Project/synthetic_data/pneumoniamnist_normal_2280_filtered/normal_0468.png,0.9731223583221436
/content/drive/MyDrive/MedSymmFlow_Project/synthetic_data/pneumoniamnist_normal_2280_filtered/normal_1441.png,/content/drive/MyDrive/MedSymmFlow_Project/synthetic_data/pneumoniamnist_normal_2280_filtered/normal_0617.png,0.9730780124664307
/content/drive/MyDrive/MedSymmFlow_Project/synthetic_data/pneumoniamnist_normal_2280_filtered/normal_2093.png,/content/drive/MyDrive/MedSymmFlow_Project/synthetic_data/pneumoniamnist_normal_2280_filtered/normal_2010.png,0.9730770587921143
/content/drive/MyDrive/MedSymmFlow_Project/synthetic_data/pneumoniamnist_normal_2280_filtered/normal_1101.png,/content/drive/MyDrive/MedSymmFlow_Project/synthetic_data/pneumoniamnist_normal_2280_filtered/normal_1216.png,0.9730427265167236
/content/drive/MyDrive/MedSymmFlow_Project/synthetic_data/pneumoniamnist_normal_2280_filtered/normal_1216.png,/content/drive/MyDrive/MedSymmFlow_Project/synthetic_data/pneumoniamnist_normal_2280_filtered/normal_1101.png,0.9730427265167236
/content/drive/MyDrive/MedSymmFlow_Project/synthetic_data/pneumoniamnist_normal_2280_filtered/normal_0645.png,/content/drive/MyDrive/MedSymmFlow_Project/synthetic_data/pneumoniamnist_normal_2280_filtered/normal_0265.png,0.9730397462844849
/content/drive/MyDrive/MedSymmFlow_Project/synthetic_data/pneumoniamnist_normal_2280_filtered/normal_0265.png,/content/drive/MyDrive/MedSymmFlow_Project/synthetic_data/pneumoniamnist_normal_2280_filtered/normal_0645.png,0.9730397462844849
/content/drive/MyDrive/MedSymmFlow_Project/synthetic_data/pneumoniamnist_normal_2280_filtered/normal_0159.png,/content/drive/MyDrive/MedSymmFlow_Project/synthetic_data/pneumoniamnist_normal_2280_filtered/normal_1472.png,0.9730380773544312
/content/drive/MyDrive/MedSymmFlow_Project/synthetic_data/pneumoniamnist_normal_2280_filtered/normal_1472.png,/content/drive/MyDrive/MedSymmFlow_Project/synthetic_data/pneumoniamnist_normal_2280_filtered/normal_0159.png,0.9730380773544312
/content/drive/MyDrive/MedSymmFlow_Project/synthetic_data/pneumoniamnist_normal_2280_filtered/normal_1298.png,/content/drive/MyDrive/MedSymmFlow_Project/synthetic_data/pneumoniamnist_normal_2280_filtered/normal_1742.png,0.9730284810066223
/content/drive/MyDrive/MedSymmFlow_Project/synthetic_data/pneumoniamnist_normal_2280_filtered/normal_0537.png,/content/drive/MyDrive/MedSymmFlow_Project/synthetic_data/pneumoniamnist_normal_2280_filtered/normal_2203.png,0.973007321357727
/content/drive/MyDrive/MedSymmFlow_Project/synthetic_data/pneumoniamnist_normal_2280_filtered/normal_0595.png,/content/drive/MyDrive/MedSymmFlow_Project/synthetic_data/pneumoniamnist_normal_2280_filtered/normal_1439.png,0.9730041027069092
/content/drive/MyDrive/MedSymmFlow_Project/synthetic_data/pneumoniamnist_normal_2280_filtered/normal_1243.png,/content/drive/MyDrive/MedSymmFlow_Project/synthetic_data/pneumoniamnist_normal_2280_filtered/normal_1421.png,0.972989559173584
/content/drive/MyDrive/MedSymmFlow_Project/synthetic_data/pneumoniamnist_normal_2280_filtered/normal_1421.png,/content/drive/MyDrive/MedSymmFlow_Project/synthetic_data/pneumoniamnist_normal_2280_filtered/normal_1243.png,0.972989559173584
/content/drive/MyDrive/MedSymmFlow_Project/synthetic_data/pneumoniamnist_normal_2280_filtered/normal_2197.png,/content/drive/MyDrive/MedSymmFlow_Project/synthetic_data/pneumoniamnist_normal_2280_filtered/normal_1339.png,0.9729810357093811
/content/drive/MyDrive/MedSymmFlow_Project/synthetic_data/pneumoniamnist_normal_2280_filtered/normal_1339.png,/content/drive/MyDrive/MedSymmFlow_Project/synthetic_data/pneumoniamnist_normal_2280_filtered/normal_2197.png,0.9729810357093811
/content/drive/MyDrive/MedSymmFlow_Project/synthetic_data/pneumoniamnist_normal_2280_filtered/normal_0136.png,/content/drive/MyDrive/MedSymmFlow_Project/synthetic_data/pneumoniamnist_normal_2280_filtered/normal_0191.png,0.9729782938957214
/content/drive/MyDrive/MedSymmFlow_Project/synthetic_data/pneumoniamnist_normal_2280_filtered/normal_1055.png,/content/drive/MyDrive/MedSymmFlow_Project/synthetic_data/pneumoniamnist_normal_2280_filtered/normal_1115.png,0.972944438457489
/content/drive/MyDrive/MedSymmFlow_Project/synthetic_data/pneumoniamnist_normal_2280_filtered/normal_1342.png,/content/drive/MyDrive/MedSymmFlow_Project/synthetic_data/pneumoniamnist_normal_2280_filtered/normal_0784.png,0.9729223847389221
/content/drive/MyDrive/MedSymmFlow_Project/synthetic_data/pneumoniamnist_normal_2280_filtered/normal_1265.png,/content/drive/MyDrive/MedSymmFlow_Project/synthetic_data/pneumoniamnist_normal_2280_filtered/normal_0098.png,0.9729170799255371
/content/drive/MyDrive/MedSymmFlow_Project/synthetic_data/pneumoniamnist_normal_2280_filtered/normal_0098.png,/content/drive/MyDrive/MedSymmFlow_Project/synthetic_data/pneumoniamnist_normal_2280_filtered/normal_1265.png,0.9729170799255371
/content/drive/MyDrive/MedSymmFlow_Project/synthetic_data/pneumoniamnist_normal_2280_filtered/normal_1212.png,/content/drive/MyDrive/MedSymmFlow_Project/synthetic_data/pneumoniamnist_normal_2280_filtered/normal_1780.png,0.9729118347167969
/content/drive/MyDrive/MedSymmFlow_Project/synthetic_data/pneumoniamnist_normal_2280_filtered/normal_1488.png,/content/drive/MyDrive/MedSymmFlow_Project/synthetic_data/pneumoniamnist_normal_2280_filtered/normal_1307.png,0.9729042649269104
/content/drive/MyDrive/MedSymmFlow_Project/synthetic_data/pneumoniamnist_normal_2280_filtered/normal_1425.png,/content/drive/MyDrive/MedSymmFlow_Project/synthetic_data/pneumoniamnist_normal_2280_filtered/normal_1017.png,0.9728814363479614
/content/drive/MyDrive/MedSymmFlow_Project/synthetic_data/pneumoniamnist_normal_2280_filtered/normal_1017.png,/content/drive/MyDrive/MedSymmFlow_Project/synthetic_data/pneumoniamnist_normal_2280_filtered/normal_1425.png,0.9728814363479614
/content/drive/MyDrive/MedSymmFlow_Project/synthetic_data/pneumoniamnist_normal_2280_filtered/normal_1878.png,/content/drive/MyDrive/MedSymmFlow_Project/synthetic_data/pneumoniamnist_normal_2280_filtered/normal_0313.png,0.9728807210922241
/content/drive/MyDrive/MedSymmFlow_Project/synthetic_data/pneumoniamnist_normal_2280_filtered/normal_0348.png,/content/drive/MyDrive/MedSymmFlow_Project/synthetic_data/pneumoniamnist_normal_2280_filtered/normal_0617.png,0.972877025604248
/content/drive/MyDrive/MedSymmFlow_Project/synthetic_data/pneumoniamnist_normal_2280_filtered/normal_0587.png,/content/drive/MyDrive/MedSymmFlow_Project/synthetic_data/pneumoniamnist_normal_2280_filtered/normal_1012.png,0.9728646278381348
/content/drive/MyDrive/MedSymmFlow_Project/synthetic_data/pneumoniamnist_normal_2280_filtered/normal_0933.png,/content/drive/MyDrive/MedSymmFlow_Project/synthetic_data/pneumoniamnist_normal_2280_filtered/normal_1324.png,0.9728619456291199
/content/drive/MyDrive/MedSymmFlow_Project/synthetic_data/pneumoniamnist_normal_2280_filtered/normal_1024.png,/content/drive/MyDrive/MedSymmFlow_Project/synthetic_data/pneumoniamnist_normal_2280_filtered/normal_1987.png,0.9728477001190186
/content/drive/MyDrive/MedSymmFlow_Project/synthetic_data/pneumoniamnist_normal_2280_filtered/normal_0862.png,/content/drive/MyDrive/MedSymmFlow_Project/synthetic_data/pneumoniamnist_normal_2280_filtered/normal_0095.png,0.9728473424911499
/content/drive/MyDrive/MedSymmFlow_Project/synthetic_data/pneumoniamnist_normal_2280_filtered/normal_0095.png,/content/drive/MyDrive/MedSymmFlow_Project/synthetic_data/pneumoniamnist_normal_2280_filtered/normal_0862.png,0.9728473424911499
/content/drive/MyDrive/MedSymmFlow_Project/synthetic_data/pneumoniamnist_normal_2280_filtered/normal_1422.png,/content/drive/MyDrive/MedSymmFlow_Project/synthetic_data/pneumoniamnist_normal_2280_filtered/normal_0313.png,0.9728351831436157
/content/drive/MyDrive/MedSymmFlow_Project/synthetic_data/pneumoniamnist_normal_2280_filtered/normal_0767.png,/content/drive/MyDrive/MedSymmFlow_Project/synthetic_data/pneumoniamnist_normal_2280_filtered/normal_0745.png,0.9728238582611084
/content/drive/MyDrive/MedSymmFlow_Project/synthetic_data/pneumoniamnist_normal_2280_filtered/normal_0619.png,/content/drive/MyDrive/MedSymmFlow_Project/synthetic_data/pneumoniamnist_normal_2280_filtered/normal_1487.png,0.9728118181228638
/content/drive/MyDrive/MedSymmFlow_Project/synthetic_data/pneumoniamnist_normal_2280_filtered/normal_1487.png,/content/drive/MyDrive/MedSymmFlow_Project/synthetic_data/pneumoniamnist_normal_2280_filtered/normal_0619.png,0.9728118181228638
/content/drive/MyDrive/MedSymmFlow_Project/synthetic_data/pneumoniamnist_normal_2280_filtered/normal_0456.png,/content/drive/MyDrive/MedSymmFlow_Project/synthetic_data/pneumoniamnist_normal_2280_filtered/normal_2172.png,0.9728080630302429
/content/drive/MyDrive/MedSymmFlow_Project/synthetic_data/pneumoniamnist_normal_2280_filtered/normal_2061.png,/content/drive/MyDrive/MedSymmFlow_Project/synthetic_data/pneumoniamnist_normal_2280_filtered/normal_0517.png,0.9727976322174072
/content/drive/MyDrive/MedSymmFlow_Project/synthetic_data/pneumoniamnist_normal_2280_filtered/normal_1511.png,/content/drive/MyDrive/MedSymmFlow_Project/synthetic_data/pneumoniamnist_normal_2280_filtered/normal_1265.png,0.9727873802185059
/content/drive/MyDrive/MedSymmFlow_Project/synthetic_data/pneumoniamnist_normal_2280_filtered/normal_1994.png,/content/drive/MyDrive/MedSymmFlow_Project/synthetic_data/pneumoniamnist_normal_2280_filtered/normal_1012.png,0.9727659225463867
/content/drive/MyDrive/MedSymmFlow_Project/synthetic_data/pneumoniamnist_normal_2280_filtered/normal_1715.png,/content/drive/MyDrive/MedSymmFlow_Project/synthetic_data/pneumoniamnist_normal_2280_filtered/normal_0331.png,0.9727517366409302
/content/drive/MyDrive/MedSymmFlow_Project/synthetic_data/pneumoniamnist_normal_2280_filtered/normal_0772.png,/content/drive/MyDrive/MedSymmFlow_Project/synthetic_data/pneumoniamnist_normal_2280_filtered/normal_0313.png,0.9727448225021362
/content/drive/MyDrive/MedSymmFlow_Project/synthetic_data/pneumoniamnist_normal_2280_filtered/normal_0447.png,/content/drive/MyDrive/MedSymmFlow_Project/synthetic_data/pneumoniamnist_normal_2280_filtered/normal_1012.png,0.9727327823638916
/content/drive/MyDrive/MedSymmFlow_Project/synthetic_data/pneumoniamnist_normal_2280_filtered/normal_1485.png,/content/drive/MyDrive/MedSymmFlow_Project/synthetic_data/pneumoniamnist_normal_2280_filtered/normal_1001.png,0.9727272987365723
/content/drive/MyDrive/MedSymmFlow_Project/synthetic_data/pneumoniamnist_normal_2280_filtered/normal_1377.png,/content/drive/MyDrive/MedSymmFlow_Project/synthetic_data/pneumoniamnist_normal_2280_filtered/normal_2164.png,0.9727169275283813
/content/drive/MyDrive/MedSymmFlow_Project/synthetic_data/pneumoniamnist_normal_2280_filtered/normal_1777.png,/content/drive/MyDrive/MedSymmFlow_Project/synthetic_data/pneumoniamnist_normal_2280_filtered/normal_1193.png,0.9726982116699219
/content/drive/MyDrive/MedSymmFlow_Project/synthetic_data/pneumoniamnist_normal_2280_filtered/normal_1193.png,/content/drive/MyDrive/MedSymmFlow_Project/synthetic_data/pneumoniamnist_normal_2280_filtered/normal_1777.png,0.9726982116699219
/content/drive/MyDrive/MedSymmFlow_Project/synthetic_data/pneumoniamnist_normal_2280_filtered/normal_0581.png,/content/drive/MyDrive/MedSymmFlow_Project/synthetic_data/pneumoniamnist_normal_2280_filtered/normal_0663.png,0.9726790189743042
/content/drive/MyDrive/MedSymmFlow_Project/synthetic_data/pneumoniamnist_normal_2280_filtered/normal_0663.png,/content/drive/MyDrive/MedSymmFlow_Project/synthetic_data/pneumoniamnist_normal_2280_filtered/normal_0581.png,0.9726790189743042
/content/drive/MyDrive/MedSymmFlow_Project/synthetic_data/pneumoniamnist_normal_2280_filtered/normal_0470.png,/content/drive/MyDrive/MedSymmFlow_Project/synthetic_data/pneumoniamnist_normal_2280_filtered/normal_0617.png,0.9726557731628418
/content/drive/MyDrive/MedSymmFlow_Project/synthetic_data/pneumoniamnist_normal_2280_filtered/normal_1273.png,/content/drive/MyDrive/MedSymmFlow_Project/synthetic_data/pneumoniamnist_normal_2280_filtered/normal_0483.png,0.9726446866989136
/content/drive/MyDrive/MedSymmFlow_Project/synthetic_data/pneumoniamnist_normal_2280_filtered/normal_0483.png,/content/drive/MyDrive/MedSymmFlow_Project/synthetic_data/pneumoniamnist_normal_2280_filtered/normal_1273.png,0.9726446866989136
/content/drive/MyDrive/MedSymmFlow_Project/synthetic_data/pneumoniamnist_normal_2280_filtered/normal_1424.png,/content/drive/MyDrive/MedSymmFlow_Project/synthetic_data/pneumoniamnist_normal_2280_filtered/normal_1924.png,0.9726425409317017
/content/drive/MyDrive/MedSymmFlow_Project/synthetic_data/pneumoniamnist_normal_2280_filtered/normal_1924.png,/content/drive/MyDrive/MedSymmFlow_Project/synthetic_data/pneumoniamnist_normal_2280_filtered/normal_1424.png,0.9726425409317017
/content/drive/MyDrive/MedSymmFlow_Project/synthetic_data/pneumoniamnist_normal_2280_filtered/normal_0076.png,/content/drive/MyDrive/MedSymmFlow_Project/synthetic_data/pneumoniamnist_normal_2280_filtered/normal_0214.png,0.9726080894470215
/content/drive/MyDrive/MedSymmFlow_Project/synthetic_data/pneumoniamnist_normal_2280_filtered/normal_0214.png,/content/drive/MyDrive/MedSymmFlow_Project/synthetic_data/pneumoniamnist_normal_2280_filtered/normal_0076.png,0.9726080894470215
/content/drive/MyDrive/MedSymmFlow_Project/synthetic_data/pneumoniamnist_normal_2280_filtered/normal_1667.png,/content/drive/MyDrive/MedSymmFlow_Project/synthetic_data/pneumoniamnist_normal_2280_filtered/normal_0577.png,0.972601056098938
/content/drive/MyDrive/MedSymmFlow_Project/synthetic_data/pneumoniamnist_normal_2280_filtered/normal_0478.png,/content/drive/MyDrive/MedSymmFlow_Project/synthetic_data/pneumoniamnist_normal_2280_filtered/normal_0738.png,0.9725974798202515
/content/drive/MyDrive/MedSymmFlow_Project/synthetic_data/pneumoniamnist_normal_2280_filtered/normal_0738.png,/content/drive/MyDrive/MedSymmFlow_Project/synthetic_data/pneumoniamnist_normal_2280_filtered/normal_0478.png,0.9725974798202515
/content/drive/MyDrive/MedSymmFlow_Project/synthetic_data/pneumoniamnist_normal_2280_filtered/normal_2139.png,/content/drive/MyDrive/MedSymmFlow_Project/synthetic_data/pneumoniamnist_normal_2280_filtered/normal_1311.png,0.9725644588470459
/content/drive/MyDrive/MedSymmFlow_Project/synthetic_data/pneumoniamnist_normal_2280_filtered/normal_1148.png,/content/drive/MyDrive/MedSymmFlow_Project/synthetic_data/pneumoniamnist_normal_2280_filtered/normal_0128.png,0.9725531935691833
/content/drive/MyDrive/MedSymmFlow_Project/synthetic_data/pneumoniamnist_normal_2280_filtered/normal_0128.png,/content/drive/MyDrive/MedSymmFlow_Project/synthetic_data/pneumoniamnist_normal_2280_filtered/normal_1148.png,0.9725531935691833
/content/drive/MyDrive/MedSymmFlow_Project/synthetic_data/pneumoniamnist_normal_2280_filtered/normal_1960.png,/content/drive/MyDrive/MedSymmFlow_Project/synthetic_data/pneumoniamnist_normal_2280_filtered/normal_0754.png,0.9725239276885986
/content/drive/MyDrive/MedSymmFlow_Project/synthetic_data/pneumoniamnist_normal_2280_filtered/normal_0754.png,/content/drive/MyDrive/MedSymmFlow_Project/synthetic_data/pneumoniamnist_normal_2280_filtered/normal_1960.png,0.9725239276885986
/content/drive/MyDrive/MedSymmFlow_Project/synthetic_data/pneumoniamnist_normal_2280_filtered/normal_0765.png,/content/drive/MyDrive/MedSymmFlow_Project/synthetic_data/pneumoniamnist_normal_2280_filtered/normal_0008.png,0.9725146293640137
/content/drive/MyDrive/MedSymmFlow_Project/synthetic_data/pneumoniamnist_normal_2280_filtered/normal_1437.png,/content/drive/MyDrive/MedSymmFlow_Project/synthetic_data/pneumoniamnist_normal_2280_filtered/normal_1294.png,0.9724922180175781
/content/drive/MyDrive/MedSymmFlow_Project/synthetic_data/pneumoniamnist_normal_2280_filtered/normal_1294.png,/content/drive/MyDrive/MedSymmFlow_Project/synthetic_data/pneumoniamnist_normal_2280_filtered/normal_1437.png,0.9724922180175781
/content/drive/MyDrive/MedSymmFlow_Project/synthetic_data/pneumoniamnist_normal_2280_filtered/normal_1895.png,/content/drive/MyDrive/MedSymmFlow_Project/synthetic_data/pneumoniamnist_normal_2280_filtered/normal_0233.png,0.9724705219268799
/content/drive/MyDrive/MedSymmFlow_Project/synthetic_data/pneumoniamnist_normal_2280_filtered/normal_0233.png,/content/drive/MyDrive/MedSymmFlow_Project/synthetic_data/pneumoniamnist_normal_2280_filtered/normal_1895.png,0.9724705219268799
/content/drive/MyDrive/MedSymmFlow_Project/synthetic_data/pneumoniamnist_normal_2280_filtered/normal_0392.png,/content/drive/MyDrive/MedSymmFlow_Project/synthetic_data/pneumoniamnist_normal_2280_filtered/normal_0565.png,0.9724660515785217
/content/drive/MyDrive/MedSymmFlow_Project/synthetic_data/pneumoniamnist_normal_2280_filtered/normal_1765.png,/content/drive/MyDrive/MedSymmFlow_Project/synthetic_data/pneumoniamnist_normal_2280_filtered/normal_0748.png,0.9724342823028564
/content/drive/MyDrive/MedSymmFlow_Project/synthetic_data/pneumoniamnist_normal_2280_filtered/normal_2088.png,/content/drive/MyDrive/MedSymmFlow_Project/synthetic_data/pneumoniamnist_normal_2280_filtered/normal_0184.png,0.9724266529083252
/content/drive/MyDrive/MedSymmFlow_Project/synthetic_data/pneumoniamnist_normal_2280_filtered/normal_1098.png,/content/drive/MyDrive/MedSymmFlow_Project/synthetic_data/pneumoniamnist_normal_2280_filtered/normal_0465.png,0.9724105596542358
/content/drive/MyDrive/MedSymmFlow_Project/synthetic_data/pneumoniamnist_normal_2280_filtered/normal_0465.png,/content/drive/MyDrive/MedSymmFlow_Project/synthetic_data/pneumoniamnist_normal_2280_filtered/normal_1098.png,0.9724105596542358
/content/drive/MyDrive/MedSymmFlow_Project/synthetic_data/pneumoniamnist_normal_2280_filtered/normal_0907.png,/content/drive/MyDrive/MedSymmFlow_Project/synthetic_data/pneumoniamnist_normal_2280_filtered/normal_1236.png,0.9723914861679077
/content/drive/MyDrive/MedSymmFlow_Project/synthetic_data/pneumoniamnist_normal_2280_filtered/normal_1945.png,/content/drive/MyDrive/MedSymmFlow_Project/synthetic_data/pneumoniamnist_normal_2280_filtered/normal_1372.png,0.972375750541687
/content/drive/MyDrive/MedSymmFlow_Project/synthetic_data/pneumoniamnist_normal_2280_filtered/normal_1785.png,/content/drive/MyDrive/MedSymmFlow_Project/synthetic_data/pneumoniamnist_normal_2280_filtered/normal_1632.png,0.972374677658081
/content/drive/MyDrive/MedSymmFlow_Project/synthetic_data/pneumoniamnist_normal_2280_filtered/normal_1632.png,/content/drive/MyDrive/MedSymmFlow_Project/synthetic_data/pneumoniamnist_normal_2280_filtered/normal_1785.png,0.972374677658081
/content/drive/MyDrive/MedSymmFlow_Project/synthetic_data/pneumoniamnist_normal_2280_filtered/normal_2188.png,/content/drive/MyDrive/MedSymmFlow_Project/synthetic_data/pneumoniamnist_normal_2280_filtered/normal_0388.png,0.9723701477050781
/content/drive/MyDrive/MedSymmFlow_Project/synthetic_data/pneumoniamnist_normal_2280_filtered/normal_1587.png,/content/drive/MyDrive/MedSymmFlow_Project/synthetic_data/pneumoniamnist_normal_2280_filtered/normal_1233.png,0.9723551869392395
/content/drive/MyDrive/MedSymmFlow_Project/synthetic_data/pneumoniamnist_normal_2280_filtered/normal_1403.png,/content/drive/MyDrive/MedSymmFlow_Project/synthetic_data/pneumoniamnist_normal_2280_filtered/normal_2101.png,0.9723425507545471
/content/drive/MyDrive/MedSymmFlow_Project/synthetic_data/pneumoniamnist_normal_2280_filtered/normal_2101.png,/content/drive/MyDrive/MedSymmFlow_Project/synthetic_data/pneumoniamnist_normal_2280_filtered/normal_1403.png,0.9723425507545471
/content/drive/MyDrive/MedSymmFlow_Project/synthetic_data/pneumoniamnist_normal_2280_filtered/normal_0414.png,/content/drive/MyDrive/MedSymmFlow_Project/synthetic_data/pneumoniamnist_normal_2280_filtered/normal_0212.png,0.972327470779419
/content/drive/MyDrive/MedSymmFlow_Project/synthetic_data/pneumoniamnist_normal_2280_filtered/normal_0212.png,/content/drive/MyDrive/MedSymmFlow_Project/synthetic_data/pneumoniamnist_normal_2280_filtered/normal_0414.png,0.972327470779419
/content/drive/MyDrive/MedSymmFlow_Project/synthetic_data/pneumoniamnist_normal_2280_filtered/normal_1538.png,/content/drive/MyDrive/MedSymmFlow_Project/synthetic_data/pneumoniamnist_normal_2280_filtered/normal_0577.png,0.9722774028778076
/content/drive/MyDrive/MedSymmFlow_Project/synthetic_data/pneumoniamnist_normal_2280_filtered/normal_2082.png,/content/drive/MyDrive/MedSymmFlow_Project/synthetic_data/pneumoniamnist_normal_2280_filtered/normal_2203.png,0.9722740650177002
/content/drive/MyDrive/MedSymmFlow_Project/synthetic_data/pneumoniamnist_normal_2280_filtered/normal_0644.png,/content/drive/MyDrive/MedSymmFlow_Project/synthetic_data/pneumoniamnist_normal_2280_filtered/normal_1367.png,0.9722651839256287
/content/drive/MyDrive/MedSymmFlow_Project/synthetic_data/pneumoniamnist_normal_2280_filtered/normal_1730.png,/content/drive/MyDrive/MedSymmFlow_Project/synthetic_data/pneumoniamnist_normal_2280_filtered/normal_0784.png,0.9722468256950378
/content/drive/MyDrive/MedSymmFlow_Project/synthetic_data/pneumoniamnist_normal_2280_filtered/normal_1703.png,/content/drive/MyDrive/MedSymmFlow_Project/synthetic_data/pneumoniamnist_normal_2280_filtered/normal_1572.png,0.9722184538841248
/content/drive/MyDrive/MedSymmFlow_Project/synthetic_data/pneumoniamnist_normal_2280_filtered/normal_1405.png,/content/drive/MyDrive/MedSymmFlow_Project/synthetic_data/pneumoniamnist_normal_2280_filtered/normal_1710.png,0.9721986055374146
/content/drive/MyDrive/MedSymmFlow_Project/synthetic_data/pneumoniamnist_normal_2280_filtered/normal_1710.png,/content/drive/MyDrive/MedSymmFlow_Project/synthetic_data/pneumoniamnist_normal_2280_filtered/normal_1405.png,0.9721986055374146
/content/drive/MyDrive/MedSymmFlow_Project/synthetic_data/pneumoniamnist_normal_2280_filtered/normal_0282.png,/content/drive/MyDrive/MedSymmFlow_Project/synthetic_data/pneumoniamnist_normal_2280_filtered/normal_1826.png,0.9721906781196594
/content/drive/MyDrive/MedSymmFlow_Project/synthetic_data/pneumoniamnist_normal_2280_filtered/normal_1826.png,/content/drive/MyDrive/MedSymmFlow_Project/synthetic_data/pneumoniamnist_normal_2280_filtered/normal_0282.png,0.9721906781196594
/content/drive/MyDrive/MedSymmFlow_Project/synthetic_data/pneumoniamnist_normal_2280_filtered/normal_1621.png,/content/drive/MyDrive/MedSymmFlow_Project/synthetic_data/pneumoniamnist_normal_2280_filtered/normal_1405.png,0.972190260887146
/content/drive/MyDrive/MedSymmFlow_Project/synthetic_data/pneumoniamnist_normal_2280_filtered/normal_1334.png,/content/drive/MyDrive/MedSymmFlow_Project/synthetic_data/pneumoniamnist_normal_2280_filtered/normal_2022.png,0.9721881747245789
/content/drive/MyDrive/MedSymmFlow_Project/synthetic_data/pneumoniamnist_normal_2280_filtered/normal_0743.png,/content/drive/MyDrive/MedSymmFlow_Project/synthetic_data/pneumoniamnist_normal_2280_filtered/normal_0453.png,0.9721866846084595
/content/drive/MyDrive/MedSymmFlow_Project/synthetic_data/pneumoniamnist_normal_2280_filtered/normal_0453.png,/content/drive/MyDrive/MedSymmFlow_Project/synthetic_data/pneumoniamnist_normal_2280_filtered/normal_0743.png,0.9721866846084595
/content/drive/MyDrive/MedSymmFlow_Project/synthetic_data/pneumoniamnist_normal_2280_filtered/normal_0591.png,/content/drive/MyDrive/MedSymmFlow_Project/synthetic_data/pneumoniamnist_normal_2280_filtered/normal_0908.png,0.9721830487251282
/content/drive/MyDrive/MedSymmFlow_Project/synthetic_data/pneumoniamnist_normal_2280_filtered/normal_0908.png,/content/drive/MyDrive/MedSymmFlow_Project/synthetic_data/pneumoniamnist_normal_2280_filtered/normal_0591.png,0.9721830487251282
/content/drive/MyDrive/MedSymmFlow_Project/synthetic_data/pneumoniamnist_normal_2280_filtered/normal_1883.png,/content/drive/MyDrive/MedSymmFlow_Project/synthetic_data/pneumoniamnist_normal_2280_filtered/normal_1878.png,0.972174882888794
/content/drive/MyDrive/MedSymmFlow_Project/synthetic_data/pneumoniamnist_normal_2280_filtered/normal_1886.png,/content/drive/MyDrive/MedSymmFlow_Project/synthetic_data/pneumoniamnist_normal_2280_filtered/normal_1262.png,0.9721689224243164
/content/drive/MyDrive/MedSymmFlow_Project/synthetic_data/pneumoniamnist_normal_2280_filtered/normal_1262.png,/content/drive/MyDrive/MedSymmFlow_Project/synthetic_data/pneumoniamnist_normal_2280_filtered/normal_1886.png,0.9721689224243164
/content/drive/MyDrive/MedSymmFlow_Project/synthetic_data/pneumoniamnist_normal_2280_filtered/normal_1066.png,/content/drive/MyDrive/MedSymmFlow_Project/synthetic_data/pneumoniamnist_normal_2280_filtered/normal_2103.png,0.9721486568450928
/content/drive/MyDrive/MedSymmFlow_Project/synthetic_data/pneumoniamnist_normal_2280_filtered/normal_1805.png,/content/drive/MyDrive/MedSymmFlow_Project/synthetic_data/pneumoniamnist_normal_2280_filtered/normal_2254.png,0.9721482992172241
/content/drive/MyDrive/MedSymmFlow_Project/synthetic_data/pneumoniamnist_normal_2280_filtered/normal_2254.png,/content/drive/MyDrive/MedSymmFlow_Project/synthetic_data/pneumoniamnist_normal_2280_filtered/normal_1805.png,0.9721482992172241
/content/drive/MyDrive/MedSymmFlow_Project/synthetic_data/pneumoniamnist_normal_2280_filtered/normal_1496.png,/content/drive/MyDrive/MedSymmFlow_Project/synthetic_data/pneumoniamnist_normal_2280_filtered/normal_0645.png,0.972148060798645
/content/drive/MyDrive/MedSymmFlow_Project/synthetic_data/pneumoniamnist_normal_2280_filtered/normal_0101.png,/content/drive/MyDrive/MedSymmFlow_Project/synthetic_data/pneumoniamnist_normal_2280_filtered/normal_1366.png,0.9721285104751587
/content/drive/MyDrive/MedSymmFlow_Project/synthetic_data/pneumoniamnist_normal_2280_filtered/normal_1366.png,/content/drive/MyDrive/MedSymmFlow_Project/synthetic_data/pneumoniamnist_normal_2280_filtered/normal_0101.png,0.9721285104751587
/content/drive/MyDrive/MedSymmFlow_Project/synthetic_data/pneumoniamnist_normal_2280_filtered/normal_1142.png,/content/drive/MyDrive/MedSymmFlow_Project/synthetic_data/pneumoniamnist_normal_2280_filtered/normal_0325.png,0.9721283316612244
/content/drive/MyDrive/MedSymmFlow_Project/synthetic_data/pneumoniamnist_normal_2280_filtered/normal_0325.png,/content/drive/MyDrive/MedSymmFlow_Project/synthetic_data/pneumoniamnist_normal_2280_filtered/normal_1142.png,0.9721283316612244
/content/drive/MyDrive/MedSymmFlow_Project/synthetic_data/pneumoniamnist_normal_2280_filtered/normal_2195.png,/content/drive/MyDrive/MedSymmFlow_Project/synthetic_data/pneumoniamnist_normal_2280_filtered/normal_1809.png,0.9721247553825378
/content/drive/MyDrive/MedSymmFlow_Project/synthetic_data/pneumoniamnist_normal_2280_filtered/normal_1809.png,/content/drive/MyDrive/MedSymmFlow_Project/synthetic_data/pneumoniamnist_normal_2280_filtered/normal_2195.png,0.9721247553825378
/content/drive/MyDrive/MedSymmFlow_Project/synthetic_data/pneumoniamnist_normal_2280_filtered/normal_0485.png,/content/drive/MyDrive/MedSymmFlow_Project/synthetic_data/pneumoniamnist_normal_2280_filtered/normal_1852.png,0.9721229672431946
/content/drive/MyDrive/MedSymmFlow_Project/synthetic_data/pneumoniamnist_normal_2280_filtered/normal_1852.png,/content/drive/MyDrive/MedSymmFlow_Project/synthetic_data/pneumoniamnist_normal_2280_filtered/normal_0485.png,0.9721229672431946
/content/drive/MyDrive/MedSymmFlow_Project/synthetic_data/pneumoniamnist_normal_2280_filtered/normal_1704.png,/content/drive/MyDrive/MedSymmFlow_Project/synthetic_data/pneumoniamnist_normal_2280_filtered/normal_0233.png,0.9721200466156006
/content/drive/MyDrive/MedSymmFlow_Project/synthetic_data/pneumoniamnist_normal_2280_filtered/normal_0267.png,/content/drive/MyDrive/MedSymmFlow_Project/synthetic_data/pneumoniamnist_normal_2280_filtered/normal_0232.png,0.9721084237098694
/content/drive/MyDrive/MedSymmFlow_Project/synthetic_data/pneumoniamnist_normal_2280_filtered/normal_0232.png,/content/drive/MyDrive/MedSymmFlow_Project/synthetic_data/pneumoniamnist_normal_2280_filtered/normal_0267.png,0.9721084237098694
/content/drive/MyDrive/MedSymmFlow_Project/synthetic_data/pneumoniamnist_normal_2280_filtered/normal_0682.png,/content/drive/MyDrive/MedSymmFlow_Project/synthetic_data/pneumoniamnist_normal_2280_filtered/normal_2088.png,0.9721014499664307
/content/drive/MyDrive/MedSymmFlow_Project/synthetic_data/pneumoniamnist_normal_2280_filtered/normal_0544.png,/content/drive/MyDrive/MedSymmFlow_Project/synthetic_data/pneumoniamnist_normal_2280_filtered/normal_1866.png,0.9720993638038635
/content/drive/MyDrive/MedSymmFlow_Project/synthetic_data/pneumoniamnist_normal_2280_filtered/normal_1866.png,/content/drive/MyDrive/MedSymmFlow_Project/synthetic_data/pneumoniamnist_normal_2280_filtered/normal_0544.png,0.9720993638038635
/content/drive/MyDrive/MedSymmFlow_Project/synthetic_data/pneumoniamnist_normal_2280_filtered/normal_0122.png,/content/drive/MyDrive/MedSymmFlow_Project/synthetic_data/pneumoniamnist_normal_2280_filtered/normal_0464.png,0.9720945358276367
/content/drive/MyDrive/MedSymmFlow_Project/synthetic_data/pneumoniamnist_normal_2280_filtered/normal_0258.png,/content/drive/MyDrive/MedSymmFlow_Project/synthetic_data/pneumoniamnist_normal_2280_filtered/normal_0386.png,0.9720941781997681
/content/drive/MyDrive/MedSymmFlow_Project/synthetic_data/pneumoniamnist_normal_2280_filtered/normal_0386.png,/content/drive/MyDrive/MedSymmFlow_Project/synthetic_data/pneumoniamnist_normal_2280_filtered/normal_0258.png,0.9720941781997681
/content/drive/MyDrive/MedSymmFlow_Project/synthetic_data/pneumoniamnist_normal_2280_filtered/normal_2152.png,/content/drive/MyDrive/MedSymmFlow_Project/synthetic_data/pneumoniamnist_normal_2280_filtered/normal_0832.png,0.9720779657363892
/content/drive/MyDrive/MedSymmFlow_Project/synthetic_data/pneumoniamnist_normal_2280_filtered/normal_0832.png,/content/drive/MyDrive/MedSymmFlow_Project/synthetic_data/pneumoniamnist_normal_2280_filtered/normal_2152.png,0.9720779657363892
/content/drive/MyDrive/MedSymmFlow_Project/synthetic_data/pneumoniamnist_normal_2280_filtered/normal_0601.png,/content/drive/MyDrive/MedSymmFlow_Project/synthetic_data/pneumoniamnist_normal_2280_filtered/normal_1324.png,0.9720768332481384
/content/drive/MyDrive/MedSymmFlow_Project/synthetic_data/pneumoniamnist_normal_2280_filtered/normal_0603.png,/content/drive/MyDrive/MedSymmFlow_Project/synthetic_data/pneumoniamnist_normal_2280_filtered/normal_1204.png,0.9720718860626221
/content/drive/MyDrive/MedSymmFlow_Project/synthetic_data/pneumoniamnist_normal_2280_filtered/normal_0161.png,/content/drive/MyDrive/MedSymmFlow_Project/synthetic_data/pneumoniamnist_normal_2280_filtered/normal_0076.png,0.9720680117607117
/content/drive/MyDrive/MedSymmFlow_Project/synthetic_data/pneumoniamnist_normal_2280_filtered/normal_0150.png,/content/drive/MyDrive/MedSymmFlow_Project/synthetic_data/pneumoniamnist_normal_2280_filtered/normal_0565.png,0.9720641374588013
/content/drive/MyDrive/MedSymmFlow_Project/synthetic_data/pneumoniamnist_normal_2280_filtered/normal_1759.png,/content/drive/MyDrive/MedSymmFlow_Project/synthetic_data/pneumoniamnist_normal_2280_filtered/normal_1936.png,0.972050130367279
/content/drive/MyDrive/MedSymmFlow_Project/synthetic_data/pneumoniamnist_normal_2280_filtered/normal_0539.png,/content/drive/MyDrive/MedSymmFlow_Project/synthetic_data/pneumoniamnist_normal_2280_filtered/normal_0510.png,0.9720466732978821
/content/drive/MyDrive/MedSymmFlow_Project/synthetic_data/pneumoniamnist_normal_2280_filtered/normal_1502.png,/content/drive/MyDrive/MedSymmFlow_Project/synthetic_data/pneumoniamnist_normal_2280_filtered/normal_0416.png,0.9720205068588257
/content/drive/MyDrive/MedSymmFlow_Project/synthetic_data/pneumoniamnist_normal_2280_filtered/normal_0416.png,/content/drive/MyDrive/MedSymmFlow_Project/synthetic_data/pneumoniamnist_normal_2280_filtered/normal_1502.png,0.9720205068588257
/content/drive/MyDrive/MedSymmFlow_Project/synthetic_data/pneumoniamnist_normal_2280_filtered/normal_1822.png,/content/drive/MyDrive/MedSymmFlow_Project/synthetic_data/pneumoniamnist_normal_2280_filtered/normal_2149.png,0.971987247467041
/content/drive/MyDrive/MedSymmFlow_Project/synthetic_data/pneumoniamnist_normal_2280_filtered/normal_2067.png,/content/drive/MyDrive/MedSymmFlow_Project/synthetic_data/pneumoniamnist_normal_2280_filtered/normal_0025.png,0.9719809889793396
/content/drive/MyDrive/MedSymmFlow_Project/synthetic_data/pneumoniamnist_normal_2280_filtered/normal_0025.png,/content/drive/MyDrive/MedSymmFlow_Project/synthetic_data/pneumoniamnist_normal_2280_filtered/normal_2067.png,0.9719809889793396
/content/drive/MyDrive/MedSymmFlow_Project/synthetic_data/pneumoniamnist_normal_2280_filtered/normal_0450.png,/content/drive/MyDrive/MedSymmFlow_Project/synthetic_data/pneumoniamnist_normal_2280_filtered/normal_1442.png,0.9719706773757935
/content/drive/MyDrive/MedSymmFlow_Project/synthetic_data/pneumoniamnist_normal_2280_filtered/normal_1436.png,/content/drive/MyDrive/MedSymmFlow_Project/synthetic_data/pneumoniamnist_normal_2280_filtered/normal_0995.png,0.9719604849815369
/content/drive/MyDrive/MedSymmFlow_Project/synthetic_data/pneumoniamnist_normal_2280_filtered/normal_0995.png,/content/drive/MyDrive/MedSymmFlow_Project/synthetic_data/pneumoniamnist_normal_2280_filtered/normal_1436.png,0.9719604849815369
/content/drive/MyDrive/MedSymmFlow_Project/synthetic_data/pneumoniamnist_normal_2280_filtered/normal_0487.png,/content/drive/MyDrive/MedSymmFlow_Project/synthetic_data/pneumoniamnist_normal_2280_filtered/normal_0235.png,0.9719206094741821
/content/drive/MyDrive/MedSymmFlow_Project/synthetic_data/pneumoniamnist_normal_2280_filtered/normal_0166.png,/content/drive/MyDrive/MedSymmFlow_Project/synthetic_data/pneumoniamnist_normal_2280_filtered/normal_0198.png,0.9719055891036987
/content/drive/MyDrive/MedSymmFlow_Project/synthetic_data/pneumoniamnist_normal_2280_filtered/normal_0198.png,/content/drive/MyDrive/MedSymmFlow_Project/synthetic_data/pneumoniamnist_normal_2280_filtered/normal_0166.png,0.9719055891036987
/content/drive/MyDrive/MedSymmFlow_Project/synthetic_data/pneumoniamnist_normal_2280_filtered/normal_1084.png,/content/drive/MyDrive/MedSymmFlow_Project/synthetic_data/pneumoniamnist_normal_2280_filtered/normal_0617.png,0.9719051718711853
/content/drive/MyDrive/MedSymmFlow_Project/synthetic_data/pneumoniamnist_normal_2280_filtered/normal_1089.png,/content/drive/MyDrive/MedSymmFlow_Project/synthetic_data/pneumoniamnist_normal_2280_filtered/normal_1439.png,0.9718983173370361
/content/drive/MyDrive/MedSymmFlow_Project/synthetic_data/pneumoniamnist_normal_2280_filtered/normal_0404.png,/content/drive/MyDrive/MedSymmFlow_Project/synthetic_data/pneumoniamnist_normal_2280_filtered/normal_1116.png,0.9718950986862183
/content/drive/MyDrive/MedSymmFlow_Project/synthetic_data/pneumoniamnist_normal_2280_filtered/normal_1116.png,/content/drive/MyDrive/MedSymmFlow_Project/synthetic_data/pneumoniamnist_normal_2280_filtered/normal_0404.png,0.9718950986862183
/content/drive/MyDrive/MedSymmFlow_Project/synthetic_data/pneumoniamnist_normal_2280_filtered/normal_1385.png,/content/drive/MyDrive/MedSymmFlow_Project/synthetic_data/pneumoniamnist_normal_2280_filtered/normal_1683.png,0.9718698263168335
/content/drive/MyDrive/MedSymmFlow_Project/synthetic_data/pneumoniamnist_normal_2280_filtered/normal_0846.png,/content/drive/MyDrive/MedSymmFlow_Project/synthetic_data/pneumoniamnist_normal_2280_filtered/normal_1730.png,0.9718559980392456
/content/drive/MyDrive/MedSymmFlow_Project/synthetic_data/pneumoniamnist_normal_2280_filtered/normal_1282.png,/content/drive/MyDrive/MedSymmFlow_Project/synthetic_data/pneumoniamnist_normal_2280_filtered/normal_1645.png,0.9718559384346008
/content/drive/MyDrive/MedSymmFlow_Project/synthetic_data/pneumoniamnist_normal_2280_filtered/normal_1566.png,/content/drive/MyDrive/MedSymmFlow_Project/synthetic_data/pneumoniamnist_normal_2280_filtered/normal_0939.png,0.971834659576416
/content/drive/MyDrive/MedSymmFlow_Project/synthetic_data/pneumoniamnist_normal_2280_filtered/normal_0943.png,/content/drive/MyDrive/MedSymmFlow_Project/synthetic_data/pneumoniamnist_normal_2280_filtered/normal_1637.png,0.971832275390625
/content/drive/MyDrive/MedSymmFlow_Project/synthetic_data/pneumoniamnist_normal_2280_filtered/normal_1637.png,/content/drive/MyDrive/MedSymmFlow_Project/synthetic_data/pneumoniamnist_normal_2280_filtered/normal_0943.png,0.971832275390625
/content/drive/MyDrive/MedSymmFlow_Project/synthetic_data/pneumoniamnist_normal_2280_filtered/normal_0111.png,/content/drive/MyDrive/MedSymmFlow_Project/synthetic_data/pneumoniamnist_normal_2280_filtered/normal_0587.png,0.9718304872512817
/content/drive/MyDrive/MedSymmFlow_Project/synthetic_data/pneumoniamnist_normal_2280_filtered/normal_2041.png,/content/drive/MyDrive/MedSymmFlow_Project/synthetic_data/pneumoniamnist_normal_2280_filtered/normal_1137.png,0.971796989440918
/content/drive/MyDrive/MedSymmFlow_Project/synthetic_data/pneumoniamnist_normal_2280_filtered/normal_1137.png,/content/drive/MyDrive/MedSymmFlow_Project/synthetic_data/pneumoniamnist_normal_2280_filtered/normal_2041.png,0.971796989440918
/content/drive/MyDrive/MedSymmFlow_Project/synthetic_data/pneumoniamnist_normal_2280_filtered/normal_1673.png,/content/drive/MyDrive/MedSymmFlow_Project/synthetic_data/pneumoniamnist_normal_2280_filtered/normal_2101.png,0.9717825651168823
/content/drive/MyDrive/MedSymmFlow_Project/synthetic_data/pneumoniamnist_normal_2280_filtered/normal_0837.png,/content/drive/MyDrive/MedSymmFlow_Project/synthetic_data/pneumoniamnist_normal_2280_filtered/normal_0456.png,0.9717776775360107
/content/drive/MyDrive/MedSymmFlow_Project/synthetic_data/pneumoniamnist_normal_2280_filtered/normal_1271.png,/content/drive/MyDrive/MedSymmFlow_Project/synthetic_data/pneumoniamnist_normal_2280_filtered/normal_0478.png,0.9717711210250854
/content/drive/MyDrive/MedSymmFlow_Project/synthetic_data/pneumoniamnist_normal_2280_filtered/normal_0210.png,/content/drive/MyDrive/MedSymmFlow_Project/synthetic_data/pneumoniamnist_normal_2280_filtered/normal_0100.png,0.9717630743980408
/content/drive/MyDrive/MedSymmFlow_Project/synthetic_data/pneumoniamnist_normal_2280_filtered/normal_0100.png,/content/drive/MyDrive/MedSymmFlow_Project/synthetic_data/pneumoniamnist_normal_2280_filtered/normal_0210.png,0.9717630743980408
/content/drive/MyDrive/MedSymmFlow_Project/synthetic_data/pneumoniamnist_normal_2280_filtered/normal_1228.png,/content/drive/MyDrive/MedSymmFlow_Project/synthetic_data/pneumoniamnist_normal_2280_filtered/normal_1841.png,0.9717419147491455
/content/drive/MyDrive/MedSymmFlow_Project/synthetic_data/pneumoniamnist_normal_2280_filtered/normal_1841.png,/content/drive/MyDrive/MedSymmFlow_Project/synthetic_data/pneumoniamnist_normal_2280_filtered/normal_1228.png,0.9717419147491455
/content/drive/MyDrive/MedSymmFlow_Project/synthetic_data/pneumoniamnist_normal_2280_filtered/normal_0119.png,/content/drive/MyDrive/MedSymmFlow_Project/synthetic_data/pneumoniamnist_normal_2280_filtered/normal_0625.png,0.971733570098877
/content/drive/MyDrive/MedSymmFlow_Project/synthetic_data/pneumoniamnist_normal_2280_filtered/normal_1036.png,/content/drive/MyDrive/MedSymmFlow_Project/synthetic_data/pneumoniamnist_normal_2280_filtered/normal_0022.png,0.9717293977737427
/content/drive/MyDrive/MedSymmFlow_Project/synthetic_data/pneumoniamnist_normal_2280_filtered/normal_0022.png,/content/drive/MyDrive/MedSymmFlow_Project/synthetic_data/pneumoniamnist_normal_2280_filtered/normal_1036.png,0.9717293977737427
/content/drive/MyDrive/MedSymmFlow_Project/synthetic_data/pneumoniamnist_normal_2280_filtered/normal_1471.png,/content/drive/MyDrive/MedSymmFlow_Project/synthetic_data/pneumoniamnist_normal_2280_filtered/normal_0228.png,0.9717222452163696
/content/drive/MyDrive/MedSymmFlow_Project/synthetic_data/pneumoniamnist_normal_2280_filtered/normal_0793.png,/content/drive/MyDrive/MedSymmFlow_Project/synthetic_data/pneumoniamnist_normal_2280_filtered/normal_0450.png,0.9717180728912354
/content/drive/MyDrive/MedSymmFlow_Project/synthetic_data/pneumoniamnist_normal_2280_filtered/normal_2135.png,/content/drive/MyDrive/MedSymmFlow_Project/synthetic_data/pneumoniamnist_normal_2280_filtered/normal_2114.png,0.971709132194519
/content/drive/MyDrive/MedSymmFlow_Project/synthetic_data/pneumoniamnist_normal_2280_filtered/normal_0690.png,/content/drive/MyDrive/MedSymmFlow_Project/synthetic_data/pneumoniamnist_normal_2280_filtered/normal_1936.png,0.9717077016830444
/content/drive/MyDrive/MedSymmFlow_Project/synthetic_data/pneumoniamnist_normal_2280_filtered/normal_0155.png,/content/drive/MyDrive/MedSymmFlow_Project/synthetic_data/pneumoniamnist_normal_2280_filtered/normal_0421.png,0.971703052520752
/content/drive/MyDrive/MedSymmFlow_Project/synthetic_data/pneumoniamnist_normal_2280_filtered/normal_0421.png,/content/drive/MyDrive/MedSymmFlow_Project/synthetic_data/pneumoniamnist_normal_2280_filtered/normal_0155.png,0.971703052520752
/content/drive/MyDrive/MedSymmFlow_Project/synthetic_data/pneumoniamnist_normal_2280_filtered/normal_0753.png,/content/drive/MyDrive/MedSymmFlow_Project/synthetic_data/pneumoniamnist_normal_2280_filtered/normal_2259.png,0.9716941118240356
/content/drive/MyDrive/MedSymmFlow_Project/synthetic_data/pneumoniamnist_normal_2280_filtered/normal_1874.png,/content/drive/MyDrive/MedSymmFlow_Project/synthetic_data/pneumoniamnist_normal_2280_filtered/normal_1290.png,0.9716775417327881
/content/drive/MyDrive/MedSymmFlow_Project/synthetic_data/pneumoniamnist_normal_2280_filtered/normal_0281.png,/content/drive/MyDrive/MedSymmFlow_Project/synthetic_data/pneumoniamnist_normal_2280_filtered/normal_2116.png,0.9716701507568359
/content/drive/MyDrive/MedSymmFlow_Project/synthetic_data/pneumoniamnist_normal_2280_filtered/normal_1548.png,/content/drive/MyDrive/MedSymmFlow_Project/synthetic_data/pneumoniamnist_normal_2280_filtered/normal_1617.png,0.9716695547103882
/content/drive/MyDrive/MedSymmFlow_Project/synthetic_data/pneumoniamnist_normal_2280_filtered/normal_1196.png,/content/drive/MyDrive/MedSymmFlow_Project/synthetic_data/pneumoniamnist_normal_2280_filtered/normal_1847.png,0.971667468547821
/content/drive/MyDrive/MedSymmFlow_Project/synthetic_data/pneumoniamnist_normal_2280_filtered/normal_1847.png,/content/drive/MyDrive/MedSymmFlow_Project/synthetic_data/pneumoniamnist_normal_2280_filtered/normal_1196.png,0.971667468547821
/content/drive/MyDrive/MedSymmFlow_Project/synthetic_data/pneumoniamnist_normal_2280_filtered/normal_1807.png,/content/drive/MyDrive/MedSymmFlow_Project/synthetic_data/pneumoniamnist_normal_2280_filtered/normal_0805.png,0.9716638326644897
/content/drive/MyDrive/MedSymmFlow_Project/synthetic_data/pneumoniamnist_normal_2280_filtered/normal_0805.png,/content/drive/MyDrive/MedSymmFlow_Project/synthetic_data/pneumoniamnist_normal_2280_filtered/normal_1807.png,0.9716638326644897
/content/drive/MyDrive/MedSymmFlow_Project/synthetic_data/pneumoniamnist_normal_2280_filtered/normal_1373.png,/content/drive/MyDrive/MedSymmFlow_Project/synthetic_data/pneumoniamnist_normal_2280_filtered/normal_1277.png,0.9716458320617676
/content/drive/MyDrive/MedSymmFlow_Project/synthetic_data/pneumoniamnist_normal_2280_filtered/normal_0904.png,/content/drive/MyDrive/MedSymmFlow_Project/synthetic_data/pneumoniamnist_normal_2280_filtered/normal_0868.png,0.9716390371322632
/content/drive/MyDrive/MedSymmFlow_Project/synthetic_data/pneumoniamnist_normal_2280_filtered/normal_2163.png,/content/drive/MyDrive/MedSymmFlow_Project/synthetic_data/pneumoniamnist_normal_2280_filtered/normal_1572.png,0.9716289043426514
/content/drive/MyDrive/MedSymmFlow_Project/synthetic_data/pneumoniamnist_normal_2280_filtered/normal_1183.png,/content/drive/MyDrive/MedSymmFlow_Project/synthetic_data/pneumoniamnist_normal_2280_filtered/normal_1196.png,0.9716271758079529
/content/drive/MyDrive/MedSymmFlow_Project/synthetic_data/pneumoniamnist_normal_2280_filtered/normal_2023.png,/content/drive/MyDrive/MedSymmFlow_Project/synthetic_data/pneumoniamnist_normal_2280_filtered/normal_1451.png,0.9716242551803589
/content/drive/MyDrive/MedSymmFlow_Project/synthetic_data/pneumoniamnist_normal_2280_filtered/normal_1451.png,/content/drive/MyDrive/MedSymmFlow_Project/synthetic_data/pneumoniamnist_normal_2280_filtered/normal_2023.png,0.9716242551803589
/content/drive/MyDrive/MedSymmFlow_Project/synthetic_data/pneumoniamnist_normal_2280_filtered/normal_2058.png,/content/drive/MyDrive/MedSymmFlow_Project/synthetic_data/pneumoniamnist_normal_2280_filtered/normal_1084.png,0.971588134765625
/content/drive/MyDrive/MedSymmFlow_Project/synthetic_data/pneumoniamnist_normal_2280_filtered/normal_1726.png,/content/drive/MyDrive/MedSymmFlow_Project/synthetic_data/pneumoniamnist_normal_2280_filtered/normal_1550.png,0.9715878963470459
/content/drive/MyDrive/MedSymmFlow_Project/synthetic_data/pneumoniamnist_normal_2280_filtered/normal_0543.png,/content/drive/MyDrive/MedSymmFlow_Project/synthetic_data/pneumoniamnist_normal_2280_filtered/normal_0128.png,0.9715819358825684
/content/drive/MyDrive/MedSymmFlow_Project/synthetic_data/pneumoniamnist_normal_2280_filtered/normal_0536.png,/content/drive/MyDrive/MedSymmFlow_Project/synthetic_data/pneumoniamnist_normal_2280_filtered/normal_1769.png,0.9715789556503296
/content/drive/MyDrive/MedSymmFlow_Project/synthetic_data/pneumoniamnist_normal_2280_filtered/normal_1221.png,/content/drive/MyDrive/MedSymmFlow_Project/synthetic_data/pneumoniamnist_normal_2280_filtered/normal_1634.png,0.971572756767273
/content/drive/MyDrive/MedSymmFlow_Project/synthetic_data/pneumoniamnist_normal_2280_filtered/normal_1634.png,/content/drive/MyDrive/MedSymmFlow_Project/synthetic_data/pneumoniamnist_normal_2280_filtered/normal_1221.png,0.971572756767273
/content/drive/MyDrive/MedSymmFlow_Project/synthetic_data/pneumoniamnist_normal_2280_filtered/normal_0060.png,/content/drive/MyDrive/MedSymmFlow_Project/synthetic_data/pneumoniamnist_normal_2280_filtered/normal_1013.png,0.9715708494186401
/content/drive/MyDrive/MedSymmFlow_Project/synthetic_data/pneumoniamnist_normal_2280_filtered/normal_1013.png,/content/drive/MyDrive/MedSymmFlow_Project/synthetic_data/pneumoniamnist_normal_2280_filtered/normal_0060.png,0.9715708494186401
/content/drive/MyDrive/MedSymmFlow_Project/synthetic_data/pneumoniamnist_normal_2280_filtered/normal_0780.png,/content/drive/MyDrive/MedSymmFlow_Project/synthetic_data/pneumoniamnist_normal_2280_filtered/normal_1769.png,0.9715651273727417
/content/drive/MyDrive/MedSymmFlow_Project/synthetic_data/pneumoniamnist_normal_2280_filtered/normal_1653.png,/content/drive/MyDrive/MedSymmFlow_Project/synthetic_data/pneumoniamnist_normal_2280_filtered/normal_1409.png,0.971556544303894
/content/drive/MyDrive/MedSymmFlow_Project/synthetic_data/pneumoniamnist_normal_2280_filtered/normal_1409.png,/content/drive/MyDrive/MedSymmFlow_Project/synthetic_data/pneumoniamnist_normal_2280_filtered/normal_1653.png,0.971556544303894
/content/drive/MyDrive/MedSymmFlow_Project/synthetic_data/pneumoniamnist_normal_2280_filtered/normal_0647.png,/content/drive/MyDrive/MedSymmFlow_Project/synthetic_data/pneumoniamnist_normal_2280_filtered/normal_1478.png,0.9715481996536255
/content/drive/MyDrive/MedSymmFlow_Project/synthetic_data/pneumoniamnist_normal_2280_filtered/normal_1176.png,/content/drive/MyDrive/MedSymmFlow_Project/synthetic_data/pneumoniamnist_normal_2280_filtered/normal_1007.png,0.9715365171432495
/content/drive/MyDrive/MedSymmFlow_Project/synthetic_data/pneumoniamnist_normal_2280_filtered/normal_1007.png,/content/drive/MyDrive/MedSymmFlow_Project/synthetic_data/pneumoniamnist_normal_2280_filtered/normal_1176.png,0.9715365171432495
/content/drive/MyDrive/MedSymmFlow_Project/synthetic_data/pneumoniamnist_normal_2280_filtered/normal_1593.png,/content/drive/MyDrive/MedSymmFlow_Project/synthetic_data/pneumoniamnist_normal_2280_filtered/normal_0440.png,0.9715206623077393
/content/drive/MyDrive/MedSymmFlow_Project/synthetic_data/pneumoniamnist_normal_2280_filtered/normal_0440.png,/content/drive/MyDrive/MedSymmFlow_Project/synthetic_data/pneumoniamnist_normal_2280_filtered/normal_1593.png,0.9715206623077393
/content/drive/MyDrive/MedSymmFlow_Project/synthetic_data/pneumoniamnist_normal_2280_filtered/normal_1665.png,/content/drive/MyDrive/MedSymmFlow_Project/synthetic_data/pneumoniamnist_normal_2280_filtered/normal_1494.png,0.9715206027030945
/content/drive/MyDrive/MedSymmFlow_Project/synthetic_data/pneumoniamnist_normal_2280_filtered/normal_1494.png,/content/drive/MyDrive/MedSymmFlow_Project/synthetic_data/pneumoniamnist_normal_2280_filtered/normal_1665.png,0.9715206027030945
/content/drive/MyDrive/MedSymmFlow_Project/synthetic_data/pneumoniamnist_normal_2280_filtered/normal_0882.png,/content/drive/MyDrive/MedSymmFlow_Project/synthetic_data/pneumoniamnist_normal_2280_filtered/normal_2194.png,0.9715079665184021
/content/drive/MyDrive/MedSymmFlow_Project/synthetic_data/pneumoniamnist_normal_2280_filtered/normal_0294.png,/content/drive/MyDrive/MedSymmFlow_Project/synthetic_data/pneumoniamnist_normal_2280_filtered/normal_0782.png,0.971503496170044
/content/drive/MyDrive/MedSymmFlow_Project/synthetic_data/pneumoniamnist_normal_2280_filtered/normal_0782.png,/content/drive/MyDrive/MedSymmFlow_Project/synthetic_data/pneumoniamnist_normal_2280_filtered/normal_0294.png,0.971503496170044
/content/drive/MyDrive/MedSymmFlow_Project/synthetic_data/pneumoniamnist_normal_2280_filtered/normal_1679.png,/content/drive/MyDrive/MedSymmFlow_Project/synthetic_data/pneumoniamnist_normal_2280_filtered/normal_1212.png,0.9715032577514648
/content/drive/MyDrive/MedSymmFlow_Project/synthetic_data/pneumoniamnist_normal_2280_filtered/normal_0594.png,/content/drive/MyDrive/MedSymmFlow_Project/synthetic_data/pneumoniamnist_normal_2280_filtered/normal_0724.png,0.9714967012405396
/content/drive/MyDrive/MedSymmFlow_Project/synthetic_data/pneumoniamnist_normal_2280_filtered/normal_0857.png,/content/drive/MyDrive/MedSymmFlow_Project/synthetic_data/pneumoniamnist_normal_2280_filtered/normal_0800.png,0.9714930653572083
/content/drive/MyDrive/MedSymmFlow_Project/synthetic_data/pneumoniamnist_normal_2280_filtered/normal_2071.png,/content/drive/MyDrive/MedSymmFlow_Project/synthetic_data/pneumoniamnist_normal_2280_filtered/normal_1796.png,0.9714851975440979
/content/drive/MyDrive/MedSymmFlow_Project/synthetic_data/pneumoniamnist_normal_2280_filtered/normal_1368.png,/content/drive/MyDrive/MedSymmFlow_Project/synthetic_data/pneumoniamnist_normal_2280_filtered/normal_1442.png,0.971466064453125
/content/drive/MyDrive/MedSymmFlow_Project/synthetic_data/pneumoniamnist_normal_2280_filtered/normal_2019.png,/content/drive/MyDrive/MedSymmFlow_Project/synthetic_data/pneumoniamnist_normal_2280_filtered/normal_0092.png,0.9714637994766235
/content/drive/MyDrive/MedSymmFlow_Project/synthetic_data/pneumoniamnist_normal_2280_filtered/normal_0092.png,/content/drive/MyDrive/MedSymmFlow_Project/synthetic_data/pneumoniamnist_normal_2280_filtered/normal_2019.png,0.9714637994766235
/content/drive/MyDrive/MedSymmFlow_Project/synthetic_data/pneumoniamnist_normal_2280_filtered/normal_1374.png,/content/drive/MyDrive/MedSymmFlow_Project/synthetic_data/pneumoniamnist_normal_2280_filtered/normal_1149.png,0.9714605808258057
/content/drive/MyDrive/MedSymmFlow_Project/synthetic_data/pneumoniamnist_normal_2280_filtered/normal_1027.png,/content/drive/MyDrive/MedSymmFlow_Project/synthetic_data/pneumoniamnist_normal_2280_filtered/normal_1617.png,0.9714529514312744
/content/drive/MyDrive/MedSymmFlow_Project/synthetic_data/pneumoniamnist_normal_2280_filtered/normal_2262.png,/content/drive/MyDrive/MedSymmFlow_Project/synthetic_data/pneumoniamnist_normal_2280_filtered/normal_1831.png,0.9714515209197998
/content/drive/MyDrive/MedSymmFlow_Project/synthetic_data/pneumoniamnist_normal_2280_filtered/normal_1831.png,/content/drive/MyDrive/MedSymmFlow_Project/synthetic_data/pneumoniamnist_normal_2280_filtered/normal_2262.png,0.9714515209197998
/content/drive/MyDrive/MedSymmFlow_Project/synthetic_data/pneumoniamnist_normal_2280_filtered/normal_0779.png,/content/drive/MyDrive/MedSymmFlow_Project/synthetic_data/pneumoniamnist_normal_2280_filtered/normal_0721.png,0.9714494943618774
/content/drive/MyDrive/MedSymmFlow_Project/synthetic_data/pneumoniamnist_normal_2280_filtered/normal_0721.png,/content/drive/MyDrive/MedSymmFlow_Project/synthetic_data/pneumoniamnist_normal_2280_filtered/normal_0779.png,0.9714494943618774
/content/drive/MyDrive/MedSymmFlow_Project/synthetic_data/pneumoniamnist_normal_2280_filtered/normal_0222.png,/content/drive/MyDrive/MedSymmFlow_Project/synthetic_data/pneumoniamnist_normal_2280_filtered/normal_1550.png,0.9714478850364685
/content/drive/MyDrive/MedSymmFlow_Project/synthetic_data/pneumoniamnist_normal_2280_filtered/normal_1497.png,/content/drive/MyDrive/MedSymmFlow_Project/synthetic_data/pneumoniamnist_normal_2280_filtered/normal_1342.png,0.9714463949203491
/content/drive/MyDrive/MedSymmFlow_Project/synthetic_data/pneumoniamnist_normal_2280_filtered/normal_1813.png,/content/drive/MyDrive/MedSymmFlow_Project/synthetic_data/pneumoniamnist_normal_2280_filtered/normal_0386.png,0.9714451432228088
/content/drive/MyDrive/MedSymmFlow_Project/synthetic_data/pneumoniamnist_normal_2280_filtered/normal_2155.png,/content/drive/MyDrive/MedSymmFlow_Project/synthetic_data/pneumoniamnist_normal_2280_filtered/normal_2071.png,0.9714360237121582
/content/drive/MyDrive/MedSymmFlow_Project/synthetic_data/pneumoniamnist_normal_2280_filtered/normal_1180.png,/content/drive/MyDrive/MedSymmFlow_Project/synthetic_data/pneumoniamnist_normal_2280_filtered/normal_1785.png,0.9714099168777466
/content/drive/MyDrive/MedSymmFlow_Project/synthetic_data/pneumoniamnist_normal_2280_filtered/normal_1753.png,/content/drive/MyDrive/MedSymmFlow_Project/synthetic_data/pneumoniamnist_normal_2280_filtered/normal_1572.png,0.9714090824127197
/content/drive/MyDrive/MedSymmFlow_Project/synthetic_data/pneumoniamnist_normal_2280_filtered/normal_2066.png,/content/drive/MyDrive/MedSymmFlow_Project/synthetic_data/pneumoniamnist_normal_2280_filtered/normal_1367.png,0.971398115158081
/content/drive/MyDrive/MedSymmFlow_Project/synthetic_data/pneumoniamnist_normal_2280_filtered/normal_1869.png,/content/drive/MyDrive/MedSymmFlow_Project/synthetic_data/pneumoniamnist_normal_2280_filtered/normal_1805.png,0.9713852405548096
/content/drive/MyDrive/MedSymmFlow_Project/synthetic_data/pneumoniamnist_normal_2280_filtered/normal_1745.png,/content/drive/MyDrive/MedSymmFlow_Project/synthetic_data/pneumoniamnist_normal_2280_filtered/normal_1177.png,0.9713806509971619
/content/drive/MyDrive/MedSymmFlow_Project/synthetic_data/pneumoniamnist_normal_2280_filtered/normal_1177.png,/content/drive/MyDrive/MedSymmFlow_Project/synthetic_data/pneumoniamnist_normal_2280_filtered/normal_1745.png,0.9713806509971619
/content/drive/MyDrive/MedSymmFlow_Project/synthetic_data/pneumoniamnist_normal_2280_filtered/normal_1047.png,/content/drive/MyDrive/MedSymmFlow_Project/synthetic_data/pneumoniamnist_normal_2280_filtered/normal_0344.png,0.9713685512542725
/content/drive/MyDrive/MedSymmFlow_Project/synthetic_data/pneumoniamnist_normal_2280_filtered/normal_1975.png,/content/drive/MyDrive/MedSymmFlow_Project/synthetic_data/pneumoniamnist_normal_2280_filtered/normal_0742.png,0.9713614583015442
/content/drive/MyDrive/MedSymmFlow_Project/synthetic_data/pneumoniamnist_normal_2280_filtered/normal_0742.png,/content/drive/MyDrive/MedSymmFlow_Project/synthetic_data/pneumoniamnist_normal_2280_filtered/normal_1975.png,0.9713614583015442
/content/drive/MyDrive/MedSymmFlow_Project/synthetic_data/pneumoniamnist_normal_2280_filtered/normal_0737.png,/content/drive/MyDrive/MedSymmFlow_Project/synthetic_data/pneumoniamnist_normal_2280_filtered/normal_0452.png,0.9713575839996338
/content/drive/MyDrive/MedSymmFlow_Project/synthetic_data/pneumoniamnist_normal_2280_filtered/normal_0828.png,/content/drive/MyDrive/MedSymmFlow_Project/synthetic_data/pneumoniamnist_normal_2280_filtered/normal_0008.png,0.9713190197944641
/content/drive/MyDrive/MedSymmFlow_Project/synthetic_data/pneumoniamnist_normal_2280_filtered/normal_2213.png,/content/drive/MyDrive/MedSymmFlow_Project/synthetic_data/pneumoniamnist_normal_2280_filtered/normal_1385.png,0.9713029861450195
/content/drive/MyDrive/MedSymmFlow_Project/synthetic_data/pneumoniamnist_normal_2280_filtered/normal_0866.png,/content/drive/MyDrive/MedSymmFlow_Project/synthetic_data/pneumoniamnist_normal_2280_filtered/normal_1612.png,0.97129225730896
/content/drive/MyDrive/MedSymmFlow_Project/synthetic_data/pneumoniamnist_normal_2280_filtered/normal_0815.png,/content/drive/MyDrive/MedSymmFlow_Project/synthetic_data/pneumoniamnist_normal_2280_filtered/normal_1385.png,0.9712874889373779
/content/drive/MyDrive/MedSymmFlow_Project/synthetic_data/pneumoniamnist_normal_2280_filtered/normal_0352.png,/content/drive/MyDrive/MedSymmFlow_Project/synthetic_data/pneumoniamnist_normal_2280_filtered/normal_0751.png,0.9712827205657959
/content/drive/MyDrive/MedSymmFlow_Project/synthetic_data/pneumoniamnist_normal_2280_filtered/normal_0751.png,/content/drive/MyDrive/MedSymmFlow_Project/synthetic_data/pneumoniamnist_normal_2280_filtered/normal_0352.png,0.9712827205657959
/content/drive/MyDrive/MedSymmFlow_Project/synthetic_data/pneumoniamnist_normal_2280_filtered/normal_1675.png,/content/drive/MyDrive/MedSymmFlow_Project/synthetic_data/pneumoniamnist_normal_2280_filtered/normal_1371.png,0.9712769389152527
/content/drive/MyDrive/MedSymmFlow_Project/synthetic_data/pneumoniamnist_normal_2280_filtered/normal_1600.png,/content/drive/MyDrive/MedSymmFlow_Project/synthetic_data/pneumoniamnist_normal_2280_filtered/normal_1505.png,0.9712734222412109
/content/drive/MyDrive/MedSymmFlow_Project/synthetic_data/pneumoniamnist_normal_2280_filtered/normal_1608.png,/content/drive/MyDrive/MedSymmFlow_Project/synthetic_data/pneumoniamnist_normal_2280_filtered/normal_0540.png,0.9712557792663574
/content/drive/MyDrive/MedSymmFlow_Project/synthetic_data/pneumoniamnist_normal_2280_filtered/normal_0029.png,/content/drive/MyDrive/MedSymmFlow_Project/synthetic_data/pneumoniamnist_normal_2280_filtered/normal_0459.png,0.9712489247322083
/content/drive/MyDrive/MedSymmFlow_Project/synthetic_data/pneumoniamnist_normal_2280_filtered/normal_1459.png,/content/drive/MyDrive/MedSymmFlow_Project/synthetic_data/pneumoniamnist_normal_2280_filtered/normal_0539.png,0.971245527267456
/content/drive/MyDrive/MedSymmFlow_Project/synthetic_data/pneumoniamnist_normal_2280_filtered/normal_0148.png,/content/drive/MyDrive/MedSymmFlow_Project/synthetic_data/pneumoniamnist_normal_2280_filtered/normal_0726.png,0.9712398648262024
/content/drive/MyDrive/MedSymmFlow_Project/synthetic_data/pneumoniamnist_normal_2280_filtered/normal_0726.png,/content/drive/MyDrive/MedSymmFlow_Project/synthetic_data/pneumoniamnist_normal_2280_filtered/normal_0148.png,0.9712398648262024
/content/drive/MyDrive/MedSymmFlow_Project/synthetic_data/pneumoniamnist_normal_2280_filtered/normal_0411.png,/content/drive/MyDrive/MedSymmFlow_Project/synthetic_data/pneumoniamnist_normal_2280_filtered/normal_1396.png,0.971236526966095
/content/drive/MyDrive/MedSymmFlow_Project/synthetic_data/pneumoniamnist_normal_2280_filtered/normal_1362.png,/content/drive/MyDrive/MedSymmFlow_Project/synthetic_data/pneumoniamnist_normal_2280_filtered/normal_2059.png,0.9712250232696533
/content/drive/MyDrive/MedSymmFlow_Project/synthetic_data/pneumoniamnist_normal_2280_filtered/normal_2059.png,/content/drive/MyDrive/MedSymmFlow_Project/synthetic_data/pneumoniamnist_normal_2280_filtered/normal_1362.png,0.9712250232696533
/content/drive/MyDrive/MedSymmFlow_Project/synthetic_data/pneumoniamnist_normal_2280_filtered/normal_1642.png,/content/drive/MyDrive/MedSymmFlow_Project/synthetic_data/pneumoniamnist_normal_2280_filtered/normal_1066.png,0.9712246060371399
/content/drive/MyDrive/MedSymmFlow_Project/synthetic_data/pneumoniamnist_normal_2280_filtered/normal_2081.png,/content/drive/MyDrive/MedSymmFlow_Project/synthetic_data/pneumoniamnist_normal_2280_filtered/normal_1305.png,0.9712231159210205
/content/drive/MyDrive/MedSymmFlow_Project/synthetic_data/pneumoniamnist_normal_2280_filtered/normal_1515.png,/content/drive/MyDrive/MedSymmFlow_Project/synthetic_data/pneumoniamnist_normal_2280_filtered/normal_0464.png,0.9711914658546448
/content/drive/MyDrive/MedSymmFlow_Project/synthetic_data/pneumoniamnist_normal_2280_filtered/normal_0703.png,/content/drive/MyDrive/MedSymmFlow_Project/synthetic_data/pneumoniamnist_normal_2280_filtered/normal_1936.png,0.9711899757385254
/content/drive/MyDrive/MedSymmFlow_Project/synthetic_data/pneumoniamnist_normal_2280_filtered/normal_0181.png,/content/drive/MyDrive/MedSymmFlow_Project/synthetic_data/pneumoniamnist_normal_2280_filtered/normal_1001.png,0.971183717250824
/content/drive/MyDrive/MedSymmFlow_Project/synthetic_data/pneumoniamnist_normal_2280_filtered/normal_1580.png,/content/drive/MyDrive/MedSymmFlow_Project/synthetic_data/pneumoniamnist_normal_2280_filtered/normal_0281.png,0.9711501598358154
/content/drive/MyDrive/MedSymmFlow_Project/synthetic_data/pneumoniamnist_normal_2280_filtered/normal_2220.png,/content/drive/MyDrive/MedSymmFlow_Project/synthetic_data/pneumoniamnist_normal_2280_filtered/normal_0882.png,0.9711339473724365
/content/drive/MyDrive/MedSymmFlow_Project/synthetic_data/pneumoniamnist_normal_2280_filtered/normal_0277.png,/content/drive/MyDrive/MedSymmFlow_Project/synthetic_data/pneumoniamnist_normal_2280_filtered/normal_0306.png,0.9711323976516724
/content/drive/MyDrive/MedSymmFlow_Project/synthetic_data/pneumoniamnist_normal_2280_filtered/normal_0306.png,/content/drive/MyDrive/MedSymmFlow_Project/synthetic_data/pneumoniamnist_normal_2280_filtered/normal_0277.png,0.9711323976516724
/content/drive/MyDrive/MedSymmFlow_Project/synthetic_data/pneumoniamnist_normal_2280_filtered/normal_1051.png,/content/drive/MyDrive/MedSymmFlow_Project/synthetic_data/pneumoniamnist_normal_2280_filtered/normal_0860.png,0.9711193442344666
/content/drive/MyDrive/MedSymmFlow_Project/synthetic_data/pneumoniamnist_normal_2280_filtered/normal_0860.png,/content/drive/MyDrive/MedSymmFlow_Project/synthetic_data/pneumoniamnist_normal_2280_filtered/normal_1051.png,0.9711193442344666
/content/drive/MyDrive/MedSymmFlow_Project/synthetic_data/pneumoniamnist_normal_2280_filtered/normal_0919.png,/content/drive/MyDrive/MedSymmFlow_Project/synthetic_data/pneumoniamnist_normal_2280_filtered/normal_0470.png,0.9711133241653442
/content/drive/MyDrive/MedSymmFlow_Project/synthetic_data/pneumoniamnist_normal_2280_filtered/normal_0374.png,/content/drive/MyDrive/MedSymmFlow_Project/synthetic_data/pneumoniamnist_normal_2280_filtered/normal_1866.png,0.9711050987243652
/content/drive/MyDrive/MedSymmFlow_Project/synthetic_data/pneumoniamnist_normal_2280_filtered/normal_0071.png,/content/drive/MyDrive/MedSymmFlow_Project/synthetic_data/pneumoniamnist_normal_2280_filtered/normal_0144.png,0.9710986614227295
/content/drive/MyDrive/MedSymmFlow_Project/synthetic_data/pneumoniamnist_normal_2280_filtered/normal_0343.png,/content/drive/MyDrive/MedSymmFlow_Project/synthetic_data/pneumoniamnist_normal_2280_filtered/normal_0927.png,0.971095085144043
/content/drive/MyDrive/MedSymmFlow_Project/synthetic_data/pneumoniamnist_normal_2280_filtered/normal_1466.png,/content/drive/MyDrive/MedSymmFlow_Project/synthetic_data/pneumoniamnist_normal_2280_filtered/normal_0540.png,0.9710837602615356
/content/drive/MyDrive/MedSymmFlow_Project/synthetic_data/pneumoniamnist_normal_2280_filtered/normal_1259.png,/content/drive/MyDrive/MedSymmFlow_Project/synthetic_data/pneumoniamnist_normal_2280_filtered/normal_0412.png,0.9710739850997925
/content/drive/MyDrive/MedSymmFlow_Project/synthetic_data/pneumoniamnist_normal_2280_filtered/normal_1520.png,/content/drive/MyDrive/MedSymmFlow_Project/synthetic_data/pneumoniamnist_normal_2280_filtered/normal_0658.png,0.9710736870765686
/content/drive/MyDrive/MedSymmFlow_Project/synthetic_data/pneumoniamnist_normal_2280_filtered/normal_0133.png,/content/drive/MyDrive/MedSymmFlow_Project/synthetic_data/pneumoniamnist_normal_2280_filtered/normal_0729.png,0.9710705280303955
/content/drive/MyDrive/MedSymmFlow_Project/synthetic_data/pneumoniamnist_normal_2280_filtered/normal_0049.png,/content/drive/MyDrive/MedSymmFlow_Project/synthetic_data/pneumoniamnist_normal_2280_filtered/normal_0452.png,0.9710677862167358
/content/drive/MyDrive/MedSymmFlow_Project/synthetic_data/pneumoniamnist_normal_2280_filtered/normal_1070.png,/content/drive/MyDrive/MedSymmFlow_Project/synthetic_data/pneumoniamnist_normal_2280_filtered/normal_0198.png,0.9710495471954346
/content/drive/MyDrive/MedSymmFlow_Project/synthetic_data/pneumoniamnist_normal_2280_filtered/normal_1465.png,/content/drive/MyDrive/MedSymmFlow_Project/synthetic_data/pneumoniamnist_normal_2280_filtered/normal_1625.png,0.9710460901260376
/content/drive/MyDrive/MedSymmFlow_Project/synthetic_data/pneumoniamnist_normal_2280_filtered/normal_2210.png,/content/drive/MyDrive/MedSymmFlow_Project/synthetic_data/pneumoniamnist_normal_2280_filtered/normal_1704.png,0.9710439443588257
/content/drive/MyDrive/MedSymmFlow_Project/synthetic_data/pneumoniamnist_normal_2280_filtered/normal_0188.png,/content/drive/MyDrive/MedSymmFlow_Project/synthetic_data/pneumoniamnist_normal_2280_filtered/normal_1334.png,0.9710156917572021
/content/drive/MyDrive/MedSymmFlow_Project/synthetic_data/pneumoniamnist_normal_2280_filtered/normal_0091.png,/content/drive/MyDrive/MedSymmFlow_Project/synthetic_data/pneumoniamnist_normal_2280_filtered/normal_1826.png,0.9710137844085693
/content/drive/MyDrive/MedSymmFlow_Project/synthetic_data/pneumoniamnist_normal_2280_filtered/normal_1069.png,/content/drive/MyDrive/MedSymmFlow_Project/synthetic_data/pneumoniamnist_normal_2280_filtered/normal_2107.png,0.9709824323654175
/content/drive/MyDrive/MedSymmFlow_Project/synthetic_data/pneumoniamnist_normal_2280_filtered/normal_1062.png,/content/drive/MyDrive/MedSymmFlow_Project/synthetic_data/pneumoniamnist_normal_2280_filtered/normal_0772.png,0.9709733724594116
/content/drive/MyDrive/MedSymmFlow_Project/synthetic_data/pneumoniamnist_normal_2280_filtered/normal_0697.png,/content/drive/MyDrive/MedSymmFlow_Project/synthetic_data/pneumoniamnist_normal_2280_filtered/normal_0179.png,0.9709514379501343
/content/drive/MyDrive/MedSymmFlow_Project/synthetic_data/pneumoniamnist_normal_2280_filtered/normal_1153.png,/content/drive/MyDrive/MedSymmFlow_Project/synthetic_data/pneumoniamnist_normal_2280_filtered/normal_0565.png,0.970939040184021
/content/drive/MyDrive/MedSymmFlow_Project/synthetic_data/pneumoniamnist_normal_2280_filtered/normal_2047.png,/content/drive/MyDrive/MedSymmFlow_Project/synthetic_data/pneumoniamnist_normal_2280_filtered/normal_1545.png,0.9709372520446777
/content/drive/MyDrive/MedSymmFlow_Project/synthetic_data/pneumoniamnist_normal_2280_filtered/normal_1545.png,/content/drive/MyDrive/MedSymmFlow_Project/synthetic_data/pneumoniamnist_normal_2280_filtered/normal_2047.png,0.9709372520446777
/content/drive/MyDrive/MedSymmFlow_Project/synthetic_data/pneumoniamnist_normal_2280_filtered/normal_1452.png,/content/drive/MyDrive/MedSymmFlow_Project/synthetic_data/pneumoniamnist_normal_2280_filtered/normal_1628.png,0.9709286689758301
/content/drive/MyDrive/MedSymmFlow_Project/synthetic_data/pneumoniamnist_normal_2280_filtered/normal_2237.png,/content/drive/MyDrive/MedSymmFlow_Project/synthetic_data/pneumoniamnist_normal_2280_filtered/normal_0440.png,0.9709282517433167
/content/drive/MyDrive/MedSymmFlow_Project/synthetic_data/pneumoniamnist_normal_2280_filtered/normal_0435.png,/content/drive/MyDrive/MedSymmFlow_Project/synthetic_data/pneumoniamnist_normal_2280_filtered/normal_2107.png,0.9709256291389465
/content/drive/MyDrive/MedSymmFlow_Project/synthetic_data/pneumoniamnist_normal_2280_filtered/normal_1091.png,/content/drive/MyDrive/MedSymmFlow_Project/synthetic_data/pneumoniamnist_normal_2280_filtered/normal_1055.png,0.9709246158599854
/content/drive/MyDrive/MedSymmFlow_Project/synthetic_data/pneumoniamnist_normal_2280_filtered/normal_1118.png,/content/drive/MyDrive/MedSymmFlow_Project/synthetic_data/pneumoniamnist_normal_2280_filtered/normal_1398.png,0.9709244966506958
/content/drive/MyDrive/MedSymmFlow_Project/synthetic_data/pneumoniamnist_normal_2280_filtered/normal_1722.png,/content/drive/MyDrive/MedSymmFlow_Project/synthetic_data/pneumoniamnist_normal_2280_filtered/normal_2037.png,0.9709211587905884
/content/drive/MyDrive/MedSymmFlow_Project/synthetic_data/pneumoniamnist_normal_2280_filtered/normal_1415.png,/content/drive/MyDrive/MedSymmFlow_Project/synthetic_data/pneumoniamnist_normal_2280_filtered/normal_1055.png,0.9709198474884033
/content/drive/MyDrive/MedSymmFlow_Project/synthetic_data/pneumoniamnist_normal_2280_filtered/normal_1633.png,/content/drive/MyDrive/MedSymmFlow_Project/synthetic_data/pneumoniamnist_normal_2280_filtered/normal_1666.png,0.9709080457687378
/content/drive/MyDrive/MedSymmFlow_Project/synthetic_data/pneumoniamnist_normal_2280_filtered/normal_1080.png,/content/drive/MyDrive/MedSymmFlow_Project/synthetic_data/pneumoniamnist_normal_2280_filtered/normal_0770.png,0.9708940982818604
/content/drive/MyDrive/MedSymmFlow_Project/synthetic_data/pneumoniamnist_normal_2280_filtered/normal_0770.png,/content/drive/MyDrive/MedSymmFlow_Project/synthetic_data/pneumoniamnist_normal_2280_filtered/normal_1080.png,0.9708940982818604
/content/drive/MyDrive/MedSymmFlow_Project/synthetic_data/pneumoniamnist_normal_2280_filtered/normal_0664.png,/content/drive/MyDrive/MedSymmFlow_Project/synthetic_data/pneumoniamnist_normal_2280_filtered/normal_0938.png,0.9708937406539917
/content/drive/MyDrive/MedSymmFlow_Project/synthetic_data/pneumoniamnist_normal_2280_filtered/normal_0938.png,/content/drive/MyDrive/MedSymmFlow_Project/synthetic_data/pneumoniamnist_normal_2280_filtered/normal_0664.png,0.9708937406539917
/content/drive/MyDrive/MedSymmFlow_Project/synthetic_data/pneumoniamnist_normal_2280_filtered/normal_2168.png,/content/drive/MyDrive/MedSymmFlow_Project/synthetic_data/pneumoniamnist_normal_2280_filtered/normal_2081.png,0.9708857536315918
/content/drive/MyDrive/MedSymmFlow_Project/synthetic_data/pneumoniamnist_normal_2280_filtered/normal_2028.png,/content/drive/MyDrive/MedSymmFlow_Project/synthetic_data/pneumoniamnist_normal_2280_filtered/normal_1081.png,0.9708828330039978
/content/drive/MyDrive/MedSymmFlow_Project/synthetic_data/pneumoniamnist_normal_2280_filtered/normal_0835.png,/content/drive/MyDrive/MedSymmFlow_Project/synthetic_data/pneumoniamnist_normal_2280_filtered/normal_1042.png,0.9708603024482727
/content/drive/MyDrive/MedSymmFlow_Project/synthetic_data/pneumoniamnist_normal_2280_filtered/normal_2269.png,/content/drive/MyDrive/MedSymmFlow_Project/synthetic_data/pneumoniamnist_normal_2280_filtered/normal_2194.png,0.9708583354949951
/content/drive/MyDrive/MedSymmFlow_Project/synthetic_data/pneumoniamnist_normal_2280_filtered/normal_1248.png,/content/drive/MyDrive/MedSymmFlow_Project/synthetic_data/pneumoniamnist_normal_2280_filtered/normal_0121.png,0.9708547592163086
/content/drive/MyDrive/MedSymmFlow_Project/synthetic_data/pneumoniamnist_normal_2280_filtered/normal_0121.png,/content/drive/MyDrive/MedSymmFlow_Project/synthetic_data/pneumoniamnist_normal_2280_filtered/normal_1248.png,0.9708547592163086
/content/drive/MyDrive/MedSymmFlow_Project/synthetic_data/pneumoniamnist_normal_2280_filtered/normal_0924.png,/content/drive/MyDrive/MedSymmFlow_Project/synthetic_data/pneumoniamnist_normal_2280_filtered/normal_1862.png,0.9708470106124878
/content/drive/MyDrive/MedSymmFlow_Project/synthetic_data/pneumoniamnist_normal_2280_filtered/normal_0431.png,/content/drive/MyDrive/MedSymmFlow_Project/synthetic_data/pneumoniamnist_normal_2280_filtered/normal_1648.png,0.9708298444747925
/content/drive/MyDrive/MedSymmFlow_Project/synthetic_data/pneumoniamnist_normal_2280_filtered/normal_0968.png,/content/drive/MyDrive/MedSymmFlow_Project/synthetic_data/pneumoniamnist_normal_2280_filtered/normal_0037.png,0.9708250164985657
/content/drive/MyDrive/MedSymmFlow_Project/synthetic_data/pneumoniamnist_normal_2280_filtered/normal_0037.png,/content/drive/MyDrive/MedSymmFlow_Project/synthetic_data/pneumoniamnist_normal_2280_filtered/normal_0968.png,0.9708250164985657
/content/drive/MyDrive/MedSymmFlow_Project/synthetic_data/pneumoniamnist_normal_2280_filtered/normal_1649.png,/content/drive/MyDrive/MedSymmFlow_Project/synthetic_data/pneumoniamnist_normal_2280_filtered/normal_0392.png,0.9708227515220642
/content/drive/MyDrive/MedSymmFlow_Project/synthetic_data/pneumoniamnist_normal_2280_filtered/normal_1455.png,/content/drive/MyDrive/MedSymmFlow_Project/synthetic_data/pneumoniamnist_normal_2280_filtered/normal_0437.png,0.9708061218261719
/content/drive/MyDrive/MedSymmFlow_Project/synthetic_data/pneumoniamnist_normal_2280_filtered/normal_0437.png,/content/drive/MyDrive/MedSymmFlow_Project/synthetic_data/pneumoniamnist_normal_2280_filtered/normal_1455.png,0.9708061218261719
/content/drive/MyDrive/MedSymmFlow_Project/synthetic_data/pneumoniamnist_normal_2280_filtered/normal_1934.png,/content/drive/MyDrive/MedSymmFlow_Project/synthetic_data/pneumoniamnist_normal_2280_filtered/normal_0882.png,0.9708009362220764
/content/drive/MyDrive/MedSymmFlow_Project/synthetic_data/pneumoniamnist_normal_2280_filtered/normal_1210.png,/content/drive/MyDrive/MedSymmFlow_Project/synthetic_data/pneumoniamnist_normal_2280_filtered/normal_1514.png,0.9707911014556885
/content/drive/MyDrive/MedSymmFlow_Project/synthetic_data/pneumoniamnist_normal_2280_filtered/normal_1514.png,/content/drive/MyDrive/MedSymmFlow_Project/synthetic_data/pneumoniamnist_normal_2280_filtered/normal_1210.png,0.9707911014556885
/content/drive/MyDrive/MedSymmFlow_Project/synthetic_data/pneumoniamnist_normal_2280_filtered/normal_0366.png,/content/drive/MyDrive/MedSymmFlow_Project/synthetic_data/pneumoniamnist_normal_2280_filtered/normal_2047.png,0.9707853198051453
/content/drive/MyDrive/MedSymmFlow_Project/synthetic_data/pneumoniamnist_normal_2280_filtered/normal_1005.png,/content/drive/MyDrive/MedSymmFlow_Project/synthetic_data/pneumoniamnist_normal_2280_filtered/normal_1575.png,0.9707752466201782
/content/drive/MyDrive/MedSymmFlow_Project/synthetic_data/pneumoniamnist_normal_2280_filtered/normal_1270.png,/content/drive/MyDrive/MedSymmFlow_Project/synthetic_data/pneumoniamnist_normal_2280_filtered/normal_0478.png,0.9707731008529663
/content/drive/MyDrive/MedSymmFlow_Project/synthetic_data/pneumoniamnist_normal_2280_filtered/normal_1113.png,/content/drive/MyDrive/MedSymmFlow_Project/synthetic_data/pneumoniamnist_normal_2280_filtered/normal_0540.png,0.9707721471786499
/content/drive/MyDrive/MedSymmFlow_Project/synthetic_data/pneumoniamnist_normal_2280_filtered/normal_0165.png,/content/drive/MyDrive/MedSymmFlow_Project/synthetic_data/pneumoniamnist_normal_2280_filtered/normal_0292.png,0.970770001411438
/content/drive/MyDrive/MedSymmFlow_Project/synthetic_data/pneumoniamnist_normal_2280_filtered/normal_0292.png,/content/drive/MyDrive/MedSymmFlow_Project/synthetic_data/pneumoniamnist_normal_2280_filtered/normal_0165.png,0.970770001411438
/content/drive/MyDrive/MedSymmFlow_Project/synthetic_data/pneumoniamnist_normal_2280_filtered/normal_0399.png,/content/drive/MyDrive/MedSymmFlow_Project/synthetic_data/pneumoniamnist_normal_2280_filtered/normal_0807.png,0.9707638025283813
/content/drive/MyDrive/MedSymmFlow_Project/synthetic_data/pneumoniamnist_normal_2280_filtered/normal_0807.png,/content/drive/MyDrive/MedSymmFlow_Project/synthetic_data/pneumoniamnist_normal_2280_filtered/normal_0399.png,0.9707638025283813
/content/drive/MyDrive/MedSymmFlow_Project/synthetic_data/pneumoniamnist_normal_2280_filtered/normal_0217.png,/content/drive/MyDrive/MedSymmFlow_Project/synthetic_data/pneumoniamnist_normal_2280_filtered/normal_1168.png,0.970736026763916
/content/drive/MyDrive/MedSymmFlow_Project/synthetic_data/pneumoniamnist_normal_2280_filtered/normal_1528.png,/content/drive/MyDrive/MedSymmFlow_Project/synthetic_data/pneumoniamnist_normal_2280_filtered/normal_2262.png,0.9707217216491699
/content/drive/MyDrive/MedSymmFlow_Project/synthetic_data/pneumoniamnist_normal_2280_filtered/normal_1532.png,/content/drive/MyDrive/MedSymmFlow_Project/synthetic_data/pneumoniamnist_normal_2280_filtered/normal_1229.png,0.9707213640213013
/content/drive/MyDrive/MedSymmFlow_Project/synthetic_data/pneumoniamnist_normal_2280_filtered/normal_0034.png,/content/drive/MyDrive/MedSymmFlow_Project/synthetic_data/pneumoniamnist_normal_2280_filtered/normal_2197.png,0.9707198143005371
/content/drive/MyDrive/MedSymmFlow_Project/synthetic_data/pneumoniamnist_normal_2280_filtered/normal_1641.png,/content/drive/MyDrive/MedSymmFlow_Project/synthetic_data/pneumoniamnist_normal_2280_filtered/normal_2010.png,0.9707131385803223
/content/drive/MyDrive/MedSymmFlow_Project/synthetic_data/pneumoniamnist_normal_2280_filtered/normal_2271.png,/content/drive/MyDrive/MedSymmFlow_Project/synthetic_data/pneumoniamnist_normal_2280_filtered/normal_2203.png,0.9707016944885254
/content/drive/MyDrive/MedSymmFlow_Project/synthetic_data/pneumoniamnist_normal_2280_filtered/normal_1549.png,/content/drive/MyDrive/MedSymmFlow_Project/synthetic_data/pneumoniamnist_normal_2280_filtered/normal_2164.png,0.9706934690475464
/content/drive/MyDrive/MedSymmFlow_Project/synthetic_data/pneumoniamnist_normal_2280_filtered/normal_2212.png,/content/drive/MyDrive/MedSymmFlow_Project/synthetic_data/pneumoniamnist_normal_2280_filtered/normal_1571.png,0.9706832766532898
/content/drive/MyDrive/MedSymmFlow_Project/synthetic_data/pneumoniamnist_normal_2280_filtered/normal_0917.png,/content/drive/MyDrive/MedSymmFlow_Project/synthetic_data/pneumoniamnist_normal_2280_filtered/normal_0022.png,0.970674991607666
/content/drive/MyDrive/MedSymmFlow_Project/synthetic_data/pneumoniamnist_normal_2280_filtered/normal_1618.png,/content/drive/MyDrive/MedSymmFlow_Project/synthetic_data/pneumoniamnist_normal_2280_filtered/normal_1814.png,0.9706670641899109
/content/drive/MyDrive/MedSymmFlow_Project/synthetic_data/pneumoniamnist_normal_2280_filtered/normal_1744.png,/content/drive/MyDrive/MedSymmFlow_Project/synthetic_data/pneumoniamnist_normal_2280_filtered/normal_1498.png,0.9706618785858154
/content/drive/MyDrive/MedSymmFlow_Project/synthetic_data/pneumoniamnist_normal_2280_filtered/normal_2096.png,/content/drive/MyDrive/MedSymmFlow_Project/synthetic_data/pneumoniamnist_normal_2280_filtered/normal_2241.png,0.9706546068191528
/content/drive/MyDrive/MedSymmFlow_Project/synthetic_data/pneumoniamnist_normal_2280_filtered/normal_2241.png,/content/drive/MyDrive/MedSymmFlow_Project/synthetic_data/pneumoniamnist_normal_2280_filtered/normal_2096.png,0.9706546068191528
/content/drive/MyDrive/MedSymmFlow_Project/synthetic_data/pneumoniamnist_normal_2280_filtered/normal_0378.png,/content/drive/MyDrive/MedSymmFlow_Project/synthetic_data/pneumoniamnist_normal_2280_filtered/normal_0210.png,0.970651388168335
/content/drive/MyDrive/MedSymmFlow_Project/synthetic_data/pneumoniamnist_normal_2280_filtered/normal_0731.png,/content/drive/MyDrive/MedSymmFlow_Project/synthetic_data/pneumoniamnist_normal_2280_filtered/normal_2185.png,0.9706484079360962
/content/drive/MyDrive/MedSymmFlow_Project/synthetic_data/pneumoniamnist_normal_2280_filtered/normal_2185.png,/content/drive/MyDrive/MedSymmFlow_Project/synthetic_data/pneumoniamnist_normal_2280_filtered/normal_0731.png,0.9706484079360962
/content/drive/MyDrive/MedSymmFlow_Project/synthetic_data/pneumoniamnist_normal_2280_filtered/normal_2209.png,/content/drive/MyDrive/MedSymmFlow_Project/synthetic_data/pneumoniamnist_normal_2280_filtered/normal_0717.png,0.9706296920776367
/content/drive/MyDrive/MedSymmFlow_Project/synthetic_data/pneumoniamnist_normal_2280_filtered/normal_0717.png,/content/drive/MyDrive/MedSymmFlow_Project/synthetic_data/pneumoniamnist_normal_2280_filtered/normal_2209.png,0.9706296920776367
/content/drive/MyDrive/MedSymmFlow_Project/synthetic_data/pneumoniamnist_normal_2280_filtered/normal_1242.png,/content/drive/MyDrive/MedSymmFlow_Project/synthetic_data/pneumoniamnist_normal_2280_filtered/normal_2000.png,0.970617413520813
/content/drive/MyDrive/MedSymmFlow_Project/synthetic_data/pneumoniamnist_normal_2280_filtered/normal_1694.png,/content/drive/MyDrive/MedSymmFlow_Project/synthetic_data/pneumoniamnist_normal_2280_filtered/normal_0740.png,0.9706149101257324
/content/drive/MyDrive/MedSymmFlow_Project/synthetic_data/pneumoniamnist_normal_2280_filtered/normal_0011.png,/content/drive/MyDrive/MedSymmFlow_Project/synthetic_data/pneumoniamnist_normal_2280_filtered/normal_0044.png,0.9706037044525146
/content/drive/MyDrive/MedSymmFlow_Project/synthetic_data/pneumoniamnist_normal_2280_filtered/normal_0044.png,/content/drive/MyDrive/MedSymmFlow_Project/synthetic_data/pneumoniamnist_normal_2280_filtered/normal_0011.png,0.9706037044525146
/content/drive/MyDrive/MedSymmFlow_Project/synthetic_data/pneumoniamnist_normal_2280_filtered/normal_0018.png,/content/drive/MyDrive/MedSymmFlow_Project/synthetic_data/pneumoniamnist_normal_2280_filtered/normal_0417.png,0.9705970287322998
/content/drive/MyDrive/MedSymmFlow_Project/synthetic_data/pneumoniamnist_normal_2280_filtered/normal_1493.png,/content/drive/MyDrive/MedSymmFlow_Project/synthetic_data/pneumoniamnist_normal_2280_filtered/normal_1017.png,0.9705893993377686
/content/drive/MyDrive/MedSymmFlow_Project/synthetic_data/pneumoniamnist_normal_2280_filtered/normal_1541.png,/content/drive/MyDrive/MedSymmFlow_Project/synthetic_data/pneumoniamnist_normal_2280_filtered/normal_1183.png,0.9705727696418762
/content/drive/MyDrive/MedSymmFlow_Project/synthetic_data/pneumoniamnist_normal_2280_filtered/normal_2130.png,/content/drive/MyDrive/MedSymmFlow_Project/synthetic_data/pneumoniamnist_normal_2280_filtered/normal_1118.png,0.9705675840377808
/content/drive/MyDrive/MedSymmFlow_Project/synthetic_data/pneumoniamnist_normal_2280_filtered/normal_1026.png,/content/drive/MyDrive/MedSymmFlow_Project/synthetic_data/pneumoniamnist_normal_2280_filtered/normal_1012.png,0.9705642461776733
/content/drive/MyDrive/MedSymmFlow_Project/synthetic_data/pneumoniamnist_normal_2280_filtered/normal_1638.png,/content/drive/MyDrive/MedSymmFlow_Project/synthetic_data/pneumoniamnist_normal_2280_filtered/normal_0927.png,0.9705580472946167
/content/drive/MyDrive/MedSymmFlow_Project/synthetic_data/pneumoniamnist_normal_2280_filtered/normal_0368.png,/content/drive/MyDrive/MedSymmFlow_Project/synthetic_data/pneumoniamnist_normal_2280_filtered/normal_1543.png,0.9705524444580078
/content/drive/MyDrive/MedSymmFlow_Project/synthetic_data/pneumoniamnist_normal_2280_filtered/normal_1543.png,/content/drive/MyDrive/MedSymmFlow_Project/synthetic_data/pneumoniamnist_normal_2280_filtered/normal_0368.png,0.9705524444580078
/content/drive/MyDrive/MedSymmFlow_Project/synthetic_data/pneumoniamnist_normal_2280_filtered/normal_0528.png,/content/drive/MyDrive/MedSymmFlow_Project/synthetic_data/pneumoniamnist_normal_2280_filtered/normal_1767.png,0.9705445170402527
/content/drive/MyDrive/MedSymmFlow_Project/synthetic_data/pneumoniamnist_normal_2280_filtered/normal_1767.png,/content/drive/MyDrive/MedSymmFlow_Project/synthetic_data/pneumoniamnist_normal_2280_filtered/normal_0528.png,0.9705445170402527
/content/drive/MyDrive/MedSymmFlow_Project/synthetic_data/pneumoniamnist_normal_2280_filtered/normal_1792.png,/content/drive/MyDrive/MedSymmFlow_Project/synthetic_data/pneumoniamnist_normal_2280_filtered/normal_1036.png,0.9705389142036438
/content/drive/MyDrive/MedSymmFlow_Project/synthetic_data/pneumoniamnist_normal_2280_filtered/normal_0332.png,/content/drive/MyDrive/MedSymmFlow_Project/synthetic_data/pneumoniamnist_normal_2280_filtered/normal_0658.png,0.97053462266922
/content/drive/MyDrive/MedSymmFlow_Project/synthetic_data/pneumoniamnist_normal_2280_filtered/normal_0768.png,/content/drive/MyDrive/MedSymmFlow_Project/synthetic_data/pneumoniamnist_normal_2280_filtered/normal_1366.png,0.9705333113670349
/content/drive/MyDrive/MedSymmFlow_Project/synthetic_data/pneumoniamnist_normal_2280_filtered/normal_0030.png,/content/drive/MyDrive/MedSymmFlow_Project/synthetic_data/pneumoniamnist_normal_2280_filtered/normal_0646.png,0.9705230593681335
/content/drive/MyDrive/MedSymmFlow_Project/synthetic_data/pneumoniamnist_normal_2280_filtered/normal_2167.png,/content/drive/MyDrive/MedSymmFlow_Project/synthetic_data/pneumoniamnist_normal_2280_filtered/normal_2259.png,0.9705106019973755
/content/drive/MyDrive/MedSymmFlow_Project/synthetic_data/pneumoniamnist_normal_2280_filtered/normal_0885.png,/content/drive/MyDrive/MedSymmFlow_Project/synthetic_data/pneumoniamnist_normal_2280_filtered/normal_1439.png,0.9704974889755249
/content/drive/MyDrive/MedSymmFlow_Project/synthetic_data/pneumoniamnist_normal_2280_filtered/normal_0841.png,/content/drive/MyDrive/MedSymmFlow_Project/synthetic_data/pneumoniamnist_normal_2280_filtered/normal_0034.png,0.9704973697662354
/content/drive/MyDrive/MedSymmFlow_Project/synthetic_data/pneumoniamnist_normal_2280_filtered/normal_1506.png,/content/drive/MyDrive/MedSymmFlow_Project/synthetic_data/pneumoniamnist_normal_2280_filtered/normal_1497.png,0.9704955220222473
/content/drive/MyDrive/MedSymmFlow_Project/synthetic_data/pneumoniamnist_normal_2280_filtered/normal_1843.png,/content/drive/MyDrive/MedSymmFlow_Project/synthetic_data/pneumoniamnist_normal_2280_filtered/normal_1089.png,0.970491349697113
/content/drive/MyDrive/MedSymmFlow_Project/synthetic_data/pneumoniamnist_normal_2280_filtered/normal_1025.png,/content/drive/MyDrive/MedSymmFlow_Project/synthetic_data/pneumoniamnist_normal_2280_filtered/normal_0008.png,0.9704867601394653
/content/drive/MyDrive/MedSymmFlow_Project/synthetic_data/pneumoniamnist_normal_2280_filtered/normal_1620.png,/content/drive/MyDrive/MedSymmFlow_Project/synthetic_data/pneumoniamnist_normal_2280_filtered/normal_1769.png,0.9704787731170654
/content/drive/MyDrive/MedSymmFlow_Project/synthetic_data/pneumoniamnist_normal_2280_filtered/normal_0700.png,/content/drive/MyDrive/MedSymmFlow_Project/synthetic_data/pneumoniamnist_normal_2280_filtered/normal_1769.png,0.9704755544662476
/content/drive/MyDrive/MedSymmFlow_Project/synthetic_data/pneumoniamnist_normal_2280_filtered/normal_1020.png,/content/drive/MyDrive/MedSymmFlow_Project/synthetic_data/pneumoniamnist_normal_2280_filtered/normal_0581.png,0.9704512357711792
/content/drive/MyDrive/MedSymmFlow_Project/synthetic_data/pneumoniamnist_normal_2280_filtered/normal_2087.png,/content/drive/MyDrive/MedSymmFlow_Project/synthetic_data/pneumoniamnist_normal_2280_filtered/normal_0703.png,0.9704439640045166
/content/drive/MyDrive/MedSymmFlow_Project/synthetic_data/pneumoniamnist_normal_2280_filtered/normal_2063.png,/content/drive/MyDrive/MedSymmFlow_Project/synthetic_data/pneumoniamnist_normal_2280_filtered/normal_0616.png,0.9704415202140808
/content/drive/MyDrive/MedSymmFlow_Project/synthetic_data/pneumoniamnist_normal_2280_filtered/normal_0616.png,/content/drive/MyDrive/MedSymmFlow_Project/synthetic_data/pneumoniamnist_normal_2280_filtered/normal_2063.png,0.9704415202140808
/content/drive/MyDrive/MedSymmFlow_Project/synthetic_data/pneumoniamnist_normal_2280_filtered/normal_1596.png,/content/drive/MyDrive/MedSymmFlow_Project/synthetic_data/pneumoniamnist_normal_2280_filtered/normal_0425.png,0.9704369306564331
/content/drive/MyDrive/MedSymmFlow_Project/synthetic_data/pneumoniamnist_normal_2280_filtered/normal_0425.png,/content/drive/MyDrive/MedSymmFlow_Project/synthetic_data/pneumoniamnist_normal_2280_filtered/normal_1596.png,0.9704369306564331
/content/drive/MyDrive/MedSymmFlow_Project/synthetic_data/pneumoniamnist_normal_2280_filtered/normal_0704.png,/content/drive/MyDrive/MedSymmFlow_Project/synthetic_data/pneumoniamnist_normal_2280_filtered/normal_1730.png,0.9704337120056152
/content/drive/MyDrive/MedSymmFlow_Project/synthetic_data/pneumoniamnist_normal_2280_filtered/normal_0253.png,/content/drive/MyDrive/MedSymmFlow_Project/synthetic_data/pneumoniamnist_normal_2280_filtered/normal_0524.png,0.9704223871231079
/content/drive/MyDrive/MedSymmFlow_Project/synthetic_data/pneumoniamnist_normal_2280_filtered/normal_0708.png,/content/drive/MyDrive/MedSymmFlow_Project/synthetic_data/pneumoniamnist_normal_2280_filtered/normal_0901.png,0.9704203605651855
/content/drive/MyDrive/MedSymmFlow_Project/synthetic_data/pneumoniamnist_normal_2280_filtered/normal_0901.png,/content/drive/MyDrive/MedSymmFlow_Project/synthetic_data/pneumoniamnist_normal_2280_filtered/normal_0708.png,0.9704203605651855
/content/drive/MyDrive/MedSymmFlow_Project/synthetic_data/pneumoniamnist_normal_2280_filtered/normal_1947.png,/content/drive/MyDrive/MedSymmFlow_Project/synthetic_data/pneumoniamnist_normal_2280_filtered/normal_0729.png,0.9704056978225708
/content/drive/MyDrive/MedSymmFlow_Project/synthetic_data/pneumoniamnist_normal_2280_filtered/normal_0547.png,/content/drive/MyDrive/MedSymmFlow_Project/synthetic_data/pneumoniamnist_normal_2280_filtered/normal_1826.png,0.9704014658927917
/content/drive/MyDrive/MedSymmFlow_Project/synthetic_data/pneumoniamnist_normal_2280_filtered/normal_0309.png,/content/drive/MyDrive/MedSymmFlow_Project/synthetic_data/pneumoniamnist_normal_2280_filtered/normal_0159.png,0.9703857898712158
/content/drive/MyDrive/MedSymmFlow_Project/synthetic_data/pneumoniamnist_normal_2280_filtered/normal_1033.png,/content/drive/MyDrive/MedSymmFlow_Project/synthetic_data/pneumoniamnist_normal_2280_filtered/normal_0540.png,0.9703848958015442
/content/drive/MyDrive/MedSymmFlow_Project/synthetic_data/pneumoniamnist_normal_2280_filtered/normal_1935.png,/content/drive/MyDrive/MedSymmFlow_Project/synthetic_data/pneumoniamnist_normal_2280_filtered/normal_1722.png,0.9703794717788696
/content/drive/MyDrive/MedSymmFlow_Project/synthetic_data/pneumoniamnist_normal_2280_filtered/normal_0542.png,/content/drive/MyDrive/MedSymmFlow_Project/synthetic_data/pneumoniamnist_normal_2280_filtered/normal_0019.png,0.9703740477561951
/content/drive/MyDrive/MedSymmFlow_Project/synthetic_data/pneumoniamnist_normal_2280_filtered/normal_2206.png,/content/drive/MyDrive/MedSymmFlow_Project/synthetic_data/pneumoniamnist_normal_2280_filtered/normal_1831.png,0.9703646898269653
/content/drive/MyDrive/MedSymmFlow_Project/synthetic_data/pneumoniamnist_normal_2280_filtered/normal_0950.png,/content/drive/MyDrive/MedSymmFlow_Project/synthetic_data/pneumoniamnist_normal_2280_filtered/normal_1506.png,0.9703637361526489
/content/drive/MyDrive/MedSymmFlow_Project/synthetic_data/pneumoniamnist_normal_2280_filtered/normal_0913.png,/content/drive/MyDrive/MedSymmFlow_Project/synthetic_data/pneumoniamnist_normal_2280_filtered/normal_1091.png,0.9703544974327087
/content/drive/MyDrive/MedSymmFlow_Project/synthetic_data/pneumoniamnist_normal_2280_filtered/normal_1074.png,/content/drive/MyDrive/MedSymmFlow_Project/synthetic_data/pneumoniamnist_normal_2280_filtered/normal_0540.png,0.9703537225723267
/content/drive/MyDrive/MedSymmFlow_Project/synthetic_data/pneumoniamnist_normal_2280_filtered/normal_0247.png,/content/drive/MyDrive/MedSymmFlow_Project/synthetic_data/pneumoniamnist_normal_2280_filtered/normal_0609.png,0.9703519940376282
/content/drive/MyDrive/MedSymmFlow_Project/synthetic_data/pneumoniamnist_normal_2280_filtered/normal_2078.png,/content/drive/MyDrive/MedSymmFlow_Project/synthetic_data/pneumoniamnist_normal_2280_filtered/normal_1667.png,0.9703508019447327
/content/drive/MyDrive/MedSymmFlow_Project/synthetic_data/pneumoniamnist_normal_2280_filtered/normal_0361.png,/content/drive/MyDrive/MedSymmFlow_Project/synthetic_data/pneumoniamnist_normal_2280_filtered/normal_0095.png,0.9703506231307983
/content/drive/MyDrive/MedSymmFlow_Project/synthetic_data/pneumoniamnist_normal_2280_filtered/normal_2035.png,/content/drive/MyDrive/MedSymmFlow_Project/synthetic_data/pneumoniamnist_normal_2280_filtered/normal_0405.png,0.9703500270843506
/content/drive/MyDrive/MedSymmFlow_Project/synthetic_data/pneumoniamnist_normal_2280_filtered/normal_0405.png,/content/drive/MyDrive/MedSymmFlow_Project/synthetic_data/pneumoniamnist_normal_2280_filtered/normal_2035.png,0.9703500270843506
/content/drive/MyDrive/MedSymmFlow_Project/synthetic_data/pneumoniamnist_normal_2280_filtered/normal_0958.png,/content/drive/MyDrive/MedSymmFlow_Project/synthetic_data/pneumoniamnist_normal_2280_filtered/normal_0214.png,0.9703460931777954
/content/drive/MyDrive/MedSymmFlow_Project/synthetic_data/pneumoniamnist_normal_2280_filtered/normal_1806.png,/content/drive/MyDrive/MedSymmFlow_Project/synthetic_data/pneumoniamnist_normal_2280_filtered/normal_1304.png,0.970333456993103
/content/drive/MyDrive/MedSymmFlow_Project/synthetic_data/pneumoniamnist_normal_2280_filtered/normal_2046.png,/content/drive/MyDrive/MedSymmFlow_Project/synthetic_data/pneumoniamnist_normal_2280_filtered/normal_1845.png,0.9703301787376404
/content/drive/MyDrive/MedSymmFlow_Project/synthetic_data/pneumoniamnist_normal_2280_filtered/normal_1713.png,/content/drive/MyDrive/MedSymmFlow_Project/synthetic_data/pneumoniamnist_normal_2280_filtered/normal_2206.png,0.9703179001808167
/content/drive/MyDrive/MedSymmFlow_Project/synthetic_data/pneumoniamnist_normal_2280_filtered/normal_1135.png,/content/drive/MyDrive/MedSymmFlow_Project/synthetic_data/pneumoniamnist_normal_2280_filtered/normal_0010.png,0.9702953696250916
/content/drive/MyDrive/MedSymmFlow_Project/synthetic_data/pneumoniamnist_normal_2280_filtered/normal_1864.png,/content/drive/MyDrive/MedSymmFlow_Project/synthetic_data/pneumoniamnist_normal_2280_filtered/normal_0524.png,0.9702709317207336
/content/drive/MyDrive/MedSymmFlow_Project/synthetic_data/pneumoniamnist_normal_2280_filtered/normal_1171.png,/content/drive/MyDrive/MedSymmFlow_Project/synthetic_data/pneumoniamnist_normal_2280_filtered/normal_0787.png,0.9702683687210083
/content/drive/MyDrive/MedSymmFlow_Project/synthetic_data/pneumoniamnist_normal_2280_filtered/normal_0787.png,/content/drive/MyDrive/MedSymmFlow_Project/synthetic_data/pneumoniamnist_normal_2280_filtered/normal_1171.png,0.9702683687210083
/content/drive/MyDrive/MedSymmFlow_Project/synthetic_data/pneumoniamnist_normal_2280_filtered/normal_2258.png,/content/drive/MyDrive/MedSymmFlow_Project/synthetic_data/pneumoniamnist_normal_2280_filtered/normal_2037.png,0.9702672362327576
/content/drive/MyDrive/MedSymmFlow_Project/synthetic_data/pneumoniamnist_normal_2280_filtered/normal_0972.png,/content/drive/MyDrive/MedSymmFlow_Project/synthetic_data/pneumoniamnist_normal_2280_filtered/normal_1663.png,0.9702552556991577
/content/drive/MyDrive/MedSymmFlow_Project/synthetic_data/pneumoniamnist_normal_2280_filtered/normal_1663.png,/content/drive/MyDrive/MedSymmFlow_Project/synthetic_data/pneumoniamnist_normal_2280_filtered/normal_0972.png,0.9702552556991577
/content/drive/MyDrive/MedSymmFlow_Project/synthetic_data/pneumoniamnist_normal_2280_filtered/normal_1197.png,/content/drive/MyDrive/MedSymmFlow_Project/synthetic_data/pneumoniamnist_normal_2280_filtered/normal_1205.png,0.9702401161193848
/content/drive/MyDrive/MedSymmFlow_Project/synthetic_data/pneumoniamnist_normal_2280_filtered/normal_1205.png,/content/drive/MyDrive/MedSymmFlow_Project/synthetic_data/pneumoniamnist_normal_2280_filtered/normal_1197.png,0.9702401161193848
/content/drive/MyDrive/MedSymmFlow_Project/synthetic_data/pneumoniamnist_normal_2280_filtered/normal_1041.png,/content/drive/MyDrive/MedSymmFlow_Project/synthetic_data/pneumoniamnist_normal_2280_filtered/normal_0721.png,0.970227837562561
/content/drive/MyDrive/MedSymmFlow_Project/synthetic_data/pneumoniamnist_normal_2280_filtered/normal_0673.png,/content/drive/MyDrive/MedSymmFlow_Project/synthetic_data/pneumoniamnist_normal_2280_filtered/normal_0519.png,0.97021484375
/content/drive/MyDrive/MedSymmFlow_Project/synthetic_data/pneumoniamnist_normal_2280_filtered/normal_0519.png,/content/drive/MyDrive/MedSymmFlow_Project/synthetic_data/pneumoniamnist_normal_2280_filtered/normal_0673.png,0.97021484375
/content/drive/MyDrive/MedSymmFlow_Project/synthetic_data/pneumoniamnist_normal_2280_filtered/normal_1951.png,/content/drive/MyDrive/MedSymmFlow_Project/synthetic_data/pneumoniamnist_normal_2280_filtered/normal_1485.png,0.9702140092849731
/content/drive/MyDrive/MedSymmFlow_Project/synthetic_data/pneumoniamnist_normal_2280_filtered/normal_2226.png,/content/drive/MyDrive/MedSymmFlow_Project/synthetic_data/pneumoniamnist_normal_2280_filtered/normal_2081.png,0.970210075378418
/content/drive/MyDrive/MedSymmFlow_Project/synthetic_data/pneumoniamnist_normal_2280_filtered/normal_1319.png,/content/drive/MyDrive/MedSymmFlow_Project/synthetic_data/pneumoniamnist_normal_2280_filtered/normal_0292.png,0.9702099561691284
/content/drive/MyDrive/MedSymmFlow_Project/synthetic_data/pneumoniamnist_normal_2280_filtered/normal_0463.png,/content/drive/MyDrive/MedSymmFlow_Project/synthetic_data/pneumoniamnist_normal_2280_filtered/normal_1488.png,0.9701789617538452
/content/drive/MyDrive/MedSymmFlow_Project/synthetic_data/pneumoniamnist_normal_2280_filtered/normal_2248.png,/content/drive/MyDrive/MedSymmFlow_Project/synthetic_data/pneumoniamnist_normal_2280_filtered/normal_2053.png,0.9701665639877319
/content/drive/MyDrive/MedSymmFlow_Project/synthetic_data/pneumoniamnist_normal_2280_filtered/normal_1249.png,/content/drive/MyDrive/MedSymmFlow_Project/synthetic_data/pneumoniamnist_normal_2280_filtered/normal_0738.png,0.9701658487319946
/content/drive/MyDrive/MedSymmFlow_Project/synthetic_data/pneumoniamnist_normal_2280_filtered/normal_1476.png,/content/drive/MyDrive/MedSymmFlow_Project/synthetic_data/pneumoniamnist_normal_2280_filtered/normal_1311.png,0.970153272151947
/content/drive/MyDrive/MedSymmFlow_Project/synthetic_data/pneumoniamnist_normal_2280_filtered/normal_2118.png,/content/drive/MyDrive/MedSymmFlow_Project/synthetic_data/pneumoniamnist_normal_2280_filtered/normal_1550.png,0.9701440334320068
/content/drive/MyDrive/MedSymmFlow_Project/synthetic_data/pneumoniamnist_normal_2280_filtered/normal_1698.png,/content/drive/MyDrive/MedSymmFlow_Project/synthetic_data/pneumoniamnist_normal_2280_filtered/normal_0663.png,0.9701349139213562
/content/drive/MyDrive/MedSymmFlow_Project/synthetic_data/pneumoniamnist_normal_2280_filtered/normal_2123.png,/content/drive/MyDrive/MedSymmFlow_Project/synthetic_data/pneumoniamnist_normal_2280_filtered/normal_1759.png,0.97011399269104
/content/drive/MyDrive/MedSymmFlow_Project/synthetic_data/pneumoniamnist_normal_2280_filtered/normal_0320.png,/content/drive/MyDrive/MedSymmFlow_Project/synthetic_data/pneumoniamnist_normal_2280_filtered/normal_1396.png,0.9701137542724609
/content/drive/MyDrive/MedSymmFlow_Project/synthetic_data/pneumoniamnist_normal_2280_filtered/normal_0991.png,/content/drive/MyDrive/MedSymmFlow_Project/synthetic_data/pneumoniamnist_normal_2280_filtered/normal_1271.png,0.970099687576294
/content/drive/MyDrive/MedSymmFlow_Project/synthetic_data/pneumoniamnist_normal_2280_filtered/normal_1392.png,/content/drive/MyDrive/MedSymmFlow_Project/synthetic_data/pneumoniamnist_normal_2280_filtered/normal_0860.png,0.9700965881347656
/content/drive/MyDrive/MedSymmFlow_Project/synthetic_data/pneumoniamnist_normal_2280_filtered/normal_2200.png,/content/drive/MyDrive/MedSymmFlow_Project/synthetic_data/pneumoniamnist_normal_2280_filtered/normal_1621.png,0.9700911045074463
/content/drive/MyDrive/MedSymmFlow_Project/synthetic_data/pneumoniamnist_normal_2280_filtered/normal_1968.png,/content/drive/MyDrive/MedSymmFlow_Project/synthetic_data/pneumoniamnist_normal_2280_filtered/normal_2048.png,0.9700704216957092
/content/drive/MyDrive/MedSymmFlow_Project/synthetic_data/pneumoniamnist_normal_2280_filtered/normal_0269.png,/content/drive/MyDrive/MedSymmFlow_Project/synthetic_data/pneumoniamnist_normal_2280_filtered/normal_1263.png,0.9700678586959839
/content/drive/MyDrive/MedSymmFlow_Project/synthetic_data/pneumoniamnist_normal_2280_filtered/normal_2171.png,/content/drive/MyDrive/MedSymmFlow_Project/synthetic_data/pneumoniamnist_normal_2280_filtered/normal_1654.png,0.9700644016265869
/content/drive/MyDrive/MedSymmFlow_Project/synthetic_data/pneumoniamnist_normal_2280_filtered/normal_1654.png,/content/drive/MyDrive/MedSymmFlow_Project/synthetic_data/pneumoniamnist_normal_2280_filtered/normal_2171.png,0.9700644016265869
/content/drive/MyDrive/MedSymmFlow_Project/synthetic_data/pneumoniamnist_normal_2280_filtered/normal_2076.png,/content/drive/MyDrive/MedSymmFlow_Project/synthetic_data/pneumoniamnist_normal_2280_filtered/normal_1305.png,0.9700422883033752
/content/drive/MyDrive/MedSymmFlow_Project/synthetic_data/pneumoniamnist_normal_2280_filtered/normal_0990.png,/content/drive/MyDrive/MedSymmFlow_Project/synthetic_data/pneumoniamnist_normal_2280_filtered/normal_1075.png,0.9700415134429932
/content/drive/MyDrive/MedSymmFlow_Project/synthetic_data/pneumoniamnist_normal_2280_filtered/normal_1629.png,/content/drive/MyDrive/MedSymmFlow_Project/synthetic_data/pneumoniamnist_normal_2280_filtered/normal_1932.png,0.9700342416763306
/content/drive/MyDrive/MedSymmFlow_Project/synthetic_data/pneumoniamnist_normal_2280_filtered/normal_1932.png,/content/drive/MyDrive/MedSymmFlow_Project/synthetic_data/pneumoniamnist_normal_2280_filtered/normal_1629.png,0.9700342416763306
/content/drive/MyDrive/MedSymmFlow_Project/synthetic_data/pneumoniamnist_normal_2280_filtered/normal_0879.png,/content/drive/MyDrive/MedSymmFlow_Project/synthetic_data/pneumoniamnist_normal_2280_filtered/normal_1198.png,0.9700301885604858
/content/drive/MyDrive/MedSymmFlow_Project/synthetic_data/pneumoniamnist_normal_2280_filtered/normal_1198.png,/content/drive/MyDrive/MedSymmFlow_Project/synthetic_data/pneumoniamnist_normal_2280_filtered/normal_0879.png,0.9700301885604858
/content/drive/MyDrive/MedSymmFlow_Project/synthetic_data/pneumoniamnist_normal_2280_filtered/normal_0728.png,/content/drive/MyDrive/MedSymmFlow_Project/synthetic_data/pneumoniamnist_normal_2280_filtered/normal_0078.png,0.9700288772583008
/content/drive/MyDrive/MedSymmFlow_Project/synthetic_data/pneumoniamnist_normal_2280_filtered/normal_1882.png,/content/drive/MyDrive/MedSymmFlow_Project/synthetic_data/pneumoniamnist_normal_2280_filtered/normal_2030.png,0.9700281620025635
/content/drive/MyDrive/MedSymmFlow_Project/synthetic_data/pneumoniamnist_normal_2280_filtered/normal_2030.png,/content/drive/MyDrive/MedSymmFlow_Project/synthetic_data/pneumoniamnist_normal_2280_filtered/normal_1882.png,0.9700281620025635
/content/drive/MyDrive/MedSymmFlow_Project/synthetic_data/pneumoniamnist_normal_2280_filtered/normal_1687.png,/content/drive/MyDrive/MedSymmFlow_Project/synthetic_data/pneumoniamnist_normal_2280_filtered/normal_1424.png,0.9700273871421814
/content/drive/MyDrive/MedSymmFlow_Project/synthetic_data/pneumoniamnist_normal_2280_filtered/normal_1095.png,/content/drive/MyDrive/MedSymmFlow_Project/synthetic_data/pneumoniamnist_normal_2280_filtered/normal_0617.png,0.9700253009796143
/content/drive/MyDrive/MedSymmFlow_Project/synthetic_data/pneumoniamnist_normal_2280_filtered/normal_1732.png,/content/drive/MyDrive/MedSymmFlow_Project/synthetic_data/pneumoniamnist_normal_2280_filtered/normal_1265.png,0.9700239896774292
/content/drive/MyDrive/MedSymmFlow_Project/synthetic_data/pneumoniamnist_normal_2280_filtered/normal_1031.png,/content/drive/MyDrive/MedSymmFlow_Project/synthetic_data/pneumoniamnist_normal_2280_filtered/normal_1446.png,0.9700203537940979
/content/drive/MyDrive/MedSymmFlow_Project/synthetic_data/pneumoniamnist_normal_2280_filtered/normal_1446.png,/content/drive/MyDrive/MedSymmFlow_Project/synthetic_data/pneumoniamnist_normal_2280_filtered/normal_1031.png,0.9700203537940979
/content/drive/MyDrive/MedSymmFlow_Project/synthetic_data/pneumoniamnist_normal_2280_filtered/normal_2222.png,/content/drive/MyDrive/MedSymmFlow_Project/synthetic_data/pneumoniamnist_normal_2280_filtered/normal_0640.png,0.9700080156326294
/content/drive/MyDrive/MedSymmFlow_Project/synthetic_data/pneumoniamnist_normal_2280_filtered/normal_1199.png,/content/drive/MyDrive/MedSymmFlow_Project/synthetic_data/pneumoniamnist_normal_2280_filtered/normal_0708.png,0.9700024127960205
/content/drive/MyDrive/MedSymmFlow_Project/synthetic_data/pneumoniamnist_normal_2280_filtered/normal_1741.png,/content/drive/MyDrive/MedSymmFlow_Project/synthetic_data/pneumoniamnist_normal_2280_filtered/normal_2269.png,0.9699983596801758
/content/drive/MyDrive/MedSymmFlow_Project/synthetic_data/pneumoniamnist_normal_2280_filtered/normal_0370.png,/content/drive/MyDrive/MedSymmFlow_Project/synthetic_data/pneumoniamnist_normal_2280_filtered/normal_0807.png,0.9699739217758179
/content/drive/MyDrive/MedSymmFlow_Project/synthetic_data/pneumoniamnist_normal_2280_filtered/normal_0946.png,/content/drive/MyDrive/MedSymmFlow_Project/synthetic_data/pneumoniamnist_normal_2280_filtered/normal_1575.png,0.9699680209159851
/content/drive/MyDrive/MedSymmFlow_Project/synthetic_data/pneumoniamnist_normal_2280_filtered/normal_1821.png,/content/drive/MyDrive/MedSymmFlow_Project/synthetic_data/pneumoniamnist_normal_2280_filtered/normal_1732.png,0.9699665307998657
/content/drive/MyDrive/MedSymmFlow_Project/synthetic_data/pneumoniamnist_normal_2280_filtered/normal_0088.png,/content/drive/MyDrive/MedSymmFlow_Project/synthetic_data/pneumoniamnist_normal_2280_filtered/normal_0724.png,0.9699620604515076
/content/drive/MyDrive/MedSymmFlow_Project/synthetic_data/pneumoniamnist_normal_2280_filtered/normal_1746.png,/content/drive/MyDrive/MedSymmFlow_Project/synthetic_data/pneumoniamnist_normal_2280_filtered/normal_1601.png,0.9699608087539673
/content/drive/MyDrive/MedSymmFlow_Project/synthetic_data/pneumoniamnist_normal_2280_filtered/normal_1601.png,/content/drive/MyDrive/MedSymmFlow_Project/synthetic_data/pneumoniamnist_normal_2280_filtered/normal_1746.png,0.9699608087539673
/content/drive/MyDrive/MedSymmFlow_Project/synthetic_data/pneumoniamnist_normal_2280_filtered/normal_0347.png,/content/drive/MyDrive/MedSymmFlow_Project/synthetic_data/pneumoniamnist_normal_2280_filtered/normal_0465.png,0.9699586629867554
/content/drive/MyDrive/MedSymmFlow_Project/synthetic_data/pneumoniamnist_normal_2280_filtered/normal_0033.png,/content/drive/MyDrive/MedSymmFlow_Project/synthetic_data/pneumoniamnist_normal_2280_filtered/normal_0699.png,0.9699581861495972
/content/drive/MyDrive/MedSymmFlow_Project/synthetic_data/pneumoniamnist_normal_2280_filtered/normal_1275.png,/content/drive/MyDrive/MedSymmFlow_Project/synthetic_data/pneumoniamnist_normal_2280_filtered/normal_1625.png,0.9699536561965942
/content/drive/MyDrive/MedSymmFlow_Project/synthetic_data/pneumoniamnist_normal_2280_filtered/normal_0552.png,/content/drive/MyDrive/MedSymmFlow_Project/synthetic_data/pneumoniamnist_normal_2280_filtered/normal_1315.png,0.9699496626853943
/content/drive/MyDrive/MedSymmFlow_Project/synthetic_data/pneumoniamnist_normal_2280_filtered/normal_1315.png,/content/drive/MyDrive/MedSymmFlow_Project/synthetic_data/pneumoniamnist_normal_2280_filtered/normal_0552.png,0.9699496626853943
/content/drive/MyDrive/MedSymmFlow_Project/synthetic_data/pneumoniamnist_normal_2280_filtered/normal_2013.png,/content/drive/MyDrive/MedSymmFlow_Project/synthetic_data/pneumoniamnist_normal_2280_filtered/normal_0447.png,0.9699480533599854
/content/drive/MyDrive/MedSymmFlow_Project/synthetic_data/pneumoniamnist_normal_2280_filtered/normal_0093.png,/content/drive/MyDrive/MedSymmFlow_Project/synthetic_data/pneumoniamnist_normal_2280_filtered/normal_2146.png,0.969944953918457
/content/drive/MyDrive/MedSymmFlow_Project/synthetic_data/pneumoniamnist_normal_2280_filtered/normal_2146.png,/content/drive/MyDrive/MedSymmFlow_Project/synthetic_data/pneumoniamnist_normal_2280_filtered/normal_0093.png,0.969944953918457
/content/drive/MyDrive/MedSymmFlow_Project/synthetic_data/pneumoniamnist_normal_2280_filtered/normal_0676.png,/content/drive/MyDrive/MedSymmFlow_Project/synthetic_data/pneumoniamnist_normal_2280_filtered/normal_1149.png,0.9699438810348511
/content/drive/MyDrive/MedSymmFlow_Project/synthetic_data/pneumoniamnist_normal_2280_filtered/normal_1786.png,/content/drive/MyDrive/MedSymmFlow_Project/synthetic_data/pneumoniamnist_normal_2280_filtered/normal_2085.png,0.9699282646179199
/content/drive/MyDrive/MedSymmFlow_Project/synthetic_data/pneumoniamnist_normal_2280_filtered/normal_0955.png,/content/drive/MyDrive/MedSymmFlow_Project/synthetic_data/pneumoniamnist_normal_2280_filtered/normal_1947.png,0.9699225425720215
/content/drive/MyDrive/MedSymmFlow_Project/synthetic_data/pneumoniamnist_normal_2280_filtered/normal_0553.png,/content/drive/MyDrive/MedSymmFlow_Project/synthetic_data/pneumoniamnist_normal_2280_filtered/normal_2085.png,0.9699161052703857
/content/drive/MyDrive/MedSymmFlow_Project/synthetic_data/pneumoniamnist_normal_2280_filtered/normal_0905.png,/content/drive/MyDrive/MedSymmFlow_Project/synthetic_data/pneumoniamnist_normal_2280_filtered/normal_0495.png,0.9699092507362366
/content/drive/MyDrive/MedSymmFlow_Project/synthetic_data/pneumoniamnist_normal_2280_filtered/normal_0495.png,/content/drive/MyDrive/MedSymmFlow_Project/synthetic_data/pneumoniamnist_normal_2280_filtered/normal_0905.png,0.9699092507362366
/content/drive/MyDrive/MedSymmFlow_Project/synthetic_data/pneumoniamnist_normal_2280_filtered/normal_0432.png,/content/drive/MyDrive/MedSymmFlow_Project/synthetic_data/pneumoniamnist_normal_2280_filtered/normal_0542.png,0.9699083566665649
/content/drive/MyDrive/MedSymmFlow_Project/synthetic_data/pneumoniamnist_normal_2280_filtered/normal_1120.png,/content/drive/MyDrive/MedSymmFlow_Project/synthetic_data/pneumoniamnist_normal_2280_filtered/normal_2172.png,0.9698851108551025
/content/drive/MyDrive/MedSymmFlow_Project/synthetic_data/pneumoniamnist_normal_2280_filtered/normal_1423.png,/content/drive/MyDrive/MedSymmFlow_Project/synthetic_data/pneumoniamnist_normal_2280_filtered/normal_1372.png,0.9698837995529175
/content/drive/MyDrive/MedSymmFlow_Project/synthetic_data/pneumoniamnist_normal_2280_filtered/normal_2196.png,/content/drive/MyDrive/MedSymmFlow_Project/synthetic_data/pneumoniamnist_normal_2280_filtered/normal_0226.png,0.9698586463928223
/content/drive/MyDrive/MedSymmFlow_Project/synthetic_data/pneumoniamnist_normal_2280_filtered/normal_1676.png,/content/drive/MyDrive/MedSymmFlow_Project/synthetic_data/pneumoniamnist_normal_2280_filtered/normal_0237.png,0.9698379039764404
/content/drive/MyDrive/MedSymmFlow_Project/synthetic_data/pneumoniamnist_normal_2280_filtered/normal_0237.png,/content/drive/MyDrive/MedSymmFlow_Project/synthetic_data/pneumoniamnist_normal_2280_filtered/normal_1676.png,0.9698379039764404
/content/drive/MyDrive/MedSymmFlow_Project/synthetic_data/pneumoniamnist_normal_2280_filtered/normal_1111.png,/content/drive/MyDrive/MedSymmFlow_Project/synthetic_data/pneumoniamnist_normal_2280_filtered/normal_0136.png,0.9698348045349121
/content/drive/MyDrive/MedSymmFlow_Project/synthetic_data/pneumoniamnist_normal_2280_filtered/normal_1087.png,/content/drive/MyDrive/MedSymmFlow_Project/synthetic_data/pneumoniamnist_normal_2280_filtered/normal_0019.png,0.9698232412338257
/content/drive/MyDrive/MedSymmFlow_Project/synthetic_data/pneumoniamnist_normal_2280_filtered/normal_0014.png,/content/drive/MyDrive/MedSymmFlow_Project/synthetic_data/pneumoniamnist_normal_2280_filtered/normal_1248.png,0.9698189496994019
/content/drive/MyDrive/MedSymmFlow_Project/synthetic_data/pneumoniamnist_normal_2280_filtered/normal_2140.png,/content/drive/MyDrive/MedSymmFlow_Project/synthetic_data/pneumoniamnist_normal_2280_filtered/normal_1827.png,0.9698014855384827
/content/drive/MyDrive/MedSymmFlow_Project/synthetic_data/pneumoniamnist_normal_2280_filtered/normal_1827.png,/content/drive/MyDrive/MedSymmFlow_Project/synthetic_data/pneumoniamnist_normal_2280_filtered/normal_2140.png,0.9698014855384827
/content/drive/MyDrive/MedSymmFlow_Project/synthetic_data/pneumoniamnist_normal_2280_filtered/normal_0154.png,/content/drive/MyDrive/MedSymmFlow_Project/synthetic_data/pneumoniamnist_normal_2280_filtered/normal_1099.png,0.9697802066802979
/content/drive/MyDrive/MedSymmFlow_Project/synthetic_data/pneumoniamnist_normal_2280_filtered/normal_1099.png,/content/drive/MyDrive/MedSymmFlow_Project/synthetic_data/pneumoniamnist_normal_2280_filtered/normal_0154.png,0.9697802066802979
/content/drive/MyDrive/MedSymmFlow_Project/synthetic_data/pneumoniamnist_normal_2280_filtered/normal_0733.png,/content/drive/MyDrive/MedSymmFlow_Project/synthetic_data/pneumoniamnist_normal_2280_filtered/normal_0565.png,0.9697799682617188
/content/drive/MyDrive/MedSymmFlow_Project/synthetic_data/pneumoniamnist_normal_2280_filtered/normal_1484.png,/content/drive/MyDrive/MedSymmFlow_Project/synthetic_data/pneumoniamnist_normal_2280_filtered/normal_1786.png,0.9697768092155457
/content/drive/MyDrive/MedSymmFlow_Project/synthetic_data/pneumoniamnist_normal_2280_filtered/normal_1876.png,/content/drive/MyDrive/MedSymmFlow_Project/synthetic_data/pneumoniamnist_normal_2280_filtered/normal_1307.png,0.9697632789611816
/content/drive/MyDrive/MedSymmFlow_Project/synthetic_data/pneumoniamnist_normal_2280_filtered/normal_0696.png,/content/drive/MyDrive/MedSymmFlow_Project/synthetic_data/pneumoniamnist_normal_2280_filtered/normal_0721.png,0.9697591066360474
/content/drive/MyDrive/MedSymmFlow_Project/synthetic_data/pneumoniamnist_normal_2280_filtered/normal_1640.png,/content/drive/MyDrive/MedSymmFlow_Project/synthetic_data/pneumoniamnist_normal_2280_filtered/normal_0495.png,0.9697515368461609
/content/drive/MyDrive/MedSymmFlow_Project/synthetic_data/pneumoniamnist_normal_2280_filtered/normal_0507.png,/content/drive/MyDrive/MedSymmFlow_Project/synthetic_data/pneumoniamnist_normal_2280_filtered/normal_1723.png,0.969744086265564
/content/drive/MyDrive/MedSymmFlow_Project/synthetic_data/pneumoniamnist_normal_2280_filtered/normal_1723.png,/content/drive/MyDrive/MedSymmFlow_Project/synthetic_data/pneumoniamnist_normal_2280_filtered/normal_0507.png,0.969744086265564
/content/drive/MyDrive/MedSymmFlow_Project/synthetic_data/pneumoniamnist_normal_2280_filtered/normal_1966.png,/content/drive/MyDrive/MedSymmFlow_Project/synthetic_data/pneumoniamnist_normal_2280_filtered/normal_0801.png,0.969741702079773
/content/drive/MyDrive/MedSymmFlow_Project/synthetic_data/pneumoniamnist_normal_2280_filtered/normal_0801.png,/content/drive/MyDrive/MedSymmFlow_Project/synthetic_data/pneumoniamnist_normal_2280_filtered/normal_1966.png,0.969741702079773
/content/drive/MyDrive/MedSymmFlow_Project/synthetic_data/pneumoniamnist_normal_2280_filtered/normal_1893.png,/content/drive/MyDrive/MedSymmFlow_Project/synthetic_data/pneumoniamnist_normal_2280_filtered/normal_2194.png,0.9697312116622925
/content/drive/MyDrive/MedSymmFlow_Project/synthetic_data/pneumoniamnist_normal_2280_filtered/normal_1469.png,/content/drive/MyDrive/MedSymmFlow_Project/synthetic_data/pneumoniamnist_normal_2280_filtered/normal_1505.png,0.9697303771972656
/content/drive/MyDrive/MedSymmFlow_Project/synthetic_data/pneumoniamnist_normal_2280_filtered/normal_0597.png,/content/drive/MyDrive/MedSymmFlow_Project/synthetic_data/pneumoniamnist_normal_2280_filtered/normal_0235.png,0.969720721244812
/content/drive/MyDrive/MedSymmFlow_Project/synthetic_data/pneumoniamnist_normal_2280_filtered/normal_0978.png,/content/drive/MyDrive/MedSymmFlow_Project/synthetic_data/pneumoniamnist_normal_2280_filtered/normal_1428.png,0.9697118997573853
/content/drive/MyDrive/MedSymmFlow_Project/synthetic_data/pneumoniamnist_normal_2280_filtered/normal_0756.png,/content/drive/MyDrive/MedSymmFlow_Project/synthetic_data/pneumoniamnist_normal_2280_filtered/normal_1428.png,0.9697074294090271
/content/drive/MyDrive/MedSymmFlow_Project/synthetic_data/pneumoniamnist_normal_2280_filtered/normal_1884.png,/content/drive/MyDrive/MedSymmFlow_Project/synthetic_data/pneumoniamnist_normal_2280_filtered/normal_1116.png,0.9697049856185913
/content/drive/MyDrive/MedSymmFlow_Project/synthetic_data/pneumoniamnist_normal_2280_filtered/normal_1151.png,/content/drive/MyDrive/MedSymmFlow_Project/synthetic_data/pneumoniamnist_normal_2280_filtered/normal_1628.png,0.9697022438049316
/content/drive/MyDrive/MedSymmFlow_Project/synthetic_data/pneumoniamnist_normal_2280_filtered/normal_1325.png,/content/drive/MyDrive/MedSymmFlow_Project/synthetic_data/pneumoniamnist_normal_2280_filtered/normal_1683.png,0.9696989059448242
/content/drive/MyDrive/MedSymmFlow_Project/synthetic_data/pneumoniamnist_normal_2280_filtered/normal_2218.png,/content/drive/MyDrive/MedSymmFlow_Project/synthetic_data/pneumoniamnist_normal_2280_filtered/normal_0640.png,0.9696973562240601
/content/drive/MyDrive/MedSymmFlow_Project/synthetic_data/pneumoniamnist_normal_2280_filtered/normal_1870.png,/content/drive/MyDrive/MedSymmFlow_Project/synthetic_data/pneumoniamnist_normal_2280_filtered/normal_2000.png,0.9696952700614929
/content/drive/MyDrive/MedSymmFlow_Project/synthetic_data/pneumoniamnist_normal_2280_filtered/normal_1518.png,/content/drive/MyDrive/MedSymmFlow_Project/synthetic_data/pneumoniamnist_normal_2280_filtered/normal_2199.png,0.9696802496910095
/content/drive/MyDrive/MedSymmFlow_Project/synthetic_data/pneumoniamnist_normal_2280_filtered/normal_2199.png,/content/drive/MyDrive/MedSymmFlow_Project/synthetic_data/pneumoniamnist_normal_2280_filtered/normal_1518.png,0.9696802496910095
/content/drive/MyDrive/MedSymmFlow_Project/synthetic_data/pneumoniamnist_normal_2280_filtered/normal_1402.png,/content/drive/MyDrive/MedSymmFlow_Project/synthetic_data/pneumoniamnist_normal_2280_filtered/normal_2166.png,0.9696794748306274
/content/drive/MyDrive/MedSymmFlow_Project/synthetic_data/pneumoniamnist_normal_2280_filtered/normal_0695.png,/content/drive/MyDrive/MedSymmFlow_Project/synthetic_data/pneumoniamnist_normal_2280_filtered/normal_0917.png,0.969675600528717
/content/drive/MyDrive/MedSymmFlow_Project/synthetic_data/pneumoniamnist_normal_2280_filtered/normal_1672.png,/content/drive/MyDrive/MedSymmFlow_Project/synthetic_data/pneumoniamnist_normal_2280_filtered/normal_0828.png,0.9696745872497559
/content/drive/MyDrive/MedSymmFlow_Project/synthetic_data/pneumoniamnist_normal_2280_filtered/normal_1993.png,/content/drive/MyDrive/MedSymmFlow_Project/synthetic_data/pneumoniamnist_normal_2280_filtered/normal_1385.png,0.9696711897850037
/content/drive/MyDrive/MedSymmFlow_Project/synthetic_data/pneumoniamnist_normal_2280_filtered/normal_0243.png,/content/drive/MyDrive/MedSymmFlow_Project/synthetic_data/pneumoniamnist_normal_2280_filtered/normal_1865.png,0.9696508646011353
/content/drive/MyDrive/MedSymmFlow_Project/synthetic_data/pneumoniamnist_normal_2280_filtered/normal_1865.png,/content/drive/MyDrive/MedSymmFlow_Project/synthetic_data/pneumoniamnist_normal_2280_filtered/normal_0243.png,0.9696508646011353
/content/drive/MyDrive/MedSymmFlow_Project/synthetic_data/pneumoniamnist_normal_2280_filtered/normal_1238.png,/content/drive/MyDrive/MedSymmFlow_Project/synthetic_data/pneumoniamnist_normal_2280_filtered/normal_1953.png,0.9696493148803711
/content/drive/MyDrive/MedSymmFlow_Project/synthetic_data/pneumoniamnist_normal_2280_filtered/normal_1953.png,/content/drive/MyDrive/MedSymmFlow_Project/synthetic_data/pneumoniamnist_normal_2280_filtered/normal_1238.png,0.9696493148803711
/content/drive/MyDrive/MedSymmFlow_Project/synthetic_data/pneumoniamnist_normal_2280_filtered/normal_2054.png,/content/drive/MyDrive/MedSymmFlow_Project/synthetic_data/pneumoniamnist_normal_2280_filtered/normal_0939.png,0.9696394205093384
/content/drive/MyDrive/MedSymmFlow_Project/synthetic_data/pneumoniamnist_normal_2280_filtered/normal_2177.png,/content/drive/MyDrive/MedSymmFlow_Project/synthetic_data/pneumoniamnist_normal_2280_filtered/normal_1506.png,0.9696272611618042
/content/drive/MyDrive/MedSymmFlow_Project/synthetic_data/pneumoniamnist_normal_2280_filtered/normal_0845.png,/content/drive/MyDrive/MedSymmFlow_Project/synthetic_data/pneumoniamnist_normal_2280_filtered/normal_0040.png,0.9696103930473328
/content/drive/MyDrive/MedSymmFlow_Project/synthetic_data/pneumoniamnist_normal_2280_filtered/normal_0040.png,/content/drive/MyDrive/MedSymmFlow_Project/synthetic_data/pneumoniamnist_normal_2280_filtered/normal_0845.png,0.9696103930473328
/content/drive/MyDrive/MedSymmFlow_Project/synthetic_data/pneumoniamnist_normal_2280_filtered/normal_0402.png,/content/drive/MyDrive/MedSymmFlow_Project/synthetic_data/pneumoniamnist_normal_2280_filtered/normal_1317.png,0.9696086049079895
/content/drive/MyDrive/MedSymmFlow_Project/synthetic_data/pneumoniamnist_normal_2280_filtered/normal_1536.png,/content/drive/MyDrive/MedSymmFlow_Project/synthetic_data/pneumoniamnist_normal_2280_filtered/normal_0731.png,0.9695931673049927
/content/drive/MyDrive/MedSymmFlow_Project/synthetic_data/pneumoniamnist_normal_2280_filtered/normal_0207.png,/content/drive/MyDrive/MedSymmFlow_Project/synthetic_data/pneumoniamnist_normal_2280_filtered/normal_0654.png,0.9695875644683838
/content/drive/MyDrive/MedSymmFlow_Project/synthetic_data/pneumoniamnist_normal_2280_filtered/normal_0654.png,/content/drive/MyDrive/MedSymmFlow_Project/synthetic_data/pneumoniamnist_normal_2280_filtered/normal_0207.png,0.9695875644683838
/content/drive/MyDrive/MedSymmFlow_Project/synthetic_data/pneumoniamnist_normal_2280_filtered/normal_0073.png,/content/drive/MyDrive/MedSymmFlow_Project/synthetic_data/pneumoniamnist_normal_2280_filtered/normal_1701.png,0.9695789813995361
/content/drive/MyDrive/MedSymmFlow_Project/synthetic_data/pneumoniamnist_normal_2280_filtered/normal_2242.png,/content/drive/MyDrive/MedSymmFlow_Project/synthetic_data/pneumoniamnist_normal_2280_filtered/normal_2000.png,0.9695773124694824
/content/drive/MyDrive/MedSymmFlow_Project/synthetic_data/pneumoniamnist_normal_2280_filtered/normal_1650.png,/content/drive/MyDrive/MedSymmFlow_Project/synthetic_data/pneumoniamnist_normal_2280_filtered/normal_1250.png,0.9695756435394287
/content/drive/MyDrive/MedSymmFlow_Project/synthetic_data/pneumoniamnist_normal_2280_filtered/normal_2080.png,/content/drive/MyDrive/MedSymmFlow_Project/synthetic_data/pneumoniamnist_normal_2280_filtered/normal_1667.png,0.9695731997489929
/content/drive/MyDrive/MedSymmFlow_Project/synthetic_data/pneumoniamnist_normal_2280_filtered/normal_0084.png,/content/drive/MyDrive/MedSymmFlow_Project/synthetic_data/pneumoniamnist_normal_2280_filtered/normal_2146.png,0.969570517539978
/content/drive/MyDrive/MedSymmFlow_Project/synthetic_data/pneumoniamnist_normal_2280_filtered/normal_1688.png,/content/drive/MyDrive/MedSymmFlow_Project/synthetic_data/pneumoniamnist_normal_2280_filtered/normal_1657.png,0.9695289134979248
/content/drive/MyDrive/MedSymmFlow_Project/synthetic_data/pneumoniamnist_normal_2280_filtered/normal_1657.png,/content/drive/MyDrive/MedSymmFlow_Project/synthetic_data/pneumoniamnist_normal_2280_filtered/normal_1688.png,0.9695289134979248
/content/drive/MyDrive/MedSymmFlow_Project/synthetic_data/pneumoniamnist_normal_2280_filtered/normal_0345.png,/content/drive/MyDrive/MedSymmFlow_Project/synthetic_data/pneumoniamnist_normal_2280_filtered/normal_0678.png,0.969528317451477
/content/drive/MyDrive/MedSymmFlow_Project/synthetic_data/pneumoniamnist_normal_2280_filtered/normal_0290.png,/content/drive/MyDrive/MedSymmFlow_Project/synthetic_data/pneumoniamnist_normal_2280_filtered/normal_0367.png,0.9695215225219727
/content/drive/MyDrive/MedSymmFlow_Project/synthetic_data/pneumoniamnist_normal_2280_filtered/normal_0367.png,/content/drive/MyDrive/MedSymmFlow_Project/synthetic_data/pneumoniamnist_normal_2280_filtered/normal_0290.png,0.9695215225219727
/content/drive/MyDrive/MedSymmFlow_Project/synthetic_data/pneumoniamnist_normal_2280_filtered/normal_1764.png,/content/drive/MyDrive/MedSymmFlow_Project/synthetic_data/pneumoniamnist_normal_2280_filtered/normal_0793.png,0.9695207476615906
/content/drive/MyDrive/MedSymmFlow_Project/synthetic_data/pneumoniamnist_normal_2280_filtered/normal_1894.png,/content/drive/MyDrive/MedSymmFlow_Project/synthetic_data/pneumoniamnist_normal_2280_filtered/normal_1572.png,0.9695115089416504
/content/drive/MyDrive/MedSymmFlow_Project/synthetic_data/pneumoniamnist_normal_2280_filtered/normal_0393.png,/content/drive/MyDrive/MedSymmFlow_Project/synthetic_data/pneumoniamnist_normal_2280_filtered/normal_0433.png,0.9695011973381042
/content/drive/MyDrive/MedSymmFlow_Project/synthetic_data/pneumoniamnist_normal_2280_filtered/normal_0433.png,/content/drive/MyDrive/MedSymmFlow_Project/synthetic_data/pneumoniamnist_normal_2280_filtered/normal_0393.png,0.9695011973381042
/content/drive/MyDrive/MedSymmFlow_Project/synthetic_data/pneumoniamnist_normal_2280_filtered/normal_1028.png,/content/drive/MyDrive/MedSymmFlow_Project/synthetic_data/pneumoniamnist_normal_2280_filtered/normal_1294.png,0.9694994688034058
/content/drive/MyDrive/MedSymmFlow_Project/synthetic_data/pneumoniamnist_normal_2280_filtered/normal_1046.png,/content/drive/MyDrive/MedSymmFlow_Project/synthetic_data/pneumoniamnist_normal_2280_filtered/normal_0868.png,0.9694976806640625
/content/drive/MyDrive/MedSymmFlow_Project/synthetic_data/pneumoniamnist_normal_2280_filtered/normal_0446.png,/content/drive/MyDrive/MedSymmFlow_Project/synthetic_data/pneumoniamnist_normal_2280_filtered/normal_1646.png,0.9694888591766357
/content/drive/MyDrive/MedSymmFlow_Project/synthetic_data/pneumoniamnist_normal_2280_filtered/normal_1646.png,/content/drive/MyDrive/MedSymmFlow_Project/synthetic_data/pneumoniamnist_normal_2280_filtered/normal_0446.png,0.9694888591766357
/content/drive/MyDrive/MedSymmFlow_Project/synthetic_data/pneumoniamnist_normal_2280_filtered/normal_1948.png,/content/drive/MyDrive/MedSymmFlow_Project/synthetic_data/pneumoniamnist_normal_2280_filtered/normal_1633.png,0.9694541692733765
/content/drive/MyDrive/MedSymmFlow_Project/synthetic_data/pneumoniamnist_normal_2280_filtered/normal_0086.png,/content/drive/MyDrive/MedSymmFlow_Project/synthetic_data/pneumoniamnist_normal_2280_filtered/normal_1324.png,0.969453752040863
/content/drive/MyDrive/MedSymmFlow_Project/synthetic_data/pneumoniamnist_normal_2280_filtered/normal_1919.png,/content/drive/MyDrive/MedSymmFlow_Project/synthetic_data/pneumoniamnist_normal_2280_filtered/normal_1405.png,0.9694412350654602
/content/drive/MyDrive/MedSymmFlow_Project/synthetic_data/pneumoniamnist_normal_2280_filtered/normal_1218.png,/content/drive/MyDrive/MedSymmFlow_Project/synthetic_data/pneumoniamnist_normal_2280_filtered/normal_2262.png,0.9694379568099976
/content/drive/MyDrive/MedSymmFlow_Project/synthetic_data/pneumoniamnist_normal_2280_filtered/normal_1246.png,/content/drive/MyDrive/MedSymmFlow_Project/synthetic_data/pneumoniamnist_normal_2280_filtered/normal_1013.png,0.969435453414917
/content/drive/MyDrive/MedSymmFlow_Project/synthetic_data/pneumoniamnist_normal_2280_filtered/normal_0813.png,/content/drive/MyDrive/MedSymmFlow_Project/synthetic_data/pneumoniamnist_normal_2280_filtered/normal_0375.png,0.9694215059280396
/content/drive/MyDrive/MedSymmFlow_Project/synthetic_data/pneumoniamnist_normal_2280_filtered/normal_0375.png,/content/drive/MyDrive/MedSymmFlow_Project/synthetic_data/pneumoniamnist_normal_2280_filtered/normal_0813.png,0.9694215059280396
/content/drive/MyDrive/MedSymmFlow_Project/synthetic_data/pneumoniamnist_normal_2280_filtered/normal_0053.png,/content/drive/MyDrive/MedSymmFlow_Project/synthetic_data/pneumoniamnist_normal_2280_filtered/normal_1895.png,0.9694124460220337
/content/drive/MyDrive/MedSymmFlow_Project/synthetic_data/pneumoniamnist_normal_2280_filtered/normal_0949.png,/content/drive/MyDrive/MedSymmFlow_Project/synthetic_data/pneumoniamnist_normal_2280_filtered/normal_1532.png,0.9694118499755859
/content/drive/MyDrive/MedSymmFlow_Project/synthetic_data/pneumoniamnist_normal_2280_filtered/normal_0902.png,/content/drive/MyDrive/MedSymmFlow_Project/synthetic_data/pneumoniamnist_normal_2280_filtered/normal_0637.png,0.9694082736968994
/content/drive/MyDrive/MedSymmFlow_Project/synthetic_data/pneumoniamnist_normal_2280_filtered/normal_0637.png,/content/drive/MyDrive/MedSymmFlow_Project/synthetic_data/pneumoniamnist_normal_2280_filtered/normal_0902.png,0.9694082736968994
/content/drive/MyDrive/MedSymmFlow_Project/synthetic_data/pneumoniamnist_normal_2280_filtered/normal_1458.png,/content/drive/MyDrive/MedSymmFlow_Project/synthetic_data/pneumoniamnist_normal_2280_filtered/normal_2076.png,0.9694029092788696
/content/drive/MyDrive/MedSymmFlow_Project/synthetic_data/pneumoniamnist_normal_2280_filtered/normal_1220.png,/content/drive/MyDrive/MedSymmFlow_Project/synthetic_data/pneumoniamnist_normal_2280_filtered/normal_2272.png,0.9693818092346191
/content/drive/MyDrive/MedSymmFlow_Project/synthetic_data/pneumoniamnist_normal_2280_filtered/normal_1103.png,/content/drive/MyDrive/MedSymmFlow_Project/synthetic_data/pneumoniamnist_normal_2280_filtered/normal_1273.png,0.9693633317947388
/content/drive/MyDrive/MedSymmFlow_Project/synthetic_data/pneumoniamnist_normal_2280_filtered/normal_0096.png,/content/drive/MyDrive/MedSymmFlow_Project/synthetic_data/pneumoniamnist_normal_2280_filtered/normal_0785.png,0.9693537354469299
/content/drive/MyDrive/MedSymmFlow_Project/synthetic_data/pneumoniamnist_normal_2280_filtered/normal_0785.png,/content/drive/MyDrive/MedSymmFlow_Project/synthetic_data/pneumoniamnist_normal_2280_filtered/normal_0096.png,0.9693537354469299
/content/drive/MyDrive/MedSymmFlow_Project/synthetic_data/pneumoniamnist_normal_2280_filtered/normal_0878.png,/content/drive/MyDrive/MedSymmFlow_Project/synthetic_data/pneumoniamnist_normal_2280_filtered/normal_0440.png,0.9693509340286255
/content/drive/MyDrive/MedSymmFlow_Project/synthetic_data/pneumoniamnist_normal_2280_filtered/normal_0479.png,/content/drive/MyDrive/MedSymmFlow_Project/synthetic_data/pneumoniamnist_normal_2280_filtered/normal_1606.png,0.9693456888198853
/content/drive/MyDrive/MedSymmFlow_Project/synthetic_data/pneumoniamnist_normal_2280_filtered/normal_1606.png,/content/drive/MyDrive/MedSymmFlow_Project/synthetic_data/pneumoniamnist_normal_2280_filtered/normal_0479.png,0.9693456888198853
/content/drive/MyDrive/MedSymmFlow_Project/synthetic_data/pneumoniamnist_normal_2280_filtered/normal_0806.png,/content/drive/MyDrive/MedSymmFlow_Project/synthetic_data/pneumoniamnist_normal_2280_filtered/normal_0923.png,0.9693430662155151
/content/drive/MyDrive/MedSymmFlow_Project/synthetic_data/pneumoniamnist_normal_2280_filtered/normal_0923.png,/content/drive/MyDrive/MedSymmFlow_Project/synthetic_data/pneumoniamnist_normal_2280_filtered/normal_0806.png,0.9693430662155151
/content/drive/MyDrive/MedSymmFlow_Project/synthetic_data/pneumoniamnist_normal_2280_filtered/normal_0598.png,/content/drive/MyDrive/MedSymmFlow_Project/synthetic_data/pneumoniamnist_normal_2280_filtered/normal_0555.png,0.9693429470062256
/content/drive/MyDrive/MedSymmFlow_Project/synthetic_data/pneumoniamnist_normal_2280_filtered/normal_0555.png,/content/drive/MyDrive/MedSymmFlow_Project/synthetic_data/pneumoniamnist_normal_2280_filtered/normal_0598.png,0.9693429470062256
/content/drive/MyDrive/MedSymmFlow_Project/synthetic_data/pneumoniamnist_normal_2280_filtered/normal_0116.png,/content/drive/MyDrive/MedSymmFlow_Project/synthetic_data/pneumoniamnist_normal_2280_filtered/normal_2266.png,0.9693372249603271
/content/drive/MyDrive/MedSymmFlow_Project/synthetic_data/pneumoniamnist_normal_2280_filtered/normal_2266.png,/content/drive/MyDrive/MedSymmFlow_Project/synthetic_data/pneumoniamnist_normal_2280_filtered/normal_0116.png,0.9693372249603271
/content/drive/MyDrive/MedSymmFlow_Project/synthetic_data/pneumoniamnist_normal_2280_filtered/normal_1475.png,/content/drive/MyDrive/MedSymmFlow_Project/synthetic_data/pneumoniamnist_normal_2280_filtered/normal_1364.png,0.9693347215652466
/content/drive/MyDrive/MedSymmFlow_Project/synthetic_data/pneumoniamnist_normal_2280_filtered/normal_1364.png,/content/drive/MyDrive/MedSymmFlow_Project/synthetic_data/pneumoniamnist_normal_2280_filtered/normal_1475.png,0.9693347215652466
/content/drive/MyDrive/MedSymmFlow_Project/synthetic_data/pneumoniamnist_normal_2280_filtered/normal_2043.png,/content/drive/MyDrive/MedSymmFlow_Project/synthetic_data/pneumoniamnist_normal_2280_filtered/normal_2139.png,0.9693342447280884
/content/drive/MyDrive/MedSymmFlow_Project/synthetic_data/pneumoniamnist_normal_2280_filtered/normal_1189.png,/content/drive/MyDrive/MedSymmFlow_Project/synthetic_data/pneumoniamnist_normal_2280_filtered/normal_1386.png,0.9693326950073242
/content/drive/MyDrive/MedSymmFlow_Project/synthetic_data/pneumoniamnist_normal_2280_filtered/normal_0398.png,/content/drive/MyDrive/MedSymmFlow_Project/synthetic_data/pneumoniamnist_normal_2280_filtered/normal_0510.png,0.9693325161933899
/content/drive/MyDrive/MedSymmFlow_Project/synthetic_data/pneumoniamnist_normal_2280_filtered/normal_0220.png,/content/drive/MyDrive/MedSymmFlow_Project/synthetic_data/pneumoniamnist_normal_2280_filtered/normal_0302.png,0.969325065612793
/content/drive/MyDrive/MedSymmFlow_Project/synthetic_data/pneumoniamnist_normal_2280_filtered/normal_1941.png,/content/drive/MyDrive/MedSymmFlow_Project/synthetic_data/pneumoniamnist_normal_2280_filtered/normal_0436.png,0.9693132042884827
/content/drive/MyDrive/MedSymmFlow_Project/synthetic_data/pneumoniamnist_normal_2280_filtered/normal_1922.png,/content/drive/MyDrive/MedSymmFlow_Project/synthetic_data/pneumoniamnist_normal_2280_filtered/normal_1648.png,0.9692943692207336
/content/drive/MyDrive/MedSymmFlow_Project/synthetic_data/pneumoniamnist_normal_2280_filtered/normal_1547.png,/content/drive/MyDrive/MedSymmFlow_Project/synthetic_data/pneumoniamnist_normal_2280_filtered/normal_0235.png,0.9692933559417725
/content/drive/MyDrive/MedSymmFlow_Project/synthetic_data/pneumoniamnist_normal_2280_filtered/normal_1191.png,/content/drive/MyDrive/MedSymmFlow_Project/synthetic_data/pneumoniamnist_normal_2280_filtered/normal_1444.png,0.9692890644073486
/content/drive/MyDrive/MedSymmFlow_Project/synthetic_data/pneumoniamnist_normal_2280_filtered/normal_1444.png,/content/drive/MyDrive/MedSymmFlow_Project/synthetic_data/pneumoniamnist_normal_2280_filtered/normal_1191.png,0.9692890644073486
/content/drive/MyDrive/MedSymmFlow_Project/synthetic_data/pneumoniamnist_normal_2280_filtered/normal_2225.png,/content/drive/MyDrive/MedSymmFlow_Project/synthetic_data/pneumoniamnist_normal_2280_filtered/normal_1026.png,0.96928870677948
/content/drive/MyDrive/MedSymmFlow_Project/synthetic_data/pneumoniamnist_normal_2280_filtered/normal_2230.png,/content/drive/MyDrive/MedSymmFlow_Project/synthetic_data/pneumoniamnist_normal_2280_filtered/normal_1055.png,0.969280481338501
/content/drive/MyDrive/MedSymmFlow_Project/synthetic_data/pneumoniamnist_normal_2280_filtered/normal_1720.png,/content/drive/MyDrive/MedSymmFlow_Project/synthetic_data/pneumoniamnist_normal_2280_filtered/normal_0478.png,0.9692507982254028
/content/drive/MyDrive/MedSymmFlow_Project/synthetic_data/pneumoniamnist_normal_2280_filtered/normal_1211.png,/content/drive/MyDrive/MedSymmFlow_Project/synthetic_data/pneumoniamnist_normal_2280_filtered/normal_1186.png,0.9692473411560059
/content/drive/MyDrive/MedSymmFlow_Project/synthetic_data/pneumoniamnist_normal_2280_filtered/normal_1186.png,/content/drive/MyDrive/MedSymmFlow_Project/synthetic_data/pneumoniamnist_normal_2280_filtered/normal_1211.png,0.9692473411560059
/content/drive/MyDrive/MedSymmFlow_Project/synthetic_data/pneumoniamnist_normal_2280_filtered/normal_0168.png,/content/drive/MyDrive/MedSymmFlow_Project/synthetic_data/pneumoniamnist_normal_2280_filtered/normal_0417.png,0.9692442417144775
/content/drive/MyDrive/MedSymmFlow_Project/synthetic_data/pneumoniamnist_normal_2280_filtered/normal_0916.png,/content/drive/MyDrive/MedSymmFlow_Project/synthetic_data/pneumoniamnist_normal_2280_filtered/normal_0150.png,0.9692363739013672
/content/drive/MyDrive/MedSymmFlow_Project/synthetic_data/pneumoniamnist_normal_2280_filtered/normal_2074.png,/content/drive/MyDrive/MedSymmFlow_Project/synthetic_data/pneumoniamnist_normal_2280_filtered/normal_1572.png,0.9692325592041016
/content/drive/MyDrive/MedSymmFlow_Project/synthetic_data/pneumoniamnist_normal_2280_filtered/normal_1583.png,/content/drive/MyDrive/MedSymmFlow_Project/synthetic_data/pneumoniamnist_normal_2280_filtered/normal_0616.png,0.9692276120185852
/content/drive/MyDrive/MedSymmFlow_Project/synthetic_data/pneumoniamnist_normal_2280_filtered/normal_1984.png,/content/drive/MyDrive/MedSymmFlow_Project/synthetic_data/pneumoniamnist_normal_2280_filtered/normal_1953.png,0.969226598739624
/content/drive/MyDrive/MedSymmFlow_Project/synthetic_data/pneumoniamnist_normal_2280_filtered/normal_1187.png,/content/drive/MyDrive/MedSymmFlow_Project/synthetic_data/pneumoniamnist_normal_2280_filtered/normal_1408.png,0.9692180156707764
/content/drive/MyDrive/MedSymmFlow_Project/synthetic_data/pneumoniamnist_normal_2280_filtered/normal_0108.png,/content/drive/MyDrive/MedSymmFlow_Project/synthetic_data/pneumoniamnist_normal_2280_filtered/normal_1987.png,0.9692060947418213
/content/drive/MyDrive/MedSymmFlow_Project/synthetic_data/pneumoniamnist_normal_2280_filtered/normal_2033.png,/content/drive/MyDrive/MedSymmFlow_Project/synthetic_data/pneumoniamnist_normal_2280_filtered/normal_1439.png,0.9691783785820007
/content/drive/MyDrive/MedSymmFlow_Project/synthetic_data/pneumoniamnist_normal_2280_filtered/normal_0147.png,/content/drive/MyDrive/MedSymmFlow_Project/synthetic_data/pneumoniamnist_normal_2280_filtered/normal_1249.png,0.9691741466522217
/content/drive/MyDrive/MedSymmFlow_Project/synthetic_data/pneumoniamnist_normal_2280_filtered/normal_2161.png,/content/drive/MyDrive/MedSymmFlow_Project/synthetic_data/pneumoniamnist_normal_2280_filtered/normal_0412.png,0.9691729545593262
/content/drive/MyDrive/MedSymmFlow_Project/synthetic_data/pneumoniamnist_normal_2280_filtered/normal_1837.png,/content/drive/MyDrive/MedSymmFlow_Project/synthetic_data/pneumoniamnist_normal_2280_filtered/normal_0008.png,0.9691674709320068
/content/drive/MyDrive/MedSymmFlow_Project/synthetic_data/pneumoniamnist_normal_2280_filtered/normal_1622.png,/content/drive/MyDrive/MedSymmFlow_Project/synthetic_data/pneumoniamnist_normal_2280_filtered/normal_2076.png,0.9691545367240906
/content/drive/MyDrive/MedSymmFlow_Project/synthetic_data/pneumoniamnist_normal_2280_filtered/normal_0974.png,/content/drive/MyDrive/MedSymmFlow_Project/synthetic_data/pneumoniamnist_normal_2280_filtered/normal_1467.png,0.9691475629806519
/content/drive/MyDrive/MedSymmFlow_Project/synthetic_data/pneumoniamnist_normal_2280_filtered/normal_1467.png,/content/drive/MyDrive/MedSymmFlow_Project/synthetic_data/pneumoniamnist_normal_2280_filtered/normal_0974.png,0.9691475629806519
/content/drive/MyDrive/MedSymmFlow_Project/synthetic_data/pneumoniamnist_normal_2280_filtered/normal_0549.png,/content/drive/MyDrive/MedSymmFlow_Project/synthetic_data/pneumoniamnist_normal_2280_filtered/normal_0008.png,0.9691426157951355
/content/drive/MyDrive/MedSymmFlow_Project/synthetic_data/pneumoniamnist_normal_2280_filtered/normal_0535.png,/content/drive/MyDrive/MedSymmFlow_Project/synthetic_data/pneumoniamnist_normal_2280_filtered/normal_0368.png,0.9691298007965088
/content/drive/MyDrive/MedSymmFlow_Project/synthetic_data/pneumoniamnist_normal_2280_filtered/normal_2217.png,/content/drive/MyDrive/MedSymmFlow_Project/synthetic_data/pneumoniamnist_normal_2280_filtered/normal_2163.png,0.9691221714019775
/content/drive/MyDrive/MedSymmFlow_Project/synthetic_data/pneumoniamnist_normal_2280_filtered/normal_0296.png,/content/drive/MyDrive/MedSymmFlow_Project/synthetic_data/pneumoniamnist_normal_2280_filtered/normal_0186.png,0.9691101908683777
/content/drive/MyDrive/MedSymmFlow_Project/synthetic_data/pneumoniamnist_normal_2280_filtered/normal_0186.png,/content/drive/MyDrive/MedSymmFlow_Project/synthetic_data/pneumoniamnist_normal_2280_filtered/normal_0296.png,0.9691101908683777
/content/drive/MyDrive/MedSymmFlow_Project/synthetic_data/pneumoniamnist_normal_2280_filtered/normal_1363.png,/content/drive/MyDrive/MedSymmFlow_Project/synthetic_data/pneumoniamnist_normal_2280_filtered/normal_0346.png,0.9691059589385986
/content/drive/MyDrive/MedSymmFlow_Project/synthetic_data/pneumoniamnist_normal_2280_filtered/normal_0346.png,/content/drive/MyDrive/MedSymmFlow_Project/synthetic_data/pneumoniamnist_normal_2280_filtered/normal_1363.png,0.9691059589385986
/content/drive/MyDrive/MedSymmFlow_Project/synthetic_data/pneumoniamnist_normal_2280_filtered/normal_1289.png,/content/drive/MyDrive/MedSymmFlow_Project/synthetic_data/pneumoniamnist_normal_2280_filtered/normal_1441.png,0.9690979719161987
/content/drive/MyDrive/MedSymmFlow_Project/synthetic_data/pneumoniamnist_normal_2280_filtered/normal_1533.png,/content/drive/MyDrive/MedSymmFlow_Project/synthetic_data/pneumoniamnist_normal_2280_filtered/normal_0447.png,0.9690852165222168
/content/drive/MyDrive/MedSymmFlow_Project/synthetic_data/pneumoniamnist_normal_2280_filtered/normal_0252.png,/content/drive/MyDrive/MedSymmFlow_Project/synthetic_data/pneumoniamnist_normal_2280_filtered/normal_0399.png,0.9690796136856079
/content/drive/MyDrive/MedSymmFlow_Project/synthetic_data/pneumoniamnist_normal_2280_filtered/normal_0415.png,/content/drive/MyDrive/MedSymmFlow_Project/synthetic_data/pneumoniamnist_normal_2280_filtered/normal_0442.png,0.969077467918396
/content/drive/MyDrive/MedSymmFlow_Project/synthetic_data/pneumoniamnist_normal_2280_filtered/normal_0442.png,/content/drive/MyDrive/MedSymmFlow_Project/synthetic_data/pneumoniamnist_normal_2280_filtered/normal_0415.png,0.969077467918396
/content/drive/MyDrive/MedSymmFlow_Project/synthetic_data/pneumoniamnist_normal_2280_filtered/normal_1699.png,/content/drive/MyDrive/MedSymmFlow_Project/synthetic_data/pneumoniamnist_normal_2280_filtered/normal_0478.png,0.9690710306167603
/content/drive/MyDrive/MedSymmFlow_Project/synthetic_data/pneumoniamnist_normal_2280_filtered/normal_0271.png,/content/drive/MyDrive/MedSymmFlow_Project/synthetic_data/pneumoniamnist_normal_2280_filtered/normal_1826.png,0.969070553779602
/content/drive/MyDrive/MedSymmFlow_Project/synthetic_data/pneumoniamnist_normal_2280_filtered/normal_1659.png,/content/drive/MyDrive/MedSymmFlow_Project/synthetic_data/pneumoniamnist_normal_2280_filtered/normal_0186.png,0.9690530896186829
/content/drive/MyDrive/MedSymmFlow_Project/synthetic_data/pneumoniamnist_normal_2280_filtered/normal_1128.png,/content/drive/MyDrive/MedSymmFlow_Project/synthetic_data/pneumoniamnist_normal_2280_filtered/normal_1704.png,0.9690371751785278
/content/drive/MyDrive/MedSymmFlow_Project/synthetic_data/pneumoniamnist_normal_2280_filtered/normal_1997.png,/content/drive/MyDrive/MedSymmFlow_Project/synthetic_data/pneumoniamnist_normal_2280_filtered/normal_2013.png,0.9690341949462891
/content/drive/MyDrive/MedSymmFlow_Project/synthetic_data/pneumoniamnist_normal_2280_filtered/normal_1711.png,/content/drive/MyDrive/MedSymmFlow_Project/synthetic_data/pneumoniamnist_normal_2280_filtered/normal_0292.png,0.9690244197845459
/content/drive/MyDrive/MedSymmFlow_Project/synthetic_data/pneumoniamnist_normal_2280_filtered/normal_1094.png,/content/drive/MyDrive/MedSymmFlow_Project/synthetic_data/pneumoniamnist_normal_2280_filtered/normal_1212.png,0.9690220952033997
/content/drive/MyDrive/MedSymmFlow_Project/synthetic_data/pneumoniamnist_normal_2280_filtered/normal_1825.png,/content/drive/MyDrive/MedSymmFlow_Project/synthetic_data/pneumoniamnist_normal_2280_filtered/normal_0178.png,0.9690190553665161
/content/drive/MyDrive/MedSymmFlow_Project/synthetic_data/pneumoniamnist_normal_2280_filtered/normal_0773.png,/content/drive/MyDrive/MedSymmFlow_Project/synthetic_data/pneumoniamnist_normal_2280_filtered/normal_0277.png,0.9690124988555908
/content/drive/MyDrive/MedSymmFlow_Project/synthetic_data/pneumoniamnist_normal_2280_filtered/normal_0694.png,/content/drive/MyDrive/MedSymmFlow_Project/synthetic_data/pneumoniamnist_normal_2280_filtered/normal_1207.png,0.9690071940422058
/content/drive/MyDrive/MedSymmFlow_Project/synthetic_data/pneumoniamnist_normal_2280_filtered/normal_1207.png,/content/drive/MyDrive/MedSymmFlow_Project/synthetic_data/pneumoniamnist_normal_2280_filtered/normal_0694.png,0.9690071940422058
/content/drive/MyDrive/MedSymmFlow_Project/synthetic_data/pneumoniamnist_normal_2280_filtered/normal_0794.png,/content/drive/MyDrive/MedSymmFlow_Project/synthetic_data/pneumoniamnist_normal_2280_filtered/normal_0071.png,0.9690057039260864
/content/drive/MyDrive/MedSymmFlow_Project/synthetic_data/pneumoniamnist_normal_2280_filtered/normal_2105.png,/content/drive/MyDrive/MedSymmFlow_Project/synthetic_data/pneumoniamnist_normal_2280_filtered/normal_1612.png,0.9690037965774536
/content/drive/MyDrive/MedSymmFlow_Project/synthetic_data/pneumoniamnist_normal_2280_filtered/normal_0677.png,/content/drive/MyDrive/MedSymmFlow_Project/synthetic_data/pneumoniamnist_normal_2280_filtered/normal_0393.png,0.9690026044845581
/content/drive/MyDrive/MedSymmFlow_Project/synthetic_data/pneumoniamnist_normal_2280_filtered/normal_0066.png,/content/drive/MyDrive/MedSymmFlow_Project/synthetic_data/pneumoniamnist_normal_2280_filtered/normal_0519.png,0.968975305557251
/content/drive/MyDrive/MedSymmFlow_Project/synthetic_data/pneumoniamnist_normal_2280_filtered/normal_0642.png,/content/drive/MyDrive/MedSymmFlow_Project/synthetic_data/pneumoniamnist_normal_2280_filtered/normal_0737.png,0.9689695835113525
/content/drive/MyDrive/MedSymmFlow_Project/synthetic_data/pneumoniamnist_normal_2280_filtered/normal_0196.png,/content/drive/MyDrive/MedSymmFlow_Project/synthetic_data/pneumoniamnist_normal_2280_filtered/normal_0217.png,0.9689611196517944
/content/drive/MyDrive/MedSymmFlow_Project/synthetic_data/pneumoniamnist_normal_2280_filtered/normal_0241.png,/content/drive/MyDrive/MedSymmFlow_Project/synthetic_data/pneumoniamnist_normal_2280_filtered/normal_1745.png,0.9689548015594482
/content/drive/MyDrive/MedSymmFlow_Project/synthetic_data/pneumoniamnist_normal_2280_filtered/normal_1774.png,/content/drive/MyDrive/MedSymmFlow_Project/synthetic_data/pneumoniamnist_normal_2280_filtered/normal_0136.png,0.9689526557922363
/content/drive/MyDrive/MedSymmFlow_Project/synthetic_data/pneumoniamnist_normal_2280_filtered/normal_0982.png,/content/drive/MyDrive/MedSymmFlow_Project/synthetic_data/pneumoniamnist_normal_2280_filtered/normal_1204.png,0.9689083099365234
/content/drive/MyDrive/MedSymmFlow_Project/synthetic_data/pneumoniamnist_normal_2280_filtered/normal_1848.png,/content/drive/MyDrive/MedSymmFlow_Project/synthetic_data/pneumoniamnist_normal_2280_filtered/normal_1017.png,0.968903660774231
/content/drive/MyDrive/MedSymmFlow_Project/synthetic_data/pneumoniamnist_normal_2280_filtered/normal_0315.png,/content/drive/MyDrive/MedSymmFlow_Project/synthetic_data/pneumoniamnist_normal_2280_filtered/normal_0702.png,0.9688861966133118
/content/drive/MyDrive/MedSymmFlow_Project/synthetic_data/pneumoniamnist_normal_2280_filtered/normal_0702.png,/content/drive/MyDrive/MedSymmFlow_Project/synthetic_data/pneumoniamnist_normal_2280_filtered/normal_0315.png,0.9688861966133118
/content/drive/MyDrive/MedSymmFlow_Project/synthetic_data/pneumoniamnist_normal_2280_filtered/normal_0718.png,/content/drive/MyDrive/MedSymmFlow_Project/synthetic_data/pneumoniamnist_normal_2280_filtered/normal_0297.png,0.9688761830329895
/content/drive/MyDrive/MedSymmFlow_Project/synthetic_data/pneumoniamnist_normal_2280_filtered/normal_0297.png,/content/drive/MyDrive/MedSymmFlow_Project/synthetic_data/pneumoniamnist_normal_2280_filtered/normal_0718.png,0.9688761830329895
/content/drive/MyDrive/MedSymmFlow_Project/synthetic_data/pneumoniamnist_normal_2280_filtered/normal_0979.png,/content/drive/MyDrive/MedSymmFlow_Project/synthetic_data/pneumoniamnist_normal_2280_filtered/normal_1442.png,0.9688742160797119
/content/drive/MyDrive/MedSymmFlow_Project/synthetic_data/pneumoniamnist_normal_2280_filtered/normal_0896.png,/content/drive/MyDrive/MedSymmFlow_Project/synthetic_data/pneumoniamnist_normal_2280_filtered/normal_1362.png,0.9688726663589478
/content/drive/MyDrive/MedSymmFlow_Project/synthetic_data/pneumoniamnist_normal_2280_filtered/normal_0339.png,/content/drive/MyDrive/MedSymmFlow_Project/synthetic_data/pneumoniamnist_normal_2280_filtered/normal_1466.png,0.9688650369644165
/content/drive/MyDrive/MedSymmFlow_Project/synthetic_data/pneumoniamnist_normal_2280_filtered/normal_1190.png,/content/drive/MyDrive/MedSymmFlow_Project/synthetic_data/pneumoniamnist_normal_2280_filtered/normal_1513.png,0.96886146068573
/content/drive/MyDrive/MedSymmFlow_Project/synthetic_data/pneumoniamnist_normal_2280_filtered/normal_1671.png,/content/drive/MyDrive/MedSymmFlow_Project/synthetic_data/pneumoniamnist_normal_2280_filtered/normal_1083.png,0.9688485860824585
/content/drive/MyDrive/MedSymmFlow_Project/synthetic_data/pneumoniamnist_normal_2280_filtered/normal_1353.png,/content/drive/MyDrive/MedSymmFlow_Project/synthetic_data/pneumoniamnist_normal_2280_filtered/normal_1484.png,0.9688413143157959
/content/drive/MyDrive/MedSymmFlow_Project/synthetic_data/pneumoniamnist_normal_2280_filtered/normal_0512.png,/content/drive/MyDrive/MedSymmFlow_Project/synthetic_data/pneumoniamnist_normal_2280_filtered/normal_1907.png,0.9688358306884766
/content/drive/MyDrive/MedSymmFlow_Project/synthetic_data/pneumoniamnist_normal_2280_filtered/normal_0458.png,/content/drive/MyDrive/MedSymmFlow_Project/synthetic_data/pneumoniamnist_normal_2280_filtered/normal_1428.png,0.9688318967819214
/content/drive/MyDrive/MedSymmFlow_Project/synthetic_data/pneumoniamnist_normal_2280_filtered/normal_0953.png,/content/drive/MyDrive/MedSymmFlow_Project/synthetic_data/pneumoniamnist_normal_2280_filtered/normal_0339.png,0.9688222408294678
/content/drive/MyDrive/MedSymmFlow_Project/synthetic_data/pneumoniamnist_normal_2280_filtered/normal_1341.png,/content/drive/MyDrive/MedSymmFlow_Project/synthetic_data/pneumoniamnist_normal_2280_filtered/normal_0108.png,0.968819260597229
/content/drive/MyDrive/MedSymmFlow_Project/synthetic_data/pneumoniamnist_normal_2280_filtered/normal_1835.png,/content/drive/MyDrive/MedSymmFlow_Project/synthetic_data/pneumoniamnist_normal_2280_filtered/normal_1625.png,0.9688163995742798
/content/drive/MyDrive/MedSymmFlow_Project/synthetic_data/pneumoniamnist_normal_2280_filtered/normal_0238.png,/content/drive/MyDrive/MedSymmFlow_Project/synthetic_data/pneumoniamnist_normal_2280_filtered/normal_0049.png,0.9688068628311157
/content/drive/MyDrive/MedSymmFlow_Project/synthetic_data/pneumoniamnist_normal_2280_filtered/normal_0151.png,/content/drive/MyDrive/MedSymmFlow_Project/synthetic_data/pneumoniamnist_normal_2280_filtered/normal_1786.png,0.9688035249710083
/content/drive/MyDrive/MedSymmFlow_Project/synthetic_data/pneumoniamnist_normal_2280_filtered/normal_2173.png,/content/drive/MyDrive/MedSymmFlow_Project/synthetic_data/pneumoniamnist_normal_2280_filtered/normal_0797.png,0.9688000679016113
/content/drive/MyDrive/MedSymmFlow_Project/synthetic_data/pneumoniamnist_normal_2280_filtered/normal_0274.png,/content/drive/MyDrive/MedSymmFlow_Project/synthetic_data/pneumoniamnist_normal_2280_filtered/normal_1342.png,0.9687981605529785
/content/drive/MyDrive/MedSymmFlow_Project/synthetic_data/pneumoniamnist_normal_2280_filtered/normal_0817.png,/content/drive/MyDrive/MedSymmFlow_Project/synthetic_data/pneumoniamnist_normal_2280_filtered/normal_0711.png,0.968789279460907
/content/drive/MyDrive/MedSymmFlow_Project/synthetic_data/pneumoniamnist_normal_2280_filtered/normal_1370.png,/content/drive/MyDrive/MedSymmFlow_Project/synthetic_data/pneumoniamnist_normal_2280_filtered/normal_0122.png,0.9687883257865906
/content/drive/MyDrive/MedSymmFlow_Project/synthetic_data/pneumoniamnist_normal_2280_filtered/normal_0689.png,/content/drive/MyDrive/MedSymmFlow_Project/synthetic_data/pneumoniamnist_normal_2280_filtered/normal_1384.png,0.9687867164611816
/content/drive/MyDrive/MedSymmFlow_Project/synthetic_data/pneumoniamnist_normal_2280_filtered/normal_0486.png,/content/drive/MyDrive/MedSymmFlow_Project/synthetic_data/pneumoniamnist_normal_2280_filtered/normal_0695.png,0.9687860012054443
/content/drive/MyDrive/MedSymmFlow_Project/synthetic_data/pneumoniamnist_normal_2280_filtered/normal_0323.png,/content/drive/MyDrive/MedSymmFlow_Project/synthetic_data/pneumoniamnist_normal_2280_filtered/normal_0040.png,0.9687783718109131
/content/drive/MyDrive/MedSymmFlow_Project/synthetic_data/pneumoniamnist_normal_2280_filtered/normal_0822.png,/content/drive/MyDrive/MedSymmFlow_Project/synthetic_data/pneumoniamnist_normal_2280_filtered/normal_0828.png,0.968776524066925
/content/drive/MyDrive/MedSymmFlow_Project/synthetic_data/pneumoniamnist_normal_2280_filtered/normal_1586.png,/content/drive/MyDrive/MedSymmFlow_Project/synthetic_data/pneumoniamnist_normal_2280_filtered/normal_1148.png,0.9687744379043579
/content/drive/MyDrive/MedSymmFlow_Project/synthetic_data/pneumoniamnist_normal_2280_filtered/normal_0987.png,/content/drive/MyDrive/MedSymmFlow_Project/synthetic_data/pneumoniamnist_normal_2280_filtered/normal_1081.png,0.9687676429748535
/content/drive/MyDrive/MedSymmFlow_Project/synthetic_data/pneumoniamnist_normal_2280_filtered/normal_1178.png,/content/drive/MyDrive/MedSymmFlow_Project/synthetic_data/pneumoniamnist_normal_2280_filtered/normal_0008.png,0.9687603712081909
/content/drive/MyDrive/MedSymmFlow_Project/synthetic_data/pneumoniamnist_normal_2280_filtered/normal_0693.png,/content/drive/MyDrive/MedSymmFlow_Project/synthetic_data/pneumoniamnist_normal_2280_filtered/normal_1853.png,0.9687445759773254
/content/drive/MyDrive/MedSymmFlow_Project/synthetic_data/pneumoniamnist_normal_2280_filtered/normal_2029.png,/content/drive/MyDrive/MedSymmFlow_Project/synthetic_data/pneumoniamnist_normal_2280_filtered/normal_0197.png,0.9687169790267944
/content/drive/MyDrive/MedSymmFlow_Project/synthetic_data/pneumoniamnist_normal_2280_filtered/normal_1724.png,/content/drive/MyDrive/MedSymmFlow_Project/synthetic_data/pneumoniamnist_normal_2280_filtered/normal_2118.png,0.9687167406082153
/content/drive/MyDrive/MedSymmFlow_Project/synthetic_data/pneumoniamnist_normal_2280_filtered/normal_1219.png,/content/drive/MyDrive/MedSymmFlow_Project/synthetic_data/pneumoniamnist_normal_2280_filtered/normal_0956.png,0.9687081575393677
/content/drive/MyDrive/MedSymmFlow_Project/synthetic_data/pneumoniamnist_normal_2280_filtered/normal_0624.png,/content/drive/MyDrive/MedSymmFlow_Project/synthetic_data/pneumoniamnist_normal_2280_filtered/normal_1395.png,0.9687066674232483
/content/drive/MyDrive/MedSymmFlow_Project/synthetic_data/pneumoniamnist_normal_2280_filtered/normal_1039.png,/content/drive/MyDrive/MedSymmFlow_Project/synthetic_data/pneumoniamnist_normal_2280_filtered/normal_0375.png,0.9686994552612305
/content/drive/MyDrive/MedSymmFlow_Project/synthetic_data/pneumoniamnist_normal_2280_filtered/normal_0295.png,/content/drive/MyDrive/MedSymmFlow_Project/synthetic_data/pneumoniamnist_normal_2280_filtered/normal_0071.png,0.9686989784240723
/content/drive/MyDrive/MedSymmFlow_Project/synthetic_data/pneumoniamnist_normal_2280_filtered/normal_1540.png,/content/drive/MyDrive/MedSymmFlow_Project/synthetic_data/pneumoniamnist_normal_2280_filtered/normal_1441.png,0.9686974883079529
/content/drive/MyDrive/MedSymmFlow_Project/synthetic_data/pneumoniamnist_normal_2280_filtered/normal_2190.png,/content/drive/MyDrive/MedSymmFlow_Project/synthetic_data/pneumoniamnist_normal_2280_filtered/normal_0784.png,0.968683123588562
/content/drive/MyDrive/MedSymmFlow_Project/synthetic_data/pneumoniamnist_normal_2280_filtered/normal_1121.png,/content/drive/MyDrive/MedSymmFlow_Project/synthetic_data/pneumoniamnist_normal_2280_filtered/normal_1724.png,0.9686764478683472
/content/drive/MyDrive/MedSymmFlow_Project/synthetic_data/pneumoniamnist_normal_2280_filtered/normal_0400.png,/content/drive/MyDrive/MedSymmFlow_Project/synthetic_data/pneumoniamnist_normal_2280_filtered/normal_1199.png,0.9686733484268188
/content/drive/MyDrive/MedSymmFlow_Project/synthetic_data/pneumoniamnist_normal_2280_filtered/normal_2100.png,/content/drive/MyDrive/MedSymmFlow_Project/synthetic_data/pneumoniamnist_normal_2280_filtered/normal_2079.png,0.9686721563339233
/content/drive/MyDrive/MedSymmFlow_Project/synthetic_data/pneumoniamnist_normal_2280_filtered/normal_1043.png,/content/drive/MyDrive/MedSymmFlow_Project/synthetic_data/pneumoniamnist_normal_2280_filtered/normal_1536.png,0.9686686992645264
/content/drive/MyDrive/MedSymmFlow_Project/synthetic_data/pneumoniamnist_normal_2280_filtered/normal_0574.png,/content/drive/MyDrive/MedSymmFlow_Project/synthetic_data/pneumoniamnist_normal_2280_filtered/normal_1612.png,0.9686664342880249
/content/drive/MyDrive/MedSymmFlow_Project/synthetic_data/pneumoniamnist_normal_2280_filtered/normal_0596.png,/content/drive/MyDrive/MedSymmFlow_Project/synthetic_data/pneumoniamnist_normal_2280_filtered/normal_1031.png,0.9686585664749146
/content/drive/MyDrive/MedSymmFlow_Project/synthetic_data/pneumoniamnist_normal_2280_filtered/normal_1166.png,/content/drive/MyDrive/MedSymmFlow_Project/synthetic_data/pneumoniamnist_normal_2280_filtered/normal_2089.png,0.968651294708252
/content/drive/MyDrive/MedSymmFlow_Project/synthetic_data/pneumoniamnist_normal_2280_filtered/normal_2089.png,/content/drive/MyDrive/MedSymmFlow_Project/synthetic_data/pneumoniamnist_normal_2280_filtered/normal_1166.png,0.968651294708252
/content/drive/MyDrive/MedSymmFlow_Project/synthetic_data/pneumoniamnist_normal_2280_filtered/normal_0506.png,/content/drive/MyDrive/MedSymmFlow_Project/synthetic_data/pneumoniamnist_normal_2280_filtered/normal_0540.png,0.9686341285705566
/content/drive/MyDrive/MedSymmFlow_Project/synthetic_data/pneumoniamnist_normal_2280_filtered/normal_0305.png,/content/drive/MyDrive/MedSymmFlow_Project/synthetic_data/pneumoniamnist_normal_2280_filtered/normal_1015.png,0.9686322212219238
/content/drive/MyDrive/MedSymmFlow_Project/synthetic_data/pneumoniamnist_normal_2280_filtered/normal_1015.png,/content/drive/MyDrive/MedSymmFlow_Project/synthetic_data/pneumoniamnist_normal_2280_filtered/normal_0305.png,0.9686322212219238
/content/drive/MyDrive/MedSymmFlow_Project/synthetic_data/pneumoniamnist_normal_2280_filtered/normal_0423.png,/content/drive/MyDrive/MedSymmFlow_Project/synthetic_data/pneumoniamnist_normal_2280_filtered/normal_0714.png,0.9686269164085388
/content/drive/MyDrive/MedSymmFlow_Project/synthetic_data/pneumoniamnist_normal_2280_filtered/normal_0566.png,/content/drive/MyDrive/MedSymmFlow_Project/synthetic_data/pneumoniamnist_normal_2280_filtered/normal_0736.png,0.9686266183853149
/content/drive/MyDrive/MedSymmFlow_Project/synthetic_data/pneumoniamnist_normal_2280_filtered/normal_0948.png,/content/drive/MyDrive/MedSymmFlow_Project/synthetic_data/pneumoniamnist_normal_2280_filtered/normal_1987.png,0.9686260223388672
/content/drive/MyDrive/MedSymmFlow_Project/synthetic_data/pneumoniamnist_normal_2280_filtered/normal_2275.png,/content/drive/MyDrive/MedSymmFlow_Project/synthetic_data/pneumoniamnist_normal_2280_filtered/normal_1466.png,0.9686188697814941
/content/drive/MyDrive/MedSymmFlow_Project/synthetic_data/pneumoniamnist_normal_2280_filtered/normal_1090.png,/content/drive/MyDrive/MedSymmFlow_Project/synthetic_data/pneumoniamnist_normal_2280_filtered/normal_0392.png,0.9686130881309509
/content/drive/MyDrive/MedSymmFlow_Project/synthetic_data/pneumoniamnist_normal_2280_filtered/normal_0300.png,/content/drive/MyDrive/MedSymmFlow_Project/synthetic_data/pneumoniamnist_normal_2280_filtered/normal_0596.png,0.9686106443405151
/content/drive/MyDrive/MedSymmFlow_Project/synthetic_data/pneumoniamnist_normal_2280_filtered/normal_1561.png,/content/drive/MyDrive/MedSymmFlow_Project/synthetic_data/pneumoniamnist_normal_2280_filtered/normal_1829.png,0.9686098694801331
/content/drive/MyDrive/MedSymmFlow_Project/synthetic_data/pneumoniamnist_normal_2280_filtered/normal_1829.png,/content/drive/MyDrive/MedSymmFlow_Project/synthetic_data/pneumoniamnist_normal_2280_filtered/normal_1561.png,0.9686098694801331
/content/drive/MyDrive/MedSymmFlow_Project/synthetic_data/pneumoniamnist_normal_2280_filtered/normal_1160.png,/content/drive/MyDrive/MedSymmFlow_Project/synthetic_data/pneumoniamnist_normal_2280_filtered/normal_0737.png,0.9686030745506287
/content/drive/MyDrive/MedSymmFlow_Project/synthetic_data/pneumoniamnist_normal_2280_filtered/normal_1779.png,/content/drive/MyDrive/MedSymmFlow_Project/synthetic_data/pneumoniamnist_normal_2280_filtered/normal_0904.png,0.9685918688774109
/content/drive/MyDrive/MedSymmFlow_Project/synthetic_data/pneumoniamnist_normal_2280_filtered/normal_0766.png,/content/drive/MyDrive/MedSymmFlow_Project/synthetic_data/pneumoniamnist_normal_2280_filtered/normal_1439.png,0.9685871601104736
/content/drive/MyDrive/MedSymmFlow_Project/synthetic_data/pneumoniamnist_normal_2280_filtered/normal_1714.png,/content/drive/MyDrive/MedSymmFlow_Project/synthetic_data/pneumoniamnist_normal_2280_filtered/normal_0890.png,0.9685841798782349
/content/drive/MyDrive/MedSymmFlow_Project/synthetic_data/pneumoniamnist_normal_2280_filtered/normal_0890.png,/content/drive/MyDrive/MedSymmFlow_Project/synthetic_data/pneumoniamnist_normal_2280_filtered/normal_1714.png,0.9685841798782349
/content/drive/MyDrive/MedSymmFlow_Project/synthetic_data/pneumoniamnist_normal_2280_filtered/normal_0424.png,/content/drive/MyDrive/MedSymmFlow_Project/synthetic_data/pneumoniamnist_normal_2280_filtered/normal_1713.png,0.9685792922973633
/content/drive/MyDrive/MedSymmFlow_Project/synthetic_data/pneumoniamnist_normal_2280_filtered/normal_0610.png,/content/drive/MyDrive/MedSymmFlow_Project/synthetic_data/pneumoniamnist_normal_2280_filtered/normal_0879.png,0.9685792922973633
/content/drive/MyDrive/MedSymmFlow_Project/synthetic_data/pneumoniamnist_normal_2280_filtered/normal_1309.png,/content/drive/MyDrive/MedSymmFlow_Project/synthetic_data/pneumoniamnist_normal_2280_filtered/normal_0159.png,0.9685732126235962
/content/drive/MyDrive/MedSymmFlow_Project/synthetic_data/pneumoniamnist_normal_2280_filtered/normal_1795.png,/content/drive/MyDrive/MedSymmFlow_Project/synthetic_data/pneumoniamnist_normal_2280_filtered/normal_1315.png,0.9685671925544739
/content/drive/MyDrive/MedSymmFlow_Project/synthetic_data/pneumoniamnist_normal_2280_filtered/normal_0164.png,/content/drive/MyDrive/MedSymmFlow_Project/synthetic_data/pneumoniamnist_normal_2280_filtered/normal_0155.png,0.9685656428337097
/content/drive/MyDrive/MedSymmFlow_Project/synthetic_data/pneumoniamnist_normal_2280_filtered/normal_1531.png,/content/drive/MyDrive/MedSymmFlow_Project/synthetic_data/pneumoniamnist_normal_2280_filtered/normal_2256.png,0.9685608148574829
/content/drive/MyDrive/MedSymmFlow_Project/synthetic_data/pneumoniamnist_normal_2280_filtered/normal_0705.png,/content/drive/MyDrive/MedSymmFlow_Project/synthetic_data/pneumoniamnist_normal_2280_filtered/normal_0540.png,0.9685580730438232
/content/drive/MyDrive/MedSymmFlow_Project/synthetic_data/pneumoniamnist_normal_2280_filtered/normal_2115.png,/content/drive/MyDrive/MedSymmFlow_Project/synthetic_data/pneumoniamnist_normal_2280_filtered/normal_1519.png,0.968550443649292
/content/drive/MyDrive/MedSymmFlow_Project/synthetic_data/pneumoniamnist_normal_2280_filtered/normal_1573.png,/content/drive/MyDrive/MedSymmFlow_Project/synthetic_data/pneumoniamnist_normal_2280_filtered/normal_1221.png,0.9685477614402771
/content/drive/MyDrive/MedSymmFlow_Project/synthetic_data/pneumoniamnist_normal_2280_filtered/normal_1474.png,/content/drive/MyDrive/MedSymmFlow_Project/synthetic_data/pneumoniamnist_normal_2280_filtered/normal_0837.png,0.9685369729995728
/content/drive/MyDrive/MedSymmFlow_Project/synthetic_data/pneumoniamnist_normal_2280_filtered/normal_1481.png,/content/drive/MyDrive/MedSymmFlow_Project/synthetic_data/pneumoniamnist_normal_2280_filtered/normal_1596.png,0.9685359001159668
/content/drive/MyDrive/MedSymmFlow_Project/synthetic_data/pneumoniamnist_normal_2280_filtered/normal_0538.png,/content/drive/MyDrive/MedSymmFlow_Project/synthetic_data/pneumoniamnist_normal_2280_filtered/normal_0136.png,0.9685342311859131
/content/drive/MyDrive/MedSymmFlow_Project/synthetic_data/pneumoniamnist_normal_2280_filtered/normal_0255.png,/content/drive/MyDrive/MedSymmFlow_Project/synthetic_data/pneumoniamnist_normal_2280_filtered/normal_0765.png,0.968529462814331
/content/drive/MyDrive/MedSymmFlow_Project/synthetic_data/pneumoniamnist_normal_2280_filtered/normal_1181.png,/content/drive/MyDrive/MedSymmFlow_Project/synthetic_data/pneumoniamnist_normal_2280_filtered/normal_1446.png,0.9685232639312744
/content/drive/MyDrive/MedSymmFlow_Project/synthetic_data/pneumoniamnist_normal_2280_filtered/normal_1500.png,/content/drive/MyDrive/MedSymmFlow_Project/synthetic_data/pneumoniamnist_normal_2280_filtered/normal_0531.png,0.9685161113739014
/content/drive/MyDrive/MedSymmFlow_Project/synthetic_data/pneumoniamnist_normal_2280_filtered/normal_1356.png,/content/drive/MyDrive/MedSymmFlow_Project/synthetic_data/pneumoniamnist_normal_2280_filtered/normal_1580.png,0.9685039520263672
/content/drive/MyDrive/MedSymmFlow_Project/synthetic_data/pneumoniamnist_normal_2280_filtered/normal_0790.png,/content/drive/MyDrive/MedSymmFlow_Project/synthetic_data/pneumoniamnist_normal_2280_filtered/normal_2078.png,0.9685022830963135
/content/drive/MyDrive/MedSymmFlow_Project/synthetic_data/pneumoniamnist_normal_2280_filtered/normal_0788.png,/content/drive/MyDrive/MedSymmFlow_Project/synthetic_data/pneumoniamnist_normal_2280_filtered/normal_1385.png,0.9684990048408508
/content/drive/MyDrive/MedSymmFlow_Project/synthetic_data/pneumoniamnist_normal_2280_filtered/normal_2032.png,/content/drive/MyDrive/MedSymmFlow_Project/synthetic_data/pneumoniamnist_normal_2280_filtered/normal_0415.png,0.968487024307251
/content/drive/MyDrive/MedSymmFlow_Project/synthetic_data/pneumoniamnist_normal_2280_filtered/normal_1463.png,/content/drive/MyDrive/MedSymmFlow_Project/synthetic_data/pneumoniamnist_normal_2280_filtered/normal_0549.png,0.9684855937957764
/content/drive/MyDrive/MedSymmFlow_Project/synthetic_data/pneumoniamnist_normal_2280_filtered/normal_1267.png,/content/drive/MyDrive/MedSymmFlow_Project/synthetic_data/pneumoniamnist_normal_2280_filtered/normal_1268.png,0.9684841632843018
/content/drive/MyDrive/MedSymmFlow_Project/synthetic_data/pneumoniamnist_normal_2280_filtered/normal_1268.png,/content/drive/MyDrive/MedSymmFlow_Project/synthetic_data/pneumoniamnist_normal_2280_filtered/normal_1267.png,0.9684841632843018
/content/drive/MyDrive/MedSymmFlow_Project/synthetic_data/pneumoniamnist_normal_2280_filtered/normal_0903.png,/content/drive/MyDrive/MedSymmFlow_Project/synthetic_data/pneumoniamnist_normal_2280_filtered/normal_0697.png,0.9684616327285767
/content/drive/MyDrive/MedSymmFlow_Project/synthetic_data/pneumoniamnist_normal_2280_filtered/normal_2062.png,/content/drive/MyDrive/MedSymmFlow_Project/synthetic_data/pneumoniamnist_normal_2280_filtered/normal_0540.png,0.9684532880783081
/content/drive/MyDrive/MedSymmFlow_Project/synthetic_data/pneumoniamnist_normal_2280_filtered/normal_0500.png,/content/drive/MyDrive/MedSymmFlow_Project/synthetic_data/pneumoniamnist_normal_2280_filtered/normal_0535.png,0.9684494733810425
/content/drive/MyDrive/MedSymmFlow_Project/synthetic_data/pneumoniamnist_normal_2280_filtered/normal_0329.png,/content/drive/MyDrive/MedSymmFlow_Project/synthetic_data/pneumoniamnist_normal_2280_filtered/normal_0095.png,0.9684455394744873
/content/drive/MyDrive/MedSymmFlow_Project/synthetic_data/pneumoniamnist_normal_2280_filtered/normal_0960.png,/content/drive/MyDrive/MedSymmFlow_Project/synthetic_data/pneumoniamnist_normal_2280_filtered/normal_0524.png,0.9684441685676575
/content/drive/MyDrive/MedSymmFlow_Project/synthetic_data/pneumoniamnist_normal_2280_filtered/normal_0683.png,/content/drive/MyDrive/MedSymmFlow_Project/synthetic_data/pneumoniamnist_normal_2280_filtered/normal_1505.png,0.9684407711029053
/content/drive/MyDrive/MedSymmFlow_Project/synthetic_data/pneumoniamnist_normal_2280_filtered/normal_1152.png,/content/drive/MyDrive/MedSymmFlow_Project/synthetic_data/pneumoniamnist_normal_2280_filtered/normal_2166.png,0.9684392809867859
/content/drive/MyDrive/MedSymmFlow_Project/synthetic_data/pneumoniamnist_normal_2280_filtered/normal_1527.png,/content/drive/MyDrive/MedSymmFlow_Project/synthetic_data/pneumoniamnist_normal_2280_filtered/normal_1988.png,0.9684210419654846
/content/drive/MyDrive/MedSymmFlow_Project/synthetic_data/pneumoniamnist_normal_2280_filtered/normal_1988.png,/content/drive/MyDrive/MedSymmFlow_Project/synthetic_data/pneumoniamnist_normal_2280_filtered/normal_1527.png,0.9684210419654846
/content/drive/MyDrive/MedSymmFlow_Project/synthetic_data/pneumoniamnist_normal_2280_filtered/normal_0848.png,/content/drive/MyDrive/MedSymmFlow_Project/synthetic_data/pneumoniamnist_normal_2280_filtered/normal_0701.png,0.9684203863143921
/content/drive/MyDrive/MedSymmFlow_Project/synthetic_data/pneumoniamnist_normal_2280_filtered/normal_0883.png,/content/drive/MyDrive/MedSymmFlow_Project/synthetic_data/pneumoniamnist_normal_2280_filtered/normal_2203.png,0.9684070944786072
/content/drive/MyDrive/MedSymmFlow_Project/synthetic_data/pneumoniamnist_normal_2280_filtered/normal_0999.png,/content/drive/MyDrive/MedSymmFlow_Project/synthetic_data/pneumoniamnist_normal_2280_filtered/normal_0751.png,0.9684031009674072
/content/drive/MyDrive/MedSymmFlow_Project/synthetic_data/pneumoniamnist_normal_2280_filtered/normal_1435.png,/content/drive/MyDrive/MedSymmFlow_Project/synthetic_data/pneumoniamnist_normal_2280_filtered/normal_1363.png,0.9683786034584045
/content/drive/MyDrive/MedSymmFlow_Project/synthetic_data/pneumoniamnist_normal_2280_filtered/normal_0059.png,/content/drive/MyDrive/MedSymmFlow_Project/synthetic_data/pneumoniamnist_normal_2280_filtered/normal_0200.png,0.9683775901794434
/content/drive/MyDrive/MedSymmFlow_Project/synthetic_data/pneumoniamnist_normal_2280_filtered/normal_1996.png,/content/drive/MyDrive/MedSymmFlow_Project/synthetic_data/pneumoniamnist_normal_2280_filtered/normal_1810.png,0.9683696627616882
/content/drive/MyDrive/MedSymmFlow_Project/synthetic_data/pneumoniamnist_normal_2280_filtered/normal_1689.png,/content/drive/MyDrive/MedSymmFlow_Project/synthetic_data/pneumoniamnist_normal_2280_filtered/normal_0118.png,0.9683612585067749
/content/drive/MyDrive/MedSymmFlow_Project/synthetic_data/pneumoniamnist_normal_2280_filtered/normal_0118.png,/content/drive/MyDrive/MedSymmFlow_Project/synthetic_data/pneumoniamnist_normal_2280_filtered/normal_1689.png,0.9683612585067749
/content/drive/MyDrive/MedSymmFlow_Project/synthetic_data/pneumoniamnist_normal_2280_filtered/normal_1928.png,/content/drive/MyDrive/MedSymmFlow_Project/synthetic_data/pneumoniamnist_normal_2280_filtered/normal_0999.png,0.9683605432510376
/content/drive/MyDrive/MedSymmFlow_Project/synthetic_data/pneumoniamnist_normal_2280_filtered/normal_0957.png,/content/drive/MyDrive/MedSymmFlow_Project/synthetic_data/pneumoniamnist_normal_2280_filtered/normal_0076.png,0.9683250188827515
/content/drive/MyDrive/MedSymmFlow_Project/synthetic_data/pneumoniamnist_normal_2280_filtered/normal_0396.png,/content/drive/MyDrive/MedSymmFlow_Project/synthetic_data/pneumoniamnist_normal_2280_filtered/normal_1391.png,0.9683130383491516
/content/drive/MyDrive/MedSymmFlow_Project/synthetic_data/pneumoniamnist_normal_2280_filtered/normal_1391.png,/content/drive/MyDrive/MedSymmFlow_Project/synthetic_data/pneumoniamnist_normal_2280_filtered/normal_0396.png,0.9683130383491516
/content/drive/MyDrive/MedSymmFlow_Project/synthetic_data/pneumoniamnist_normal_2280_filtered/normal_0492.png,/content/drive/MyDrive/MedSymmFlow_Project/synthetic_data/pneumoniamnist_normal_2280_filtered/normal_1829.png,0.9683042764663696
/content/drive/MyDrive/MedSymmFlow_Project/synthetic_data/pneumoniamnist_normal_2280_filtered/normal_2056.png,/content/drive/MyDrive/MedSymmFlow_Project/synthetic_data/pneumoniamnist_normal_2280_filtered/normal_1203.png,0.9682986736297607
/content/drive/MyDrive/MedSymmFlow_Project/synthetic_data/pneumoniamnist_normal_2280_filtered/normal_1801.png,/content/drive/MyDrive/MedSymmFlow_Project/synthetic_data/pneumoniamnist_normal_2280_filtered/normal_1081.png,0.9682976603507996
/content/drive/MyDrive/MedSymmFlow_Project/synthetic_data/pneumoniamnist_normal_2280_filtered/normal_1232.png,/content/drive/MyDrive/MedSymmFlow_Project/synthetic_data/pneumoniamnist_normal_2280_filtered/normal_1882.png,0.9682962894439697
/content/drive/MyDrive/MedSymmFlow_Project/synthetic_data/pneumoniamnist_normal_2280_filtered/normal_1896.png,/content/drive/MyDrive/MedSymmFlow_Project/synthetic_data/pneumoniamnist_normal_2280_filtered/normal_1694.png,0.9682860374450684
/content/drive/MyDrive/MedSymmFlow_Project/synthetic_data/pneumoniamnist_normal_2280_filtered/normal_0373.png,/content/drive/MyDrive/MedSymmFlow_Project/synthetic_data/pneumoniamnist_normal_2280_filtered/normal_0076.png,0.968285083770752
/content/drive/MyDrive/MedSymmFlow_Project/synthetic_data/pneumoniamnist_normal_2280_filtered/normal_1750.png,/content/drive/MyDrive/MedSymmFlow_Project/synthetic_data/pneumoniamnist_normal_2280_filtered/normal_0705.png,0.9682834148406982
/content/drive/MyDrive/MedSymmFlow_Project/synthetic_data/pneumoniamnist_normal_2280_filtered/normal_0774.png,/content/drive/MyDrive/MedSymmFlow_Project/synthetic_data/pneumoniamnist_normal_2280_filtered/normal_1484.png,0.9682780504226685
/content/drive/MyDrive/MedSymmFlow_Project/synthetic_data/pneumoniamnist_normal_2280_filtered/normal_0530.png,/content/drive/MyDrive/MedSymmFlow_Project/synthetic_data/pneumoniamnist_normal_2280_filtered/normal_0994.png,0.9682744741439819
/content/drive/MyDrive/MedSymmFlow_Project/synthetic_data/pneumoniamnist_normal_2280_filtered/normal_0994.png,/content/drive/MyDrive/MedSymmFlow_Project/synthetic_data/pneumoniamnist_normal_2280_filtered/normal_0530.png,0.9682744741439819
/content/drive/MyDrive/MedSymmFlow_Project/synthetic_data/pneumoniamnist_normal_2280_filtered/normal_1609.png,/content/drive/MyDrive/MedSymmFlow_Project/synthetic_data/pneumoniamnist_normal_2280_filtered/normal_1941.png,0.9682729244232178
/content/drive/MyDrive/MedSymmFlow_Project/synthetic_data/pneumoniamnist_normal_2280_filtered/normal_1056.png,/content/drive/MyDrive/MedSymmFlow_Project/synthetic_data/pneumoniamnist_normal_2280_filtered/normal_0108.png,0.9682711362838745
/content/drive/MyDrive/MedSymmFlow_Project/synthetic_data/pneumoniamnist_normal_2280_filtered/normal_2158.png,/content/drive/MyDrive/MedSymmFlow_Project/synthetic_data/pneumoniamnist_normal_2280_filtered/normal_1539.png,0.968269944190979
/content/drive/MyDrive/MedSymmFlow_Project/synthetic_data/pneumoniamnist_normal_2280_filtered/normal_0629.png,/content/drive/MyDrive/MedSymmFlow_Project/synthetic_data/pneumoniamnist_normal_2280_filtered/normal_1168.png,0.9682651162147522
/content/drive/MyDrive/MedSymmFlow_Project/synthetic_data/pneumoniamnist_normal_2280_filtered/normal_1913.png,/content/drive/MyDrive/MedSymmFlow_Project/synthetic_data/pneumoniamnist_normal_2280_filtered/normal_1932.png,0.968244731426239
/content/drive/MyDrive/MedSymmFlow_Project/synthetic_data/pneumoniamnist_normal_2280_filtered/normal_1921.png,/content/drive/MyDrive/MedSymmFlow_Project/synthetic_data/pneumoniamnist_normal_2280_filtered/normal_1101.png,0.9682415723800659
/content/drive/MyDrive/MedSymmFlow_Project/synthetic_data/pneumoniamnist_normal_2280_filtered/normal_0812.png,/content/drive/MyDrive/MedSymmFlow_Project/synthetic_data/pneumoniamnist_normal_2280_filtered/normal_0847.png,0.9682327508926392
/content/drive/MyDrive/MedSymmFlow_Project/synthetic_data/pneumoniamnist_normal_2280_filtered/normal_0847.png,/content/drive/MyDrive/MedSymmFlow_Project/synthetic_data/pneumoniamnist_normal_2280_filtered/normal_0812.png,0.9682327508926392
/content/drive/MyDrive/MedSymmFlow_Project/synthetic_data/pneumoniamnist_normal_2280_filtered/normal_0394.png,/content/drive/MyDrive/MedSymmFlow_Project/synthetic_data/pneumoniamnist_normal_2280_filtered/normal_0459.png,0.9682269096374512
/content/drive/MyDrive/MedSymmFlow_Project/synthetic_data/pneumoniamnist_normal_2280_filtered/normal_0584.png,/content/drive/MyDrive/MedSymmFlow_Project/synthetic_data/pneumoniamnist_normal_2280_filtered/normal_1315.png,0.9682185053825378
/content/drive/MyDrive/MedSymmFlow_Project/synthetic_data/pneumoniamnist_normal_2280_filtered/normal_1721.png,/content/drive/MyDrive/MedSymmFlow_Project/synthetic_data/pneumoniamnist_normal_2280_filtered/normal_0008.png,0.9681909084320068
/content/drive/MyDrive/MedSymmFlow_Project/synthetic_data/pneumoniamnist_normal_2280_filtered/normal_1523.png,/content/drive/MyDrive/MedSymmFlow_Project/synthetic_data/pneumoniamnist_normal_2280_filtered/normal_0440.png,0.9681862592697144
/content/drive/MyDrive/MedSymmFlow_Project/synthetic_data/pneumoniamnist_normal_2280_filtered/normal_0391.png,/content/drive/MyDrive/MedSymmFlow_Project/synthetic_data/pneumoniamnist_normal_2280_filtered/normal_1345.png,0.9681843519210815
/content/drive/MyDrive/MedSymmFlow_Project/synthetic_data/pneumoniamnist_normal_2280_filtered/normal_1345.png,/content/drive/MyDrive/MedSymmFlow_Project/synthetic_data/pneumoniamnist_normal_2280_filtered/normal_0391.png,0.9681843519210815
/content/drive/MyDrive/MedSymmFlow_Project/synthetic_data/pneumoniamnist_normal_2280_filtered/normal_0918.png,/content/drive/MyDrive/MedSymmFlow_Project/synthetic_data/pneumoniamnist_normal_2280_filtered/normal_0269.png,0.9681626558303833
/content/drive/MyDrive/MedSymmFlow_Project/synthetic_data/pneumoniamnist_normal_2280_filtered/normal_1382.png,/content/drive/MyDrive/MedSymmFlow_Project/synthetic_data/pneumoniamnist_normal_2280_filtered/normal_0982.png,0.9681592583656311
/content/drive/MyDrive/MedSymmFlow_Project/synthetic_data/pneumoniamnist_normal_2280_filtered/normal_0261.png,/content/drive/MyDrive/MedSymmFlow_Project/synthetic_data/pneumoniamnist_normal_2280_filtered/normal_0616.png,0.9681516885757446
/content/drive/MyDrive/MedSymmFlow_Project/synthetic_data/pneumoniamnist_normal_2280_filtered/normal_2174.png,/content/drive/MyDrive/MedSymmFlow_Project/synthetic_data/pneumoniamnist_normal_2280_filtered/normal_1572.png,0.9681459069252014
/content/drive/MyDrive/MedSymmFlow_Project/synthetic_data/pneumoniamnist_normal_2280_filtered/normal_0350.png,/content/drive/MyDrive/MedSymmFlow_Project/synthetic_data/pneumoniamnist_normal_2280_filtered/normal_0062.png,0.9681278467178345
/content/drive/MyDrive/MedSymmFlow_Project/synthetic_data/pneumoniamnist_normal_2280_filtered/normal_1254.png,/content/drive/MyDrive/MedSymmFlow_Project/synthetic_data/pneumoniamnist_normal_2280_filtered/normal_0399.png,0.968126654624939
/content/drive/MyDrive/MedSymmFlow_Project/synthetic_data/pneumoniamnist_normal_2280_filtered/normal_1261.png,/content/drive/MyDrive/MedSymmFlow_Project/synthetic_data/pneumoniamnist_normal_2280_filtered/normal_2139.png,0.9681106805801392
/content/drive/MyDrive/MedSymmFlow_Project/synthetic_data/pneumoniamnist_normal_2280_filtered/normal_2240.png,/content/drive/MyDrive/MedSymmFlow_Project/synthetic_data/pneumoniamnist_normal_2280_filtered/normal_0317.png,0.9680894017219543
/content/drive/MyDrive/MedSymmFlow_Project/synthetic_data/pneumoniamnist_normal_2280_filtered/normal_0434.png,/content/drive/MyDrive/MedSymmFlow_Project/synthetic_data/pneumoniamnist_normal_2280_filtered/normal_1050.png,0.9680740833282471
/content/drive/MyDrive/MedSymmFlow_Project/synthetic_data/pneumoniamnist_normal_2280_filtered/normal_1050.png,/content/drive/MyDrive/MedSymmFlow_Project/synthetic_data/pneumoniamnist_normal_2280_filtered/normal_0434.png,0.9680740833282471
/content/drive/MyDrive/MedSymmFlow_Project/synthetic_data/pneumoniamnist_normal_2280_filtered/normal_0358.png,/content/drive/MyDrive/MedSymmFlow_Project/synthetic_data/pneumoniamnist_normal_2280_filtered/normal_1384.png,0.9680665731430054
/content/drive/MyDrive/MedSymmFlow_Project/synthetic_data/pneumoniamnist_normal_2280_filtered/normal_1818.png,/content/drive/MyDrive/MedSymmFlow_Project/synthetic_data/pneumoniamnist_normal_2280_filtered/normal_2063.png,0.9680639505386353
/content/drive/MyDrive/MedSymmFlow_Project/synthetic_data/pneumoniamnist_normal_2280_filtered/normal_1854.png,/content/drive/MyDrive/MedSymmFlow_Project/synthetic_data/pneumoniamnist_normal_2280_filtered/normal_1814.png,0.9680625796318054
/content/drive/MyDrive/MedSymmFlow_Project/synthetic_data/pneumoniamnist_normal_2280_filtered/normal_2160.png,/content/drive/MyDrive/MedSymmFlow_Project/synthetic_data/pneumoniamnist_normal_2280_filtered/normal_1984.png,0.9680522680282593
/content/drive/MyDrive/MedSymmFlow_Project/synthetic_data/pneumoniamnist_normal_2280_filtered/normal_0087.png,/content/drive/MyDrive/MedSymmFlow_Project/synthetic_data/pneumoniamnist_normal_2280_filtered/normal_0504.png,0.9680304527282715
/content/drive/MyDrive/MedSymmFlow_Project/synthetic_data/pneumoniamnist_normal_2280_filtered/normal_0504.png,/content/drive/MyDrive/MedSymmFlow_Project/synthetic_data/pneumoniamnist_normal_2280_filtered/normal_0087.png,0.9680304527282715
/content/drive/MyDrive/MedSymmFlow_Project/synthetic_data/pneumoniamnist_normal_2280_filtered/normal_1138.png,/content/drive/MyDrive/MedSymmFlow_Project/synthetic_data/pneumoniamnist_normal_2280_filtered/normal_0119.png,0.9680273532867432
/content/drive/MyDrive/MedSymmFlow_Project/synthetic_data/pneumoniamnist_normal_2280_filtered/normal_1185.png,/content/drive/MyDrive/MedSymmFlow_Project/synthetic_data/pneumoniamnist_normal_2280_filtered/normal_1341.png,0.9680208563804626
/content/drive/MyDrive/MedSymmFlow_Project/synthetic_data/pneumoniamnist_normal_2280_filtered/normal_1602.png,/content/drive/MyDrive/MedSymmFlow_Project/synthetic_data/pneumoniamnist_normal_2280_filtered/normal_0392.png,0.9680085182189941
/content/drive/MyDrive/MedSymmFlow_Project/synthetic_data/pneumoniamnist_normal_2280_filtered/normal_2264.png,/content/drive/MyDrive/MedSymmFlow_Project/synthetic_data/pneumoniamnist_normal_2280_filtered/normal_0676.png,0.9680007696151733
/content/drive/MyDrive/MedSymmFlow_Project/synthetic_data/pneumoniamnist_normal_2280_filtered/normal_2136.png,/content/drive/MyDrive/MedSymmFlow_Project/synthetic_data/pneumoniamnist_normal_2280_filtered/normal_0101.png,0.967999279499054
/content/drive/MyDrive/MedSymmFlow_Project/synthetic_data/pneumoniamnist_normal_2280_filtered/normal_2012.png,/content/drive/MyDrive/MedSymmFlow_Project/synthetic_data/pneumoniamnist_normal_2280_filtered/normal_1016.png,0.9679943323135376
/content/drive/MyDrive/MedSymmFlow_Project/synthetic_data/pneumoniamnist_normal_2280_filtered/normal_0749.png,/content/drive/MyDrive/MedSymmFlow_Project/synthetic_data/pneumoniamnist_normal_2280_filtered/normal_2203.png,0.9679940342903137
/content/drive/MyDrive/MedSymmFlow_Project/synthetic_data/pneumoniamnist_normal_2280_filtered/normal_0259.png,/content/drive/MyDrive/MedSymmFlow_Project/synthetic_data/pneumoniamnist_normal_2280_filtered/normal_0414.png,0.967990517616272
/content/drive/MyDrive/MedSymmFlow_Project/synthetic_data/pneumoniamnist_normal_2280_filtered/normal_1626.png,/content/drive/MyDrive/MedSymmFlow_Project/synthetic_data/pneumoniamnist_normal_2280_filtered/normal_0108.png,0.967978835105896
/content/drive/MyDrive/MedSymmFlow_Project/synthetic_data/pneumoniamnist_normal_2280_filtered/normal_0932.png,/content/drive/MyDrive/MedSymmFlow_Project/synthetic_data/pneumoniamnist_normal_2280_filtered/normal_2169.png,0.9679743051528931
/content/drive/MyDrive/MedSymmFlow_Project/synthetic_data/pneumoniamnist_normal_2280_filtered/normal_2169.png,/content/drive/MyDrive/MedSymmFlow_Project/synthetic_data/pneumoniamnist_normal_2280_filtered/normal_0932.png,0.9679743051528931
/content/drive/MyDrive/MedSymmFlow_Project/synthetic_data/pneumoniamnist_normal_2280_filtered/normal_1088.png,/content/drive/MyDrive/MedSymmFlow_Project/synthetic_data/pneumoniamnist_normal_2280_filtered/normal_1987.png,0.9679690599441528
/content/drive/MyDrive/MedSymmFlow_Project/synthetic_data/pneumoniamnist_normal_2280_filtered/normal_2141.png,/content/drive/MyDrive/MedSymmFlow_Project/synthetic_data/pneumoniamnist_normal_2280_filtered/normal_0866.png,0.9679667949676514
/content/drive/MyDrive/MedSymmFlow_Project/synthetic_data/pneumoniamnist_normal_2280_filtered/normal_1986.png,/content/drive/MyDrive/MedSymmFlow_Project/synthetic_data/pneumoniamnist_normal_2280_filtered/normal_1342.png,0.9679654836654663
/content/drive/MyDrive/MedSymmFlow_Project/synthetic_data/pneumoniamnist_normal_2280_filtered/normal_1564.png,/content/drive/MyDrive/MedSymmFlow_Project/synthetic_data/pneumoniamnist_normal_2280_filtered/normal_1572.png,0.9679626226425171
/content/drive/MyDrive/MedSymmFlow_Project/synthetic_data/pneumoniamnist_normal_2280_filtered/normal_0942.png,/content/drive/MyDrive/MedSymmFlow_Project/synthetic_data/pneumoniamnist_normal_2280_filtered/normal_0711.png,0.9679597616195679
/content/drive/MyDrive/MedSymmFlow_Project/synthetic_data/pneumoniamnist_normal_2280_filtered/normal_1680.png,/content/drive/MyDrive/MedSymmFlow_Project/synthetic_data/pneumoniamnist_normal_2280_filtered/normal_0703.png,0.9679457545280457
/content/drive/MyDrive/MedSymmFlow_Project/synthetic_data/pneumoniamnist_normal_2280_filtered/normal_0548.png,/content/drive/MyDrive/MedSymmFlow_Project/synthetic_data/pneumoniamnist_normal_2280_filtered/normal_1148.png,0.9679377675056458
/content/drive/MyDrive/MedSymmFlow_Project/synthetic_data/pneumoniamnist_normal_2280_filtered/normal_0732.png,/content/drive/MyDrive/MedSymmFlow_Project/synthetic_data/pneumoniamnist_normal_2280_filtered/normal_0625.png,0.967933177947998
/content/drive/MyDrive/MedSymmFlow_Project/synthetic_data/pneumoniamnist_normal_2280_filtered/normal_1258.png,/content/drive/MyDrive/MedSymmFlow_Project/synthetic_data/pneumoniamnist_normal_2280_filtered/normal_0099.png,0.9679327607154846
/content/drive/MyDrive/MedSymmFlow_Project/synthetic_data/pneumoniamnist_normal_2280_filtered/normal_1871.png,/content/drive/MyDrive/MedSymmFlow_Project/synthetic_data/pneumoniamnist_normal_2280_filtered/normal_1443.png,0.9679305553436279
/content/drive/MyDrive/MedSymmFlow_Project/synthetic_data/pneumoniamnist_normal_2280_filtered/normal_1443.png,/content/drive/MyDrive/MedSymmFlow_Project/synthetic_data/pneumoniamnist_normal_2280_filtered/normal_1871.png,0.9679305553436279
/content/drive/MyDrive/MedSymmFlow_Project/synthetic_data/pneumoniamnist_normal_2280_filtered/normal_2245.png,/content/drive/MyDrive/MedSymmFlow_Project/synthetic_data/pneumoniamnist_normal_2280_filtered/normal_1055.png,0.9679300785064697
/content/drive/MyDrive/MedSymmFlow_Project/synthetic_data/pneumoniamnist_normal_2280_filtered/normal_1318.png,/content/drive/MyDrive/MedSymmFlow_Project/synthetic_data/pneumoniamnist_normal_2280_filtered/normal_0392.png,0.9679276943206787
/content/drive/MyDrive/MedSymmFlow_Project/synthetic_data/pneumoniamnist_normal_2280_filtered/normal_0970.png,/content/drive/MyDrive/MedSymmFlow_Project/synthetic_data/pneumoniamnist_normal_2280_filtered/normal_1826.png,0.9679266810417175
/content/drive/MyDrive/MedSymmFlow_Project/synthetic_data/pneumoniamnist_normal_2280_filtered/normal_2065.png,/content/drive/MyDrive/MedSymmFlow_Project/synthetic_data/pneumoniamnist_normal_2280_filtered/normal_0258.png,0.9679200053215027
/content/drive/MyDrive/MedSymmFlow_Project/synthetic_data/pneumoniamnist_normal_2280_filtered/normal_1490.png,/content/drive/MyDrive/MedSymmFlow_Project/synthetic_data/pneumoniamnist_normal_2280_filtered/normal_0748.png,0.9679156541824341
/content/drive/MyDrive/MedSymmFlow_Project/synthetic_data/pneumoniamnist_normal_2280_filtered/normal_0863.png,/content/drive/MyDrive/MedSymmFlow_Project/synthetic_data/pneumoniamnist_normal_2280_filtered/normal_1215.png,0.9679015874862671
/content/drive/MyDrive/MedSymmFlow_Project/synthetic_data/pneumoniamnist_normal_2280_filtered/normal_0395.png,/content/drive/MyDrive/MedSymmFlow_Project/synthetic_data/pneumoniamnist_normal_2280_filtered/normal_1283.png,0.9678995609283447
/content/drive/MyDrive/MedSymmFlow_Project/synthetic_data/pneumoniamnist_normal_2280_filtered/normal_1794.png,/content/drive/MyDrive/MedSymmFlow_Project/synthetic_data/pneumoniamnist_normal_2280_filtered/normal_2136.png,0.9678933620452881
/content/drive/MyDrive/MedSymmFlow_Project/synthetic_data/pneumoniamnist_normal_2280_filtered/normal_2211.png,/content/drive/MyDrive/MedSymmFlow_Project/synthetic_data/pneumoniamnist_normal_2280_filtered/normal_0535.png,0.9678852558135986
/content/drive/MyDrive/MedSymmFlow_Project/synthetic_data/pneumoniamnist_normal_2280_filtered/normal_0795.png,/content/drive/MyDrive/MedSymmFlow_Project/synthetic_data/pneumoniamnist_normal_2280_filtered/normal_2206.png,0.9678828120231628
/content/drive/MyDrive/MedSymmFlow_Project/synthetic_data/pneumoniamnist_normal_2280_filtered/normal_0125.png,/content/drive/MyDrive/MedSymmFlow_Project/synthetic_data/pneumoniamnist_normal_2280_filtered/normal_0699.png,0.967880129814148
/content/drive/MyDrive/MedSymmFlow_Project/synthetic_data/pneumoniamnist_normal_2280_filtered/normal_1775.png,/content/drive/MyDrive/MedSymmFlow_Project/synthetic_data/pneumoniamnist_normal_2280_filtered/normal_1626.png,0.9678529500961304
/content/drive/MyDrive/MedSymmFlow_Project/synthetic_data/pneumoniamnist_normal_2280_filtered/normal_0922.png,/content/drive/MyDrive/MedSymmFlow_Project/synthetic_data/pneumoniamnist_normal_2280_filtered/normal_0980.png,0.967849850654602
/content/drive/MyDrive/MedSymmFlow_Project/synthetic_data/pneumoniamnist_normal_2280_filtered/normal_0980.png,/content/drive/MyDrive/MedSymmFlow_Project/synthetic_data/pneumoniamnist_normal_2280_filtered/normal_0922.png,0.967849850654602
/content/drive/MyDrive/MedSymmFlow_Project/synthetic_data/pneumoniamnist_normal_2280_filtered/normal_1266.png,/content/drive/MyDrive/MedSymmFlow_Project/synthetic_data/pneumoniamnist_normal_2280_filtered/normal_0918.png,0.9678475856781006
/content/drive/MyDrive/MedSymmFlow_Project/synthetic_data/pneumoniamnist_normal_2280_filtered/normal_0630.png,/content/drive/MyDrive/MedSymmFlow_Project/synthetic_data/pneumoniamnist_normal_2280_filtered/normal_0200.png,0.9678473472595215
/content/drive/MyDrive/MedSymmFlow_Project/synthetic_data/pneumoniamnist_normal_2280_filtered/normal_1661.png,/content/drive/MyDrive/MedSymmFlow_Project/synthetic_data/pneumoniamnist_normal_2280_filtered/normal_0577.png,0.9678440690040588
/content/drive/MyDrive/MedSymmFlow_Project/synthetic_data/pneumoniamnist_normal_2280_filtered/normal_2182.png,/content/drive/MyDrive/MedSymmFlow_Project/synthetic_data/pneumoniamnist_normal_2280_filtered/normal_1934.png,0.9678313732147217
/content/drive/MyDrive/MedSymmFlow_Project/synthetic_data/pneumoniamnist_normal_2280_filtered/normal_1918.png,/content/drive/MyDrive/MedSymmFlow_Project/synthetic_data/pneumoniamnist_normal_2280_filtered/normal_0150.png,0.9678290486335754
/content/drive/MyDrive/MedSymmFlow_Project/synthetic_data/pneumoniamnist_normal_2280_filtered/normal_0859.png,/content/drive/MyDrive/MedSymmFlow_Project/synthetic_data/pneumoniamnist_normal_2280_filtered/normal_0566.png,0.9678232669830322
/content/drive/MyDrive/MedSymmFlow_Project/synthetic_data/pneumoniamnist_normal_2280_filtered/normal_1579.png,/content/drive/MyDrive/MedSymmFlow_Project/synthetic_data/pneumoniamnist_normal_2280_filtered/normal_1485.png,0.9678111672401428
/content/drive/MyDrive/MedSymmFlow_Project/synthetic_data/pneumoniamnist_normal_2280_filtered/normal_1565.png,/content/drive/MyDrive/MedSymmFlow_Project/synthetic_data/pneumoniamnist_normal_2280_filtered/normal_2000.png,0.9678047299385071
/content/drive/MyDrive/MedSymmFlow_Project/synthetic_data/pneumoniamnist_normal_2280_filtered/normal_1925.png,/content/drive/MyDrive/MedSymmFlow_Project/synthetic_data/pneumoniamnist_normal_2280_filtered/normal_2272.png,0.9677945375442505
/content/drive/MyDrive/MedSymmFlow_Project/synthetic_data/pneumoniamnist_normal_2280_filtered/normal_1454.png,/content/drive/MyDrive/MedSymmFlow_Project/synthetic_data/pneumoniamnist_normal_2280_filtered/normal_1168.png,0.9677902460098267
/content/drive/MyDrive/MedSymmFlow_Project/synthetic_data/pneumoniamnist_normal_2280_filtered/normal_1917.png,/content/drive/MyDrive/MedSymmFlow_Project/synthetic_data/pneumoniamnist_normal_2280_filtered/normal_0502.png,0.9677829742431641
/content/drive/MyDrive/MedSymmFlow_Project/synthetic_data/pneumoniamnist_normal_2280_filtered/normal_0502.png,/content/drive/MyDrive/MedSymmFlow_Project/synthetic_data/pneumoniamnist_normal_2280_filtered/normal_1917.png,0.9677829742431641
/content/drive/MyDrive/MedSymmFlow_Project/synthetic_data/pneumoniamnist_normal_2280_filtered/normal_0820.png,/content/drive/MyDrive/MedSymmFlow_Project/synthetic_data/pneumoniamnist_normal_2280_filtered/normal_1177.png,0.9677774906158447
/content/drive/MyDrive/MedSymmFlow_Project/synthetic_data/pneumoniamnist_normal_2280_filtered/normal_2175.png,/content/drive/MyDrive/MedSymmFlow_Project/synthetic_data/pneumoniamnist_normal_2280_filtered/normal_0507.png,0.967768669128418
/content/drive/MyDrive/MedSymmFlow_Project/synthetic_data/pneumoniamnist_normal_2280_filtered/normal_1738.png,/content/drive/MyDrive/MedSymmFlow_Project/synthetic_data/pneumoniamnist_normal_2280_filtered/normal_2267.png,0.9677680730819702
/content/drive/MyDrive/MedSymmFlow_Project/synthetic_data/pneumoniamnist_normal_2280_filtered/normal_1306.png,/content/drive/MyDrive/MedSymmFlow_Project/synthetic_data/pneumoniamnist_normal_2280_filtered/normal_1236.png,0.9677447080612183
/content/drive/MyDrive/MedSymmFlow_Project/synthetic_data/pneumoniamnist_normal_2280_filtered/normal_1731.png,/content/drive/MyDrive/MedSymmFlow_Project/synthetic_data/pneumoniamnist_normal_2280_filtered/normal_1889.png,0.9677401185035706
/content/drive/MyDrive/MedSymmFlow_Project/synthetic_data/pneumoniamnist_normal_2280_filtered/normal_1889.png,/content/drive/MyDrive/MedSymmFlow_Project/synthetic_data/pneumoniamnist_normal_2280_filtered/normal_1731.png,0.9677401185035706
/content/drive/MyDrive/MedSymmFlow_Project/synthetic_data/pneumoniamnist_normal_2280_filtered/normal_1400.png,/content/drive/MyDrive/MedSymmFlow_Project/synthetic_data/pneumoniamnist_normal_2280_filtered/normal_1083.png,0.967734158039093
/content/drive/MyDrive/MedSymmFlow_Project/synthetic_data/pneumoniamnist_normal_2280_filtered/normal_0013.png,/content/drive/MyDrive/MedSymmFlow_Project/synthetic_data/pneumoniamnist_normal_2280_filtered/normal_0375.png,0.9677333831787109
/content/drive/MyDrive/MedSymmFlow_Project/synthetic_data/pneumoniamnist_normal_2280_filtered/normal_0771.png,/content/drive/MyDrive/MedSymmFlow_Project/synthetic_data/pneumoniamnist_normal_2280_filtered/normal_1532.png,0.9677321910858154
/content/drive/MyDrive/MedSymmFlow_Project/synthetic_data/pneumoniamnist_normal_2280_filtered/normal_0112.png,/content/drive/MyDrive/MedSymmFlow_Project/synthetic_data/pneumoniamnist_normal_2280_filtered/normal_1937.png,0.9677262306213379
/content/drive/MyDrive/MedSymmFlow_Project/synthetic_data/pneumoniamnist_normal_2280_filtered/normal_1558.png,/content/drive/MyDrive/MedSymmFlow_Project/synthetic_data/pneumoniamnist_normal_2280_filtered/normal_1611.png,0.9677247405052185
/content/drive/MyDrive/MedSymmFlow_Project/synthetic_data/pneumoniamnist_normal_2280_filtered/normal_1611.png,/content/drive/MyDrive/MedSymmFlow_Project/synthetic_data/pneumoniamnist_normal_2280_filtered/normal_1558.png,0.9677247405052185
/content/drive/MyDrive/MedSymmFlow_Project/synthetic_data/pneumoniamnist_normal_2280_filtered/normal_0058.png,/content/drive/MyDrive/MedSymmFlow_Project/synthetic_data/pneumoniamnist_normal_2280_filtered/normal_1969.png,0.9677234292030334
/content/drive/MyDrive/MedSymmFlow_Project/synthetic_data/pneumoniamnist_normal_2280_filtered/normal_1969.png,/content/drive/MyDrive/MedSymmFlow_Project/synthetic_data/pneumoniamnist_normal_2280_filtered/normal_0058.png,0.9677234292030334
/content/drive/MyDrive/MedSymmFlow_Project/synthetic_data/pneumoniamnist_normal_2280_filtered/normal_2104.png,/content/drive/MyDrive/MedSymmFlow_Project/synthetic_data/pneumoniamnist_normal_2280_filtered/normal_0837.png,0.9677135944366455
/content/drive/MyDrive/MedSymmFlow_Project/synthetic_data/pneumoniamnist_normal_2280_filtered/normal_1778.png,/content/drive/MyDrive/MedSymmFlow_Project/synthetic_data/pneumoniamnist_normal_2280_filtered/normal_1176.png,0.9677076935768127
/content/drive/MyDrive/MedSymmFlow_Project/synthetic_data/pneumoniamnist_normal_2280_filtered/normal_1378.png,/content/drive/MyDrive/MedSymmFlow_Project/synthetic_data/pneumoniamnist_normal_2280_filtered/normal_1924.png,0.967706561088562
/content/drive/MyDrive/MedSymmFlow_Project/synthetic_data/pneumoniamnist_normal_2280_filtered/normal_1766.png,/content/drive/MyDrive/MedSymmFlow_Project/synthetic_data/pneumoniamnist_normal_2280_filtered/normal_0805.png,0.9677060842514038
/content/drive/MyDrive/MedSymmFlow_Project/synthetic_data/pneumoniamnist_normal_2280_filtered/normal_1134.png,/content/drive/MyDrive/MedSymmFlow_Project/synthetic_data/pneumoniamnist_normal_2280_filtered/normal_0112.png,0.9677058458328247
/content/drive/MyDrive/MedSymmFlow_Project/synthetic_data/pneumoniamnist_normal_2280_filtered/normal_0471.png,/content/drive/MyDrive/MedSymmFlow_Project/synthetic_data/pneumoniamnist_normal_2280_filtered/normal_1361.png,0.9677021503448486
/content/drive/MyDrive/MedSymmFlow_Project/synthetic_data/pneumoniamnist_normal_2280_filtered/normal_1361.png,/content/drive/MyDrive/MedSymmFlow_Project/synthetic_data/pneumoniamnist_normal_2280_filtered/normal_0471.png,0.9677021503448486
/content/drive/MyDrive/MedSymmFlow_Project/synthetic_data/pneumoniamnist_normal_2280_filtered/normal_2119.png,/content/drive/MyDrive/MedSymmFlow_Project/synthetic_data/pneumoniamnist_normal_2280_filtered/normal_1505.png,0.9676977396011353
/content/drive/MyDrive/MedSymmFlow_Project/synthetic_data/pneumoniamnist_normal_2280_filtered/normal_2075.png,/content/drive/MyDrive/MedSymmFlow_Project/synthetic_data/pneumoniamnist_normal_2280_filtered/normal_0423.png,0.9676811695098877
/content/drive/MyDrive/MedSymmFlow_Project/synthetic_data/pneumoniamnist_normal_2280_filtered/normal_1174.png,/content/drive/MyDrive/MedSymmFlow_Project/synthetic_data/pneumoniamnist_normal_2280_filtered/normal_2158.png,0.9676730632781982
/content/drive/MyDrive/MedSymmFlow_Project/synthetic_data/pneumoniamnist_normal_2280_filtered/normal_0192.png,/content/drive/MyDrive/MedSymmFlow_Project/synthetic_data/pneumoniamnist_normal_2280_filtered/normal_0787.png,0.9676673412322998
/content/drive/MyDrive/MedSymmFlow_Project/synthetic_data/pneumoniamnist_normal_2280_filtered/normal_0428.png,/content/drive/MyDrive/MedSymmFlow_Project/synthetic_data/pneumoniamnist_normal_2280_filtered/normal_0584.png,0.967660665512085
/content/drive/MyDrive/MedSymmFlow_Project/synthetic_data/pneumoniamnist_normal_2280_filtered/normal_0377.png,/content/drive/MyDrive/MedSymmFlow_Project/synthetic_data/pneumoniamnist_normal_2280_filtered/normal_0552.png,0.9676516652107239
/content/drive/MyDrive/MedSymmFlow_Project/synthetic_data/pneumoniamnist_normal_2280_filtered/normal_1336.png,/content/drive/MyDrive/MedSymmFlow_Project/synthetic_data/pneumoniamnist_normal_2280_filtered/normal_0258.png,0.9676510095596313
/content/drive/MyDrive/MedSymmFlow_Project/synthetic_data/pneumoniamnist_normal_2280_filtered/normal_0607.png,/content/drive/MyDrive/MedSymmFlow_Project/synthetic_data/pneumoniamnist_normal_2280_filtered/normal_1289.png,0.9676457643508911
/content/drive/MyDrive/MedSymmFlow_Project/synthetic_data/pneumoniamnist_normal_2280_filtered/normal_2148.png,/content/drive/MyDrive/MedSymmFlow_Project/synthetic_data/pneumoniamnist_normal_2280_filtered/normal_0609.png,0.967645525932312
/content/drive/MyDrive/MedSymmFlow_Project/synthetic_data/pneumoniamnist_normal_2280_filtered/normal_2239.png,/content/drive/MyDrive/MedSymmFlow_Project/synthetic_data/pneumoniamnist_normal_2280_filtered/normal_1339.png,0.9676376581192017
/content/drive/MyDrive/MedSymmFlow_Project/synthetic_data/pneumoniamnist_normal_2280_filtered/normal_1607.png,/content/drive/MyDrive/MedSymmFlow_Project/synthetic_data/pneumoniamnist_normal_2280_filtered/normal_2088.png,0.9676336050033569
/content/drive/MyDrive/MedSymmFlow_Project/synthetic_data/pneumoniamnist_normal_2280_filtered/normal_1927.png,/content/drive/MyDrive/MedSymmFlow_Project/synthetic_data/pneumoniamnist_normal_2280_filtered/normal_1910.png,0.9676267504692078
/content/drive/MyDrive/MedSymmFlow_Project/synthetic_data/pneumoniamnist_normal_2280_filtered/normal_1910.png,/content/drive/MyDrive/MedSymmFlow_Project/synthetic_data/pneumoniamnist_normal_2280_filtered/normal_1927.png,0.9676267504692078
/content/drive/MyDrive/MedSymmFlow_Project/synthetic_data/pneumoniamnist_normal_2280_filtered/normal_0975.png,/content/drive/MyDrive/MedSymmFlow_Project/synthetic_data/pneumoniamnist_normal_2280_filtered/normal_0774.png,0.9676253795623779
/content/drive/MyDrive/MedSymmFlow_Project/synthetic_data/pneumoniamnist_normal_2280_filtered/normal_1433.png,/content/drive/MyDrive/MedSymmFlow_Project/synthetic_data/pneumoniamnist_normal_2280_filtered/normal_1392.png,0.9676061868667603
/content/drive/MyDrive/MedSymmFlow_Project/synthetic_data/pneumoniamnist_normal_2280_filtered/normal_2004.png,/content/drive/MyDrive/MedSymmFlow_Project/synthetic_data/pneumoniamnist_normal_2280_filtered/normal_0344.png,0.967599630355835
/content/drive/MyDrive/MedSymmFlow_Project/synthetic_data/pneumoniamnist_normal_2280_filtered/normal_1530.png,/content/drive/MyDrive/MedSymmFlow_Project/synthetic_data/pneumoniamnist_normal_2280_filtered/normal_0646.png,0.9675971865653992
/content/drive/MyDrive/MedSymmFlow_Project/synthetic_data/pneumoniamnist_normal_2280_filtered/normal_1072.png,/content/drive/MyDrive/MedSymmFlow_Project/synthetic_data/pneumoniamnist_normal_2280_filtered/normal_0212.png,0.9675954580307007
/content/drive/MyDrive/MedSymmFlow_Project/synthetic_data/pneumoniamnist_normal_2280_filtered/normal_0189.png,/content/drive/MyDrive/MedSymmFlow_Project/synthetic_data/pneumoniamnist_normal_2280_filtered/normal_1769.png,0.9675899744033813
/content/drive/MyDrive/MedSymmFlow_Project/synthetic_data/pneumoniamnist_normal_2280_filtered/normal_1954.png,/content/drive/MyDrive/MedSymmFlow_Project/synthetic_data/pneumoniamnist_normal_2280_filtered/normal_2116.png,0.9675880670547485
/content/drive/MyDrive/MedSymmFlow_Project/synthetic_data/pneumoniamnist_normal_2280_filtered/normal_1584.png,/content/drive/MyDrive/MedSymmFlow_Project/synthetic_data/pneumoniamnist_normal_2280_filtered/normal_0904.png,0.9675796031951904
/content/drive/MyDrive/MedSymmFlow_Project/synthetic_data/pneumoniamnist_normal_2280_filtered/normal_0240.png,/content/drive/MyDrive/MedSymmFlow_Project/synthetic_data/pneumoniamnist_normal_2280_filtered/normal_0442.png,0.9675644636154175
/content/drive/MyDrive/MedSymmFlow_Project/synthetic_data/pneumoniamnist_normal_2280_filtered/normal_0303.png,/content/drive/MyDrive/MedSymmFlow_Project/synthetic_data/pneumoniamnist_normal_2280_filtered/normal_1062.png,0.967552900314331
/content/drive/MyDrive/MedSymmFlow_Project/synthetic_data/pneumoniamnist_normal_2280_filtered/normal_1537.png,/content/drive/MyDrive/MedSymmFlow_Project/synthetic_data/pneumoniamnist_normal_2280_filtered/normal_0300.png,0.9675519466400146
/content/drive/MyDrive/MedSymmFlow_Project/synthetic_data/pneumoniamnist_normal_2280_filtered/normal_1482.png,/content/drive/MyDrive/MedSymmFlow_Project/synthetic_data/pneumoniamnist_normal_2280_filtered/normal_1018.png,0.9675491452217102
/content/drive/MyDrive/MedSymmFlow_Project/synthetic_data/pneumoniamnist_normal_2280_filtered/normal_0266.png,/content/drive/MyDrive/MedSymmFlow_Project/synthetic_data/pneumoniamnist_normal_2280_filtered/normal_0257.png,0.9675377607345581
/content/drive/MyDrive/MedSymmFlow_Project/synthetic_data/pneumoniamnist_normal_2280_filtered/normal_0257.png,/content/drive/MyDrive/MedSymmFlow_Project/synthetic_data/pneumoniamnist_normal_2280_filtered/normal_0266.png,0.9675377607345581
/content/drive/MyDrive/MedSymmFlow_Project/synthetic_data/pneumoniamnist_normal_2280_filtered/normal_1964.png,/content/drive/MyDrive/MedSymmFlow_Project/synthetic_data/pneumoniamnist_normal_2280_filtered/normal_0071.png,0.9675347805023193
/content/drive/MyDrive/MedSymmFlow_Project/synthetic_data/pneumoniamnist_normal_2280_filtered/normal_0710.png,/content/drive/MyDrive/MedSymmFlow_Project/synthetic_data/pneumoniamnist_normal_2280_filtered/normal_1070.png,0.9675292372703552
/content/drive/MyDrive/MedSymmFlow_Project/synthetic_data/pneumoniamnist_normal_2280_filtered/normal_0988.png,/content/drive/MyDrive/MedSymmFlow_Project/synthetic_data/pneumoniamnist_normal_2280_filtered/normal_1558.png,0.9675241708755493
/content/drive/MyDrive/MedSymmFlow_Project/synthetic_data/pneumoniamnist_normal_2280_filtered/normal_0562.png,/content/drive/MyDrive/MedSymmFlow_Project/synthetic_data/pneumoniamnist_normal_2280_filtered/normal_1263.png,0.9675161838531494
/content/drive/MyDrive/MedSymmFlow_Project/synthetic_data/pneumoniamnist_normal_2280_filtered/normal_0371.png,/content/drive/MyDrive/MedSymmFlow_Project/synthetic_data/pneumoniamnist_normal_2280_filtered/normal_0828.png,0.9675097465515137
/content/drive/MyDrive/MedSymmFlow_Project/synthetic_data/pneumoniamnist_normal_2280_filtered/normal_1582.png,/content/drive/MyDrive/MedSymmFlow_Project/synthetic_data/pneumoniamnist_normal_2280_filtered/normal_0722.png,0.9675089120864868
/content/drive/MyDrive/MedSymmFlow_Project/synthetic_data/pneumoniamnist_normal_2280_filtered/normal_0722.png,/content/drive/MyDrive/MedSymmFlow_Project/synthetic_data/pneumoniamnist_normal_2280_filtered/normal_1582.png,0.9675089120864868
/content/drive/MyDrive/MedSymmFlow_Project/synthetic_data/pneumoniamnist_normal_2280_filtered/normal_0052.png,/content/drive/MyDrive/MedSymmFlow_Project/synthetic_data/pneumoniamnist_normal_2280_filtered/normal_0125.png,0.9675010442733765
/content/drive/MyDrive/MedSymmFlow_Project/synthetic_data/pneumoniamnist_normal_2280_filtered/normal_0764.png,/content/drive/MyDrive/MedSymmFlow_Project/synthetic_data/pneumoniamnist_normal_2280_filtered/normal_0823.png,0.9675008058547974
/content/drive/MyDrive/MedSymmFlow_Project/synthetic_data/pneumoniamnist_normal_2280_filtered/normal_0829.png,/content/drive/MyDrive/MedSymmFlow_Project/synthetic_data/pneumoniamnist_normal_2280_filtered/normal_1895.png,0.9674898982048035
/content/drive/MyDrive/MedSymmFlow_Project/synthetic_data/pneumoniamnist_normal_2280_filtered/normal_0063.png,/content/drive/MyDrive/MedSymmFlow_Project/synthetic_data/pneumoniamnist_normal_2280_filtered/normal_0090.png,0.9674838781356812
/content/drive/MyDrive/MedSymmFlow_Project/synthetic_data/pneumoniamnist_normal_2280_filtered/normal_0090.png,/content/drive/MyDrive/MedSymmFlow_Project/synthetic_data/pneumoniamnist_normal_2280_filtered/normal_0063.png,0.9674838781356812
/content/drive/MyDrive/MedSymmFlow_Project/synthetic_data/pneumoniamnist_normal_2280_filtered/normal_1604.png,/content/drive/MyDrive/MedSymmFlow_Project/synthetic_data/pneumoniamnist_normal_2280_filtered/normal_2248.png,0.9674755334854126
/content/drive/MyDrive/MedSymmFlow_Project/synthetic_data/pneumoniamnist_normal_2280_filtered/normal_1875.png,/content/drive/MyDrive/MedSymmFlow_Project/synthetic_data/pneumoniamnist_normal_2280_filtered/normal_1229.png,0.9674664735794067
/content/drive/MyDrive/MedSymmFlow_Project/synthetic_data/pneumoniamnist_normal_2280_filtered/normal_1461.png,/content/drive/MyDrive/MedSymmFlow_Project/synthetic_data/pneumoniamnist_normal_2280_filtered/normal_1352.png,0.967452883720398
/content/drive/MyDrive/MedSymmFlow_Project/synthetic_data/pneumoniamnist_normal_2280_filtered/normal_0613.png,/content/drive/MyDrive/MedSymmFlow_Project/synthetic_data/pneumoniamnist_normal_2280_filtered/normal_1147.png,0.9674521684646606
/content/drive/MyDrive/MedSymmFlow_Project/synthetic_data/pneumoniamnist_normal_2280_filtered/normal_1147.png,/content/drive/MyDrive/MedSymmFlow_Project/synthetic_data/pneumoniamnist_normal_2280_filtered/normal_0613.png,0.9674521684646606
/content/drive/MyDrive/MedSymmFlow_Project/synthetic_data/pneumoniamnist_normal_2280_filtered/normal_0580.png,/content/drive/MyDrive/MedSymmFlow_Project/synthetic_data/pneumoniamnist_normal_2280_filtered/normal_0207.png,0.9674516916275024
/content/drive/MyDrive/MedSymmFlow_Project/synthetic_data/pneumoniamnist_normal_2280_filtered/normal_0864.png,/content/drive/MyDrive/MedSymmFlow_Project/synthetic_data/pneumoniamnist_normal_2280_filtered/normal_1679.png,0.9674088954925537
/content/drive/MyDrive/MedSymmFlow_Project/synthetic_data/pneumoniamnist_normal_2280_filtered/normal_0668.png,/content/drive/MyDrive/MedSymmFlow_Project/synthetic_data/pneumoniamnist_normal_2280_filtered/normal_1135.png,0.9674085378646851
/content/drive/MyDrive/MedSymmFlow_Project/synthetic_data/pneumoniamnist_normal_2280_filtered/normal_0382.png,/content/drive/MyDrive/MedSymmFlow_Project/synthetic_data/pneumoniamnist_normal_2280_filtered/normal_1320.png,0.9674084186553955
/content/drive/MyDrive/MedSymmFlow_Project/synthetic_data/pneumoniamnist_normal_2280_filtered/normal_1320.png,/content/drive/MyDrive/MedSymmFlow_Project/synthetic_data/pneumoniamnist_normal_2280_filtered/normal_0382.png,0.9674084186553955
/content/drive/MyDrive/MedSymmFlow_Project/synthetic_data/pneumoniamnist_normal_2280_filtered/normal_1709.png,/content/drive/MyDrive/MedSymmFlow_Project/synthetic_data/pneumoniamnist_normal_2280_filtered/normal_2254.png,0.9673982858657837
/content/drive/MyDrive/MedSymmFlow_Project/synthetic_data/pneumoniamnist_normal_2280_filtered/normal_1619.png,/content/drive/MyDrive/MedSymmFlow_Project/synthetic_data/pneumoniamnist_normal_2280_filtered/normal_2212.png,0.9673951864242554
/content/drive/MyDrive/MedSymmFlow_Project/synthetic_data/pneumoniamnist_normal_2280_filtered/normal_1430.png,/content/drive/MyDrive/MedSymmFlow_Project/synthetic_data/pneumoniamnist_normal_2280_filtered/normal_0313.png,0.9673713445663452
/content/drive/MyDrive/MedSymmFlow_Project/synthetic_data/pneumoniamnist_normal_2280_filtered/normal_0691.png,/content/drive/MyDrive/MedSymmFlow_Project/synthetic_data/pneumoniamnist_normal_2280_filtered/normal_0828.png,0.9673672914505005
/content/drive/MyDrive/MedSymmFlow_Project/synthetic_data/pneumoniamnist_normal_2280_filtered/normal_0360.png,/content/drive/MyDrive/MedSymmFlow_Project/synthetic_data/pneumoniamnist_normal_2280_filtered/normal_1847.png,0.9673596620559692
/content/drive/MyDrive/MedSymmFlow_Project/synthetic_data/pneumoniamnist_normal_2280_filtered/normal_0145.png,/content/drive/MyDrive/MedSymmFlow_Project/synthetic_data/pneumoniamnist_normal_2280_filtered/normal_0118.png,0.9673457741737366
/content/drive/MyDrive/MedSymmFlow_Project/synthetic_data/pneumoniamnist_normal_2280_filtered/normal_1770.png,/content/drive/MyDrive/MedSymmFlow_Project/synthetic_data/pneumoniamnist_normal_2280_filtered/normal_2088.png,0.9673395752906799
/content/drive/MyDrive/MedSymmFlow_Project/synthetic_data/pneumoniamnist_normal_2280_filtered/normal_1594.png,/content/drive/MyDrive/MedSymmFlow_Project/synthetic_data/pneumoniamnist_normal_2280_filtered/normal_1212.png,0.9673366546630859
/content/drive/MyDrive/MedSymmFlow_Project/synthetic_data/pneumoniamnist_normal_2280_filtered/normal_2111.png,/content/drive/MyDrive/MedSymmFlow_Project/synthetic_data/pneumoniamnist_normal_2280_filtered/normal_1919.png,0.967328667640686
/content/drive/MyDrive/MedSymmFlow_Project/synthetic_data/pneumoniamnist_normal_2280_filtered/normal_1077.png,/content/drive/MyDrive/MedSymmFlow_Project/synthetic_data/pneumoniamnist_normal_2280_filtered/normal_1283.png,0.9673264026641846
/content/drive/MyDrive/MedSymmFlow_Project/synthetic_data/pneumoniamnist_normal_2280_filtered/normal_1014.png,/content/drive/MyDrive/MedSymmFlow_Project/synthetic_data/pneumoniamnist_normal_2280_filtered/normal_0060.png,0.9673203825950623
/content/drive/MyDrive/MedSymmFlow_Project/synthetic_data/pneumoniamnist_normal_2280_filtered/normal_1790.png,/content/drive/MyDrive/MedSymmFlow_Project/synthetic_data/pneumoniamnist_normal_2280_filtered/normal_1216.png,0.9673097133636475
/content/drive/MyDrive/MedSymmFlow_Project/synthetic_data/pneumoniamnist_normal_2280_filtered/normal_1302.png,/content/drive/MyDrive/MedSymmFlow_Project/synthetic_data/pneumoniamnist_normal_2280_filtered/normal_1667.png,0.9672988653182983
/content/drive/MyDrive/MedSymmFlow_Project/synthetic_data/pneumoniamnist_normal_2280_filtered/normal_0477.png,/content/drive/MyDrive/MedSymmFlow_Project/synthetic_data/pneumoniamnist_normal_2280_filtered/normal_0942.png,0.9672890901565552
/content/drive/MyDrive/MedSymmFlow_Project/synthetic_data/pneumoniamnist_normal_2280_filtered/normal_1288.png,/content/drive/MyDrive/MedSymmFlow_Project/synthetic_data/pneumoniamnist_normal_2280_filtered/normal_2052.png,0.9672774076461792
/content/drive/MyDrive/MedSymmFlow_Project/synthetic_data/pneumoniamnist_normal_2280_filtered/normal_2147.png,/content/drive/MyDrive/MedSymmFlow_Project/synthetic_data/pneumoniamnist_normal_2280_filtered/normal_1165.png,0.9672694206237793
/content/drive/MyDrive/MedSymmFlow_Project/synthetic_data/pneumoniamnist_normal_2280_filtered/normal_1165.png,/content/drive/MyDrive/MedSymmFlow_Project/synthetic_data/pneumoniamnist_normal_2280_filtered/normal_2147.png,0.9672694206237793
/content/drive/MyDrive/MedSymmFlow_Project/synthetic_data/pneumoniamnist_normal_2280_filtered/normal_1898.png,/content/drive/MyDrive/MedSymmFlow_Project/synthetic_data/pneumoniamnist_normal_2280_filtered/normal_2058.png,0.9672672748565674
/content/drive/MyDrive/MedSymmFlow_Project/synthetic_data/pneumoniamnist_normal_2280_filtered/normal_0204.png,/content/drive/MyDrive/MedSymmFlow_Project/synthetic_data/pneumoniamnist_normal_2280_filtered/normal_0300.png,0.96726393699646
/content/drive/MyDrive/MedSymmFlow_Project/synthetic_data/pneumoniamnist_normal_2280_filtered/normal_2202.png,/content/drive/MyDrive/MedSymmFlow_Project/synthetic_data/pneumoniamnist_normal_2280_filtered/normal_1263.png,0.9672508239746094
/content/drive/MyDrive/MedSymmFlow_Project/synthetic_data/pneumoniamnist_normal_2280_filtered/normal_1929.png,/content/drive/MyDrive/MedSymmFlow_Project/synthetic_data/pneumoniamnist_normal_2280_filtered/normal_0377.png,0.9672467708587646
/content/drive/MyDrive/MedSymmFlow_Project/synthetic_data/pneumoniamnist_normal_2280_filtered/normal_1668.png,/content/drive/MyDrive/MedSymmFlow_Project/synthetic_data/pneumoniamnist_normal_2280_filtered/normal_0040.png,0.9672436714172363
/content/drive/MyDrive/MedSymmFlow_Project/synthetic_data/pneumoniamnist_normal_2280_filtered/normal_1156.png,/content/drive/MyDrive/MedSymmFlow_Project/synthetic_data/pneumoniamnist_normal_2280_filtered/normal_1530.png,0.9672386646270752
/content/drive/MyDrive/MedSymmFlow_Project/synthetic_data/pneumoniamnist_normal_2280_filtered/normal_0698.png,/content/drive/MyDrive/MedSymmFlow_Project/synthetic_data/pneumoniamnist_normal_2280_filtered/normal_1430.png,0.9672322273254395
/content/drive/MyDrive/MedSymmFlow_Project/synthetic_data/pneumoniamnist_normal_2280_filtered/normal_0675.png,/content/drive/MyDrive/MedSymmFlow_Project/synthetic_data/pneumoniamnist_normal_2280_filtered/normal_0658.png,0.9672292470932007
/content/drive/MyDrive/MedSymmFlow_Project/synthetic_data/pneumoniamnist_normal_2280_filtered/normal_1097.png,/content/drive/MyDrive/MedSymmFlow_Project/synthetic_data/pneumoniamnist_normal_2280_filtered/normal_2019.png,0.9672253727912903
/content/drive/MyDrive/MedSymmFlow_Project/synthetic_data/pneumoniamnist_normal_2280_filtered/normal_1581.png,/content/drive/MyDrive/MedSymmFlow_Project/synthetic_data/pneumoniamnist_normal_2280_filtered/normal_0748.png,0.967221736907959
/content/drive/MyDrive/MedSymmFlow_Project/synthetic_data/pneumoniamnist_normal_2280_filtered/normal_1104.png,/content/drive/MyDrive/MedSymmFlow_Project/synthetic_data/pneumoniamnist_normal_2280_filtered/normal_1387.png,0.9672085046768188
/content/drive/MyDrive/MedSymmFlow_Project/synthetic_data/pneumoniamnist_normal_2280_filtered/normal_1456.png,/content/drive/MyDrive/MedSymmFlow_Project/synthetic_data/pneumoniamnist_normal_2280_filtered/normal_1258.png,0.967202365398407
/content/drive/MyDrive/MedSymmFlow_Project/synthetic_data/pneumoniamnist_normal_2280_filtered/normal_0842.png,/content/drive/MyDrive/MedSymmFlow_Project/synthetic_data/pneumoniamnist_normal_2280_filtered/normal_0839.png,0.9671879410743713
/content/drive/MyDrive/MedSymmFlow_Project/synthetic_data/pneumoniamnist_normal_2280_filtered/normal_0839.png,/content/drive/MyDrive/MedSymmFlow_Project/synthetic_data/pneumoniamnist_normal_2280_filtered/normal_0842.png,0.9671879410743713
/content/drive/MyDrive/MedSymmFlow_Project/synthetic_data/pneumoniamnist_normal_2280_filtered/normal_1358.png,/content/drive/MyDrive/MedSymmFlow_Project/synthetic_data/pneumoniamnist_normal_2280_filtered/normal_1518.png,0.9671802520751953
/content/drive/MyDrive/MedSymmFlow_Project/synthetic_data/pneumoniamnist_normal_2280_filtered/normal_0560.png,/content/drive/MyDrive/MedSymmFlow_Project/synthetic_data/pneumoniamnist_normal_2280_filtered/normal_1417.png,0.9671746492385864
/content/drive/MyDrive/MedSymmFlow_Project/synthetic_data/pneumoniamnist_normal_2280_filtered/normal_1417.png,/content/drive/MyDrive/MedSymmFlow_Project/synthetic_data/pneumoniamnist_normal_2280_filtered/normal_0560.png,0.9671746492385864
/content/drive/MyDrive/MedSymmFlow_Project/synthetic_data/pneumoniamnist_normal_2280_filtered/normal_1301.png,/content/drive/MyDrive/MedSymmFlow_Project/synthetic_data/pneumoniamnist_normal_2280_filtered/normal_1846.png,0.9671610593795776
/content/drive/MyDrive/MedSymmFlow_Project/synthetic_data/pneumoniamnist_normal_2280_filtered/normal_1846.png,/content/drive/MyDrive/MedSymmFlow_Project/synthetic_data/pneumoniamnist_normal_2280_filtered/normal_1301.png,0.9671610593795776
/content/drive/MyDrive/MedSymmFlow_Project/synthetic_data/pneumoniamnist_normal_2280_filtered/normal_0534.png,/content/drive/MyDrive/MedSymmFlow_Project/synthetic_data/pneumoniamnist_normal_2280_filtered/normal_2066.png,0.9671598076820374
/content/drive/MyDrive/MedSymmFlow_Project/synthetic_data/pneumoniamnist_normal_2280_filtered/normal_0359.png,/content/drive/MyDrive/MedSymmFlow_Project/synthetic_data/pneumoniamnist_normal_2280_filtered/normal_1220.png,0.9671499729156494
/content/drive/MyDrive/MedSymmFlow_Project/synthetic_data/pneumoniamnist_normal_2280_filtered/normal_1291.png,/content/drive/MyDrive/MedSymmFlow_Project/synthetic_data/pneumoniamnist_normal_2280_filtered/normal_0763.png,0.9671459197998047
/content/drive/MyDrive/MedSymmFlow_Project/synthetic_data/pneumoniamnist_normal_2280_filtered/normal_0763.png,/content/drive/MyDrive/MedSymmFlow_Project/synthetic_data/pneumoniamnist_normal_2280_filtered/normal_1291.png,0.9671459197998047
/content/drive/MyDrive/MedSymmFlow_Project/synthetic_data/pneumoniamnist_normal_2280_filtered/normal_1154.png,/content/drive/MyDrive/MedSymmFlow_Project/synthetic_data/pneumoniamnist_normal_2280_filtered/normal_1701.png,0.9671458005905151
/content/drive/MyDrive/MedSymmFlow_Project/synthetic_data/pneumoniamnist_normal_2280_filtered/normal_1707.png,/content/drive/MyDrive/MedSymmFlow_Project/synthetic_data/pneumoniamnist_normal_2280_filtered/normal_2143.png,0.9671420454978943
/content/drive/MyDrive/MedSymmFlow_Project/synthetic_data/pneumoniamnist_normal_2280_filtered/normal_1340.png,/content/drive/MyDrive/MedSymmFlow_Project/synthetic_data/pneumoniamnist_normal_2280_filtered/normal_0795.png,0.9671410918235779
/content/drive/MyDrive/MedSymmFlow_Project/synthetic_data/pneumoniamnist_normal_2280_filtered/normal_1179.png,/content/drive/MyDrive/MedSymmFlow_Project/synthetic_data/pneumoniamnist_normal_2280_filtered/normal_0274.png,0.9671410322189331
/content/drive/MyDrive/MedSymmFlow_Project/synthetic_data/pneumoniamnist_normal_2280_filtered/normal_1105.png,/content/drive/MyDrive/MedSymmFlow_Project/synthetic_data/pneumoniamnist_normal_2280_filtered/normal_2163.png,0.9671381711959839
/content/drive/MyDrive/MedSymmFlow_Project/synthetic_data/pneumoniamnist_normal_2280_filtered/normal_1735.png,/content/drive/MyDrive/MedSymmFlow_Project/synthetic_data/pneumoniamnist_normal_2280_filtered/normal_1484.png,0.9671197533607483
/content/drive/MyDrive/MedSymmFlow_Project/synthetic_data/pneumoniamnist_normal_2280_filtered/normal_0604.png,/content/drive/MyDrive/MedSymmFlow_Project/synthetic_data/pneumoniamnist_normal_2280_filtered/normal_1186.png,0.9671170711517334
/content/drive/MyDrive/MedSymmFlow_Project/synthetic_data/pneumoniamnist_normal_2280_filtered/normal_1394.png,/content/drive/MyDrive/MedSymmFlow_Project/synthetic_data/pneumoniamnist_normal_2280_filtered/normal_0147.png,0.9671158194541931
/content/drive/MyDrive/MedSymmFlow_Project/synthetic_data/pneumoniamnist_normal_2280_filtered/normal_1112.png,/content/drive/MyDrive/MedSymmFlow_Project/synthetic_data/pneumoniamnist_normal_2280_filtered/normal_1587.png,0.9671072959899902
/content/drive/MyDrive/MedSymmFlow_Project/synthetic_data/pneumoniamnist_normal_2280_filtered/normal_0017.png,/content/drive/MyDrive/MedSymmFlow_Project/synthetic_data/pneumoniamnist_normal_2280_filtered/normal_0724.png,0.9671024084091187
/content/drive/MyDrive/MedSymmFlow_Project/synthetic_data/pneumoniamnist_normal_2280_filtered/normal_0141.png,/content/drive/MyDrive/MedSymmFlow_Project/synthetic_data/pneumoniamnist_normal_2280_filtered/normal_0393.png,0.9671019315719604
/content/drive/MyDrive/MedSymmFlow_Project/synthetic_data/pneumoniamnist_normal_2280_filtered/normal_1241.png,/content/drive/MyDrive/MedSymmFlow_Project/synthetic_data/pneumoniamnist_normal_2280_filtered/normal_1187.png,0.9670870900154114
/content/drive/MyDrive/MedSymmFlow_Project/synthetic_data/pneumoniamnist_normal_2280_filtered/normal_2086.png,/content/drive/MyDrive/MedSymmFlow_Project/synthetic_data/pneumoniamnist_normal_2280_filtered/normal_1371.png,0.9670752882957458
/content/drive/MyDrive/MedSymmFlow_Project/synthetic_data/pneumoniamnist_normal_2280_filtered/normal_0430.png,/content/drive/MyDrive/MedSymmFlow_Project/synthetic_data/pneumoniamnist_normal_2280_filtered/normal_0116.png,0.9670702219009399
/content/drive/MyDrive/MedSymmFlow_Project/synthetic_data/pneumoniamnist_normal_2280_filtered/normal_1107.png,/content/drive/MyDrive/MedSymmFlow_Project/synthetic_data/pneumoniamnist_normal_2280_filtered/normal_2075.png,0.9670644998550415
/content/drive/MyDrive/MedSymmFlow_Project/synthetic_data/pneumoniamnist_normal_2280_filtered/normal_1557.png,/content/drive/MyDrive/MedSymmFlow_Project/synthetic_data/pneumoniamnist_normal_2280_filtered/normal_0159.png,0.9670579433441162
/content/drive/MyDrive/MedSymmFlow_Project/synthetic_data/pneumoniamnist_normal_2280_filtered/normal_1449.png,/content/drive/MyDrive/MedSymmFlow_Project/synthetic_data/pneumoniamnist_normal_2280_filtered/normal_0991.png,0.9670578241348267
/content/drive/MyDrive/MedSymmFlow_Project/synthetic_data/pneumoniamnist_normal_2280_filtered/normal_0935.png,/content/drive/MyDrive/MedSymmFlow_Project/synthetic_data/pneumoniamnist_normal_2280_filtered/normal_1346.png,0.9670575261116028
/content/drive/MyDrive/MedSymmFlow_Project/synthetic_data/pneumoniamnist_normal_2280_filtered/normal_1346.png,/content/drive/MyDrive/MedSymmFlow_Project/synthetic_data/pneumoniamnist_normal_2280_filtered/normal_0935.png,0.9670575261116028
/content/drive/MyDrive/MedSymmFlow_Project/synthetic_data/pneumoniamnist_normal_2280_filtered/normal_1049.png,/content/drive/MyDrive/MedSymmFlow_Project/synthetic_data/pneumoniamnist_normal_2280_filtered/normal_1056.png,0.9670482873916626
/content/drive/MyDrive/MedSymmFlow_Project/synthetic_data/pneumoniamnist_normal_2280_filtered/normal_0171.png,/content/drive/MyDrive/MedSymmFlow_Project/synthetic_data/pneumoniamnist_normal_2280_filtered/normal_0793.png,0.967042088508606
/content/drive/MyDrive/MedSymmFlow_Project/synthetic_data/pneumoniamnist_normal_2280_filtered/normal_0649.png,/content/drive/MyDrive/MedSymmFlow_Project/synthetic_data/pneumoniamnist_normal_2280_filtered/normal_0153.png,0.9670350551605225
/content/drive/MyDrive/MedSymmFlow_Project/synthetic_data/pneumoniamnist_normal_2280_filtered/normal_1188.png,/content/drive/MyDrive/MedSymmFlow_Project/synthetic_data/pneumoniamnist_normal_2280_filtered/normal_0854.png,0.9670276045799255
/content/drive/MyDrive/MedSymmFlow_Project/synthetic_data/pneumoniamnist_normal_2280_filtered/normal_0854.png,/content/drive/MyDrive/MedSymmFlow_Project/synthetic_data/pneumoniamnist_normal_2280_filtered/normal_1188.png,0.9670276045799255
/content/drive/MyDrive/MedSymmFlow_Project/synthetic_data/pneumoniamnist_normal_2280_filtered/normal_1662.png,/content/drive/MyDrive/MedSymmFlow_Project/synthetic_data/pneumoniamnist_normal_2280_filtered/normal_0271.png,0.9670217037200928
/content/drive/MyDrive/MedSymmFlow_Project/synthetic_data/pneumoniamnist_normal_2280_filtered/normal_0106.png,/content/drive/MyDrive/MedSymmFlow_Project/synthetic_data/pneumoniamnist_normal_2280_filtered/normal_0560.png,0.9670102596282959
/content/drive/MyDrive/MedSymmFlow_Project/synthetic_data/pneumoniamnist_normal_2280_filtered/normal_2108.png,/content/drive/MyDrive/MedSymmFlow_Project/synthetic_data/pneumoniamnist_normal_2280_filtered/normal_1711.png,0.9670078754425049
/content/drive/MyDrive/MedSymmFlow_Project/synthetic_data/pneumoniamnist_normal_2280_filtered/normal_0422.png,/content/drive/MyDrive/MedSymmFlow_Project/synthetic_data/pneumoniamnist_normal_2280_filtered/normal_0159.png,0.9670062065124512
/content/drive/MyDrive/MedSymmFlow_Project/synthetic_data/pneumoniamnist_normal_2280_filtered/normal_0223.png,/content/drive/MyDrive/MedSymmFlow_Project/synthetic_data/pneumoniamnist_normal_2280_filtered/normal_0292.png,0.9670052528381348
/content/drive/MyDrive/MedSymmFlow_Project/synthetic_data/pneumoniamnist_normal_2280_filtered/normal_1329.png,/content/drive/MyDrive/MedSymmFlow_Project/synthetic_data/pneumoniamnist_normal_2280_filtered/normal_1953.png,0.9669985771179199
/content/drive/MyDrive/MedSymmFlow_Project/synthetic_data/pneumoniamnist_normal_2280_filtered/normal_2214.png,/content/drive/MyDrive/MedSymmFlow_Project/synthetic_data/pneumoniamnist_normal_2280_filtered/normal_1501.png,0.9669966697692871
/content/drive/MyDrive/MedSymmFlow_Project/synthetic_data/pneumoniamnist_normal_2280_filtered/normal_1501.png,/content/drive/MyDrive/MedSymmFlow_Project/synthetic_data/pneumoniamnist_normal_2280_filtered/normal_2214.png,0.9669966697692871
/content/drive/MyDrive/MedSymmFlow_Project/synthetic_data/pneumoniamnist_normal_2280_filtered/normal_1509.png,/content/drive/MyDrive/MedSymmFlow_Project/synthetic_data/pneumoniamnist_normal_2280_filtered/normal_1216.png,0.9669545292854309
/content/drive/MyDrive/MedSymmFlow_Project/synthetic_data/pneumoniamnist_normal_2280_filtered/normal_0844.png,/content/drive/MyDrive/MedSymmFlow_Project/synthetic_data/pneumoniamnist_normal_2280_filtered/normal_1981.png,0.9669473767280579
/content/drive/MyDrive/MedSymmFlow_Project/synthetic_data/pneumoniamnist_normal_2280_filtered/normal_1981.png,/content/drive/MyDrive/MedSymmFlow_Project/synthetic_data/pneumoniamnist_normal_2280_filtered/normal_0844.png,0.9669473767280579
/content/drive/MyDrive/MedSymmFlow_Project/synthetic_data/pneumoniamnist_normal_2280_filtered/normal_1771.png,/content/drive/MyDrive/MedSymmFlow_Project/synthetic_data/pneumoniamnist_normal_2280_filtered/normal_1593.png,0.966946005821228
/content/drive/MyDrive/MedSymmFlow_Project/synthetic_data/pneumoniamnist_normal_2280_filtered/normal_0623.png,/content/drive/MyDrive/MedSymmFlow_Project/synthetic_data/pneumoniamnist_normal_2280_filtered/normal_1628.png,0.9669395685195923
/content/drive/MyDrive/MedSymmFlow_Project/synthetic_data/pneumoniamnist_normal_2280_filtered/normal_1727.png,/content/drive/MyDrive/MedSymmFlow_Project/synthetic_data/pneumoniamnist_normal_2280_filtered/normal_0917.png,0.9669341444969177
/content/drive/MyDrive/MedSymmFlow_Project/synthetic_data/pneumoniamnist_normal_2280_filtered/normal_0314.png,/content/drive/MyDrive/MedSymmFlow_Project/synthetic_data/pneumoniamnist_normal_2280_filtered/normal_0734.png,0.9669225215911865
/content/drive/MyDrive/MedSymmFlow_Project/synthetic_data/pneumoniamnist_normal_2280_filtered/normal_0734.png,/content/drive/MyDrive/MedSymmFlow_Project/synthetic_data/pneumoniamnist_normal_2280_filtered/normal_0314.png,0.9669225215911865
/content/drive/MyDrive/MedSymmFlow_Project/synthetic_data/pneumoniamnist_normal_2280_filtered/normal_0016.png,/content/drive/MyDrive/MedSymmFlow_Project/synthetic_data/pneumoniamnist_normal_2280_filtered/normal_1540.png,0.9669098854064941
/content/drive/MyDrive/MedSymmFlow_Project/synthetic_data/pneumoniamnist_normal_2280_filtered/normal_1244.png,/content/drive/MyDrive/MedSymmFlow_Project/synthetic_data/pneumoniamnist_normal_2280_filtered/normal_1317.png,0.966903567314148
/content/drive/MyDrive/MedSymmFlow_Project/synthetic_data/pneumoniamnist_normal_2280_filtered/normal_0626.png,/content/drive/MyDrive/MedSymmFlow_Project/synthetic_data/pneumoniamnist_normal_2280_filtered/normal_1826.png,0.9668996334075928
/content/drive/MyDrive/MedSymmFlow_Project/synthetic_data/pneumoniamnist_normal_2280_filtered/normal_0248.png,/content/drive/MyDrive/MedSymmFlow_Project/synthetic_data/pneumoniamnist_normal_2280_filtered/normal_0958.png,0.9668992757797241
/content/drive/MyDrive/MedSymmFlow_Project/synthetic_data/pneumoniamnist_normal_2280_filtered/normal_1861.png,/content/drive/MyDrive/MedSymmFlow_Project/synthetic_data/pneumoniamnist_normal_2280_filtered/normal_1600.png,0.9668946266174316
/content/drive/MyDrive/MedSymmFlow_Project/synthetic_data/pneumoniamnist_normal_2280_filtered/normal_1453.png,/content/drive/MyDrive/MedSymmFlow_Project/synthetic_data/pneumoniamnist_normal_2280_filtered/normal_2080.png,0.9668936729431152
/content/drive/MyDrive/MedSymmFlow_Project/synthetic_data/pneumoniamnist_normal_2280_filtered/normal_0895.png,/content/drive/MyDrive/MedSymmFlow_Project/synthetic_data/pneumoniamnist_normal_2280_filtered/normal_0119.png,0.9668878316879272
/content/drive/MyDrive/MedSymmFlow_Project/synthetic_data/pneumoniamnist_normal_2280_filtered/normal_1119.png,/content/drive/MyDrive/MedSymmFlow_Project/synthetic_data/pneumoniamnist_normal_2280_filtered/normal_1251.png,0.9668872356414795
/content/drive/MyDrive/MedSymmFlow_Project/synthetic_data/pneumoniamnist_normal_2280_filtered/normal_1251.png,/content/drive/MyDrive/MedSymmFlow_Project/synthetic_data/pneumoniamnist_normal_2280_filtered/normal_1119.png,0.9668872356414795
/content/drive/MyDrive/MedSymmFlow_Project/synthetic_data/pneumoniamnist_normal_2280_filtered/normal_0083.png,/content/drive/MyDrive/MedSymmFlow_Project/synthetic_data/pneumoniamnist_normal_2280_filtered/normal_0663.png,0.9668848514556885
/content/drive/MyDrive/MedSymmFlow_Project/synthetic_data/pneumoniamnist_normal_2280_filtered/normal_1044.png,/content/drive/MyDrive/MedSymmFlow_Project/synthetic_data/pneumoniamnist_normal_2280_filtered/normal_1243.png,0.9668633937835693
/content/drive/MyDrive/MedSymmFlow_Project/synthetic_data/pneumoniamnist_normal_2280_filtered/normal_1141.png,/content/drive/MyDrive/MedSymmFlow_Project/synthetic_data/pneumoniamnist_normal_2280_filtered/normal_1213.png,0.9668618440628052
/content/drive/MyDrive/MedSymmFlow_Project/synthetic_data/pneumoniamnist_normal_2280_filtered/normal_1213.png,/content/drive/MyDrive/MedSymmFlow_Project/synthetic_data/pneumoniamnist_normal_2280_filtered/normal_1141.png,0.9668618440628052
/content/drive/MyDrive/MedSymmFlow_Project/synthetic_data/pneumoniamnist_normal_2280_filtered/normal_0818.png,/content/drive/MyDrive/MedSymmFlow_Project/synthetic_data/pneumoniamnist_normal_2280_filtered/normal_2059.png,0.9668539762496948
/content/drive/MyDrive/MedSymmFlow_Project/synthetic_data/pneumoniamnist_normal_2280_filtered/normal_0335.png,/content/drive/MyDrive/MedSymmFlow_Project/synthetic_data/pneumoniamnist_normal_2280_filtered/normal_0375.png,0.9668384194374084
/content/drive/MyDrive/MedSymmFlow_Project/synthetic_data/pneumoniamnist_normal_2280_filtered/normal_2009.png,/content/drive/MyDrive/MedSymmFlow_Project/synthetic_data/pneumoniamnist_normal_2280_filtered/normal_1657.png,0.9668366312980652
/content/drive/MyDrive/MedSymmFlow_Project/synthetic_data/pneumoniamnist_normal_2280_filtered/normal_1127.png,/content/drive/MyDrive/MedSymmFlow_Project/synthetic_data/pneumoniamnist_normal_2280_filtered/normal_0587.png,0.9668301343917847
/content/drive/MyDrive/MedSymmFlow_Project/synthetic_data/pneumoniamnist_normal_2280_filtered/normal_0299.png,/content/drive/MyDrive/MedSymmFlow_Project/synthetic_data/pneumoniamnist_normal_2280_filtered/normal_0542.png,0.9668280482292175
/content/drive/MyDrive/MedSymmFlow_Project/synthetic_data/pneumoniamnist_normal_2280_filtered/normal_0021.png,/content/drive/MyDrive/MedSymmFlow_Project/synthetic_data/pneumoniamnist_normal_2280_filtered/normal_0417.png,0.9668259620666504
/content/drive/MyDrive/MedSymmFlow_Project/synthetic_data/pneumoniamnist_normal_2280_filtered/normal_0662.png,/content/drive/MyDrive/MedSymmFlow_Project/synthetic_data/pneumoniamnist_normal_2280_filtered/normal_1315.png,0.9668187499046326
/content/drive/MyDrive/MedSymmFlow_Project/synthetic_data/pneumoniamnist_normal_2280_filtered/normal_0275.png,/content/drive/MyDrive/MedSymmFlow_Project/synthetic_data/pneumoniamnist_normal_2280_filtered/normal_1263.png,0.9668150544166565
/content/drive/MyDrive/MedSymmFlow_Project/synthetic_data/pneumoniamnist_normal_2280_filtered/normal_1109.png,/content/drive/MyDrive/MedSymmFlow_Project/synthetic_data/pneumoniamnist_normal_2280_filtered/normal_0595.png,0.9668115377426147
/content/drive/MyDrive/MedSymmFlow_Project/synthetic_data/pneumoniamnist_normal_2280_filtered/normal_1842.png,/content/drive/MyDrive/MedSymmFlow_Project/synthetic_data/pneumoniamnist_normal_2280_filtered/normal_1204.png,0.9668103456497192
/content/drive/MyDrive/MedSymmFlow_Project/synthetic_data/pneumoniamnist_normal_2280_filtered/normal_1257.png,/content/drive/MyDrive/MedSymmFlow_Project/synthetic_data/pneumoniamnist_normal_2280_filtered/normal_1593.png,0.9668079614639282
/content/drive/MyDrive/MedSymmFlow_Project/synthetic_data/pneumoniamnist_normal_2280_filtered/normal_0884.png,/content/drive/MyDrive/MedSymmFlow_Project/synthetic_data/pneumoniamnist_normal_2280_filtered/normal_0867.png,0.9668079614639282
/content/drive/MyDrive/MedSymmFlow_Project/synthetic_data/pneumoniamnist_normal_2280_filtered/normal_0867.png,/content/drive/MyDrive/MedSymmFlow_Project/synthetic_data/pneumoniamnist_normal_2280_filtered/normal_0884.png,0.9668079614639282
/content/drive/MyDrive/MedSymmFlow_Project/synthetic_data/pneumoniamnist_normal_2280_filtered/normal_2246.png,/content/drive/MyDrive/MedSymmFlow_Project/synthetic_data/pneumoniamnist_normal_2280_filtered/normal_2080.png,0.9668067693710327
/content/drive/MyDrive/MedSymmFlow_Project/synthetic_data/pneumoniamnist_normal_2280_filtered/normal_0462.png,/content/drive/MyDrive/MedSymmFlow_Project/synthetic_data/pneumoniamnist_normal_2280_filtered/normal_1081.png,0.9668012857437134
/content/drive/MyDrive/MedSymmFlow_Project/synthetic_data/pneumoniamnist_normal_2280_filtered/normal_0158.png,/content/drive/MyDrive/MedSymmFlow_Project/synthetic_data/pneumoniamnist_normal_2280_filtered/normal_1853.png,0.9667922258377075
/content/drive/MyDrive/MedSymmFlow_Project/synthetic_data/pneumoniamnist_normal_2280_filtered/normal_1758.png,/content/drive/MyDrive/MedSymmFlow_Project/synthetic_data/pneumoniamnist_normal_2280_filtered/normal_1344.png,0.9667778015136719
/content/drive/MyDrive/MedSymmFlow_Project/synthetic_data/pneumoniamnist_normal_2280_filtered/normal_0334.png,/content/drive/MyDrive/MedSymmFlow_Project/synthetic_data/pneumoniamnist_normal_2280_filtered/normal_0447.png,0.9667734503746033
/content/drive/MyDrive/MedSymmFlow_Project/synthetic_data/pneumoniamnist_normal_2280_filtered/normal_1348.png,/content/drive/MyDrive/MedSymmFlow_Project/synthetic_data/pneumoniamnist_normal_2280_filtered/normal_1628.png,0.9667601585388184
/content/drive/MyDrive/MedSymmFlow_Project/synthetic_data/pneumoniamnist_normal_2280_filtered/normal_0849.png,/content/drive/MyDrive/MedSymmFlow_Project/synthetic_data/pneumoniamnist_normal_2280_filtered/normal_1298.png,0.9667598009109497
/content/drive/MyDrive/MedSymmFlow_Project/synthetic_data/pneumoniamnist_normal_2280_filtered/normal_1512.png,/content/drive/MyDrive/MedSymmFlow_Project/synthetic_data/pneumoniamnist_normal_2280_filtered/normal_1936.png,0.9667590856552124
/content/drive/MyDrive/MedSymmFlow_Project/synthetic_data/pneumoniamnist_normal_2280_filtered/normal_0869.png,/content/drive/MyDrive/MedSymmFlow_Project/synthetic_data/pneumoniamnist_normal_2280_filtered/normal_2146.png,0.9667393565177917
/content/drive/MyDrive/MedSymmFlow_Project/synthetic_data/pneumoniamnist_normal_2280_filtered/normal_1247.png,/content/drive/MyDrive/MedSymmFlow_Project/synthetic_data/pneumoniamnist_normal_2280_filtered/normal_1519.png,0.9667351245880127
/content/drive/MyDrive/MedSymmFlow_Project/synthetic_data/pneumoniamnist_normal_2280_filtered/normal_1023.png,/content/drive/MyDrive/MedSymmFlow_Project/synthetic_data/pneumoniamnist_normal_2280_filtered/normal_0820.png,0.9667319059371948
/content/drive/MyDrive/MedSymmFlow_Project/synthetic_data/pneumoniamnist_normal_2280_filtered/normal_1157.png,/content/drive/MyDrive/MedSymmFlow_Project/synthetic_data/pneumoniamnist_normal_2280_filtered/normal_1849.png,0.9667231440544128
/content/drive/MyDrive/MedSymmFlow_Project/synthetic_data/pneumoniamnist_normal_2280_filtered/normal_1849.png,/content/drive/MyDrive/MedSymmFlow_Project/synthetic_data/pneumoniamnist_normal_2280_filtered/normal_1157.png,0.9667231440544128
/content/drive/MyDrive/MedSymmFlow_Project/synthetic_data/pneumoniamnist_normal_2280_filtered/normal_1125.png,/content/drive/MyDrive/MedSymmFlow_Project/synthetic_data/pneumoniamnist_normal_2280_filtered/normal_1846.png,0.9667201042175293
/content/drive/MyDrive/MedSymmFlow_Project/synthetic_data/pneumoniamnist_normal_2280_filtered/normal_0089.png,/content/drive/MyDrive/MedSymmFlow_Project/synthetic_data/pneumoniamnist_normal_2280_filtered/normal_1233.png,0.9667151570320129
/content/drive/MyDrive/MedSymmFlow_Project/synthetic_data/pneumoniamnist_normal_2280_filtered/normal_1503.png,/content/drive/MyDrive/MedSymmFlow_Project/synthetic_data/pneumoniamnist_normal_2280_filtered/normal_2194.png,0.9667094945907593
/content/drive/MyDrive/MedSymmFlow_Project/synthetic_data/pneumoniamnist_normal_2280_filtered/normal_0983.png,/content/drive/MyDrive/MedSymmFlow_Project/synthetic_data/pneumoniamnist_normal_2280_filtered/normal_1778.png,0.966702938079834
/content/drive/MyDrive/MedSymmFlow_Project/synthetic_data/pneumoniamnist_normal_2280_filtered/normal_1553.png,/content/drive/MyDrive/MedSymmFlow_Project/synthetic_data/pneumoniamnist_normal_2280_filtered/normal_0893.png,0.9667022824287415
/content/drive/MyDrive/MedSymmFlow_Project/synthetic_data/pneumoniamnist_normal_2280_filtered/normal_0893.png,/content/drive/MyDrive/MedSymmFlow_Project/synthetic_data/pneumoniamnist_normal_2280_filtered/normal_1553.png,0.9667022824287415
/content/drive/MyDrive/MedSymmFlow_Project/synthetic_data/pneumoniamnist_normal_2280_filtered/normal_1802.png,/content/drive/MyDrive/MedSymmFlow_Project/synthetic_data/pneumoniamnist_normal_2280_filtered/normal_1212.png,0.9667015075683594
/content/drive/MyDrive/MedSymmFlow_Project/synthetic_data/pneumoniamnist_normal_2280_filtered/normal_0633.png,/content/drive/MyDrive/MedSymmFlow_Project/synthetic_data/pneumoniamnist_normal_2280_filtered/normal_1056.png,0.9666992425918579
/content/drive/MyDrive/MedSymmFlow_Project/synthetic_data/pneumoniamnist_normal_2280_filtered/normal_0190.png,/content/drive/MyDrive/MedSymmFlow_Project/synthetic_data/pneumoniamnist_normal_2280_filtered/normal_0248.png,0.9666957855224609
/content/drive/MyDrive/MedSymmFlow_Project/synthetic_data/pneumoniamnist_normal_2280_filtered/normal_1102.png,/content/drive/MyDrive/MedSymmFlow_Project/synthetic_data/pneumoniamnist_normal_2280_filtered/normal_1138.png,0.9666925072669983
/content/drive/MyDrive/MedSymmFlow_Project/synthetic_data/pneumoniamnist_normal_2280_filtered/normal_1782.png,/content/drive/MyDrive/MedSymmFlow_Project/synthetic_data/pneumoniamnist_normal_2280_filtered/normal_2131.png,0.9666913747787476
/content/drive/MyDrive/MedSymmFlow_Project/synthetic_data/pneumoniamnist_normal_2280_filtered/normal_0926.png,/content/drive/MyDrive/MedSymmFlow_Project/synthetic_data/pneumoniamnist_normal_2280_filtered/normal_0210.png,0.966687798500061
/content/drive/MyDrive/MedSymmFlow_Project/synthetic_data/pneumoniamnist_normal_2280_filtered/normal_1274.png,/content/drive/MyDrive/MedSymmFlow_Project/synthetic_data/pneumoniamnist_normal_2280_filtered/normal_2110.png,0.9666873216629028
/content/drive/MyDrive/MedSymmFlow_Project/synthetic_data/pneumoniamnist_normal_2280_filtered/normal_2110.png,/content/drive/MyDrive/MedSymmFlow_Project/synthetic_data/pneumoniamnist_normal_2280_filtered/normal_1274.png,0.9666873216629028
/content/drive/MyDrive/MedSymmFlow_Project/synthetic_data/pneumoniamnist_normal_2280_filtered/normal_1963.png,/content/drive/MyDrive/MedSymmFlow_Project/synthetic_data/pneumoniamnist_normal_2280_filtered/normal_0297.png,0.9666849374771118
/content/drive/MyDrive/MedSymmFlow_Project/synthetic_data/pneumoniamnist_normal_2280_filtered/normal_1349.png,/content/drive/MyDrive/MedSymmFlow_Project/synthetic_data/pneumoniamnist_normal_2280_filtered/normal_1059.png,0.9666807651519775
/content/drive/MyDrive/MedSymmFlow_Project/synthetic_data/pneumoniamnist_normal_2280_filtered/normal_1059.png,/content/drive/MyDrive/MedSymmFlow_Project/synthetic_data/pneumoniamnist_normal_2280_filtered/normal_1349.png,0.9666807651519775
/content/drive/MyDrive/MedSymmFlow_Project/synthetic_data/pneumoniamnist_normal_2280_filtered/normal_2273.png,/content/drive/MyDrive/MedSymmFlow_Project/synthetic_data/pneumoniamnist_normal_2280_filtered/normal_1875.png,0.9666754007339478
/content/drive/MyDrive/MedSymmFlow_Project/synthetic_data/pneumoniamnist_normal_2280_filtered/normal_2129.png,/content/drive/MyDrive/MedSymmFlow_Project/synthetic_data/pneumoniamnist_normal_2280_filtered/normal_2088.png,0.9666717052459717
/content/drive/MyDrive/MedSymmFlow_Project/synthetic_data/pneumoniamnist_normal_2280_filtered/normal_1448.png,/content/drive/MyDrive/MedSymmFlow_Project/synthetic_data/pneumoniamnist_normal_2280_filtered/normal_0773.png,0.9666630029678345
/content/drive/MyDrive/MedSymmFlow_Project/synthetic_data/pneumoniamnist_normal_2280_filtered/normal_1551.png,/content/drive/MyDrive/MedSymmFlow_Project/synthetic_data/pneumoniamnist_normal_2280_filtered/normal_2222.png,0.9666622281074524
/content/drive/MyDrive/MedSymmFlow_Project/synthetic_data/pneumoniamnist_normal_2280_filtered/normal_1477.png,/content/drive/MyDrive/MedSymmFlow_Project/synthetic_data/pneumoniamnist_normal_2280_filtered/normal_1004.png,0.9666577577590942
/content/drive/MyDrive/MedSymmFlow_Project/synthetic_data/pneumoniamnist_normal_2280_filtered/normal_1004.png,/content/drive/MyDrive/MedSymmFlow_Project/synthetic_data/pneumoniamnist_normal_2280_filtered/normal_1477.png,0.9666577577590942
/content/drive/MyDrive/MedSymmFlow_Project/synthetic_data/pneumoniamnist_normal_2280_filtered/normal_1048.png,/content/drive/MyDrive/MedSymmFlow_Project/synthetic_data/pneumoniamnist_normal_2280_filtered/normal_1587.png,0.9666475057601929
/content/drive/MyDrive/MedSymmFlow_Project/synthetic_data/pneumoniamnist_normal_2280_filtered/normal_2134.png,/content/drive/MyDrive/MedSymmFlow_Project/synthetic_data/pneumoniamnist_normal_2280_filtered/normal_1720.png,0.9666317701339722
/content/drive/MyDrive/MedSymmFlow_Project/synthetic_data/pneumoniamnist_normal_2280_filtered/normal_0051.png,/content/drive/MyDrive/MedSymmFlow_Project/synthetic_data/pneumoniamnist_normal_2280_filtered/normal_1699.png,0.9666273593902588
/content/drive/MyDrive/MedSymmFlow_Project/synthetic_data/pneumoniamnist_normal_2280_filtered/normal_1406.png,/content/drive/MyDrive/MedSymmFlow_Project/synthetic_data/pneumoniamnist_normal_2280_filtered/normal_2200.png,0.9666174054145813
/content/drive/MyDrive/MedSymmFlow_Project/synthetic_data/pneumoniamnist_normal_2280_filtered/normal_1065.png,/content/drive/MyDrive/MedSymmFlow_Project/synthetic_data/pneumoniamnist_normal_2280_filtered/normal_1780.png,0.9666120409965515
/content/drive/MyDrive/MedSymmFlow_Project/synthetic_data/pneumoniamnist_normal_2280_filtered/normal_1524.png,/content/drive/MyDrive/MedSymmFlow_Project/synthetic_data/pneumoniamnist_normal_2280_filtered/normal_0531.png,0.9666086435317993
/content/drive/MyDrive/MedSymmFlow_Project/synthetic_data/pneumoniamnist_normal_2280_filtered/normal_1772.png,/content/drive/MyDrive/MedSymmFlow_Project/synthetic_data/pneumoniamnist_normal_2280_filtered/normal_0717.png,0.9666049480438232
/content/drive/MyDrive/MedSymmFlow_Project/synthetic_data/pneumoniamnist_normal_2280_filtered/normal_0264.png,/content/drive/MyDrive/MedSymmFlow_Project/synthetic_data/pneumoniamnist_normal_2280_filtered/normal_1761.png,0.9665936231613159
/content/drive/MyDrive/MedSymmFlow_Project/synthetic_data/pneumoniamnist_normal_2280_filtered/normal_1761.png,/content/drive/MyDrive/MedSymmFlow_Project/synthetic_data/pneumoniamnist_normal_2280_filtered/normal_0264.png,0.9665936231613159
/content/drive/MyDrive/MedSymmFlow_Project/synthetic_data/pneumoniamnist_normal_2280_filtered/normal_1296.png,/content/drive/MyDrive/MedSymmFlow_Project/synthetic_data/pneumoniamnist_normal_2280_filtered/normal_0093.png,0.9665876030921936
/content/drive/MyDrive/MedSymmFlow_Project/synthetic_data/pneumoniamnist_normal_2280_filtered/normal_1223.png,/content/drive/MyDrive/MedSymmFlow_Project/synthetic_data/pneumoniamnist_normal_2280_filtered/normal_2100.png,0.96657794713974
/content/drive/MyDrive/MedSymmFlow_Project/synthetic_data/pneumoniamnist_normal_2280_filtered/normal_0312.png,/content/drive/MyDrive/MedSymmFlow_Project/synthetic_data/pneumoniamnist_normal_2280_filtered/normal_0296.png,0.9665728807449341
/content/drive/MyDrive/MedSymmFlow_Project/synthetic_data/pneumoniamnist_normal_2280_filtered/normal_0529.png,/content/drive/MyDrive/MedSymmFlow_Project/synthetic_data/pneumoniamnist_normal_2280_filtered/normal_1296.png,0.9665638208389282
/content/drive/MyDrive/MedSymmFlow_Project/synthetic_data/pneumoniamnist_normal_2280_filtered/normal_0316.png,/content/drive/MyDrive/MedSymmFlow_Project/synthetic_data/pneumoniamnist_normal_2280_filtered/normal_0325.png,0.9665554761886597
/content/drive/MyDrive/MedSymmFlow_Project/synthetic_data/pneumoniamnist_normal_2280_filtered/normal_1684.png,/content/drive/MyDrive/MedSymmFlow_Project/synthetic_data/pneumoniamnist_normal_2280_filtered/normal_1137.png,0.9665519595146179
/content/drive/MyDrive/MedSymmFlow_Project/synthetic_data/pneumoniamnist_normal_2280_filtered/normal_0157.png,/content/drive/MyDrive/MedSymmFlow_Project/synthetic_data/pneumoniamnist_normal_2280_filtered/normal_1645.png,0.9665507078170776
/content/drive/MyDrive/MedSymmFlow_Project/synthetic_data/pneumoniamnist_normal_2280_filtered/normal_1269.png,/content/drive/MyDrive/MedSymmFlow_Project/synthetic_data/pneumoniamnist_normal_2280_filtered/normal_1387.png,0.966543436050415
/content/drive/MyDrive/MedSymmFlow_Project/synthetic_data/pneumoniamnist_normal_2280_filtered/normal_1901.png,/content/drive/MyDrive/MedSymmFlow_Project/synthetic_data/pneumoniamnist_normal_2280_filtered/normal_1509.png,0.9665310382843018
/content/drive/MyDrive/MedSymmFlow_Project/synthetic_data/pneumoniamnist_normal_2280_filtered/normal_1967.png,/content/drive/MyDrive/MedSymmFlow_Project/synthetic_data/pneumoniamnist_normal_2280_filtered/normal_0291.png,0.9665274024009705
/content/drive/MyDrive/MedSymmFlow_Project/synthetic_data/pneumoniamnist_normal_2280_filtered/normal_2102.png,/content/drive/MyDrive/MedSymmFlow_Project/synthetic_data/pneumoniamnist_normal_2280_filtered/normal_0440.png,0.9665265679359436
/content/drive/MyDrive/MedSymmFlow_Project/synthetic_data/pneumoniamnist_normal_2280_filtered/normal_0789.png,/content/drive/MyDrive/MedSymmFlow_Project/synthetic_data/pneumoniamnist_normal_2280_filtered/normal_1539.png,0.9665161371231079
/content/drive/MyDrive/MedSymmFlow_Project/synthetic_data/pneumoniamnist_normal_2280_filtered/normal_0441.png,/content/drive/MyDrive/MedSymmFlow_Project/synthetic_data/pneumoniamnist_normal_2280_filtered/normal_0333.png,0.9665095806121826
/content/drive/MyDrive/MedSymmFlow_Project/synthetic_data/pneumoniamnist_normal_2280_filtered/normal_0333.png,/content/drive/MyDrive/MedSymmFlow_Project/synthetic_data/pneumoniamnist_normal_2280_filtered/normal_0441.png,0.9665095806121826
/content/drive/MyDrive/MedSymmFlow_Project/synthetic_data/pneumoniamnist_normal_2280_filtered/normal_0384.png,/content/drive/MyDrive/MedSymmFlow_Project/synthetic_data/pneumoniamnist_normal_2280_filtered/normal_0969.png,0.9665064811706543
/content/drive/MyDrive/MedSymmFlow_Project/synthetic_data/pneumoniamnist_normal_2280_filtered/normal_0969.png,/content/drive/MyDrive/MedSymmFlow_Project/synthetic_data/pneumoniamnist_normal_2280_filtered/normal_0384.png,0.9665064811706543
/content/drive/MyDrive/MedSymmFlow_Project/synthetic_data/pneumoniamnist_normal_2280_filtered/normal_1940.png,/content/drive/MyDrive/MedSymmFlow_Project/synthetic_data/pneumoniamnist_normal_2280_filtered/normal_0640.png,0.9664974212646484
/content/drive/MyDrive/MedSymmFlow_Project/synthetic_data/pneumoniamnist_normal_2280_filtered/normal_1388.png,/content/drive/MyDrive/MedSymmFlow_Project/synthetic_data/pneumoniamnist_normal_2280_filtered/normal_1445.png,0.9664889574050903
/content/drive/MyDrive/MedSymmFlow_Project/synthetic_data/pneumoniamnist_normal_2280_filtered/normal_1597.png,/content/drive/MyDrive/MedSymmFlow_Project/synthetic_data/pneumoniamnist_normal_2280_filtered/normal_1901.png,0.9664885401725769
/content/drive/MyDrive/MedSymmFlow_Project/synthetic_data/pneumoniamnist_normal_2280_filtered/normal_0964.png,/content/drive/MyDrive/MedSymmFlow_Project/synthetic_data/pneumoniamnist_normal_2280_filtered/normal_0432.png,0.9664756655693054
/content/drive/MyDrive/MedSymmFlow_Project/synthetic_data/pneumoniamnist_normal_2280_filtered/normal_0085.png,/content/drive/MyDrive/MedSymmFlow_Project/synthetic_data/pneumoniamnist_normal_2280_filtered/normal_0119.png,0.9664729833602905
/content/drive/MyDrive/MedSymmFlow_Project/synthetic_data/pneumoniamnist_normal_2280_filtered/normal_0808.png,/content/drive/MyDrive/MedSymmFlow_Project/synthetic_data/pneumoniamnist_normal_2280_filtered/normal_1219.png,0.9664572477340698
/content/drive/MyDrive/MedSymmFlow_Project/synthetic_data/pneumoniamnist_normal_2280_filtered/normal_0865.png,/content/drive/MyDrive/MedSymmFlow_Project/synthetic_data/pneumoniamnist_normal_2280_filtered/normal_2030.png,0.9664496779441833
/content/drive/MyDrive/MedSymmFlow_Project/synthetic_data/pneumoniamnist_normal_2280_filtered/normal_0961.png,/content/drive/MyDrive/MedSymmFlow_Project/synthetic_data/pneumoniamnist_normal_2280_filtered/normal_1104.png,0.9664495587348938
/content/drive/MyDrive/MedSymmFlow_Project/synthetic_data/pneumoniamnist_normal_2280_filtered/normal_0229.png,/content/drive/MyDrive/MedSymmFlow_Project/synthetic_data/pneumoniamnist_normal_2280_filtered/normal_1016.png,0.9664311408996582
/content/drive/MyDrive/MedSymmFlow_Project/synthetic_data/pneumoniamnist_normal_2280_filtered/normal_0379.png,/content/drive/MyDrive/MedSymmFlow_Project/synthetic_data/pneumoniamnist_normal_2280_filtered/normal_0207.png,0.9664244055747986
/content/drive/MyDrive/MedSymmFlow_Project/synthetic_data/pneumoniamnist_normal_2280_filtered/normal_1175.png,/content/drive/MyDrive/MedSymmFlow_Project/synthetic_data/pneumoniamnist_normal_2280_filtered/normal_1932.png,0.9664168953895569
/content/drive/MyDrive/MedSymmFlow_Project/synthetic_data/pneumoniamnist_normal_2280_filtered/normal_0851.png,/content/drive/MyDrive/MedSymmFlow_Project/synthetic_data/pneumoniamnist_normal_2280_filtered/normal_1986.png,0.9663883447647095
/content/drive/MyDrive/MedSymmFlow_Project/synthetic_data/pneumoniamnist_normal_2280_filtered/normal_0667.png,/content/drive/MyDrive/MedSymmFlow_Project/synthetic_data/pneumoniamnist_normal_2280_filtered/normal_0544.png,0.9663835763931274
/content/drive/MyDrive/MedSymmFlow_Project/synthetic_data/pneumoniamnist_normal_2280_filtered/normal_0651.png,/content/drive/MyDrive/MedSymmFlow_Project/synthetic_data/pneumoniamnist_normal_2280_filtered/normal_1987.png,0.9663678407669067
/content/drive/MyDrive/MedSymmFlow_Project/synthetic_data/pneumoniamnist_normal_2280_filtered/normal_0419.png,/content/drive/MyDrive/MedSymmFlow_Project/synthetic_data/pneumoniamnist_normal_2280_filtered/normal_1907.png,0.9663617610931396
/content/drive/MyDrive/MedSymmFlow_Project/synthetic_data/pneumoniamnist_normal_2280_filtered/normal_0224.png,/content/drive/MyDrive/MedSymmFlow_Project/synthetic_data/pneumoniamnist_normal_2280_filtered/normal_1156.png,0.9663530588150024
/content/drive/MyDrive/MedSymmFlow_Project/synthetic_data/pneumoniamnist_normal_2280_filtered/normal_0139.png,/content/drive/MyDrive/MedSymmFlow_Project/synthetic_data/pneumoniamnist_normal_2280_filtered/normal_0860.png,0.9663430452346802
/content/drive/MyDrive/MedSymmFlow_Project/synthetic_data/pneumoniamnist_normal_2280_filtered/normal_1544.png,/content/drive/MyDrive/MedSymmFlow_Project/synthetic_data/pneumoniamnist_normal_2280_filtered/normal_0743.png,0.9663429260253906
/content/drive/MyDrive/MedSymmFlow_Project/synthetic_data/pneumoniamnist_normal_2280_filtered/normal_1260.png,/content/drive/MyDrive/MedSymmFlow_Project/synthetic_data/pneumoniamnist_normal_2280_filtered/normal_0970.png,0.9663405418395996
/content/drive/MyDrive/MedSymmFlow_Project/synthetic_data/pneumoniamnist_normal_2280_filtered/normal_0824.png,/content/drive/MyDrive/MedSymmFlow_Project/synthetic_data/pneumoniamnist_normal_2280_filtered/normal_2058.png,0.9663404226303101
/content/drive/MyDrive/MedSymmFlow_Project/synthetic_data/pneumoniamnist_normal_2280_filtered/normal_0940.png,/content/drive/MyDrive/MedSymmFlow_Project/synthetic_data/pneumoniamnist_normal_2280_filtered/normal_1711.png,0.9663270711898804
/content/drive/MyDrive/MedSymmFlow_Project/synthetic_data/pneumoniamnist_normal_2280_filtered/normal_0005.png,/content/drive/MyDrive/MedSymmFlow_Project/synthetic_data/pneumoniamnist_normal_2280_filtered/normal_0040.png,0.9663248062133789
/content/drive/MyDrive/MedSymmFlow_Project/synthetic_data/pneumoniamnist_normal_2280_filtered/normal_0351.png,/content/drive/MyDrive/MedSymmFlow_Project/synthetic_data/pneumoniamnist_normal_2280_filtered/normal_1324.png,0.9663214683532715
/content/drive/MyDrive/MedSymmFlow_Project/synthetic_data/pneumoniamnist_normal_2280_filtered/normal_1052.png,/content/drive/MyDrive/MedSymmFlow_Project/synthetic_data/pneumoniamnist_normal_2280_filtered/normal_1846.png,0.966320276260376
/content/drive/MyDrive/MedSymmFlow_Project/synthetic_data/pneumoniamnist_normal_2280_filtered/normal_1823.png,/content/drive/MyDrive/MedSymmFlow_Project/synthetic_data/pneumoniamnist_normal_2280_filtered/normal_1996.png,0.9663190841674805
/content/drive/MyDrive/MedSymmFlow_Project/synthetic_data/pneumoniamnist_normal_2280_filtered/normal_0048.png,/content/drive/MyDrive/MedSymmFlow_Project/synthetic_data/pneumoniamnist_normal_2280_filtered/normal_1826.png,0.9663112163543701
/content/drive/MyDrive/MedSymmFlow_Project/synthetic_data/pneumoniamnist_normal_2280_filtered/normal_1977.png,/content/drive/MyDrive/MedSymmFlow_Project/synthetic_data/pneumoniamnist_normal_2280_filtered/normal_0016.png,0.966306209564209
/content/drive/MyDrive/MedSymmFlow_Project/synthetic_data/pneumoniamnist_normal_2280_filtered/normal_2120.png,/content/drive/MyDrive/MedSymmFlow_Project/synthetic_data/pneumoniamnist_normal_2280_filtered/normal_2124.png,0.9663044214248657
/content/drive/MyDrive/MedSymmFlow_Project/synthetic_data/pneumoniamnist_normal_2280_filtered/normal_2124.png,/content/drive/MyDrive/MedSymmFlow_Project/synthetic_data/pneumoniamnist_normal_2280_filtered/normal_2120.png,0.9663044214248657
/content/drive/MyDrive/MedSymmFlow_Project/synthetic_data/pneumoniamnist_normal_2280_filtered/normal_1791.png,/content/drive/MyDrive/MedSymmFlow_Project/synthetic_data/pneumoniamnist_normal_2280_filtered/normal_2101.png,0.9662990570068359
/content/drive/MyDrive/MedSymmFlow_Project/synthetic_data/pneumoniamnist_normal_2280_filtered/normal_1762.png,/content/drive/MyDrive/MedSymmFlow_Project/synthetic_data/pneumoniamnist_normal_2280_filtered/normal_1193.png,0.9662846922874451
/content/drive/MyDrive/MedSymmFlow_Project/synthetic_data/pneumoniamnist_normal_2280_filtered/normal_2050.png,/content/drive/MyDrive/MedSymmFlow_Project/synthetic_data/pneumoniamnist_normal_2280_filtered/normal_1688.png,0.9662790894508362
/content/drive/MyDrive/MedSymmFlow_Project/synthetic_data/pneumoniamnist_normal_2280_filtered/normal_0193.png,/content/drive/MyDrive/MedSymmFlow_Project/synthetic_data/pneumoniamnist_normal_2280_filtered/normal_1451.png,0.9662757515907288
/content/drive/MyDrive/MedSymmFlow_Project/synthetic_data/pneumoniamnist_normal_2280_filtered/normal_0131.png,/content/drive/MyDrive/MedSymmFlow_Project/synthetic_data/pneumoniamnist_normal_2280_filtered/normal_0908.png,0.9662727117538452
/content/drive/MyDrive/MedSymmFlow_Project/synthetic_data/pneumoniamnist_normal_2280_filtered/normal_0451.png,/content/drive/MyDrive/MedSymmFlow_Project/synthetic_data/pneumoniamnist_normal_2280_filtered/normal_1667.png,0.9662703275680542
/content/drive/MyDrive/MedSymmFlow_Project/synthetic_data/pneumoniamnist_normal_2280_filtered/normal_1592.png,/content/drive/MyDrive/MedSymmFlow_Project/synthetic_data/pneumoniamnist_normal_2280_filtered/normal_2082.png,0.9662700295448303
/content/drive/MyDrive/MedSymmFlow_Project/synthetic_data/pneumoniamnist_normal_2280_filtered/normal_0809.png,/content/drive/MyDrive/MedSymmFlow_Project/synthetic_data/pneumoniamnist_normal_2280_filtered/normal_1716.png,0.9662644863128662
/content/drive/MyDrive/MedSymmFlow_Project/synthetic_data/pneumoniamnist_normal_2280_filtered/normal_2252.png,/content/drive/MyDrive/MedSymmFlow_Project/synthetic_data/pneumoniamnist_normal_2280_filtered/normal_0327.png,0.9662637114524841
/content/drive/MyDrive/MedSymmFlow_Project/synthetic_data/pneumoniamnist_normal_2280_filtered/normal_0172.png,/content/drive/MyDrive/MedSymmFlow_Project/synthetic_data/pneumoniamnist_normal_2280_filtered/normal_0353.png,0.9662590622901917
/content/drive/MyDrive/MedSymmFlow_Project/synthetic_data/pneumoniamnist_normal_2280_filtered/normal_0353.png,/content/drive/MyDrive/MedSymmFlow_Project/synthetic_data/pneumoniamnist_normal_2280_filtered/normal_0172.png,0.9662590622901917
/content/drive/MyDrive/MedSymmFlow_Project/synthetic_data/pneumoniamnist_normal_2280_filtered/normal_0796.png,/content/drive/MyDrive/MedSymmFlow_Project/synthetic_data/pneumoniamnist_normal_2280_filtered/normal_0748.png,0.9662361741065979
/content/drive/MyDrive/MedSymmFlow_Project/synthetic_data/pneumoniamnist_normal_2280_filtered/normal_2026.png,/content/drive/MyDrive/MedSymmFlow_Project/synthetic_data/pneumoniamnist_normal_2280_filtered/normal_1306.png,0.9662256240844727
/content/drive/MyDrive/MedSymmFlow_Project/synthetic_data/pneumoniamnist_normal_2280_filtered/normal_1038.png,/content/drive/MyDrive/MedSymmFlow_Project/synthetic_data/pneumoniamnist_normal_2280_filtered/normal_2252.png,0.966223955154419
/content/drive/MyDrive/MedSymmFlow_Project/synthetic_data/pneumoniamnist_normal_2280_filtered/normal_0605.png,/content/drive/MyDrive/MedSymmFlow_Project/synthetic_data/pneumoniamnist_normal_2280_filtered/normal_1573.png,0.9662199020385742
/content/drive/MyDrive/MedSymmFlow_Project/synthetic_data/pneumoniamnist_normal_2280_filtered/normal_0170.png,/content/drive/MyDrive/MedSymmFlow_Project/synthetic_data/pneumoniamnist_normal_2280_filtered/normal_0699.png,0.9662094116210938
/content/drive/MyDrive/MedSymmFlow_Project/synthetic_data/pneumoniamnist_normal_2280_filtered/normal_1068.png,/content/drive/MyDrive/MedSymmFlow_Project/synthetic_data/pneumoniamnist_normal_2280_filtered/normal_0810.png,0.9662094116210938
/content/drive/MyDrive/MedSymmFlow_Project/synthetic_data/pneumoniamnist_normal_2280_filtered/normal_1479.png,/content/drive/MyDrive/MedSymmFlow_Project/synthetic_data/pneumoniamnist_normal_2280_filtered/normal_1090.png,0.9662026166915894
/content/drive/MyDrive/MedSymmFlow_Project/synthetic_data/pneumoniamnist_normal_2280_filtered/normal_1569.png,/content/drive/MyDrive/MedSymmFlow_Project/synthetic_data/pneumoniamnist_normal_2280_filtered/normal_1017.png,0.9661761522293091
/content/drive/MyDrive/MedSymmFlow_Project/synthetic_data/pneumoniamnist_normal_2280_filtered/normal_1208.png,/content/drive/MyDrive/MedSymmFlow_Project/synthetic_data/pneumoniamnist_normal_2280_filtered/normal_1451.png,0.9661673307418823
/content/drive/MyDrive/MedSymmFlow_Project/synthetic_data/pneumoniamnist_normal_2280_filtered/normal_0976.png,/content/drive/MyDrive/MedSymmFlow_Project/synthetic_data/pneumoniamnist_normal_2280_filtered/normal_0223.png,0.9661619663238525
/content/drive/MyDrive/MedSymmFlow_Project/synthetic_data/pneumoniamnist_normal_2280_filtered/normal_2060.png,/content/drive/MyDrive/MedSymmFlow_Project/synthetic_data/pneumoniamnist_normal_2280_filtered/normal_0581.png,0.9661493301391602
/content/drive/MyDrive/MedSymmFlow_Project/synthetic_data/pneumoniamnist_normal_2280_filtered/normal_0097.png,/content/drive/MyDrive/MedSymmFlow_Project/synthetic_data/pneumoniamnist_normal_2280_filtered/normal_0502.png,0.9661438465118408
/content/drive/MyDrive/MedSymmFlow_Project/synthetic_data/pneumoniamnist_normal_2280_filtered/normal_0169.png,/content/drive/MyDrive/MedSymmFlow_Project/synthetic_data/pneumoniamnist_normal_2280_filtered/normal_0294.png,0.9661420583724976
/content/drive/MyDrive/MedSymmFlow_Project/synthetic_data/pneumoniamnist_normal_2280_filtered/normal_1832.png,/content/drive/MyDrive/MedSymmFlow_Project/synthetic_data/pneumoniamnist_normal_2280_filtered/normal_0073.png,0.9661152362823486
/content/drive/MyDrive/MedSymmFlow_Project/synthetic_data/pneumoniamnist_normal_2280_filtered/normal_1144.png,/content/drive/MyDrive/MedSymmFlow_Project/synthetic_data/pneumoniamnist_normal_2280_filtered/normal_0768.png,0.9660999774932861
/content/drive/MyDrive/MedSymmFlow_Project/synthetic_data/pneumoniamnist_normal_2280_filtered/normal_0521.png,/content/drive/MyDrive/MedSymmFlow_Project/synthetic_data/pneumoniamnist_normal_2280_filtered/normal_1663.png,0.9660924673080444
/content/drive/MyDrive/MedSymmFlow_Project/synthetic_data/pneumoniamnist_normal_2280_filtered/normal_0661.png,/content/drive/MyDrive/MedSymmFlow_Project/synthetic_data/pneumoniamnist_normal_2280_filtered/normal_0678.png,0.9660908579826355
/content/drive/MyDrive/MedSymmFlow_Project/synthetic_data/pneumoniamnist_normal_2280_filtered/normal_1678.png,/content/drive/MyDrive/MedSymmFlow_Project/synthetic_data/pneumoniamnist_normal_2280_filtered/normal_0647.png,0.9660816788673401
/content/drive/MyDrive/MedSymmFlow_Project/synthetic_data/pneumoniamnist_normal_2280_filtered/normal_1093.png,/content/drive/MyDrive/MedSymmFlow_Project/synthetic_data/pneumoniamnist_normal_2280_filtered/normal_0968.png,0.9660755395889282
/content/drive/MyDrive/MedSymmFlow_Project/synthetic_data/pneumoniamnist_normal_2280_filtered/normal_0206.png,/content/drive/MyDrive/MedSymmFlow_Project/synthetic_data/pneumoniamnist_normal_2280_filtered/normal_0040.png,0.9660739898681641
/content/drive/MyDrive/MedSymmFlow_Project/synthetic_data/pneumoniamnist_normal_2280_filtered/normal_1560.png,/content/drive/MyDrive/MedSymmFlow_Project/synthetic_data/pneumoniamnist_normal_2280_filtered/normal_1936.png,0.9660732746124268
/content/drive/MyDrive/MedSymmFlow_Project/synthetic_data/pneumoniamnist_normal_2280_filtered/normal_0318.png,/content/drive/MyDrive/MedSymmFlow_Project/synthetic_data/pneumoniamnist_normal_2280_filtered/normal_0373.png,0.9660727977752686
/content/drive/MyDrive/MedSymmFlow_Project/synthetic_data/pneumoniamnist_normal_2280_filtered/normal_0276.png,/content/drive/MyDrive/MedSymmFlow_Project/synthetic_data/pneumoniamnist_normal_2280_filtered/normal_1640.png,0.966072142124176
/content/drive/MyDrive/MedSymmFlow_Project/synthetic_data/pneumoniamnist_normal_2280_filtered/normal_0387.png,/content/drive/MyDrive/MedSymmFlow_Project/synthetic_data/pneumoniamnist_normal_2280_filtered/normal_1826.png,0.9660714268684387
/content/drive/MyDrive/MedSymmFlow_Project/synthetic_data/pneumoniamnist_normal_2280_filtered/normal_0476.png,/content/drive/MyDrive/MedSymmFlow_Project/synthetic_data/pneumoniamnist_normal_2280_filtered/normal_0903.png,0.9660663604736328
/content/drive/MyDrive/MedSymmFlow_Project/synthetic_data/pneumoniamnist_normal_2280_filtered/normal_1892.png,/content/drive/MyDrive/MedSymmFlow_Project/synthetic_data/pneumoniamnist_normal_2280_filtered/normal_1527.png,0.9660592675209045
/content/drive/MyDrive/MedSymmFlow_Project/synthetic_data/pneumoniamnist_normal_2280_filtered/normal_1956.png,/content/drive/MyDrive/MedSymmFlow_Project/synthetic_data/pneumoniamnist_normal_2280_filtered/normal_0708.png,0.9660485982894897
/content/drive/MyDrive/MedSymmFlow_Project/synthetic_data/pneumoniamnist_normal_2280_filtered/normal_1264.png,/content/drive/MyDrive/MedSymmFlow_Project/synthetic_data/pneumoniamnist_normal_2280_filtered/normal_1971.png,0.9660485982894897
/content/drive/MyDrive/MedSymmFlow_Project/synthetic_data/pneumoniamnist_normal_2280_filtered/normal_2015.png,/content/drive/MyDrive/MedSymmFlow_Project/synthetic_data/pneumoniamnist_normal_2280_filtered/normal_1181.png,0.9660354852676392
/content/drive/MyDrive/MedSymmFlow_Project/synthetic_data/pneumoniamnist_normal_2280_filtered/normal_0833.png,/content/drive/MyDrive/MedSymmFlow_Project/synthetic_data/pneumoniamnist_normal_2280_filtered/normal_0539.png,0.9660347700119019
/content/drive/MyDrive/MedSymmFlow_Project/synthetic_data/pneumoniamnist_normal_2280_filtered/normal_0410.png,/content/drive/MyDrive/MedSymmFlow_Project/synthetic_data/pneumoniamnist_normal_2280_filtered/normal_1016.png,0.9660245180130005
/content/drive/MyDrive/MedSymmFlow_Project/synthetic_data/pneumoniamnist_normal_2280_filtered/normal_1859.png,/content/drive/MyDrive/MedSymmFlow_Project/synthetic_data/pneumoniamnist_normal_2280_filtered/normal_0108.png,0.9660212993621826
/content/drive/MyDrive/MedSymmFlow_Project/synthetic_data/pneumoniamnist_normal_2280_filtered/normal_1686.png,/content/drive/MyDrive/MedSymmFlow_Project/synthetic_data/pneumoniamnist_normal_2280_filtered/normal_1533.png,0.9660162925720215
/content/drive/MyDrive/MedSymmFlow_Project/synthetic_data/pneumoniamnist_normal_2280_filtered/normal_1946.png,/content/drive/MyDrive/MedSymmFlow_Project/synthetic_data/pneumoniamnist_normal_2280_filtered/normal_1848.png,0.9659912586212158
/content/drive/MyDrive/MedSymmFlow_Project/synthetic_data/pneumoniamnist_normal_2280_filtered/normal_0892.png,/content/drive/MyDrive/MedSymmFlow_Project/synthetic_data/pneumoniamnist_normal_2280_filtered/normal_0649.png,0.9659894704818726
/content/drive/MyDrive/MedSymmFlow_Project/synthetic_data/pneumoniamnist_normal_2280_filtered/normal_1717.png,/content/drive/MyDrive/MedSymmFlow_Project/synthetic_data/pneumoniamnist_normal_2280_filtered/normal_1722.png,0.9659864902496338
/content/drive/MyDrive/MedSymmFlow_Project/synthetic_data/pneumoniamnist_normal_2280_filtered/normal_0944.png,/content/drive/MyDrive/MedSymmFlow_Project/synthetic_data/pneumoniamnist_normal_2280_filtered/normal_1007.png,0.9659838080406189
/content/drive/MyDrive/MedSymmFlow_Project/synthetic_data/pneumoniamnist_normal_2280_filtered/normal_0635.png,/content/drive/MyDrive/MedSymmFlow_Project/synthetic_data/pneumoniamnist_normal_2280_filtered/normal_0157.png,0.965975821018219
/content/drive/MyDrive/MedSymmFlow_Project/synthetic_data/pneumoniamnist_normal_2280_filtered/normal_2011.png,/content/drive/MyDrive/MedSymmFlow_Project/synthetic_data/pneumoniamnist_normal_2280_filtered/normal_2046.png,0.9659707546234131
/content/drive/MyDrive/MedSymmFlow_Project/synthetic_data/pneumoniamnist_normal_2280_filtered/normal_0279.png,/content/drive/MyDrive/MedSymmFlow_Project/synthetic_data/pneumoniamnist_normal_2280_filtered/normal_1366.png,0.9659641981124878
/content/drive/MyDrive/MedSymmFlow_Project/synthetic_data/pneumoniamnist_normal_2280_filtered/normal_0301.png,/content/drive/MyDrive/MedSymmFlow_Project/synthetic_data/pneumoniamnist_normal_2280_filtered/normal_0915.png,0.9659445285797119
/content/drive/MyDrive/MedSymmFlow_Project/synthetic_data/pneumoniamnist_normal_2280_filtered/normal_0915.png,/content/drive/MyDrive/MedSymmFlow_Project/synthetic_data/pneumoniamnist_normal_2280_filtered/normal_0301.png,0.9659445285797119
/content/drive/MyDrive/MedSymmFlow_Project/synthetic_data/pneumoniamnist_normal_2280_filtered/normal_0002.png,/content/drive/MyDrive/MedSymmFlow_Project/synthetic_data/pneumoniamnist_normal_2280_filtered/normal_0091.png,0.9659444689750671
/content/drive/MyDrive/MedSymmFlow_Project/synthetic_data/pneumoniamnist_normal_2280_filtered/normal_0251.png,/content/drive/MyDrive/MedSymmFlow_Project/synthetic_data/pneumoniamnist_normal_2280_filtered/normal_0918.png,0.9659350514411926
/content/drive/MyDrive/MedSymmFlow_Project/synthetic_data/pneumoniamnist_normal_2280_filtered/normal_1705.png,/content/drive/MyDrive/MedSymmFlow_Project/synthetic_data/pneumoniamnist_normal_2280_filtered/normal_0396.png,0.9659243822097778
/content/drive/MyDrive/MedSymmFlow_Project/synthetic_data/pneumoniamnist_normal_2280_filtered/normal_1808.png,/content/drive/MyDrive/MedSymmFlow_Project/synthetic_data/pneumoniamnist_normal_2280_filtered/normal_0353.png,0.9659173488616943
/content/drive/MyDrive/MedSymmFlow_Project/synthetic_data/pneumoniamnist_normal_2280_filtered/normal_2250.png,/content/drive/MyDrive/MedSymmFlow_Project/synthetic_data/pneumoniamnist_normal_2280_filtered/normal_1796.png,0.9659157991409302
/content/drive/MyDrive/MedSymmFlow_Project/synthetic_data/pneumoniamnist_normal_2280_filtered/normal_0072.png,/content/drive/MyDrive/MedSymmFlow_Project/synthetic_data/pneumoniamnist_normal_2280_filtered/normal_0421.png,0.965913712978363
/content/drive/MyDrive/MedSymmFlow_Project/synthetic_data/pneumoniamnist_normal_2280_filtered/normal_0050.png,/content/drive/MyDrive/MedSymmFlow_Project/synthetic_data/pneumoniamnist_normal_2280_filtered/normal_0996.png,0.965908408164978
/content/drive/MyDrive/MedSymmFlow_Project/synthetic_data/pneumoniamnist_normal_2280_filtered/normal_0996.png,/content/drive/MyDrive/MedSymmFlow_Project/synthetic_data/pneumoniamnist_normal_2280_filtered/normal_0050.png,0.965908408164978
/content/drive/MyDrive/MedSymmFlow_Project/synthetic_data/pneumoniamnist_normal_2280_filtered/normal_2005.png,/content/drive/MyDrive/MedSymmFlow_Project/synthetic_data/pneumoniamnist_normal_2280_filtered/normal_0617.png,0.9659044742584229
/content/drive/MyDrive/MedSymmFlow_Project/synthetic_data/pneumoniamnist_normal_2280_filtered/normal_2260.png,/content/drive/MyDrive/MedSymmFlow_Project/synthetic_data/pneumoniamnist_normal_2280_filtered/normal_1453.png,0.96589595079422
/content/drive/MyDrive/MedSymmFlow_Project/synthetic_data/pneumoniamnist_normal_2280_filtered/normal_1603.png,/content/drive/MyDrive/MedSymmFlow_Project/synthetic_data/pneumoniamnist_normal_2280_filtered/normal_1693.png,0.9658940434455872
/content/drive/MyDrive/MedSymmFlow_Project/synthetic_data/pneumoniamnist_normal_2280_filtered/normal_1693.png,/content/drive/MyDrive/MedSymmFlow_Project/synthetic_data/pneumoniamnist_normal_2280_filtered/normal_1603.png,0.9658940434455872
/content/drive/MyDrive/MedSymmFlow_Project/synthetic_data/pneumoniamnist_normal_2280_filtered/normal_1718.png,/content/drive/MyDrive/MedSymmFlow_Project/synthetic_data/pneumoniamnist_normal_2280_filtered/normal_1327.png,0.9658898711204529
/content/drive/MyDrive/MedSymmFlow_Project/synthetic_data/pneumoniamnist_normal_2280_filtered/normal_2154.png,/content/drive/MyDrive/MedSymmFlow_Project/synthetic_data/pneumoniamnist_normal_2280_filtered/normal_1342.png,0.9658892154693604
/content/drive/MyDrive/MedSymmFlow_Project/synthetic_data/pneumoniamnist_normal_2280_filtered/normal_0288.png,/content/drive/MyDrive/MedSymmFlow_Project/synthetic_data/pneumoniamnist_normal_2280_filtered/normal_0664.png,0.9658888578414917
/content/drive/MyDrive/MedSymmFlow_Project/synthetic_data/pneumoniamnist_normal_2280_filtered/normal_0270.png,/content/drive/MyDrive/MedSymmFlow_Project/synthetic_data/pneumoniamnist_normal_2280_filtered/normal_0382.png,0.9658834934234619
/content/drive/MyDrive/MedSymmFlow_Project/synthetic_data/pneumoniamnist_normal_2280_filtered/normal_0284.png,/content/drive/MyDrive/MedSymmFlow_Project/synthetic_data/pneumoniamnist_normal_2280_filtered/normal_1771.png,0.9658687114715576
/content/drive/MyDrive/MedSymmFlow_Project/synthetic_data/pneumoniamnist_normal_2280_filtered/normal_1240.png,/content/drive/MyDrive/MedSymmFlow_Project/synthetic_data/pneumoniamnist_normal_2280_filtered/normal_0990.png,0.9658592939376831
/content/drive/MyDrive/MedSymmFlow_Project/synthetic_data/pneumoniamnist_normal_2280_filtered/normal_1949.png,/content/drive/MyDrive/MedSymmFlow_Project/synthetic_data/pneumoniamnist_normal_2280_filtered/normal_2107.png,0.965855062007904
/content/drive/MyDrive/MedSymmFlow_Project/synthetic_data/pneumoniamnist_normal_2280_filtered/normal_0185.png,/content/drive/MyDrive/MedSymmFlow_Project/synthetic_data/pneumoniamnist_normal_2280_filtered/normal_0162.png,0.9658499360084534
/content/drive/MyDrive/MedSymmFlow_Project/synthetic_data/pneumoniamnist_normal_2280_filtered/normal_0162.png,/content/drive/MyDrive/MedSymmFlow_Project/synthetic_data/pneumoniamnist_normal_2280_filtered/normal_0185.png,0.9658499360084534
/content/drive/MyDrive/MedSymmFlow_Project/synthetic_data/pneumoniamnist_normal_2280_filtered/normal_1061.png,/content/drive/MyDrive/MedSymmFlow_Project/synthetic_data/pneumoniamnist_normal_2280_filtered/normal_1023.png,0.9658474922180176
/content/drive/MyDrive/MedSymmFlow_Project/synthetic_data/pneumoniamnist_normal_2280_filtered/normal_1114.png,/content/drive/MyDrive/MedSymmFlow_Project/synthetic_data/pneumoniamnist_normal_2280_filtered/normal_1848.png,0.9658464193344116
/content/drive/MyDrive/MedSymmFlow_Project/synthetic_data/pneumoniamnist_normal_2280_filtered/normal_1226.png,/content/drive/MyDrive/MedSymmFlow_Project/synthetic_data/pneumoniamnist_normal_2280_filtered/normal_1232.png,0.9658454060554504
/content/drive/MyDrive/MedSymmFlow_Project/synthetic_data/pneumoniamnist_normal_2280_filtered/normal_1108.png,/content/drive/MyDrive/MedSymmFlow_Project/synthetic_data/pneumoniamnist_normal_2280_filtered/normal_1439.png,0.9658347368240356
/content/drive/MyDrive/MedSymmFlow_Project/synthetic_data/pneumoniamnist_normal_2280_filtered/normal_2247.png,/content/drive/MyDrive/MedSymmFlow_Project/synthetic_data/pneumoniamnist_normal_2280_filtered/normal_1523.png,0.9658273458480835
/content/drive/MyDrive/MedSymmFlow_Project/synthetic_data/pneumoniamnist_normal_2280_filtered/normal_0326.png,/content/drive/MyDrive/MedSymmFlow_Project/synthetic_data/pneumoniamnist_normal_2280_filtered/normal_1845.png,0.9658241271972656
/content/drive/MyDrive/MedSymmFlow_Project/synthetic_data/pneumoniamnist_normal_2280_filtered/normal_1245.png,/content/drive/MyDrive/MedSymmFlow_Project/synthetic_data/pneumoniamnist_normal_2280_filtered/normal_1625.png,0.9658204317092896
/content/drive/MyDrive/MedSymmFlow_Project/synthetic_data/pneumoniamnist_normal_2280_filtered/normal_1682.png,/content/drive/MyDrive/MedSymmFlow_Project/synthetic_data/pneumoniamnist_normal_2280_filtered/normal_2026.png,0.9658101797103882
/content/drive/MyDrive/MedSymmFlow_Project/synthetic_data/pneumoniamnist_normal_2280_filtered/normal_0967.png,/content/drive/MyDrive/MedSymmFlow_Project/synthetic_data/pneumoniamnist_normal_2280_filtered/normal_1418.png,0.9658066034317017
/content/drive/MyDrive/MedSymmFlow_Project/synthetic_data/pneumoniamnist_normal_2280_filtered/normal_1418.png,/content/drive/MyDrive/MedSymmFlow_Project/synthetic_data/pneumoniamnist_normal_2280_filtered/normal_0967.png,0.9658066034317017
/content/drive/MyDrive/MedSymmFlow_Project/synthetic_data/pneumoniamnist_normal_2280_filtered/normal_0928.png,/content/drive/MyDrive/MedSymmFlow_Project/synthetic_data/pneumoniamnist_normal_2280_filtered/normal_1088.png,0.9657924175262451
/content/drive/MyDrive/MedSymmFlow_Project/synthetic_data/pneumoniamnist_normal_2280_filtered/normal_1911.png,/content/drive/MyDrive/MedSymmFlow_Project/synthetic_data/pneumoniamnist_normal_2280_filtered/normal_0051.png,0.9657686948776245
/content/drive/MyDrive/MedSymmFlow_Project/synthetic_data/pneumoniamnist_normal_2280_filtered/normal_0213.png,/content/drive/MyDrive/MedSymmFlow_Project/synthetic_data/pneumoniamnist_normal_2280_filtered/normal_0901.png,0.9657614231109619
/content/drive/MyDrive/MedSymmFlow_Project/synthetic_data/pneumoniamnist_normal_2280_filtered/normal_1944.png,/content/drive/MyDrive/MedSymmFlow_Project/synthetic_data/pneumoniamnist_normal_2280_filtered/normal_1625.png,0.965754508972168
/content/drive/MyDrive/MedSymmFlow_Project/synthetic_data/pneumoniamnist_normal_2280_filtered/normal_0429.png,/content/drive/MyDrive/MedSymmFlow_Project/synthetic_data/pneumoniamnist_normal_2280_filtered/normal_1826.png,0.9657480716705322
/content/drive/MyDrive/MedSymmFlow_Project/synthetic_data/pneumoniamnist_normal_2280_filtered/normal_1321.png,/content/drive/MyDrive/MedSymmFlow_Project/synthetic_data/pneumoniamnist_normal_2280_filtered/normal_0569.png,0.9657473564147949
/content/drive/MyDrive/MedSymmFlow_Project/synthetic_data/pneumoniamnist_normal_2280_filtered/normal_0573.png,/content/drive/MyDrive/MedSymmFlow_Project/synthetic_data/pneumoniamnist_normal_2280_filtered/normal_1940.png,0.9657469987869263
/content/drive/MyDrive/MedSymmFlow_Project/synthetic_data/pneumoniamnist_normal_2280_filtered/normal_0576.png,/content/drive/MyDrive/MedSymmFlow_Project/synthetic_data/pneumoniamnist_normal_2280_filtered/normal_1262.png,0.9657456874847412
/content/drive/MyDrive/MedSymmFlow_Project/synthetic_data/pneumoniamnist_normal_2280_filtered/normal_2251.png,/content/drive/MyDrive/MedSymmFlow_Project/synthetic_data/pneumoniamnist_normal_2280_filtered/normal_1488.png,0.9657407999038696
/content/drive/MyDrive/MedSymmFlow_Project/synthetic_data/pneumoniamnist_normal_2280_filtered/normal_1110.png,/content/drive/MyDrive/MedSymmFlow_Project/synthetic_data/pneumoniamnist_normal_2280_filtered/normal_0639.png,0.9657080173492432
/content/drive/MyDrive/MedSymmFlow_Project/synthetic_data/pneumoniamnist_normal_2280_filtered/normal_0730.png,/content/drive/MyDrive/MedSymmFlow_Project/synthetic_data/pneumoniamnist_normal_2280_filtered/normal_2279.png,0.9657077789306641
/content/drive/MyDrive/MedSymmFlow_Project/synthetic_data/pneumoniamnist_normal_2280_filtered/normal_2279.png,/content/drive/MyDrive/MedSymmFlow_Project/synthetic_data/pneumoniamnist_normal_2280_filtered/normal_0730.png,0.9657077789306641
/content/drive/MyDrive/MedSymmFlow_Project/synthetic_data/pneumoniamnist_normal_2280_filtered/normal_1323.png,/content/drive/MyDrive/MedSymmFlow_Project/synthetic_data/pneumoniamnist_normal_2280_filtered/normal_0679.png,0.9656963348388672
/content/drive/MyDrive/MedSymmFlow_Project/synthetic_data/pneumoniamnist_normal_2280_filtered/normal_0481.png,/content/drive/MyDrive/MedSymmFlow_Project/synthetic_data/pneumoniamnist_normal_2280_filtered/normal_1854.png,0.9656932353973389
/content/drive/MyDrive/MedSymmFlow_Project/synthetic_data/pneumoniamnist_normal_2280_filtered/normal_0256.png,/content/drive/MyDrive/MedSymmFlow_Project/synthetic_data/pneumoniamnist_normal_2280_filtered/normal_1017.png,0.9656895399093628
/content/drive/MyDrive/MedSymmFlow_Project/synthetic_data/pneumoniamnist_normal_2280_filtered/normal_0825.png,/content/drive/MyDrive/MedSymmFlow_Project/synthetic_data/pneumoniamnist_normal_2280_filtered/normal_1448.png,0.965682864189148
/content/drive/MyDrive/MedSymmFlow_Project/synthetic_data/pneumoniamnist_normal_2280_filtered/normal_0310.png,/content/drive/MyDrive/MedSymmFlow_Project/synthetic_data/pneumoniamnist_normal_2280_filtered/normal_0029.png,0.9656705260276794
/content/drive/MyDrive/MedSymmFlow_Project/synthetic_data/pneumoniamnist_normal_2280_filtered/normal_1885.png,/content/drive/MyDrive/MedSymmFlow_Project/synthetic_data/pneumoniamnist_normal_2280_filtered/normal_1404.png,0.9656698703765869
/content/drive/MyDrive/MedSymmFlow_Project/synthetic_data/pneumoniamnist_normal_2280_filtered/normal_2179.png,/content/drive/MyDrive/MedSymmFlow_Project/synthetic_data/pneumoniamnist_normal_2280_filtered/normal_1395.png,0.9656694531440735
/content/drive/MyDrive/MedSymmFlow_Project/synthetic_data/pneumoniamnist_normal_2280_filtered/normal_2084.png,/content/drive/MyDrive/MedSymmFlow_Project/synthetic_data/pneumoniamnist_normal_2280_filtered/normal_0073.png,0.9656555652618408
/content/drive/MyDrive/MedSymmFlow_Project/synthetic_data/pneumoniamnist_normal_2280_filtered/normal_0272.png,/content/drive/MyDrive/MedSymmFlow_Project/synthetic_data/pneumoniamnist_normal_2280_filtered/normal_1523.png,0.9656534790992737
/content/drive/MyDrive/MedSymmFlow_Project/synthetic_data/pneumoniamnist_normal_2280_filtered/normal_0567.png,/content/drive/MyDrive/MedSymmFlow_Project/synthetic_data/pneumoniamnist_normal_2280_filtered/normal_0927.png,0.9656320810317993
/content/drive/MyDrive/MedSymmFlow_Project/synthetic_data/pneumoniamnist_normal_2280_filtered/normal_1351.png,/content/drive/MyDrive/MedSymmFlow_Project/synthetic_data/pneumoniamnist_normal_2280_filtered/normal_0097.png,0.965622067451477
/content/drive/MyDrive/MedSymmFlow_Project/synthetic_data/pneumoniamnist_normal_2280_filtered/normal_1812.png,/content/drive/MyDrive/MedSymmFlow_Project/synthetic_data/pneumoniamnist_normal_2280_filtered/normal_1305.png,0.9656162261962891
/content/drive/MyDrive/MedSymmFlow_Project/synthetic_data/pneumoniamnist_normal_2280_filtered/normal_1058.png,/content/drive/MyDrive/MedSymmFlow_Project/synthetic_data/pneumoniamnist_normal_2280_filtered/normal_1497.png,0.9656092524528503
/content/drive/MyDrive/MedSymmFlow_Project/synthetic_data/pneumoniamnist_normal_2280_filtered/normal_0482.png,/content/drive/MyDrive/MedSymmFlow_Project/synthetic_data/pneumoniamnist_normal_2280_filtered/normal_0130.png,0.9656047821044922
/content/drive/MyDrive/MedSymmFlow_Project/synthetic_data/pneumoniamnist_normal_2280_filtered/normal_0750.png,/content/drive/MyDrive/MedSymmFlow_Project/synthetic_data/pneumoniamnist_normal_2280_filtered/normal_0197.png,0.9655889868736267
/content/drive/MyDrive/MedSymmFlow_Project/synthetic_data/pneumoniamnist_normal_2280_filtered/normal_1054.png,/content/drive/MyDrive/MedSymmFlow_Project/synthetic_data/pneumoniamnist_normal_2280_filtered/normal_0538.png,0.9655832648277283
/content/drive/MyDrive/MedSymmFlow_Project/synthetic_data/pneumoniamnist_normal_2280_filtered/normal_0385.png,/content/drive/MyDrive/MedSymmFlow_Project/synthetic_data/pneumoniamnist_normal_2280_filtered/normal_1387.png,0.9655818939208984
/content/drive/MyDrive/MedSymmFlow_Project/synthetic_data/pneumoniamnist_normal_2280_filtered/normal_0475.png,/content/drive/MyDrive/MedSymmFlow_Project/synthetic_data/pneumoniamnist_normal_2280_filtered/normal_1383.png,0.9655807018280029
/content/drive/MyDrive/MedSymmFlow_Project/synthetic_data/pneumoniamnist_normal_2280_filtered/normal_1383.png,/content/drive/MyDrive/MedSymmFlow_Project/synthetic_data/pneumoniamnist_normal_2280_filtered/normal_0475.png,0.9655807018280029
/content/drive/MyDrive/MedSymmFlow_Project/synthetic_data/pneumoniamnist_normal_2280_filtered/normal_0407.png,/content/drive/MyDrive/MedSymmFlow_Project/synthetic_data/pneumoniamnist_normal_2280_filtered/normal_1344.png,0.9655756950378418
/content/drive/MyDrive/MedSymmFlow_Project/synthetic_data/pneumoniamnist_normal_2280_filtered/normal_1237.png,/content/drive/MyDrive/MedSymmFlow_Project/synthetic_data/pneumoniamnist_normal_2280_filtered/normal_1648.png,0.9655746221542358
/content/drive/MyDrive/MedSymmFlow_Project/synthetic_data/pneumoniamnist_normal_2280_filtered/normal_0488.png,/content/drive/MyDrive/MedSymmFlow_Project/synthetic_data/pneumoniamnist_normal_2280_filtered/normal_0302.png,0.9655709862709045
/content/drive/MyDrive/MedSymmFlow_Project/synthetic_data/pneumoniamnist_normal_2280_filtered/normal_0460.png,/content/drive/MyDrive/MedSymmFlow_Project/synthetic_data/pneumoniamnist_normal_2280_filtered/normal_0529.png,0.965568482875824
/content/drive/MyDrive/MedSymmFlow_Project/synthetic_data/pneumoniamnist_normal_2280_filtered/normal_0887.png,/content/drive/MyDrive/MedSymmFlow_Project/synthetic_data/pneumoniamnist_normal_2280_filtered/normal_1460.png,0.9655665159225464
/content/drive/MyDrive/MedSymmFlow_Project/synthetic_data/pneumoniamnist_normal_2280_filtered/normal_1460.png,/content/drive/MyDrive/MedSymmFlow_Project/synthetic_data/pneumoniamnist_normal_2280_filtered/normal_0887.png,0.9655665159225464
/content/drive/MyDrive/MedSymmFlow_Project/synthetic_data/pneumoniamnist_normal_2280_filtered/normal_0026.png,/content/drive/MyDrive/MedSymmFlow_Project/synthetic_data/pneumoniamnist_normal_2280_filtered/normal_1817.png,0.9655646681785583
/content/drive/MyDrive/MedSymmFlow_Project/synthetic_data/pneumoniamnist_normal_2280_filtered/normal_0484.png,/content/drive/MyDrive/MedSymmFlow_Project/synthetic_data/pneumoniamnist_normal_2280_filtered/normal_1612.png,0.9655508995056152
/content/drive/MyDrive/MedSymmFlow_Project/synthetic_data/pneumoniamnist_normal_2280_filtered/normal_1431.png,/content/drive/MyDrive/MedSymmFlow_Project/synthetic_data/pneumoniamnist_normal_2280_filtered/normal_2115.png,0.9655470848083496
/content/drive/MyDrive/MedSymmFlow_Project/synthetic_data/pneumoniamnist_normal_2280_filtered/normal_2156.png,/content/drive/MyDrive/MedSymmFlow_Project/synthetic_data/pneumoniamnist_normal_2280_filtered/normal_0938.png,0.9655442237854004
/content/drive/MyDrive/MedSymmFlow_Project/synthetic_data/pneumoniamnist_normal_2280_filtered/normal_1576.png,/content/drive/MyDrive/MedSymmFlow_Project/synthetic_data/pneumoniamnist_normal_2280_filtered/normal_0784.png,0.9655433893203735
/content/drive/MyDrive/MedSymmFlow_Project/synthetic_data/pneumoniamnist_normal_2280_filtered/normal_0850.png,/content/drive/MyDrive/MedSymmFlow_Project/synthetic_data/pneumoniamnist_normal_2280_filtered/normal_2272.png,0.9655035734176636
/content/drive/MyDrive/MedSymmFlow_Project/synthetic_data/pneumoniamnist_normal_2280_filtered/normal_0687.png,/content/drive/MyDrive/MedSymmFlow_Project/synthetic_data/pneumoniamnist_normal_2280_filtered/normal_0996.png,0.9654995799064636
/content/drive/MyDrive/MedSymmFlow_Project/synthetic_data/pneumoniamnist_normal_2280_filtered/normal_1534.png,/content/drive/MyDrive/MedSymmFlow_Project/synthetic_data/pneumoniamnist_normal_2280_filtered/normal_0300.png,0.9654958248138428
/content/drive/MyDrive/MedSymmFlow_Project/synthetic_data/pneumoniamnist_normal_2280_filtered/normal_0493.png,/content/drive/MyDrive/MedSymmFlow_Project/synthetic_data/pneumoniamnist_normal_2280_filtered/normal_0073.png,0.9654926657676697
/content/drive/MyDrive/MedSymmFlow_Project/synthetic_data/pneumoniamnist_normal_2280_filtered/normal_1086.png,/content/drive/MyDrive/MedSymmFlow_Project/synthetic_data/pneumoniamnist_normal_2280_filtered/normal_0266.png,0.9654796123504639
/content/drive/MyDrive/MedSymmFlow_Project/synthetic_data/pneumoniamnist_normal_2280_filtered/normal_2001.png,/content/drive/MyDrive/MedSymmFlow_Project/synthetic_data/pneumoniamnist_normal_2280_filtered/normal_1541.png,0.9654614329338074
/content/drive/MyDrive/MedSymmFlow_Project/synthetic_data/pneumoniamnist_normal_2280_filtered/normal_0357.png,/content/drive/MyDrive/MedSymmFlow_Project/synthetic_data/pneumoniamnist_normal_2280_filtered/normal_0119.png,0.9654490351676941
/content/drive/MyDrive/MedSymmFlow_Project/synthetic_data/pneumoniamnist_normal_2280_filtered/normal_0593.png,/content/drive/MyDrive/MedSymmFlow_Project/synthetic_data/pneumoniamnist_normal_2280_filtered/normal_0101.png,0.9654430150985718
/content/drive/MyDrive/MedSymmFlow_Project/synthetic_data/pneumoniamnist_normal_2280_filtered/normal_0324.png,/content/drive/MyDrive/MedSymmFlow_Project/synthetic_data/pneumoniamnist_normal_2280_filtered/normal_1384.png,0.9654219150543213
/content/drive/MyDrive/MedSymmFlow_Project/synthetic_data/pneumoniamnist_normal_2280_filtered/normal_1857.png,/content/drive/MyDrive/MedSymmFlow_Project/synthetic_data/pneumoniamnist_normal_2280_filtered/normal_0402.png,0.9654097557067871
/content/drive/MyDrive/MedSymmFlow_Project/synthetic_data/pneumoniamnist_normal_2280_filtered/normal_0187.png,/content/drive/MyDrive/MedSymmFlow_Project/synthetic_data/pneumoniamnist_normal_2280_filtered/normal_0537.png,0.9654067754745483
/content/drive/MyDrive/MedSymmFlow_Project/synthetic_data/pneumoniamnist_normal_2280_filtered/normal_0408.png,/content/drive/MyDrive/MedSymmFlow_Project/synthetic_data/pneumoniamnist_normal_2280_filtered/normal_0548.png,0.9654021263122559
/content/drive/MyDrive/MedSymmFlow_Project/synthetic_data/pneumoniamnist_normal_2280_filtered/normal_0518.png,/content/drive/MyDrive/MedSymmFlow_Project/synthetic_data/pneumoniamnist_normal_2280_filtered/normal_0608.png,0.9653940796852112
/content/drive/MyDrive/MedSymmFlow_Project/synthetic_data/pneumoniamnist_normal_2280_filtered/normal_0608.png,/content/drive/MyDrive/MedSymmFlow_Project/synthetic_data/pneumoniamnist_normal_2280_filtered/normal_0518.png,0.9653940796852112
/content/drive/MyDrive/MedSymmFlow_Project/synthetic_data/pneumoniamnist_normal_2280_filtered/normal_1897.png,/content/drive/MyDrive/MedSymmFlow_Project/synthetic_data/pneumoniamnist_normal_2280_filtered/normal_1626.png,0.9653933048248291
/content/drive/MyDrive/MedSymmFlow_Project/synthetic_data/pneumoniamnist_normal_2280_filtered/normal_0650.png,/content/drive/MyDrive/MedSymmFlow_Project/synthetic_data/pneumoniamnist_normal_2280_filtered/normal_0138.png,0.9653899073600769
/content/drive/MyDrive/MedSymmFlow_Project/synthetic_data/pneumoniamnist_normal_2280_filtered/normal_0138.png,/content/drive/MyDrive/MedSymmFlow_Project/synthetic_data/pneumoniamnist_normal_2280_filtered/normal_0650.png,0.9653899073600769
/content/drive/MyDrive/MedSymmFlow_Project/synthetic_data/pneumoniamnist_normal_2280_filtered/normal_0069.png,/content/drive/MyDrive/MedSymmFlow_Project/synthetic_data/pneumoniamnist_normal_2280_filtered/normal_0617.png,0.9653891324996948
/content/drive/MyDrive/MedSymmFlow_Project/synthetic_data/pneumoniamnist_normal_2280_filtered/normal_0840.png,/content/drive/MyDrive/MedSymmFlow_Project/synthetic_data/pneumoniamnist_normal_2280_filtered/normal_1571.png,0.9653884172439575
/content/drive/MyDrive/MedSymmFlow_Project/synthetic_data/pneumoniamnist_normal_2280_filtered/normal_0632.png,/content/drive/MyDrive/MedSymmFlow_Project/synthetic_data/pneumoniamnist_normal_2280_filtered/normal_0302.png,0.9653865098953247
/content/drive/MyDrive/MedSymmFlow_Project/synthetic_data/pneumoniamnist_normal_2280_filtered/normal_0203.png,/content/drive/MyDrive/MedSymmFlow_Project/synthetic_data/pneumoniamnist_normal_2280_filtered/normal_1771.png,0.9653840065002441
/content/drive/MyDrive/MedSymmFlow_Project/synthetic_data/pneumoniamnist_normal_2280_filtered/normal_1760.png,/content/drive/MyDrive/MedSymmFlow_Project/synthetic_data/pneumoniamnist_normal_2280_filtered/normal_2022.png,0.9653820991516113
/content/drive/MyDrive/MedSymmFlow_Project/synthetic_data/pneumoniamnist_normal_2280_filtered/normal_0322.png,/content/drive/MyDrive/MedSymmFlow_Project/synthetic_data/pneumoniamnist_normal_2280_filtered/normal_1831.png,0.9653786420822144
/content/drive/MyDrive/MedSymmFlow_Project/synthetic_data/pneumoniamnist_normal_2280_filtered/normal_0498.png,/content/drive/MyDrive/MedSymmFlow_Project/synthetic_data/pneumoniamnist_normal_2280_filtered/normal_0255.png,0.965377926826477
/content/drive/MyDrive/MedSymmFlow_Project/synthetic_data/pneumoniamnist_normal_2280_filtered/normal_1729.png,/content/drive/MyDrive/MedSymmFlow_Project/synthetic_data/pneumoniamnist_normal_2280_filtered/normal_1936.png,0.9653732776641846
/content/drive/MyDrive/MedSymmFlow_Project/synthetic_data/pneumoniamnist_normal_2280_filtered/normal_0838.png,/content/drive/MyDrive/MedSymmFlow_Project/synthetic_data/pneumoniamnist_normal_2280_filtered/normal_1296.png,0.9653732180595398
/content/drive/MyDrive/MedSymmFlow_Project/synthetic_data/pneumoniamnist_normal_2280_filtered/normal_0183.png,/content/drive/MyDrive/MedSymmFlow_Project/synthetic_data/pneumoniamnist_normal_2280_filtered/normal_1515.png,0.9653683304786682
/content/drive/MyDrive/MedSymmFlow_Project/synthetic_data/pneumoniamnist_normal_2280_filtered/normal_1708.png,/content/drive/MyDrive/MedSymmFlow_Project/synthetic_data/pneumoniamnist_normal_2280_filtered/normal_1472.png,0.9653627276420593
/content/drive/MyDrive/MedSymmFlow_Project/synthetic_data/pneumoniamnist_normal_2280_filtered/normal_0113.png,/content/drive/MyDrive/MedSymmFlow_Project/synthetic_data/pneumoniamnist_normal_2280_filtered/normal_1591.png,0.965347409248352
/content/drive/MyDrive/MedSymmFlow_Project/synthetic_data/pneumoniamnist_normal_2280_filtered/normal_1591.png,/content/drive/MyDrive/MedSymmFlow_Project/synthetic_data/pneumoniamnist_normal_2280_filtered/normal_0113.png,0.965347409248352
/content/drive/MyDrive/MedSymmFlow_Project/synthetic_data/pneumoniamnist_normal_2280_filtered/normal_2027.png,/content/drive/MyDrive/MedSymmFlow_Project/synthetic_data/pneumoniamnist_normal_2280_filtered/normal_1667.png,0.9653375148773193
/content/drive/MyDrive/MedSymmFlow_Project/synthetic_data/pneumoniamnist_normal_2280_filtered/normal_2137.png,/content/drive/MyDrive/MedSymmFlow_Project/synthetic_data/pneumoniamnist_normal_2280_filtered/normal_2164.png,0.965331494808197
/content/drive/MyDrive/MedSymmFlow_Project/synthetic_data/pneumoniamnist_normal_2280_filtered/normal_0775.png,/content/drive/MyDrive/MedSymmFlow_Project/synthetic_data/pneumoniamnist_normal_2280_filtered/normal_2266.png,0.9653188586235046
/content/drive/MyDrive/MedSymmFlow_Project/synthetic_data/pneumoniamnist_normal_2280_filtered/normal_0653.png,/content/drive/MyDrive/MedSymmFlow_Project/synthetic_data/pneumoniamnist_normal_2280_filtered/normal_1029.png,0.9653081297874451
/content/drive/MyDrive/MedSymmFlow_Project/synthetic_data/pneumoniamnist_normal_2280_filtered/normal_2235.png,/content/drive/MyDrive/MedSymmFlow_Project/synthetic_data/pneumoniamnist_normal_2280_filtered/normal_1268.png,0.9653075933456421
/content/drive/MyDrive/MedSymmFlow_Project/synthetic_data/pneumoniamnist_normal_2280_filtered/normal_1752.png,/content/drive/MyDrive/MedSymmFlow_Project/synthetic_data/pneumoniamnist_normal_2280_filtered/normal_1113.png,0.9653049111366272
/content/drive/MyDrive/MedSymmFlow_Project/synthetic_data/pneumoniamnist_normal_2280_filtered/normal_2014.png,/content/drive/MyDrive/MedSymmFlow_Project/synthetic_data/pneumoniamnist_normal_2280_filtered/normal_1703.png,0.9652921557426453
/content/drive/MyDrive/MedSymmFlow_Project/synthetic_data/pneumoniamnist_normal_2280_filtered/normal_2132.png,/content/drive/MyDrive/MedSymmFlow_Project/synthetic_data/pneumoniamnist_normal_2280_filtered/normal_1791.png,0.965290904045105
/content/drive/MyDrive/MedSymmFlow_Project/synthetic_data/pneumoniamnist_normal_2280_filtered/normal_0340.png,/content/drive/MyDrive/MedSymmFlow_Project/synthetic_data/pneumoniamnist_normal_2280_filtered/normal_2279.png,0.9652746319770813
/content/drive/MyDrive/MedSymmFlow_Project/synthetic_data/pneumoniamnist_normal_2280_filtered/normal_0612.png,/content/drive/MyDrive/MedSymmFlow_Project/synthetic_data/pneumoniamnist_normal_2280_filtered/normal_0323.png,0.9652721881866455
/content/drive/MyDrive/MedSymmFlow_Project/synthetic_data/pneumoniamnist_normal_2280_filtered/normal_0826.png,/content/drive/MyDrive/MedSymmFlow_Project/synthetic_data/pneumoniamnist_normal_2280_filtered/normal_0617.png,0.9652698636054993
/content/drive/MyDrive/MedSymmFlow_Project/synthetic_data/pneumoniamnist_normal_2280_filtered/normal_0759.png,/content/drive/MyDrive/MedSymmFlow_Project/synthetic_data/pneumoniamnist_normal_2280_filtered/normal_1013.png,0.9652587175369263
/content/drive/MyDrive/MedSymmFlow_Project/synthetic_data/pneumoniamnist_normal_2280_filtered/normal_1078.png,/content/drive/MyDrive/MedSymmFlow_Project/synthetic_data/pneumoniamnist_normal_2280_filtered/normal_0397.png,0.9652503728866577
/content/drive/MyDrive/MedSymmFlow_Project/synthetic_data/pneumoniamnist_normal_2280_filtered/normal_0397.png,/content/drive/MyDrive/MedSymmFlow_Project/synthetic_data/pneumoniamnist_normal_2280_filtered/normal_1078.png,0.9652503728866577
/content/drive/MyDrive/MedSymmFlow_Project/synthetic_data/pneumoniamnist_normal_2280_filtered/normal_2094.png,/content/drive/MyDrive/MedSymmFlow_Project/synthetic_data/pneumoniamnist_normal_2280_filtered/normal_1305.png,0.9652498960494995
/content/drive/MyDrive/MedSymmFlow_Project/synthetic_data/pneumoniamnist_normal_2280_filtered/normal_1000.png,/content/drive/MyDrive/MedSymmFlow_Project/synthetic_data/pneumoniamnist_normal_2280_filtered/normal_1645.png,0.9652442932128906
/content/drive/MyDrive/MedSymmFlow_Project/synthetic_data/pneumoniamnist_normal_2280_filtered/normal_0448.png,/content/drive/MyDrive/MedSymmFlow_Project/synthetic_data/pneumoniamnist_normal_2280_filtered/normal_1027.png,0.9652432799339294
/content/drive/MyDrive/MedSymmFlow_Project/synthetic_data/pneumoniamnist_normal_2280_filtered/normal_1989.png,/content/drive/MyDrive/MedSymmFlow_Project/synthetic_data/pneumoniamnist_normal_2280_filtered/normal_1277.png,0.9652341604232788
/content/drive/MyDrive/MedSymmFlow_Project/synthetic_data/pneumoniamnist_normal_2280_filtered/normal_0590.png,/content/drive/MyDrive/MedSymmFlow_Project/synthetic_data/pneumoniamnist_normal_2280_filtered/normal_1186.png,0.9652266502380371
/content/drive/MyDrive/MedSymmFlow_Project/synthetic_data/pneumoniamnist_normal_2280_filtered/normal_1998.png,/content/drive/MyDrive/MedSymmFlow_Project/synthetic_data/pneumoniamnist_normal_2280_filtered/normal_1507.png,0.9652178287506104
/content/drive/MyDrive/MedSymmFlow_Project/synthetic_data/pneumoniamnist_normal_2280_filtered/normal_1507.png,/content/drive/MyDrive/MedSymmFlow_Project/synthetic_data/pneumoniamnist_normal_2280_filtered/normal_1998.png,0.9652178287506104
/content/drive/MyDrive/MedSymmFlow_Project/synthetic_data/pneumoniamnist_normal_2280_filtered/normal_0723.png,/content/drive/MyDrive/MedSymmFlow_Project/synthetic_data/pneumoniamnist_normal_2280_filtered/normal_0411.png,0.9652169346809387
/content/drive/MyDrive/MedSymmFlow_Project/synthetic_data/pneumoniamnist_normal_2280_filtered/normal_1605.png,/content/drive/MyDrive/MedSymmFlow_Project/synthetic_data/pneumoniamnist_normal_2280_filtered/normal_1854.png,0.9652138948440552
/content/drive/MyDrive/MedSymmFlow_Project/synthetic_data/pneumoniamnist_normal_2280_filtered/normal_0413.png,/content/drive/MyDrive/MedSymmFlow_Project/synthetic_data/pneumoniamnist_normal_2280_filtered/normal_0169.png,0.9652085304260254
/content/drive/MyDrive/MedSymmFlow_Project/synthetic_data/pneumoniamnist_normal_2280_filtered/normal_1706.png,/content/drive/MyDrive/MedSymmFlow_Project/synthetic_data/pneumoniamnist_normal_2280_filtered/normal_1134.png,0.965204119682312
/content/drive/MyDrive/MedSymmFlow_Project/synthetic_data/pneumoniamnist_normal_2280_filtered/normal_0761.png,/content/drive/MyDrive/MedSymmFlow_Project/synthetic_data/pneumoniamnist_normal_2280_filtered/normal_0116.png,0.9651920795440674
/content/drive/MyDrive/MedSymmFlow_Project/synthetic_data/pneumoniamnist_normal_2280_filtered/normal_0998.png,/content/drive/MyDrive/MedSymmFlow_Project/synthetic_data/pneumoniamnist_normal_2280_filtered/normal_0493.png,0.9651903510093689
/content/drive/MyDrive/MedSymmFlow_Project/synthetic_data/pneumoniamnist_normal_2280_filtered/normal_0244.png,/content/drive/MyDrive/MedSymmFlow_Project/synthetic_data/pneumoniamnist_normal_2280_filtered/normal_0354.png,0.9651652574539185
/content/drive/MyDrive/MedSymmFlow_Project/synthetic_data/pneumoniamnist_normal_2280_filtered/normal_0354.png,/content/drive/MyDrive/MedSymmFlow_Project/synthetic_data/pneumoniamnist_normal_2280_filtered/normal_0244.png,0.9651652574539185
/content/drive/MyDrive/MedSymmFlow_Project/synthetic_data/pneumoniamnist_normal_2280_filtered/normal_2091.png,/content/drive/MyDrive/MedSymmFlow_Project/synthetic_data/pneumoniamnist_normal_2280_filtered/normal_0864.png,0.9651327133178711
/content/drive/MyDrive/MedSymmFlow_Project/synthetic_data/pneumoniamnist_normal_2280_filtered/normal_1483.png,/content/drive/MyDrive/MedSymmFlow_Project/synthetic_data/pneumoniamnist_normal_2280_filtered/normal_1166.png,0.9651302695274353
/content/drive/MyDrive/MedSymmFlow_Project/synthetic_data/pneumoniamnist_normal_2280_filtered/normal_0811.png,/content/drive/MyDrive/MedSymmFlow_Project/synthetic_data/pneumoniamnist_normal_2280_filtered/normal_1051.png,0.9651208519935608
/content/drive/MyDrive/MedSymmFlow_Project/synthetic_data/pneumoniamnist_normal_2280_filtered/normal_2002.png,/content/drive/MyDrive/MedSymmFlow_Project/synthetic_data/pneumoniamnist_normal_2280_filtered/normal_0098.png,0.9651173949241638
/content/drive/MyDrive/MedSymmFlow_Project/synthetic_data/pneumoniamnist_normal_2280_filtered/normal_0114.png,/content/drive/MyDrive/MedSymmFlow_Project/synthetic_data/pneumoniamnist_normal_2280_filtered/normal_1663.png,0.9651139974594116
/content/drive/MyDrive/MedSymmFlow_Project/synthetic_data/pneumoniamnist_normal_2280_filtered/normal_1410.png,/content/drive/MyDrive/MedSymmFlow_Project/synthetic_data/pneumoniamnist_normal_2280_filtered/normal_1784.png,0.9650999307632446
/content/drive/MyDrive/MedSymmFlow_Project/synthetic_data/pneumoniamnist_normal_2280_filtered/normal_1784.png,/content/drive/MyDrive/MedSymmFlow_Project/synthetic_data/pneumoniamnist_normal_2280_filtered/normal_1410.png,0.9650999307632446
/content/drive/MyDrive/MedSymmFlow_Project/synthetic_data/pneumoniamnist_normal_2280_filtered/normal_0015.png,/content/drive/MyDrive/MedSymmFlow_Project/synthetic_data/pneumoniamnist_normal_2280_filtered/normal_0075.png,0.9650959968566895
/content/drive/MyDrive/MedSymmFlow_Project/synthetic_data/pneumoniamnist_normal_2280_filtered/normal_0075.png,/content/drive/MyDrive/MedSymmFlow_Project/synthetic_data/pneumoniamnist_normal_2280_filtered/normal_0015.png,0.9650959968566895
/content/drive/MyDrive/MedSymmFlow_Project/synthetic_data/pneumoniamnist_normal_2280_filtered/normal_2068.png,/content/drive/MyDrive/MedSymmFlow_Project/synthetic_data/pneumoniamnist_normal_2280_filtered/normal_1934.png,0.9650874733924866
/content/drive/MyDrive/MedSymmFlow_Project/synthetic_data/pneumoniamnist_normal_2280_filtered/normal_1904.png,/content/drive/MyDrive/MedSymmFlow_Project/synthetic_data/pneumoniamnist_normal_2280_filtered/normal_0797.png,0.9650829434394836
/content/drive/MyDrive/MedSymmFlow_Project/synthetic_data/pneumoniamnist_normal_2280_filtered/normal_1952.png,/content/drive/MyDrive/MedSymmFlow_Project/synthetic_data/pneumoniamnist_normal_2280_filtered/normal_0098.png,0.9650769233703613
/content/drive/MyDrive/MedSymmFlow_Project/synthetic_data/pneumoniamnist_normal_2280_filtered/normal_1295.png,/content/drive/MyDrive/MedSymmFlow_Project/synthetic_data/pneumoniamnist_normal_2280_filtered/normal_0539.png,0.9650748372077942
/content/drive/MyDrive/MedSymmFlow_Project/synthetic_data/pneumoniamnist_normal_2280_filtered/normal_0858.png,/content/drive/MyDrive/MedSymmFlow_Project/synthetic_data/pneumoniamnist_normal_2280_filtered/normal_0714.png,0.9650729894638062
/content/drive/MyDrive/MedSymmFlow_Project/synthetic_data/pneumoniamnist_normal_2280_filtered/normal_1763.png,/content/drive/MyDrive/MedSymmFlow_Project/synthetic_data/pneumoniamnist_normal_2280_filtered/normal_1186.png,0.9650616645812988
/content/drive/MyDrive/MedSymmFlow_Project/synthetic_data/pneumoniamnist_normal_2280_filtered/normal_0216.png,/content/drive/MyDrive/MedSymmFlow_Project/synthetic_data/pneumoniamnist_normal_2280_filtered/normal_1315.png,0.9650394916534424
/content/drive/MyDrive/MedSymmFlow_Project/synthetic_data/pneumoniamnist_normal_2280_filtered/normal_1991.png,/content/drive/MyDrive/MedSymmFlow_Project/synthetic_data/pneumoniamnist_normal_2280_filtered/normal_0645.png,0.9650387763977051
/content/drive/MyDrive/MedSymmFlow_Project/synthetic_data/pneumoniamnist_normal_2280_filtered/normal_0472.png,/content/drive/MyDrive/MedSymmFlow_Project/synthetic_data/pneumoniamnist_normal_2280_filtered/normal_0433.png,0.9650330543518066
/content/drive/MyDrive/MedSymmFlow_Project/synthetic_data/pneumoniamnist_normal_2280_filtered/normal_1787.png,/content/drive/MyDrive/MedSymmFlow_Project/synthetic_data/pneumoniamnist_normal_2280_filtered/normal_1667.png,0.9650291204452515
/content/drive/MyDrive/MedSymmFlow_Project/synthetic_data/pneumoniamnist_normal_2280_filtered/normal_0211.png,/content/drive/MyDrive/MedSymmFlow_Project/synthetic_data/pneumoniamnist_normal_2280_filtered/normal_1178.png,0.9650237560272217
/content/drive/MyDrive/MedSymmFlow_Project/synthetic_data/pneumoniamnist_normal_2280_filtered/normal_1473.png,/content/drive/MyDrive/MedSymmFlow_Project/synthetic_data/pneumoniamnist_normal_2280_filtered/normal_2022.png,0.9650217294692993
/content/drive/MyDrive/MedSymmFlow_Project/synthetic_data/pneumoniamnist_normal_2280_filtered/normal_1797.png,/content/drive/MyDrive/MedSymmFlow_Project/synthetic_data/pneumoniamnist_normal_2280_filtered/normal_1187.png,0.9650017023086548
/content/drive/MyDrive/MedSymmFlow_Project/synthetic_data/pneumoniamnist_normal_2280_filtered/normal_1326.png,/content/drive/MyDrive/MedSymmFlow_Project/synthetic_data/pneumoniamnist_normal_2280_filtered/normal_1673.png,0.9650009274482727
/content/drive/MyDrive/MedSymmFlow_Project/synthetic_data/pneumoniamnist_normal_2280_filtered/normal_1908.png,/content/drive/MyDrive/MedSymmFlow_Project/synthetic_data/pneumoniamnist_normal_2280_filtered/normal_1271.png,0.9650001525878906
/content/drive/MyDrive/MedSymmFlow_Project/synthetic_data/pneumoniamnist_normal_2280_filtered/normal_1510.png,/content/drive/MyDrive/MedSymmFlow_Project/synthetic_data/pneumoniamnist_normal_2280_filtered/normal_0617.png,0.9649865627288818
/content/drive/MyDrive/MedSymmFlow_Project/synthetic_data/pneumoniamnist_normal_2280_filtered/normal_1757.png,/content/drive/MyDrive/MedSymmFlow_Project/synthetic_data/pneumoniamnist_normal_2280_filtered/normal_2013.png,0.9649864435195923
/content/drive/MyDrive/MedSymmFlow_Project/synthetic_data/pneumoniamnist_normal_2280_filtered/normal_2017.png,/content/drive/MyDrive/MedSymmFlow_Project/synthetic_data/pneumoniamnist_normal_2280_filtered/normal_1720.png,0.9649763107299805
/content/drive/MyDrive/MedSymmFlow_Project/synthetic_data/pneumoniamnist_normal_2280_filtered/normal_1032.png,/content/drive/MyDrive/MedSymmFlow_Project/synthetic_data/pneumoniamnist_normal_2280_filtered/normal_0191.png,0.964972734451294
/content/drive/MyDrive/MedSymmFlow_Project/synthetic_data/pneumoniamnist_normal_2280_filtered/normal_1788.png,/content/drive/MyDrive/MedSymmFlow_Project/synthetic_data/pneumoniamnist_normal_2280_filtered/normal_1277.png,0.9649645090103149
/content/drive/MyDrive/MedSymmFlow_Project/synthetic_data/pneumoniamnist_normal_2280_filtered/normal_1546.png,/content/drive/MyDrive/MedSymmFlow_Project/synthetic_data/pneumoniamnist_normal_2280_filtered/normal_1344.png,0.9649618864059448
/content/drive/MyDrive/MedSymmFlow_Project/synthetic_data/pneumoniamnist_normal_2280_filtered/normal_1916.png,/content/drive/MyDrive/MedSymmFlow_Project/synthetic_data/pneumoniamnist_normal_2280_filtered/normal_0296.png,0.9649600386619568
/content/drive/MyDrive/MedSymmFlow_Project/synthetic_data/pneumoniamnist_normal_2280_filtered/normal_0094.png,/content/drive/MyDrive/MedSymmFlow_Project/synthetic_data/pneumoniamnist_normal_2280_filtered/normal_0554.png,0.9649487733840942
/content/drive/MyDrive/MedSymmFlow_Project/synthetic_data/pneumoniamnist_normal_2280_filtered/normal_0554.png,/content/drive/MyDrive/MedSymmFlow_Project/synthetic_data/pneumoniamnist_normal_2280_filtered/normal_0094.png,0.9649487733840942
/content/drive/MyDrive/MedSymmFlow_Project/synthetic_data/pneumoniamnist_normal_2280_filtered/normal_0024.png,/content/drive/MyDrive/MedSymmFlow_Project/synthetic_data/pneumoniamnist_normal_2280_filtered/normal_1471.png,0.9649434089660645
/content/drive/MyDrive/MedSymmFlow_Project/synthetic_data/pneumoniamnist_normal_2280_filtered/normal_2049.png,/content/drive/MyDrive/MedSymmFlow_Project/synthetic_data/pneumoniamnist_normal_2280_filtered/normal_0717.png,0.9649395942687988
/content/drive/MyDrive/MedSymmFlow_Project/synthetic_data/pneumoniamnist_normal_2280_filtered/normal_0873.png,/content/drive/MyDrive/MedSymmFlow_Project/synthetic_data/pneumoniamnist_normal_2280_filtered/normal_1345.png,0.9649325609207153
/content/drive/MyDrive/MedSymmFlow_Project/synthetic_data/pneumoniamnist_normal_2280_filtered/normal_0268.png,/content/drive/MyDrive/MedSymmFlow_Project/synthetic_data/pneumoniamnist_normal_2280_filtered/normal_0191.png,0.9649312496185303
/content/drive/MyDrive/MedSymmFlow_Project/synthetic_data/pneumoniamnist_normal_2280_filtered/normal_0739.png,/content/drive/MyDrive/MedSymmFlow_Project/synthetic_data/pneumoniamnist_normal_2280_filtered/normal_0820.png,0.9649251699447632
/content/drive/MyDrive/MedSymmFlow_Project/synthetic_data/pneumoniamnist_normal_2280_filtered/normal_1890.png,/content/drive/MyDrive/MedSymmFlow_Project/synthetic_data/pneumoniamnist_normal_2280_filtered/normal_2207.png,0.9649208188056946
/content/drive/MyDrive/MedSymmFlow_Project/synthetic_data/pneumoniamnist_normal_2280_filtered/normal_0692.png,/content/drive/MyDrive/MedSymmFlow_Project/synthetic_data/pneumoniamnist_normal_2280_filtered/normal_0066.png,0.9649205207824707
/content/drive/MyDrive/MedSymmFlow_Project/synthetic_data/pneumoniamnist_normal_2280_filtered/normal_0599.png,/content/drive/MyDrive/MedSymmFlow_Project/synthetic_data/pneumoniamnist_normal_2280_filtered/normal_1742.png,0.9649192094802856
/content/drive/MyDrive/MedSymmFlow_Project/synthetic_data/pneumoniamnist_normal_2280_filtered/normal_1285.png,/content/drive/MyDrive/MedSymmFlow_Project/synthetic_data/pneumoniamnist_normal_2280_filtered/normal_1889.png,0.9649071097373962
/content/drive/MyDrive/MedSymmFlow_Project/synthetic_data/pneumoniamnist_normal_2280_filtered/normal_0620.png,/content/drive/MyDrive/MedSymmFlow_Project/synthetic_data/pneumoniamnist_normal_2280_filtered/normal_0060.png,0.9648972153663635
/content/drive/MyDrive/MedSymmFlow_Project/synthetic_data/pneumoniamnist_normal_2280_filtered/normal_0176.png,/content/drive/MyDrive/MedSymmFlow_Project/synthetic_data/pneumoniamnist_normal_2280_filtered/normal_0375.png,0.9648860692977905
/content/drive/MyDrive/MedSymmFlow_Project/synthetic_data/pneumoniamnist_normal_2280_filtered/normal_0032.png,/content/drive/MyDrive/MedSymmFlow_Project/synthetic_data/pneumoniamnist_normal_2280_filtered/normal_1523.png,0.964872419834137
/content/drive/MyDrive/MedSymmFlow_Project/synthetic_data/pneumoniamnist_normal_2280_filtered/normal_0149.png,/content/drive/MyDrive/MedSymmFlow_Project/synthetic_data/pneumoniamnist_normal_2280_filtered/normal_0154.png,0.9648703336715698
/content/drive/MyDrive/MedSymmFlow_Project/synthetic_data/pneumoniamnist_normal_2280_filtered/normal_0365.png,/content/drive/MyDrive/MedSymmFlow_Project/synthetic_data/pneumoniamnist_normal_2280_filtered/normal_0545.png,0.9648692607879639
/content/drive/MyDrive/MedSymmFlow_Project/synthetic_data/pneumoniamnist_normal_2280_filtered/normal_1749.png,/content/drive/MyDrive/MedSymmFlow_Project/synthetic_data/pneumoniamnist_normal_2280_filtered/normal_1362.png,0.9648659229278564
/content/drive/MyDrive/MedSymmFlow_Project/synthetic_data/pneumoniamnist_normal_2280_filtered/normal_1881.png,/content/drive/MyDrive/MedSymmFlow_Project/synthetic_data/pneumoniamnist_normal_2280_filtered/normal_0182.png,0.9648632407188416
/content/drive/MyDrive/MedSymmFlow_Project/synthetic_data/pneumoniamnist_normal_2280_filtered/normal_0182.png,/content/drive/MyDrive/MedSymmFlow_Project/synthetic_data/pneumoniamnist_normal_2280_filtered/normal_1881.png,0.9648632407188416
/content/drive/MyDrive/MedSymmFlow_Project/synthetic_data/pneumoniamnist_normal_2280_filtered/normal_0001.png,/content/drive/MyDrive/MedSymmFlow_Project/synthetic_data/pneumoniamnist_normal_2280_filtered/normal_0071.png,0.9648505449295044
/content/drive/MyDrive/MedSymmFlow_Project/synthetic_data/pneumoniamnist_normal_2280_filtered/normal_1930.png,/content/drive/MyDrive/MedSymmFlow_Project/synthetic_data/pneumoniamnist_normal_2280_filtered/normal_1186.png,0.9648473262786865
/content/drive/MyDrive/MedSymmFlow_Project/synthetic_data/pneumoniamnist_normal_2280_filtered/normal_0489.png,/content/drive/MyDrive/MedSymmFlow_Project/synthetic_data/pneumoniamnist_normal_2280_filtered/normal_1963.png,0.9648456573486328
/content/drive/MyDrive/MedSymmFlow_Project/synthetic_data/pneumoniamnist_normal_2280_filtered/normal_0532.png,/content/drive/MyDrive/MedSymmFlow_Project/synthetic_data/pneumoniamnist_normal_2280_filtered/normal_0834.png,0.9648399949073792
/content/drive/MyDrive/MedSymmFlow_Project/synthetic_data/pneumoniamnist_normal_2280_filtered/normal_1624.png,/content/drive/MyDrive/MedSymmFlow_Project/synthetic_data/pneumoniamnist_normal_2280_filtered/normal_1477.png,0.9648268818855286
/content/drive/MyDrive/MedSymmFlow_Project/synthetic_data/pneumoniamnist_normal_2280_filtered/normal_2229.png,/content/drive/MyDrive/MedSymmFlow_Project/synthetic_data/pneumoniamnist_normal_2280_filtered/normal_1845.png,0.964799165725708
/content/drive/MyDrive/MedSymmFlow_Project/synthetic_data/pneumoniamnist_normal_2280_filtered/normal_0836.png,/content/drive/MyDrive/MedSymmFlow_Project/synthetic_data/pneumoniamnist_normal_2280_filtered/normal_1290.png,0.9647769927978516
/content/drive/MyDrive/MedSymmFlow_Project/synthetic_data/pneumoniamnist_normal_2280_filtered/normal_0020.png,/content/drive/MyDrive/MedSymmFlow_Project/synthetic_data/pneumoniamnist_normal_2280_filtered/normal_0518.png,0.9647679924964905
/content/drive/MyDrive/MedSymmFlow_Project/synthetic_data/pneumoniamnist_normal_2280_filtered/normal_1491.png,/content/drive/MyDrive/MedSymmFlow_Project/synthetic_data/pneumoniamnist_normal_2280_filtered/normal_2140.png,0.9647636413574219
/content/drive/MyDrive/MedSymmFlow_Project/synthetic_data/pneumoniamnist_normal_2280_filtered/normal_1830.png,/content/drive/MyDrive/MedSymmFlow_Project/synthetic_data/pneumoniamnist_normal_2280_filtered/normal_1387.png,0.9647507667541504
/content/drive/MyDrive/MedSymmFlow_Project/synthetic_data/pneumoniamnist_normal_2280_filtered/normal_1163.png,/content/drive/MyDrive/MedSymmFlow_Project/synthetic_data/pneumoniamnist_normal_2280_filtered/normal_2167.png,0.9647461175918579
/content/drive/MyDrive/MedSymmFlow_Project/synthetic_data/pneumoniamnist_normal_2280_filtered/normal_0758.png,/content/drive/MyDrive/MedSymmFlow_Project/synthetic_data/pneumoniamnist_normal_2280_filtered/normal_1445.png,0.9647314548492432
/content/drive/MyDrive/MedSymmFlow_Project/synthetic_data/pneumoniamnist_normal_2280_filtered/normal_2098.png,/content/drive/MyDrive/MedSymmFlow_Project/synthetic_data/pneumoniamnist_normal_2280_filtered/normal_0136.png,0.9647296667098999
/content/drive/MyDrive/MedSymmFlow_Project/synthetic_data/pneumoniamnist_normal_2280_filtered/normal_2191.png,/content/drive/MyDrive/MedSymmFlow_Project/synthetic_data/pneumoniamnist_normal_2280_filtered/normal_1845.png,0.9647219181060791
/content/drive/MyDrive/MedSymmFlow_Project/synthetic_data/pneumoniamnist_normal_2280_filtered/normal_1914.png,/content/drive/MyDrive/MedSymmFlow_Project/synthetic_data/pneumoniamnist_normal_2280_filtered/normal_1422.png,0.9647202491760254
/content/drive/MyDrive/MedSymmFlow_Project/synthetic_data/pneumoniamnist_normal_2280_filtered/normal_0245.png,/content/drive/MyDrive/MedSymmFlow_Project/synthetic_data/pneumoniamnist_normal_2280_filtered/normal_0717.png,0.9647178649902344
/content/drive/MyDrive/MedSymmFlow_Project/synthetic_data/pneumoniamnist_normal_2280_filtered/normal_0941.png,/content/drive/MyDrive/MedSymmFlow_Project/synthetic_data/pneumoniamnist_normal_2280_filtered/normal_1098.png,0.9647080302238464
/content/drive/MyDrive/MedSymmFlow_Project/synthetic_data/pneumoniamnist_normal_2280_filtered/normal_1990.png,/content/drive/MyDrive/MedSymmFlow_Project/synthetic_data/pneumoniamnist_normal_2280_filtered/normal_1446.png,0.9647051095962524
/content/drive/MyDrive/MedSymmFlow_Project/synthetic_data/pneumoniamnist_normal_2280_filtered/normal_0308.png,/content/drive/MyDrive/MedSymmFlow_Project/synthetic_data/pneumoniamnist_normal_2280_filtered/normal_1539.png,0.9646883010864258
/content/drive/MyDrive/MedSymmFlow_Project/synthetic_data/pneumoniamnist_normal_2280_filtered/normal_0877.png,/content/drive/MyDrive/MedSymmFlow_Project/synthetic_data/pneumoniamnist_normal_2280_filtered/normal_0296.png,0.9646837711334229
/content/drive/MyDrive/MedSymmFlow_Project/synthetic_data/pneumoniamnist_normal_2280_filtered/normal_1045.png,/content/drive/MyDrive/MedSymmFlow_Project/synthetic_data/pneumoniamnist_normal_2280_filtered/normal_0202.png,0.9646813869476318
/content/drive/MyDrive/MedSymmFlow_Project/synthetic_data/pneumoniamnist_normal_2280_filtered/normal_0202.png,/content/drive/MyDrive/MedSymmFlow_Project/synthetic_data/pneumoniamnist_normal_2280_filtered/normal_1045.png,0.9646813869476318
/content/drive/MyDrive/MedSymmFlow_Project/synthetic_data/pneumoniamnist_normal_2280_filtered/normal_2153.png,/content/drive/MyDrive/MedSymmFlow_Project/synthetic_data/pneumoniamnist_normal_2280_filtered/normal_2031.png,0.9646811485290527
/content/drive/MyDrive/MedSymmFlow_Project/synthetic_data/pneumoniamnist_normal_2280_filtered/normal_0508.png,/content/drive/MyDrive/MedSymmFlow_Project/synthetic_data/pneumoniamnist_normal_2280_filtered/normal_1860.png,0.9646764397621155
/content/drive/MyDrive/MedSymmFlow_Project/synthetic_data/pneumoniamnist_normal_2280_filtered/normal_2216.png,/content/drive/MyDrive/MedSymmFlow_Project/synthetic_data/pneumoniamnist_normal_2280_filtered/normal_1896.png,0.9646697044372559
/content/drive/MyDrive/MedSymmFlow_Project/synthetic_data/pneumoniamnist_normal_2280_filtered/normal_0123.png,/content/drive/MyDrive/MedSymmFlow_Project/synthetic_data/pneumoniamnist_normal_2280_filtered/normal_1969.png,0.9646692276000977
/content/drive/MyDrive/MedSymmFlow_Project/synthetic_data/pneumoniamnist_normal_2280_filtered/normal_1010.png,/content/drive/MyDrive/MedSymmFlow_Project/synthetic_data/pneumoniamnist_normal_2280_filtered/normal_1260.png,0.9646462798118591
/content/drive/MyDrive/MedSymmFlow_Project/synthetic_data/pneumoniamnist_normal_2280_filtered/normal_1585.png,/content/drive/MyDrive/MedSymmFlow_Project/synthetic_data/pneumoniamnist_normal_2280_filtered/normal_1120.png,0.9646144509315491
/content/drive/MyDrive/MedSymmFlow_Project/synthetic_data/pneumoniamnist_normal_2280_filtered/normal_0009.png,/content/drive/MyDrive/MedSymmFlow_Project/synthetic_data/pneumoniamnist_normal_2280_filtered/normal_0607.png,0.9646117091178894
/content/drive/MyDrive/MedSymmFlow_Project/synthetic_data/pneumoniamnist_normal_2280_filtered/normal_1393.png,/content/drive/MyDrive/MedSymmFlow_Project/synthetic_data/pneumoniamnist_normal_2280_filtered/normal_2019.png,0.9645621180534363
/content/drive/MyDrive/MedSymmFlow_Project/synthetic_data/pneumoniamnist_normal_2280_filtered/normal_2198.png,/content/drive/MyDrive/MedSymmFlow_Project/synthetic_data/pneumoniamnist_normal_2280_filtered/normal_1165.png,0.9645586013793945
/content/drive/MyDrive/MedSymmFlow_Project/synthetic_data/pneumoniamnist_normal_2280_filtered/normal_1217.png,/content/drive/MyDrive/MedSymmFlow_Project/synthetic_data/pneumoniamnist_normal_2280_filtered/normal_1860.png,0.9645516872406006
/content/drive/MyDrive/MedSymmFlow_Project/synthetic_data/pneumoniamnist_normal_2280_filtered/normal_1037.png,/content/drive/MyDrive/MedSymmFlow_Project/synthetic_data/pneumoniamnist_normal_2280_filtered/normal_0018.png,0.9645353555679321
/content/drive/MyDrive/MedSymmFlow_Project/synthetic_data/pneumoniamnist_normal_2280_filtered/normal_0000.png,/content/drive/MyDrive/MedSymmFlow_Project/synthetic_data/pneumoniamnist_normal_2280_filtered/normal_1750.png,0.9645216464996338
/content/drive/MyDrive/MedSymmFlow_Project/synthetic_data/pneumoniamnist_normal_2280_filtered/normal_1021.png,/content/drive/MyDrive/MedSymmFlow_Project/synthetic_data/pneumoniamnist_normal_2280_filtered/normal_1149.png,0.9645216464996338
/content/drive/MyDrive/MedSymmFlow_Project/synthetic_data/pneumoniamnist_normal_2280_filtered/normal_0920.png,/content/drive/MyDrive/MedSymmFlow_Project/synthetic_data/pneumoniamnist_normal_2280_filtered/normal_1730.png,0.964512825012207
/content/drive/MyDrive/MedSymmFlow_Project/synthetic_data/pneumoniamnist_normal_2280_filtered/normal_0401.png,/content/drive/MyDrive/MedSymmFlow_Project/synthetic_data/pneumoniamnist_normal_2280_filtered/normal_0433.png,0.9645072817802429
/content/drive/MyDrive/MedSymmFlow_Project/synthetic_data/pneumoniamnist_normal_2280_filtered/normal_1231.png,/content/drive/MyDrive/MedSymmFlow_Project/synthetic_data/pneumoniamnist_normal_2280_filtered/normal_0982.png,0.9644972085952759
/content/drive/MyDrive/MedSymmFlow_Project/synthetic_data/pneumoniamnist_normal_2280_filtered/normal_0064.png,/content/drive/MyDrive/MedSymmFlow_Project/synthetic_data/pneumoniamnist_normal_2280_filtered/normal_1701.png,0.964486837387085
/content/drive/MyDrive/MedSymmFlow_Project/synthetic_data/pneumoniamnist_normal_2280_filtered/normal_0242.png,/content/drive/MyDrive/MedSymmFlow_Project/synthetic_data/pneumoniamnist_normal_2280_filtered/normal_0074.png,0.9644859433174133
/content/drive/MyDrive/MedSymmFlow_Project/synthetic_data/pneumoniamnist_normal_2280_filtered/normal_0074.png,/content/drive/MyDrive/MedSymmFlow_Project/synthetic_data/pneumoniamnist_normal_2280_filtered/normal_0242.png,0.9644859433174133
/content/drive/MyDrive/MedSymmFlow_Project/synthetic_data/pneumoniamnist_normal_2280_filtered/normal_1578.png,/content/drive/MyDrive/MedSymmFlow_Project/synthetic_data/pneumoniamnist_normal_2280_filtered/normal_2220.png,0.9644826054573059
/content/drive/MyDrive/MedSymmFlow_Project/synthetic_data/pneumoniamnist_normal_2280_filtered/normal_0043.png,/content/drive/MyDrive/MedSymmFlow_Project/synthetic_data/pneumoniamnist_normal_2280_filtered/normal_1626.png,0.9644744396209717
/content/drive/MyDrive/MedSymmFlow_Project/synthetic_data/pneumoniamnist_normal_2280_filtered/normal_0135.png,/content/drive/MyDrive/MedSymmFlow_Project/synthetic_data/pneumoniamnist_normal_2280_filtered/normal_0106.png,0.9644635915756226
/content/drive/MyDrive/MedSymmFlow_Project/synthetic_data/pneumoniamnist_normal_2280_filtered/normal_1976.png,/content/drive/MyDrive/MedSymmFlow_Project/synthetic_data/pneumoniamnist_normal_2280_filtered/normal_2132.png,0.9644615650177002
/content/drive/MyDrive/MedSymmFlow_Project/synthetic_data/pneumoniamnist_normal_2280_filtered/normal_0449.png,/content/drive/MyDrive/MedSymmFlow_Project/synthetic_data/pneumoniamnist_normal_2280_filtered/normal_0324.png,0.9644588828086853
/content/drive/MyDrive/MedSymmFlow_Project/synthetic_data/pneumoniamnist_normal_2280_filtered/normal_1252.png,/content/drive/MyDrive/MedSymmFlow_Project/synthetic_data/pneumoniamnist_normal_2280_filtered/normal_1104.png,0.9644579887390137
/content/drive/MyDrive/MedSymmFlow_Project/synthetic_data/pneumoniamnist_normal_2280_filtered/normal_1958.png,/content/drive/MyDrive/MedSymmFlow_Project/synthetic_data/pneumoniamnist_normal_2280_filtered/normal_0938.png,0.9644540548324585
/content/drive/MyDrive/MedSymmFlow_Project/synthetic_data/pneumoniamnist_normal_2280_filtered/normal_0786.png,/content/drive/MyDrive/MedSymmFlow_Project/synthetic_data/pneumoniamnist_normal_2280_filtered/normal_0554.png,0.9644350409507751
/content/drive/MyDrive/MedSymmFlow_Project/synthetic_data/pneumoniamnist_normal_2280_filtered/normal_1773.png,/content/drive/MyDrive/MedSymmFlow_Project/synthetic_data/pneumoniamnist_normal_2280_filtered/normal_0896.png,0.9644217491149902
/content/drive/MyDrive/MedSymmFlow_Project/synthetic_data/pneumoniamnist_normal_2280_filtered/normal_1011.png,/content/drive/MyDrive/MedSymmFlow_Project/synthetic_data/pneumoniamnist_normal_2280_filtered/normal_0191.png,0.9644176959991455
/content/drive/MyDrive/MedSymmFlow_Project/synthetic_data/pneumoniamnist_normal_2280_filtered/normal_0546.png,/content/drive/MyDrive/MedSymmFlow_Project/synthetic_data/pneumoniamnist_normal_2280_filtered/normal_0094.png,0.9644007682800293
/content/drive/MyDrive/MedSymmFlow_Project/synthetic_data/pneumoniamnist_normal_2280_filtered/normal_2034.png,/content/drive/MyDrive/MedSymmFlow_Project/synthetic_data/pneumoniamnist_normal_2280_filtered/normal_0826.png,0.9643959403038025
/content/drive/MyDrive/MedSymmFlow_Project/synthetic_data/pneumoniamnist_normal_2280_filtered/normal_0250.png,/content/drive/MyDrive/MedSymmFlow_Project/synthetic_data/pneumoniamnist_normal_2280_filtered/normal_0668.png,0.9643840789794922
/content/drive/MyDrive/MedSymmFlow_Project/synthetic_data/pneumoniamnist_normal_2280_filtered/normal_0579.png,/content/drive/MyDrive/MedSymmFlow_Project/synthetic_data/pneumoniamnist_normal_2280_filtered/normal_1970.png,0.9643826484680176
/content/drive/MyDrive/MedSymmFlow_Project/synthetic_data/pneumoniamnist_normal_2280_filtered/normal_1333.png,/content/drive/MyDrive/MedSymmFlow_Project/synthetic_data/pneumoniamnist_normal_2280_filtered/normal_1987.png,0.964379072189331
/content/drive/MyDrive/MedSymmFlow_Project/synthetic_data/pneumoniamnist_normal_2280_filtered/normal_1789.png,/content/drive/MyDrive/MedSymmFlow_Project/synthetic_data/pneumoniamnist_normal_2280_filtered/normal_1224.png,0.9643760919570923
/content/drive/MyDrive/MedSymmFlow_Project/synthetic_data/pneumoniamnist_normal_2280_filtered/normal_1224.png,/content/drive/MyDrive/MedSymmFlow_Project/synthetic_data/pneumoniamnist_normal_2280_filtered/normal_1789.png,0.9643760919570923
/content/drive/MyDrive/MedSymmFlow_Project/synthetic_data/pneumoniamnist_normal_2280_filtered/normal_0752.png,/content/drive/MyDrive/MedSymmFlow_Project/synthetic_data/pneumoniamnist_normal_2280_filtered/normal_1039.png,0.9643688201904297
/content/drive/MyDrive/MedSymmFlow_Project/synthetic_data/pneumoniamnist_normal_2280_filtered/normal_0338.png,/content/drive/MyDrive/MedSymmFlow_Project/synthetic_data/pneumoniamnist_normal_2280_filtered/normal_0335.png,0.9643670320510864
/content/drive/MyDrive/MedSymmFlow_Project/synthetic_data/pneumoniamnist_normal_2280_filtered/normal_2265.png,/content/drive/MyDrive/MedSymmFlow_Project/synthetic_data/pneumoniamnist_normal_2280_filtered/normal_1469.png,0.9643594026565552
/content/drive/MyDrive/MedSymmFlow_Project/synthetic_data/pneumoniamnist_normal_2280_filtered/normal_0899.png,/content/drive/MyDrive/MedSymmFlow_Project/synthetic_data/pneumoniamnist_normal_2280_filtered/normal_0271.png,0.9643470644950867
/content/drive/MyDrive/MedSymmFlow_Project/synthetic_data/pneumoniamnist_normal_2280_filtered/normal_0102.png,/content/drive/MyDrive/MedSymmFlow_Project/synthetic_data/pneumoniamnist_normal_2280_filtered/normal_0162.png,0.9643368124961853
/content/drive/MyDrive/MedSymmFlow_Project/synthetic_data/pneumoniamnist_normal_2280_filtered/normal_1303.png,/content/drive/MyDrive/MedSymmFlow_Project/synthetic_data/pneumoniamnist_normal_2280_filtered/normal_1617.png,0.9643356800079346
/content/drive/MyDrive/MedSymmFlow_Project/synthetic_data/pneumoniamnist_normal_2280_filtered/normal_0067.png,/content/drive/MyDrive/MedSymmFlow_Project/synthetic_data/pneumoniamnist_normal_2280_filtered/normal_0442.png,0.9643179178237915
/content/drive/MyDrive/MedSymmFlow_Project/synthetic_data/pneumoniamnist_normal_2280_filtered/normal_0438.png,/content/drive/MyDrive/MedSymmFlow_Project/synthetic_data/pneumoniamnist_normal_2280_filtered/normal_0669.png,0.9642732739448547
/content/drive/MyDrive/MedSymmFlow_Project/synthetic_data/pneumoniamnist_normal_2280_filtered/normal_0669.png,/content/drive/MyDrive/MedSymmFlow_Project/synthetic_data/pneumoniamnist_normal_2280_filtered/normal_0438.png,0.9642732739448547
/content/drive/MyDrive/MedSymmFlow_Project/synthetic_data/pneumoniamnist_normal_2280_filtered/normal_0725.png,/content/drive/MyDrive/MedSymmFlow_Project/synthetic_data/pneumoniamnist_normal_2280_filtered/normal_0416.png,0.9642668962478638
/content/drive/MyDrive/MedSymmFlow_Project/synthetic_data/pneumoniamnist_normal_2280_filtered/normal_2095.png,/content/drive/MyDrive/MedSymmFlow_Project/synthetic_data/pneumoniamnist_normal_2280_filtered/normal_2110.png,0.9642567038536072
/content/drive/MyDrive/MedSymmFlow_Project/synthetic_data/pneumoniamnist_normal_2280_filtered/normal_2133.png,/content/drive/MyDrive/MedSymmFlow_Project/synthetic_data/pneumoniamnist_normal_2280_filtered/normal_1705.png,0.9642511606216431
/content/drive/MyDrive/MedSymmFlow_Project/synthetic_data/pneumoniamnist_normal_2280_filtered/normal_1985.png,/content/drive/MyDrive/MedSymmFlow_Project/synthetic_data/pneumoniamnist_normal_2280_filtered/normal_0492.png,0.9642503261566162
/content/drive/MyDrive/MedSymmFlow_Project/synthetic_data/pneumoniamnist_normal_2280_filtered/normal_1974.png,/content/drive/MyDrive/MedSymmFlow_Project/synthetic_data/pneumoniamnist_normal_2280_filtered/normal_1866.png,0.9642482995986938
/content/drive/MyDrive/MedSymmFlow_Project/synthetic_data/pneumoniamnist_normal_2280_filtered/normal_1150.png,/content/drive/MyDrive/MedSymmFlow_Project/synthetic_data/pneumoniamnist_normal_2280_filtered/normal_1937.png,0.9642459154129028
/content/drive/MyDrive/MedSymmFlow_Project/synthetic_data/pneumoniamnist_normal_2280_filtered/normal_1972.png,/content/drive/MyDrive/MedSymmFlow_Project/synthetic_data/pneumoniamnist_normal_2280_filtered/normal_2019.png,0.9642287492752075
/content/drive/MyDrive/MedSymmFlow_Project/synthetic_data/pneumoniamnist_normal_2280_filtered/normal_2261.png,/content/drive/MyDrive/MedSymmFlow_Project/synthetic_data/pneumoniamnist_normal_2280_filtered/normal_0313.png,0.9642285108566284
/content/drive/MyDrive/MedSymmFlow_Project/synthetic_data/pneumoniamnist_normal_2280_filtered/normal_1053.png,/content/drive/MyDrive/MedSymmFlow_Project/synthetic_data/pneumoniamnist_normal_2280_filtered/normal_1405.png,0.9642255306243896
/content/drive/MyDrive/MedSymmFlow_Project/synthetic_data/pneumoniamnist_normal_2280_filtered/normal_0167.png,/content/drive/MyDrive/MedSymmFlow_Project/synthetic_data/pneumoniamnist_normal_2280_filtered/normal_1186.png,0.9642245769500732
/content/drive/MyDrive/MedSymmFlow_Project/synthetic_data/pneumoniamnist_normal_2280_filtered/normal_1754.png,/content/drive/MyDrive/MedSymmFlow_Project/synthetic_data/pneumoniamnist_normal_2280_filtered/normal_0885.png,0.9642183780670166
/content/drive/MyDrive/MedSymmFlow_Project/synthetic_data/pneumoniamnist_normal_2280_filtered/normal_1136.png,/content/drive/MyDrive/MedSymmFlow_Project/synthetic_data/pneumoniamnist_normal_2280_filtered/normal_0580.png,0.9642159938812256
/content/drive/MyDrive/MedSymmFlow_Project/synthetic_data/pneumoniamnist_normal_2280_filtered/normal_1407.png,/content/drive/MyDrive/MedSymmFlow_Project/synthetic_data/pneumoniamnist_normal_2280_filtered/normal_1016.png,0.9642001986503601
/content/drive/MyDrive/MedSymmFlow_Project/synthetic_data/pneumoniamnist_normal_2280_filtered/normal_2228.png,/content/drive/MyDrive/MedSymmFlow_Project/synthetic_data/pneumoniamnist_normal_2280_filtered/normal_1900.png,0.9641891717910767
/content/drive/MyDrive/MedSymmFlow_Project/synthetic_data/pneumoniamnist_normal_2280_filtered/normal_0127.png,/content/drive/MyDrive/MedSymmFlow_Project/synthetic_data/pneumoniamnist_normal_2280_filtered/normal_0605.png,0.9641809463500977
/content/drive/MyDrive/MedSymmFlow_Project/synthetic_data/pneumoniamnist_normal_2280_filtered/normal_2042.png,/content/drive/MyDrive/MedSymmFlow_Project/synthetic_data/pneumoniamnist_normal_2280_filtered/normal_1062.png,0.9641680717468262
/content/drive/MyDrive/MedSymmFlow_Project/synthetic_data/pneumoniamnist_normal_2280_filtered/normal_1130.png,/content/drive/MyDrive/MedSymmFlow_Project/synthetic_data/pneumoniamnist_normal_2280_filtered/normal_0753.png,0.9641680121421814
/content/drive/MyDrive/MedSymmFlow_Project/synthetic_data/pneumoniamnist_normal_2280_filtered/normal_0746.png,/content/drive/MyDrive/MedSymmFlow_Project/synthetic_data/pneumoniamnist_normal_2280_filtered/normal_0119.png,0.9641603231430054
/content/drive/MyDrive/MedSymmFlow_Project/synthetic_data/pneumoniamnist_normal_2280_filtered/normal_1681.png,/content/drive/MyDrive/MedSymmFlow_Project/synthetic_data/pneumoniamnist_normal_2280_filtered/normal_1822.png,0.9641504287719727
/content/drive/MyDrive/MedSymmFlow_Project/synthetic_data/pneumoniamnist_normal_2280_filtered/normal_0160.png,/content/drive/MyDrive/MedSymmFlow_Project/synthetic_data/pneumoniamnist_normal_2280_filtered/normal_0060.png,0.9641380310058594
/content/drive/MyDrive/MedSymmFlow_Project/synthetic_data/pneumoniamnist_normal_2280_filtered/normal_0804.png,/content/drive/MyDrive/MedSymmFlow_Project/synthetic_data/pneumoniamnist_normal_2280_filtered/normal_1870.png,0.9641333222389221
/content/drive/MyDrive/MedSymmFlow_Project/synthetic_data/pneumoniamnist_normal_2280_filtered/normal_1064.png,/content/drive/MyDrive/MedSymmFlow_Project/synthetic_data/pneumoniamnist_normal_2280_filtered/normal_0064.png,0.9641299247741699
/content/drive/MyDrive/MedSymmFlow_Project/synthetic_data/pneumoniamnist_normal_2280_filtered/normal_0876.png,/content/drive/MyDrive/MedSymmFlow_Project/synthetic_data/pneumoniamnist_normal_2280_filtered/normal_1033.png,0.9641280174255371
/content/drive/MyDrive/MedSymmFlow_Project/synthetic_data/pneumoniamnist_normal_2280_filtered/normal_1931.png,/content/drive/MyDrive/MedSymmFlow_Project/synthetic_data/pneumoniamnist_normal_2280_filtered/normal_1550.png,0.9641039371490479
/content/drive/MyDrive/MedSymmFlow_Project/synthetic_data/pneumoniamnist_normal_2280_filtered/normal_0031.png,/content/drive/MyDrive/MedSymmFlow_Project/synthetic_data/pneumoniamnist_normal_2280_filtered/normal_1456.png,0.9640706777572632
/content/drive/MyDrive/MedSymmFlow_Project/synthetic_data/pneumoniamnist_normal_2280_filtered/normal_0891.png,/content/drive/MyDrive/MedSymmFlow_Project/synthetic_data/pneumoniamnist_normal_2280_filtered/normal_1587.png,0.9640647172927856
/content/drive/MyDrive/MedSymmFlow_Project/synthetic_data/pneumoniamnist_normal_2280_filtered/normal_2024.png,/content/drive/MyDrive/MedSymmFlow_Project/synthetic_data/pneumoniamnist_normal_2280_filtered/normal_1481.png,0.9640536904335022
/content/drive/MyDrive/MedSymmFlow_Project/synthetic_data/pneumoniamnist_normal_2280_filtered/normal_0871.png,/content/drive/MyDrive/MedSymmFlow_Project/synthetic_data/pneumoniamnist_normal_2280_filtered/normal_1544.png,0.9640456438064575
/content/drive/MyDrive/MedSymmFlow_Project/synthetic_data/pneumoniamnist_normal_2280_filtered/normal_1567.png,/content/drive/MyDrive/MedSymmFlow_Project/synthetic_data/pneumoniamnist_normal_2280_filtered/normal_1780.png,0.964044451713562
/content/drive/MyDrive/MedSymmFlow_Project/synthetic_data/pneumoniamnist_normal_2280_filtered/normal_0439.png,/content/drive/MyDrive/MedSymmFlow_Project/synthetic_data/pneumoniamnist_normal_2280_filtered/normal_1140.png,0.9640341997146606
/content/drive/MyDrive/MedSymmFlow_Project/synthetic_data/pneumoniamnist_normal_2280_filtered/normal_1159.png,/content/drive/MyDrive/MedSymmFlow_Project/synthetic_data/pneumoniamnist_normal_2280_filtered/normal_1144.png,0.9640306234359741
/content/drive/MyDrive/MedSymmFlow_Project/synthetic_data/pneumoniamnist_normal_2280_filtered/normal_0685.png,/content/drive/MyDrive/MedSymmFlow_Project/synthetic_data/pneumoniamnist_normal_2280_filtered/normal_1383.png,0.964019775390625
/content/drive/MyDrive/MedSymmFlow_Project/synthetic_data/pneumoniamnist_normal_2280_filtered/normal_0208.png,/content/drive/MyDrive/MedSymmFlow_Project/synthetic_data/pneumoniamnist_normal_2280_filtered/normal_0014.png,0.9640096426010132
/content/drive/MyDrive/MedSymmFlow_Project/synthetic_data/pneumoniamnist_normal_2280_filtered/normal_0513.png,/content/drive/MyDrive/MedSymmFlow_Project/synthetic_data/pneumoniamnist_normal_2280_filtered/normal_0646.png,0.9640017747879028
/content/drive/MyDrive/MedSymmFlow_Project/synthetic_data/pneumoniamnist_normal_2280_filtered/normal_1145.png,/content/drive/MyDrive/MedSymmFlow_Project/synthetic_data/pneumoniamnist_normal_2280_filtered/normal_1132.png,0.9639968872070312
/content/drive/MyDrive/MedSymmFlow_Project/synthetic_data/pneumoniamnist_normal_2280_filtered/normal_1132.png,/content/drive/MyDrive/MedSymmFlow_Project/synthetic_data/pneumoniamnist_normal_2280_filtered/normal_1145.png,0.9639968872070312
/content/drive/MyDrive/MedSymmFlow_Project/synthetic_data/pneumoniamnist_normal_2280_filtered/normal_1330.png,/content/drive/MyDrive/MedSymmFlow_Project/synthetic_data/pneumoniamnist_normal_2280_filtered/normal_0705.png,0.9639949202537537
/content/drive/MyDrive/MedSymmFlow_Project/synthetic_data/pneumoniamnist_normal_2280_filtered/normal_0140.png,/content/drive/MyDrive/MedSymmFlow_Project/synthetic_data/pneumoniamnist_normal_2280_filtered/normal_0724.png,0.9639933109283447
/content/drive/MyDrive/MedSymmFlow_Project/synthetic_data/pneumoniamnist_normal_2280_filtered/normal_0655.png,/content/drive/MyDrive/MedSymmFlow_Project/synthetic_data/pneumoniamnist_normal_2280_filtered/normal_0034.png,0.963987410068512
/content/drive/MyDrive/MedSymmFlow_Project/synthetic_data/pneumoniamnist_normal_2280_filtered/normal_1751.png,/content/drive/MyDrive/MedSymmFlow_Project/synthetic_data/pneumoniamnist_normal_2280_filtered/normal_1862.png,0.9639854431152344
/content/drive/MyDrive/MedSymmFlow_Project/synthetic_data/pneumoniamnist_normal_2280_filtered/normal_0713.png,/content/drive/MyDrive/MedSymmFlow_Project/synthetic_data/pneumoniamnist_normal_2280_filtered/normal_0748.png,0.9639815092086792
/content/drive/MyDrive/MedSymmFlow_Project/synthetic_data/pneumoniamnist_normal_2280_filtered/normal_0152.png,/content/drive/MyDrive/MedSymmFlow_Project/synthetic_data/pneumoniamnist_normal_2280_filtered/normal_1116.png,0.9639807939529419
/content/drive/MyDrive/MedSymmFlow_Project/synthetic_data/pneumoniamnist_normal_2280_filtered/normal_1912.png,/content/drive/MyDrive/MedSymmFlow_Project/synthetic_data/pneumoniamnist_normal_2280_filtered/normal_1001.png,0.9639731049537659
/content/drive/MyDrive/MedSymmFlow_Project/synthetic_data/pneumoniamnist_normal_2280_filtered/normal_1272.png,/content/drive/MyDrive/MedSymmFlow_Project/synthetic_data/pneumoniamnist_normal_2280_filtered/normal_1564.png,0.9639725685119629
/content/drive/MyDrive/MedSymmFlow_Project/synthetic_data/pneumoniamnist_normal_2280_filtered/normal_0337.png,/content/drive/MyDrive/MedSymmFlow_Project/synthetic_data/pneumoniamnist_normal_2280_filtered/normal_0101.png,0.9639328718185425
/content/drive/MyDrive/MedSymmFlow_Project/synthetic_data/pneumoniamnist_normal_2280_filtered/normal_1816.png,/content/drive/MyDrive/MedSymmFlow_Project/synthetic_data/pneumoniamnist_normal_2280_filtered/normal_0136.png,0.9639328122138977
/content/drive/MyDrive/MedSymmFlow_Project/synthetic_data/pneumoniamnist_normal_2280_filtered/normal_2128.png,/content/drive/MyDrive/MedSymmFlow_Project/synthetic_data/pneumoniamnist_normal_2280_filtered/normal_1410.png,0.9639319777488708
/content/drive/MyDrive/MedSymmFlow_Project/synthetic_data/pneumoniamnist_normal_2280_filtered/normal_2159.png,/content/drive/MyDrive/MedSymmFlow_Project/synthetic_data/pneumoniamnist_normal_2280_filtered/normal_1791.png,0.9639277458190918
/content/drive/MyDrive/MedSymmFlow_Project/synthetic_data/pneumoniamnist_normal_2280_filtered/normal_1354.png,/content/drive/MyDrive/MedSymmFlow_Project/synthetic_data/pneumoniamnist_normal_2280_filtered/normal_1238.png,0.9639061689376831
/content/drive/MyDrive/MedSymmFlow_Project/synthetic_data/pneumoniamnist_normal_2280_filtered/normal_2205.png,/content/drive/MyDrive/MedSymmFlow_Project/synthetic_data/pneumoniamnist_normal_2280_filtered/normal_1632.png,0.9639043211936951
/content/drive/MyDrive/MedSymmFlow_Project/synthetic_data/pneumoniamnist_normal_2280_filtered/normal_0501.png,/content/drive/MyDrive/MedSymmFlow_Project/synthetic_data/pneumoniamnist_normal_2280_filtered/normal_0058.png,0.9638803601264954
/content/drive/MyDrive/MedSymmFlow_Project/synthetic_data/pneumoniamnist_normal_2280_filtered/normal_1416.png,/content/drive/MyDrive/MedSymmFlow_Project/synthetic_data/pneumoniamnist_normal_2280_filtered/normal_0031.png,0.9638674259185791
/content/drive/MyDrive/MedSymmFlow_Project/synthetic_data/pneumoniamnist_normal_2280_filtered/normal_1955.png,/content/drive/MyDrive/MedSymmFlow_Project/synthetic_data/pneumoniamnist_normal_2280_filtered/normal_1985.png,0.9638570547103882
/content/drive/MyDrive/MedSymmFlow_Project/synthetic_data/pneumoniamnist_normal_2280_filtered/normal_2231.png,/content/drive/MyDrive/MedSymmFlow_Project/synthetic_data/pneumoniamnist_normal_2280_filtered/normal_0402.png,0.9638442993164062
/content/drive/MyDrive/MedSymmFlow_Project/synthetic_data/pneumoniamnist_normal_2280_filtered/normal_1314.png,/content/drive/MyDrive/MedSymmFlow_Project/synthetic_data/pneumoniamnist_normal_2280_filtered/normal_1628.png,0.9638296365737915
/content/drive/MyDrive/MedSymmFlow_Project/synthetic_data/pneumoniamnist_normal_2280_filtered/normal_0389.png,/content/drive/MyDrive/MedSymmFlow_Project/synthetic_data/pneumoniamnist_normal_2280_filtered/normal_2234.png,0.9638173580169678
/content/drive/MyDrive/MedSymmFlow_Project/synthetic_data/pneumoniamnist_normal_2280_filtered/normal_2234.png,/content/drive/MyDrive/MedSymmFlow_Project/synthetic_data/pneumoniamnist_normal_2280_filtered/normal_0389.png,0.9638173580169678
/content/drive/MyDrive/MedSymmFlow_Project/synthetic_data/pneumoniamnist_normal_2280_filtered/normal_0526.png,/content/drive/MyDrive/MedSymmFlow_Project/synthetic_data/pneumoniamnist_normal_2280_filtered/normal_0687.png,0.9638111591339111
/content/drive/MyDrive/MedSymmFlow_Project/synthetic_data/pneumoniamnist_normal_2280_filtered/normal_0688.png,/content/drive/MyDrive/MedSymmFlow_Project/synthetic_data/pneumoniamnist_normal_2280_filtered/normal_1596.png,0.9638092517852783
/content/drive/MyDrive/MedSymmFlow_Project/synthetic_data/pneumoniamnist_normal_2280_filtered/normal_0551.png,/content/drive/MyDrive/MedSymmFlow_Project/synthetic_data/pneumoniamnist_normal_2280_filtered/normal_0948.png,0.9638089537620544
/content/drive/MyDrive/MedSymmFlow_Project/synthetic_data/pneumoniamnist_normal_2280_filtered/normal_0874.png,/content/drive/MyDrive/MedSymmFlow_Project/synthetic_data/pneumoniamnist_normal_2280_filtered/normal_0553.png,0.9637980461120605
/content/drive/MyDrive/MedSymmFlow_Project/synthetic_data/pneumoniamnist_normal_2280_filtered/normal_1279.png,/content/drive/MyDrive/MedSymmFlow_Project/synthetic_data/pneumoniamnist_normal_2280_filtered/normal_1058.png,0.9637819528579712
/content/drive/MyDrive/MedSymmFlow_Project/synthetic_data/pneumoniamnist_normal_2280_filtered/normal_1161.png,/content/drive/MyDrive/MedSymmFlow_Project/synthetic_data/pneumoniamnist_normal_2280_filtered/normal_0668.png,0.9637784957885742
/content/drive/MyDrive/MedSymmFlow_Project/synthetic_data/pneumoniamnist_normal_2280_filtered/normal_0582.png,/content/drive/MyDrive/MedSymmFlow_Project/synthetic_data/pneumoniamnist_normal_2280_filtered/normal_1818.png,0.9637387990951538
/content/drive/MyDrive/MedSymmFlow_Project/synthetic_data/pneumoniamnist_normal_2280_filtered/normal_2138.png,/content/drive/MyDrive/MedSymmFlow_Project/synthetic_data/pneumoniamnist_normal_2280_filtered/normal_0750.png,0.9637302160263062
/content/drive/MyDrive/MedSymmFlow_Project/synthetic_data/pneumoniamnist_normal_2280_filtered/normal_0341.png,/content/drive/MyDrive/MedSymmFlow_Project/synthetic_data/pneumoniamnist_normal_2280_filtered/normal_0711.png,0.9637284278869629
/content/drive/MyDrive/MedSymmFlow_Project/synthetic_data/pneumoniamnist_normal_2280_filtered/normal_0466.png,/content/drive/MyDrive/MedSymmFlow_Project/synthetic_data/pneumoniamnist_normal_2280_filtered/normal_1310.png,0.9637281894683838
/content/drive/MyDrive/MedSymmFlow_Project/synthetic_data/pneumoniamnist_normal_2280_filtered/normal_1310.png,/content/drive/MyDrive/MedSymmFlow_Project/synthetic_data/pneumoniamnist_normal_2280_filtered/normal_0466.png,0.9637281894683838
/content/drive/MyDrive/MedSymmFlow_Project/synthetic_data/pneumoniamnist_normal_2280_filtered/normal_1234.png,/content/drive/MyDrive/MedSymmFlow_Project/synthetic_data/pneumoniamnist_normal_2280_filtered/normal_0029.png,0.9637216925621033
/content/drive/MyDrive/MedSymmFlow_Project/synthetic_data/pneumoniamnist_normal_2280_filtered/normal_2243.png,/content/drive/MyDrive/MedSymmFlow_Project/synthetic_data/pneumoniamnist_normal_2280_filtered/normal_1661.png,0.9637154936790466
/content/drive/MyDrive/MedSymmFlow_Project/synthetic_data/pneumoniamnist_normal_2280_filtered/normal_1702.png,/content/drive/MyDrive/MedSymmFlow_Project/synthetic_data/pneumoniamnist_normal_2280_filtered/normal_1753.png,0.9637085199356079
/content/drive/MyDrive/MedSymmFlow_Project/synthetic_data/pneumoniamnist_normal_2280_filtered/normal_0962.png,/content/drive/MyDrive/MedSymmFlow_Project/synthetic_data/pneumoniamnist_normal_2280_filtered/normal_1404.png,0.9636955857276917
/content/drive/MyDrive/MedSymmFlow_Project/synthetic_data/pneumoniamnist_normal_2280_filtered/normal_1139.png,/content/drive/MyDrive/MedSymmFlow_Project/synthetic_data/pneumoniamnist_normal_2280_filtered/normal_1932.png,0.9636739492416382
/content/drive/MyDrive/MedSymmFlow_Project/synthetic_data/pneumoniamnist_normal_2280_filtered/normal_0068.png,/content/drive/MyDrive/MedSymmFlow_Project/synthetic_data/pneumoniamnist_normal_2280_filtered/normal_0617.png,0.9636500477790833
/content/drive/MyDrive/MedSymmFlow_Project/synthetic_data/pneumoniamnist_normal_2280_filtered/normal_0304.png,/content/drive/MyDrive/MedSymmFlow_Project/synthetic_data/pneumoniamnist_normal_2280_filtered/normal_0392.png,0.9636410474777222
/content/drive/MyDrive/MedSymmFlow_Project/synthetic_data/pneumoniamnist_normal_2280_filtered/normal_0124.png,/content/drive/MyDrive/MedSymmFlow_Project/synthetic_data/pneumoniamnist_normal_2280_filtered/normal_0399.png,0.9636382460594177
/content/drive/MyDrive/MedSymmFlow_Project/synthetic_data/pneumoniamnist_normal_2280_filtered/normal_1655.png,/content/drive/MyDrive/MedSymmFlow_Project/synthetic_data/pneumoniamnist_normal_2280_filtered/normal_1346.png,0.9636191129684448
/content/drive/MyDrive/MedSymmFlow_Project/synthetic_data/pneumoniamnist_normal_2280_filtered/normal_1067.png,/content/drive/MyDrive/MedSymmFlow_Project/synthetic_data/pneumoniamnist_normal_2280_filtered/normal_1926.png,0.963608980178833
/content/drive/MyDrive/MedSymmFlow_Project/synthetic_data/pneumoniamnist_normal_2280_filtered/normal_1926.png,/content/drive/MyDrive/MedSymmFlow_Project/synthetic_data/pneumoniamnist_normal_2280_filtered/normal_1067.png,0.963608980178833
/content/drive/MyDrive/MedSymmFlow_Project/synthetic_data/pneumoniamnist_normal_2280_filtered/normal_0985.png,/content/drive/MyDrive/MedSymmFlow_Project/synthetic_data/pneumoniamnist_normal_2280_filtered/normal_0639.png,0.9636063575744629
/content/drive/MyDrive/MedSymmFlow_Project/synthetic_data/pneumoniamnist_normal_2280_filtered/normal_1891.png,/content/drive/MyDrive/MedSymmFlow_Project/synthetic_data/pneumoniamnist_normal_2280_filtered/normal_0188.png,0.9636057615280151
/content/drive/MyDrive/MedSymmFlow_Project/synthetic_data/pneumoniamnist_normal_2280_filtered/normal_0889.png,/content/drive/MyDrive/MedSymmFlow_Project/synthetic_data/pneumoniamnist_normal_2280_filtered/normal_1814.png,0.9635913372039795
/content/drive/MyDrive/MedSymmFlow_Project/synthetic_data/pneumoniamnist_normal_2280_filtered/normal_0880.png,/content/drive/MyDrive/MedSymmFlow_Project/synthetic_data/pneumoniamnist_normal_2280_filtered/normal_2158.png,0.9635912179946899
/content/drive/MyDrive/MedSymmFlow_Project/synthetic_data/pneumoniamnist_normal_2280_filtered/normal_0293.png,/content/drive/MyDrive/MedSymmFlow_Project/synthetic_data/pneumoniamnist_normal_2280_filtered/normal_0116.png,0.9635748863220215
/content/drive/MyDrive/MedSymmFlow_Project/synthetic_data/pneumoniamnist_normal_2280_filtered/normal_0454.png,/content/drive/MyDrive/MedSymmFlow_Project/synthetic_data/pneumoniamnist_normal_2280_filtered/normal_0501.png,0.9635536670684814
/content/drive/MyDrive/MedSymmFlow_Project/synthetic_data/pneumoniamnist_normal_2280_filtered/normal_1331.png,/content/drive/MyDrive/MedSymmFlow_Project/synthetic_data/pneumoniamnist_normal_2280_filtered/normal_0867.png,0.9635525941848755
/content/drive/MyDrive/MedSymmFlow_Project/synthetic_data/pneumoniamnist_normal_2280_filtered/normal_0971.png,/content/drive/MyDrive/MedSymmFlow_Project/synthetic_data/pneumoniamnist_normal_2280_filtered/normal_0374.png,0.9635453820228577
/content/drive/MyDrive/MedSymmFlow_Project/synthetic_data/pneumoniamnist_normal_2280_filtered/normal_1060.png,/content/drive/MyDrive/MedSymmFlow_Project/synthetic_data/pneumoniamnist_normal_2280_filtered/normal_0493.png,0.9635394811630249
/content/drive/MyDrive/MedSymmFlow_Project/synthetic_data/pneumoniamnist_normal_2280_filtered/normal_0520.png,/content/drive/MyDrive/MedSymmFlow_Project/synthetic_data/pneumoniamnist_normal_2280_filtered/normal_0664.png,0.9635265469551086
/content/drive/MyDrive/MedSymmFlow_Project/synthetic_data/pneumoniamnist_normal_2280_filtered/normal_0079.png,/content/drive/MyDrive/MedSymmFlow_Project/synthetic_data/pneumoniamnist_normal_2280_filtered/normal_0761.png,0.9635223746299744
/content/drive/MyDrive/MedSymmFlow_Project/synthetic_data/pneumoniamnist_normal_2280_filtered/normal_1522.png,/content/drive/MyDrive/MedSymmFlow_Project/synthetic_data/pneumoniamnist_normal_2280_filtered/normal_1520.png,0.9635100364685059
/content/drive/MyDrive/MedSymmFlow_Project/synthetic_data/pneumoniamnist_normal_2280_filtered/normal_2157.png,/content/drive/MyDrive/MedSymmFlow_Project/synthetic_data/pneumoniamnist_normal_2280_filtered/normal_1324.png,0.963495135307312
/content/drive/MyDrive/MedSymmFlow_Project/synthetic_data/pneumoniamnist_normal_2280_filtered/normal_0494.png,/content/drive/MyDrive/MedSymmFlow_Project/synthetic_data/pneumoniamnist_normal_2280_filtered/normal_0061.png,0.9634943008422852
/content/drive/MyDrive/MedSymmFlow_Project/synthetic_data/pneumoniamnist_normal_2280_filtered/normal_0061.png,/content/drive/MyDrive/MedSymmFlow_Project/synthetic_data/pneumoniamnist_normal_2280_filtered/normal_0494.png,0.9634943008422852
/content/drive/MyDrive/MedSymmFlow_Project/synthetic_data/pneumoniamnist_normal_2280_filtered/normal_2178.png,/content/drive/MyDrive/MedSymmFlow_Project/synthetic_data/pneumoniamnist_normal_2280_filtered/normal_0587.png,0.9634720683097839
/content/drive/MyDrive/MedSymmFlow_Project/synthetic_data/pneumoniamnist_normal_2280_filtered/normal_0965.png,/content/drive/MyDrive/MedSymmFlow_Project/synthetic_data/pneumoniamnist_normal_2280_filtered/normal_1936.png,0.963464617729187
/content/drive/MyDrive/MedSymmFlow_Project/synthetic_data/pneumoniamnist_normal_2280_filtered/normal_1299.png,/content/drive/MyDrive/MedSymmFlow_Project/synthetic_data/pneumoniamnist_normal_2280_filtered/normal_1106.png,0.9634629487991333
/content/drive/MyDrive/MedSymmFlow_Project/synthetic_data/pneumoniamnist_normal_2280_filtered/normal_1106.png,/content/drive/MyDrive/MedSymmFlow_Project/synthetic_data/pneumoniamnist_normal_2280_filtered/normal_1299.png,0.9634629487991333
/content/drive/MyDrive/MedSymmFlow_Project/synthetic_data/pneumoniamnist_normal_2280_filtered/normal_1284.png,/content/drive/MyDrive/MedSymmFlow_Project/synthetic_data/pneumoniamnist_normal_2280_filtered/normal_1817.png,0.9634490013122559
/content/drive/MyDrive/MedSymmFlow_Project/synthetic_data/pneumoniamnist_normal_2280_filtered/normal_0618.png,/content/drive/MyDrive/MedSymmFlow_Project/synthetic_data/pneumoniamnist_normal_2280_filtered/normal_1324.png,0.9634413123130798
/content/drive/MyDrive/MedSymmFlow_Project/synthetic_data/pneumoniamnist_normal_2280_filtered/normal_0004.png,/content/drive/MyDrive/MedSymmFlow_Project/synthetic_data/pneumoniamnist_normal_2280_filtered/normal_0096.png,0.9634392261505127
/content/drive/MyDrive/MedSymmFlow_Project/synthetic_data/pneumoniamnist_normal_2280_filtered/normal_0221.png,/content/drive/MyDrive/MedSymmFlow_Project/synthetic_data/pneumoniamnist_normal_2280_filtered/normal_0678.png,0.9634340405464172
/content/drive/MyDrive/MedSymmFlow_Project/synthetic_data/pneumoniamnist_normal_2280_filtered/normal_0042.png,/content/drive/MyDrive/MedSymmFlow_Project/synthetic_data/pneumoniamnist_normal_2280_filtered/normal_1116.png,0.9634325504302979
/content/drive/MyDrive/MedSymmFlow_Project/synthetic_data/pneumoniamnist_normal_2280_filtered/normal_2184.png,/content/drive/MyDrive/MedSymmFlow_Project/synthetic_data/pneumoniamnist_normal_2280_filtered/normal_0837.png,0.963426947593689
/content/drive/MyDrive/MedSymmFlow_Project/synthetic_data/pneumoniamnist_normal_2280_filtered/normal_2045.png,/content/drive/MyDrive/MedSymmFlow_Project/synthetic_data/pneumoniamnist_normal_2280_filtered/normal_1385.png,0.9634209871292114
/content/drive/MyDrive/MedSymmFlow_Project/synthetic_data/pneumoniamnist_normal_2280_filtered/normal_0473.png,/content/drive/MyDrive/MedSymmFlow_Project/synthetic_data/pneumoniamnist_normal_2280_filtered/normal_0145.png,0.9634081721305847
/content/drive/MyDrive/MedSymmFlow_Project/synthetic_data/pneumoniamnist_normal_2280_filtered/normal_1692.png,/content/drive/MyDrive/MedSymmFlow_Project/synthetic_data/pneumoniamnist_normal_2280_filtered/normal_0393.png,0.963407576084137
/content/drive/MyDrive/MedSymmFlow_Project/synthetic_data/pneumoniamnist_normal_2280_filtered/normal_1003.png,/content/drive/MyDrive/MedSymmFlow_Project/synthetic_data/pneumoniamnist_normal_2280_filtered/normal_1919.png,0.9633961915969849
/content/drive/MyDrive/MedSymmFlow_Project/synthetic_data/pneumoniamnist_normal_2280_filtered/normal_0665.png,/content/drive/MyDrive/MedSymmFlow_Project/synthetic_data/pneumoniamnist_normal_2280_filtered/normal_0586.png,0.9633916616439819
/content/drive/MyDrive/MedSymmFlow_Project/synthetic_data/pneumoniamnist_normal_2280_filtered/normal_0278.png,/content/drive/MyDrive/MedSymmFlow_Project/synthetic_data/pneumoniamnist_normal_2280_filtered/normal_0060.png,0.9633375406265259
/content/drive/MyDrive/MedSymmFlow_Project/synthetic_data/pneumoniamnist_normal_2280_filtered/normal_2162.png,/content/drive/MyDrive/MedSymmFlow_Project/synthetic_data/pneumoniamnist_normal_2280_filtered/normal_0683.png,0.9633288383483887
/content/drive/MyDrive/MedSymmFlow_Project/synthetic_data/pneumoniamnist_normal_2280_filtered/normal_2238.png,/content/drive/MyDrive/MedSymmFlow_Project/synthetic_data/pneumoniamnist_normal_2280_filtered/normal_1814.png,0.9633275270462036
/content/drive/MyDrive/MedSymmFlow_Project/synthetic_data/pneumoniamnist_normal_2280_filtered/normal_0571.png,/content/drive/MyDrive/MedSymmFlow_Project/synthetic_data/pneumoniamnist_normal_2280_filtered/normal_0174.png,0.963304877281189
/content/drive/MyDrive/MedSymmFlow_Project/synthetic_data/pneumoniamnist_normal_2280_filtered/normal_0174.png,/content/drive/MyDrive/MedSymmFlow_Project/synthetic_data/pneumoniamnist_normal_2280_filtered/normal_0571.png,0.963304877281189
/content/drive/MyDrive/MedSymmFlow_Project/synthetic_data/pneumoniamnist_normal_2280_filtered/normal_1376.png,/content/drive/MyDrive/MedSymmFlow_Project/synthetic_data/pneumoniamnist_normal_2280_filtered/normal_0322.png,0.9632935523986816
/content/drive/MyDrive/MedSymmFlow_Project/synthetic_data/pneumoniamnist_normal_2280_filtered/normal_1697.png,/content/drive/MyDrive/MedSymmFlow_Project/synthetic_data/pneumoniamnist_normal_2280_filtered/normal_1207.png,0.9632886648178101
/content/drive/MyDrive/MedSymmFlow_Project/synthetic_data/pneumoniamnist_normal_2280_filtered/normal_1429.png,/content/drive/MyDrive/MedSymmFlow_Project/synthetic_data/pneumoniamnist_normal_2280_filtered/normal_0751.png,0.9632866382598877
/content/drive/MyDrive/MedSymmFlow_Project/synthetic_data/pneumoniamnist_normal_2280_filtered/normal_0262.png,/content/drive/MyDrive/MedSymmFlow_Project/synthetic_data/pneumoniamnist_normal_2280_filtered/normal_0400.png,0.9632445573806763
/content/drive/MyDrive/MedSymmFlow_Project/synthetic_data/pneumoniamnist_normal_2280_filtered/normal_0046.png,/content/drive/MyDrive/MedSymmFlow_Project/synthetic_data/pneumoniamnist_normal_2280_filtered/normal_0083.png,0.963233232498169
/content/drive/MyDrive/MedSymmFlow_Project/synthetic_data/pneumoniamnist_normal_2280_filtered/normal_1287.png,/content/drive/MyDrive/MedSymmFlow_Project/synthetic_data/pneumoniamnist_normal_2280_filtered/normal_0494.png,0.9632284641265869
/content/drive/MyDrive/MedSymmFlow_Project/synthetic_data/pneumoniamnist_normal_2280_filtered/normal_1906.png,/content/drive/MyDrive/MedSymmFlow_Project/synthetic_data/pneumoniamnist_normal_2280_filtered/normal_2220.png,0.9632272720336914
/content/drive/MyDrive/MedSymmFlow_Project/synthetic_data/pneumoniamnist_normal_2280_filtered/normal_1858.png,/content/drive/MyDrive/MedSymmFlow_Project/synthetic_data/pneumoniamnist_normal_2280_filtered/normal_2256.png,0.9632241725921631
/content/drive/MyDrive/MedSymmFlow_Project/synthetic_data/pneumoniamnist_normal_2280_filtered/normal_0137.png,/content/drive/MyDrive/MedSymmFlow_Project/synthetic_data/pneumoniamnist_normal_2280_filtered/normal_1725.png,0.9632084369659424
/content/drive/MyDrive/MedSymmFlow_Project/synthetic_data/pneumoniamnist_normal_2280_filtered/normal_1725.png,/content/drive/MyDrive/MedSymmFlow_Project/synthetic_data/pneumoniamnist_normal_2280_filtered/normal_0137.png,0.9632084369659424
/content/drive/MyDrive/MedSymmFlow_Project/synthetic_data/pneumoniamnist_normal_2280_filtered/normal_0287.png,/content/drive/MyDrive/MedSymmFlow_Project/synthetic_data/pneumoniamnist_normal_2280_filtered/normal_0423.png,0.9631946086883545
/content/drive/MyDrive/MedSymmFlow_Project/synthetic_data/pneumoniamnist_normal_2280_filtered/normal_1748.png,/content/drive/MyDrive/MedSymmFlow_Project/synthetic_data/pneumoniamnist_normal_2280_filtered/normal_0012.png,0.9631819128990173
/content/drive/MyDrive/MedSymmFlow_Project/synthetic_data/pneumoniamnist_normal_2280_filtered/normal_0012.png,/content/drive/MyDrive/MedSymmFlow_Project/synthetic_data/pneumoniamnist_normal_2280_filtered/normal_1748.png,0.9631819128990173
/content/drive/MyDrive/MedSymmFlow_Project/synthetic_data/pneumoniamnist_normal_2280_filtered/normal_0791.png,/content/drive/MyDrive/MedSymmFlow_Project/synthetic_data/pneumoniamnist_normal_2280_filtered/normal_0217.png,0.9631727933883667
/content/drive/MyDrive/MedSymmFlow_Project/synthetic_data/pneumoniamnist_normal_2280_filtered/normal_2038.png,/content/drive/MyDrive/MedSymmFlow_Project/synthetic_data/pneumoniamnist_normal_2280_filtered/normal_1524.png,0.9631723761558533
/content/drive/MyDrive/MedSymmFlow_Project/synthetic_data/pneumoniamnist_normal_2280_filtered/normal_1627.png,/content/drive/MyDrive/MedSymmFlow_Project/synthetic_data/pneumoniamnist_normal_2280_filtered/normal_1340.png,0.9631518125534058
/content/drive/MyDrive/MedSymmFlow_Project/synthetic_data/pneumoniamnist_normal_2280_filtered/normal_0707.png,/content/drive/MyDrive/MedSymmFlow_Project/synthetic_data/pneumoniamnist_normal_2280_filtered/normal_0187.png,0.9631481170654297
/content/drive/MyDrive/MedSymmFlow_Project/synthetic_data/pneumoniamnist_normal_2280_filtered/normal_1652.png,/content/drive/MyDrive/MedSymmFlow_Project/synthetic_data/pneumoniamnist_normal_2280_filtered/normal_2142.png,0.9631472229957581
/content/drive/MyDrive/MedSymmFlow_Project/synthetic_data/pneumoniamnist_normal_2280_filtered/normal_2142.png,/content/drive/MyDrive/MedSymmFlow_Project/synthetic_data/pneumoniamnist_normal_2280_filtered/normal_1652.png,0.9631472229957581
/content/drive/MyDrive/MedSymmFlow_Project/synthetic_data/pneumoniamnist_normal_2280_filtered/normal_0684.png,/content/drive/MyDrive/MedSymmFlow_Project/synthetic_data/pneumoniamnist_normal_2280_filtered/normal_1625.png,0.9631469249725342
/content/drive/MyDrive/MedSymmFlow_Project/synthetic_data/pneumoniamnist_normal_2280_filtered/normal_0622.png,/content/drive/MyDrive/MedSymmFlow_Project/synthetic_data/pneumoniamnist_normal_2280_filtered/normal_1258.png,0.9631325006484985
/content/drive/MyDrive/MedSymmFlow_Project/synthetic_data/pneumoniamnist_normal_2280_filtered/normal_1440.png,/content/drive/MyDrive/MedSymmFlow_Project/synthetic_data/pneumoniamnist_normal_2280_filtered/normal_1765.png,0.9631291627883911
/content/drive/MyDrive/MedSymmFlow_Project/synthetic_data/pneumoniamnist_normal_2280_filtered/normal_0376.png,/content/drive/MyDrive/MedSymmFlow_Project/synthetic_data/pneumoniamnist_normal_2280_filtered/normal_0911.png,0.9630740284919739
/content/drive/MyDrive/MedSymmFlow_Project/synthetic_data/pneumoniamnist_normal_2280_filtered/normal_0911.png,/content/drive/MyDrive/MedSymmFlow_Project/synthetic_data/pneumoniamnist_normal_2280_filtered/normal_0376.png,0.9630740284919739
/content/drive/MyDrive/MedSymmFlow_Project/synthetic_data/pneumoniamnist_normal_2280_filtered/normal_1855.png,/content/drive/MyDrive/MedSymmFlow_Project/synthetic_data/pneumoniamnist_normal_2280_filtered/normal_2271.png,0.9630696773529053
/content/drive/MyDrive/MedSymmFlow_Project/synthetic_data/pneumoniamnist_normal_2280_filtered/normal_0175.png,/content/drive/MyDrive/MedSymmFlow_Project/synthetic_data/pneumoniamnist_normal_2280_filtered/normal_0324.png,0.9630666375160217
/content/drive/MyDrive/MedSymmFlow_Project/synthetic_data/pneumoniamnist_normal_2280_filtered/normal_1631.png,/content/drive/MyDrive/MedSymmFlow_Project/synthetic_data/pneumoniamnist_normal_2280_filtered/normal_1662.png,0.9630526900291443
/content/drive/MyDrive/MedSymmFlow_Project/synthetic_data/pneumoniamnist_normal_2280_filtered/normal_1656.png,/content/drive/MyDrive/MedSymmFlow_Project/synthetic_data/pneumoniamnist_normal_2280_filtered/normal_1880.png,0.9630425572395325
/content/drive/MyDrive/MedSymmFlow_Project/synthetic_data/pneumoniamnist_normal_2280_filtered/normal_1880.png,/content/drive/MyDrive/MedSymmFlow_Project/synthetic_data/pneumoniamnist_normal_2280_filtered/normal_1656.png,0.9630425572395325
/content/drive/MyDrive/MedSymmFlow_Project/synthetic_data/pneumoniamnist_normal_2280_filtered/normal_0981.png,/content/drive/MyDrive/MedSymmFlow_Project/synthetic_data/pneumoniamnist_normal_2280_filtered/normal_0806.png,0.9630075693130493
/content/drive/MyDrive/MedSymmFlow_Project/synthetic_data/pneumoniamnist_normal_2280_filtered/normal_1623.png,/content/drive/MyDrive/MedSymmFlow_Project/synthetic_data/pneumoniamnist_normal_2280_filtered/normal_1637.png,0.9630033373832703
/content/drive/MyDrive/MedSymmFlow_Project/synthetic_data/pneumoniamnist_normal_2280_filtered/normal_2165.png,/content/drive/MyDrive/MedSymmFlow_Project/synthetic_data/pneumoniamnist_normal_2280_filtered/normal_1395.png,0.9630006551742554
/content/drive/MyDrive/MedSymmFlow_Project/synthetic_data/pneumoniamnist_normal_2280_filtered/normal_2145.png,/content/drive/MyDrive/MedSymmFlow_Project/synthetic_data/pneumoniamnist_normal_2280_filtered/normal_0770.png,0.9629969596862793
/content/drive/MyDrive/MedSymmFlow_Project/synthetic_data/pneumoniamnist_normal_2280_filtered/normal_0541.png,/content/drive/MyDrive/MedSymmFlow_Project/synthetic_data/pneumoniamnist_normal_2280_filtered/normal_1663.png,0.962984025478363
/content/drive/MyDrive/MedSymmFlow_Project/synthetic_data/pneumoniamnist_normal_2280_filtered/normal_1079.png,/content/drive/MyDrive/MedSymmFlow_Project/synthetic_data/pneumoniamnist_normal_2280_filtered/normal_0358.png,0.9629653692245483
/content/drive/MyDrive/MedSymmFlow_Project/synthetic_data/pneumoniamnist_normal_2280_filtered/normal_1360.png,/content/drive/MyDrive/MedSymmFlow_Project/synthetic_data/pneumoniamnist_normal_2280_filtered/normal_0441.png,0.9629626274108887
/content/drive/MyDrive/MedSymmFlow_Project/synthetic_data/pneumoniamnist_normal_2280_filtered/normal_1255.png,/content/drive/MyDrive/MedSymmFlow_Project/synthetic_data/pneumoniamnist_normal_2280_filtered/normal_1101.png,0.9629473686218262
/content/drive/MyDrive/MedSymmFlow_Project/synthetic_data/pneumoniamnist_normal_2280_filtered/normal_1856.png,/content/drive/MyDrive/MedSymmFlow_Project/synthetic_data/pneumoniamnist_normal_2280_filtered/normal_1506.png,0.9629287719726562
/content/drive/MyDrive/MedSymmFlow_Project/synthetic_data/pneumoniamnist_normal_2280_filtered/normal_1982.png,/content/drive/MyDrive/MedSymmFlow_Project/synthetic_data/pneumoniamnist_normal_2280_filtered/normal_0533.png,0.9629172086715698
/content/drive/MyDrive/MedSymmFlow_Project/synthetic_data/pneumoniamnist_normal_2280_filtered/normal_0533.png,/content/drive/MyDrive/MedSymmFlow_Project/synthetic_data/pneumoniamnist_normal_2280_filtered/normal_1982.png,0.9629172086715698
/content/drive/MyDrive/MedSymmFlow_Project/synthetic_data/pneumoniamnist_normal_2280_filtered/normal_0631.png,/content/drive/MyDrive/MedSymmFlow_Project/synthetic_data/pneumoniamnist_normal_2280_filtered/normal_0935.png,0.9629096984863281
/content/drive/MyDrive/MedSymmFlow_Project/synthetic_data/pneumoniamnist_normal_2280_filtered/normal_0503.png,/content/drive/MyDrive/MedSymmFlow_Project/synthetic_data/pneumoniamnist_normal_2280_filtered/normal_0408.png,0.9629077315330505
/content/drive/MyDrive/MedSymmFlow_Project/synthetic_data/pneumoniamnist_normal_2280_filtered/normal_1297.png,/content/drive/MyDrive/MedSymmFlow_Project/synthetic_data/pneumoniamnist_normal_2280_filtered/normal_1205.png,0.9628949165344238
/content/drive/MyDrive/MedSymmFlow_Project/synthetic_data/pneumoniamnist_normal_2280_filtered/normal_0659.png,/content/drive/MyDrive/MedSymmFlow_Project/synthetic_data/pneumoniamnist_normal_2280_filtered/normal_1258.png,0.9628852605819702
/content/drive/MyDrive/MedSymmFlow_Project/synthetic_data/pneumoniamnist_normal_2280_filtered/normal_1643.png,/content/drive/MyDrive/MedSymmFlow_Project/synthetic_data/pneumoniamnist_normal_2280_filtered/normal_1661.png,0.9628693461418152
/content/drive/MyDrive/MedSymmFlow_Project/synthetic_data/pneumoniamnist_normal_2280_filtered/normal_0900.png,/content/drive/MyDrive/MedSymmFlow_Project/synthetic_data/pneumoniamnist_normal_2280_filtered/normal_2166.png,0.9628680944442749
/content/drive/MyDrive/MedSymmFlow_Project/synthetic_data/pneumoniamnist_normal_2280_filtered/normal_0227.png,/content/drive/MyDrive/MedSymmFlow_Project/synthetic_data/pneumoniamnist_normal_2280_filtered/normal_0050.png,0.9628661870956421
/content/drive/MyDrive/MedSymmFlow_Project/synthetic_data/pneumoniamnist_normal_2280_filtered/normal_0660.png,/content/drive/MyDrive/MedSymmFlow_Project/synthetic_data/pneumoniamnist_normal_2280_filtered/normal_1015.png,0.9628610014915466
/content/drive/MyDrive/MedSymmFlow_Project/synthetic_data/pneumoniamnist_normal_2280_filtered/normal_0792.png,/content/drive/MyDrive/MedSymmFlow_Project/synthetic_data/pneumoniamnist_normal_2280_filtered/normal_0429.png,0.9628571271896362
/content/drive/MyDrive/MedSymmFlow_Project/synthetic_data/pneumoniamnist_normal_2280_filtered/normal_0307.png,/content/drive/MyDrive/MedSymmFlow_Project/synthetic_data/pneumoniamnist_normal_2280_filtered/normal_1985.png,0.9628510475158691
/content/drive/MyDrive/MedSymmFlow_Project/synthetic_data/pneumoniamnist_normal_2280_filtered/normal_0561.png,/content/drive/MyDrive/MedSymmFlow_Project/synthetic_data/pneumoniamnist_normal_2280_filtered/normal_0862.png,0.9628434181213379
/content/drive/MyDrive/MedSymmFlow_Project/synthetic_data/pneumoniamnist_normal_2280_filtered/normal_1739.png,/content/drive/MyDrive/MedSymmFlow_Project/synthetic_data/pneumoniamnist_normal_2280_filtered/normal_0768.png,0.9628168344497681
/content/drive/MyDrive/MedSymmFlow_Project/synthetic_data/pneumoniamnist_normal_2280_filtered/normal_1225.png,/content/drive/MyDrive/MedSymmFlow_Project/synthetic_data/pneumoniamnist_normal_2280_filtered/normal_0244.png,0.9628065824508667
/content/drive/MyDrive/MedSymmFlow_Project/synthetic_data/pneumoniamnist_normal_2280_filtered/normal_2127.png,/content/drive/MyDrive/MedSymmFlow_Project/synthetic_data/pneumoniamnist_normal_2280_filtered/normal_1437.png,0.9627635478973389
/content/drive/MyDrive/MedSymmFlow_Project/synthetic_data/pneumoniamnist_normal_2280_filtered/normal_2039.png,/content/drive/MyDrive/MedSymmFlow_Project/synthetic_data/pneumoniamnist_normal_2280_filtered/normal_2038.png,0.9627618789672852
/content/drive/MyDrive/MedSymmFlow_Project/synthetic_data/pneumoniamnist_normal_2280_filtered/normal_2193.png,/content/drive/MyDrive/MedSymmFlow_Project/synthetic_data/pneumoniamnist_normal_2280_filtered/normal_1780.png,0.962756872177124
/content/drive/MyDrive/MedSymmFlow_Project/synthetic_data/pneumoniamnist_normal_2280_filtered/normal_0120.png,/content/drive/MyDrive/MedSymmFlow_Project/synthetic_data/pneumoniamnist_normal_2280_filtered/normal_0118.png,0.9627479314804077
/content/drive/MyDrive/MedSymmFlow_Project/synthetic_data/pneumoniamnist_normal_2280_filtered/normal_1670.png,/content/drive/MyDrive/MedSymmFlow_Project/synthetic_data/pneumoniamnist_normal_2280_filtered/normal_1477.png,0.962739884853363
/content/drive/MyDrive/MedSymmFlow_Project/synthetic_data/pneumoniamnist_normal_2280_filtered/normal_0173.png,/content/drive/MyDrive/MedSymmFlow_Project/synthetic_data/pneumoniamnist_normal_2280_filtered/normal_0566.png,0.9627320170402527
/content/drive/MyDrive/MedSymmFlow_Project/synthetic_data/pneumoniamnist_normal_2280_filtered/normal_1755.png,/content/drive/MyDrive/MedSymmFlow_Project/synthetic_data/pneumoniamnist_normal_2280_filtered/normal_1234.png,0.9627300500869751
/content/drive/MyDrive/MedSymmFlow_Project/synthetic_data/pneumoniamnist_normal_2280_filtered/normal_2040.png,/content/drive/MyDrive/MedSymmFlow_Project/synthetic_data/pneumoniamnist_normal_2280_filtered/normal_1831.png,0.9627194404602051
/content/drive/MyDrive/MedSymmFlow_Project/synthetic_data/pneumoniamnist_normal_2280_filtered/normal_1164.png,/content/drive/MyDrive/MedSymmFlow_Project/synthetic_data/pneumoniamnist_normal_2280_filtered/normal_0315.png,0.9627103805541992
/content/drive/MyDrive/MedSymmFlow_Project/synthetic_data/pneumoniamnist_normal_2280_filtered/normal_1719.png,/content/drive/MyDrive/MedSymmFlow_Project/synthetic_data/pneumoniamnist_normal_2280_filtered/normal_0186.png,0.9627078175544739
/content/drive/MyDrive/MedSymmFlow_Project/synthetic_data/pneumoniamnist_normal_2280_filtered/normal_0757.png,/content/drive/MyDrive/MedSymmFlow_Project/synthetic_data/pneumoniamnist_normal_2280_filtered/normal_0922.png,0.9626854658126831
/content/drive/MyDrive/MedSymmFlow_Project/synthetic_data/pneumoniamnist_normal_2280_filtered/normal_1815.png,/content/drive/MyDrive/MedSymmFlow_Project/synthetic_data/pneumoniamnist_normal_2280_filtered/normal_1906.png,0.9626525640487671
/content/drive/MyDrive/MedSymmFlow_Project/synthetic_data/pneumoniamnist_normal_2280_filtered/normal_1639.png,/content/drive/MyDrive/MedSymmFlow_Project/synthetic_data/pneumoniamnist_normal_2280_filtered/normal_0387.png,0.9626296758651733
/content/drive/MyDrive/MedSymmFlow_Project/synthetic_data/pneumoniamnist_normal_2280_filtered/normal_0853.png,/content/drive/MyDrive/MedSymmFlow_Project/synthetic_data/pneumoniamnist_normal_2280_filtered/normal_0091.png,0.962620198726654
/content/drive/MyDrive/MedSymmFlow_Project/synthetic_data/pneumoniamnist_normal_2280_filtered/normal_0195.png,/content/drive/MyDrive/MedSymmFlow_Project/synthetic_data/pneumoniamnist_normal_2280_filtered/normal_1177.png,0.9626111388206482
/content/drive/MyDrive/MedSymmFlow_Project/synthetic_data/pneumoniamnist_normal_2280_filtered/normal_2253.png,/content/drive/MyDrive/MedSymmFlow_Project/synthetic_data/pneumoniamnist_normal_2280_filtered/normal_1222.png,0.9626104831695557
/content/drive/MyDrive/MedSymmFlow_Project/synthetic_data/pneumoniamnist_normal_2280_filtered/normal_1162.png,/content/drive/MyDrive/MedSymmFlow_Project/synthetic_data/pneumoniamnist_normal_2280_filtered/normal_0759.png,0.962602972984314
/content/drive/MyDrive/MedSymmFlow_Project/synthetic_data/pneumoniamnist_normal_2280_filtered/normal_0760.png,/content/drive/MyDrive/MedSymmFlow_Project/synthetic_data/pneumoniamnist_normal_2280_filtered/normal_2206.png,0.9626021385192871
/content/drive/MyDrive/MedSymmFlow_Project/synthetic_data/pneumoniamnist_normal_2280_filtered/normal_1390.png,/content/drive/MyDrive/MedSymmFlow_Project/synthetic_data/pneumoniamnist_normal_2280_filtered/normal_1999.png,0.962593138217926
/content/drive/MyDrive/MedSymmFlow_Project/synthetic_data/pneumoniamnist_normal_2280_filtered/normal_1999.png,/content/drive/MyDrive/MedSymmFlow_Project/synthetic_data/pneumoniamnist_normal_2280_filtered/normal_1390.png,0.962593138217926
/content/drive/MyDrive/MedSymmFlow_Project/synthetic_data/pneumoniamnist_normal_2280_filtered/normal_1562.png,/content/drive/MyDrive/MedSymmFlow_Project/synthetic_data/pneumoniamnist_normal_2280_filtered/normal_1171.png,0.9625867009162903
/content/drive/MyDrive/MedSymmFlow_Project/synthetic_data/pneumoniamnist_normal_2280_filtered/normal_1950.png,/content/drive/MyDrive/MedSymmFlow_Project/synthetic_data/pneumoniamnist_normal_2280_filtered/normal_1738.png,0.9625633358955383
/content/drive/MyDrive/MedSymmFlow_Project/synthetic_data/pneumoniamnist_normal_2280_filtered/normal_0497.png,/content/drive/MyDrive/MedSymmFlow_Project/synthetic_data/pneumoniamnist_normal_2280_filtered/normal_0784.png,0.9625513553619385
/content/drive/MyDrive/MedSymmFlow_Project/synthetic_data/pneumoniamnist_normal_2280_filtered/normal_0550.png,/content/drive/MyDrive/MedSymmFlow_Project/synthetic_data/pneumoniamnist_normal_2280_filtered/normal_0956.png,0.9625308513641357
/content/drive/MyDrive/MedSymmFlow_Project/synthetic_data/pneumoniamnist_normal_2280_filtered/normal_0588.png,/content/drive/MyDrive/MedSymmFlow_Project/synthetic_data/pneumoniamnist_normal_2280_filtered/normal_1215.png,0.9625104069709778
/content/drive/MyDrive/MedSymmFlow_Project/synthetic_data/pneumoniamnist_normal_2280_filtered/normal_2170.png,/content/drive/MyDrive/MedSymmFlow_Project/synthetic_data/pneumoniamnist_normal_2280_filtered/normal_2235.png,0.9625000953674316
/content/drive/MyDrive/MedSymmFlow_Project/synthetic_data/pneumoniamnist_normal_2280_filtered/normal_1838.png,/content/drive/MyDrive/MedSymmFlow_Project/synthetic_data/pneumoniamnist_normal_2280_filtered/normal_0770.png,0.9624996781349182
/content/drive/MyDrive/MedSymmFlow_Project/synthetic_data/pneumoniamnist_normal_2280_filtered/normal_1555.png,/content/drive/MyDrive/MedSymmFlow_Project/synthetic_data/pneumoniamnist_normal_2280_filtered/normal_1914.png,0.9624898433685303
/content/drive/MyDrive/MedSymmFlow_Project/synthetic_data/pneumoniamnist_normal_2280_filtered/normal_1595.png,/content/drive/MyDrive/MedSymmFlow_Project/synthetic_data/pneumoniamnist_normal_2280_filtered/normal_0834.png,0.9624712467193604
/content/drive/MyDrive/MedSymmFlow_Project/synthetic_data/pneumoniamnist_normal_2280_filtered/normal_0934.png,/content/drive/MyDrive/MedSymmFlow_Project/synthetic_data/pneumoniamnist_normal_2280_filtered/normal_0138.png,0.9624350070953369
/content/drive/MyDrive/MedSymmFlow_Project/synthetic_data/pneumoniamnist_normal_2280_filtered/normal_0778.png,/content/drive/MyDrive/MedSymmFlow_Project/synthetic_data/pneumoniamnist_normal_2280_filtered/normal_1494.png,0.9624340534210205
/content/drive/MyDrive/MedSymmFlow_Project/synthetic_data/pneumoniamnist_normal_2280_filtered/normal_1800.png,/content/drive/MyDrive/MedSymmFlow_Project/synthetic_data/pneumoniamnist_normal_2280_filtered/normal_0877.png,0.9624192714691162
/content/drive/MyDrive/MedSymmFlow_Project/synthetic_data/pneumoniamnist_normal_2280_filtered/normal_2016.png,/content/drive/MyDrive/MedSymmFlow_Project/synthetic_data/pneumoniamnist_normal_2280_filtered/normal_0487.png,0.9624147415161133
/content/drive/MyDrive/MedSymmFlow_Project/synthetic_data/pneumoniamnist_normal_2280_filtered/normal_1227.png,/content/drive/MyDrive/MedSymmFlow_Project/synthetic_data/pneumoniamnist_normal_2280_filtered/normal_0375.png,0.9624066352844238
/content/drive/MyDrive/MedSymmFlow_Project/synthetic_data/pneumoniamnist_normal_2280_filtered/normal_0298.png,/content/drive/MyDrive/MedSymmFlow_Project/synthetic_data/pneumoniamnist_normal_2280_filtered/normal_0708.png,0.9624022841453552
/content/drive/MyDrive/MedSymmFlow_Project/synthetic_data/pneumoniamnist_normal_2280_filtered/normal_0409.png,/content/drive/MyDrive/MedSymmFlow_Project/synthetic_data/pneumoniamnist_normal_2280_filtered/normal_2154.png,0.9623700976371765
/content/drive/MyDrive/MedSymmFlow_Project/synthetic_data/pneumoniamnist_normal_2280_filtered/normal_0356.png,/content/drive/MyDrive/MedSymmFlow_Project/synthetic_data/pneumoniamnist_normal_2280_filtered/normal_0901.png,0.9623672962188721
/content/drive/MyDrive/MedSymmFlow_Project/synthetic_data/pneumoniamnist_normal_2280_filtered/normal_1728.png,/content/drive/MyDrive/MedSymmFlow_Project/synthetic_data/pneumoniamnist_normal_2280_filtered/normal_0860.png,0.9623655080795288
/content/drive/MyDrive/MedSymmFlow_Project/synthetic_data/pneumoniamnist_normal_2280_filtered/normal_2144.png,/content/drive/MyDrive/MedSymmFlow_Project/synthetic_data/pneumoniamnist_normal_2280_filtered/normal_0324.png,0.9623629450798035
/content/drive/MyDrive/MedSymmFlow_Project/synthetic_data/pneumoniamnist_normal_2280_filtered/normal_1696.png,/content/drive/MyDrive/MedSymmFlow_Project/synthetic_data/pneumoniamnist_normal_2280_filtered/normal_1505.png,0.9623622894287109
/content/drive/MyDrive/MedSymmFlow_Project/synthetic_data/pneumoniamnist_normal_2280_filtered/normal_1123.png,/content/drive/MyDrive/MedSymmFlow_Project/synthetic_data/pneumoniamnist_normal_2280_filtered/normal_1469.png,0.9623137712478638
/content/drive/MyDrive/MedSymmFlow_Project/synthetic_data/pneumoniamnist_normal_2280_filtered/normal_1828.png,/content/drive/MyDrive/MedSymmFlow_Project/synthetic_data/pneumoniamnist_normal_2280_filtered/normal_2270.png,0.962308406829834
/content/drive/MyDrive/MedSymmFlow_Project/synthetic_data/pneumoniamnist_normal_2280_filtered/normal_0205.png,/content/drive/MyDrive/MedSymmFlow_Project/synthetic_data/pneumoniamnist_normal_2280_filtered/normal_1225.png,0.962299108505249
/content/drive/MyDrive/MedSymmFlow_Project/synthetic_data/pneumoniamnist_normal_2280_filtered/normal_0671.png,/content/drive/MyDrive/MedSymmFlow_Project/synthetic_data/pneumoniamnist_normal_2280_filtered/normal_0076.png,0.9622948169708252
/content/drive/MyDrive/MedSymmFlow_Project/synthetic_data/pneumoniamnist_normal_2280_filtered/normal_0735.png,/content/drive/MyDrive/MedSymmFlow_Project/synthetic_data/pneumoniamnist_normal_2280_filtered/normal_1086.png,0.9622916579246521
/content/drive/MyDrive/MedSymmFlow_Project/synthetic_data/pneumoniamnist_normal_2280_filtered/normal_1508.png,/content/drive/MyDrive/MedSymmFlow_Project/synthetic_data/pneumoniamnist_normal_2280_filtered/normal_1937.png,0.9622716903686523
/content/drive/MyDrive/MedSymmFlow_Project/synthetic_data/pneumoniamnist_normal_2280_filtered/normal_0906.png,/content/drive/MyDrive/MedSymmFlow_Project/synthetic_data/pneumoniamnist_normal_2280_filtered/normal_1385.png,0.9622522592544556
/content/drive/MyDrive/MedSymmFlow_Project/synthetic_data/pneumoniamnist_normal_2280_filtered/normal_2025.png,/content/drive/MyDrive/MedSymmFlow_Project/synthetic_data/pneumoniamnist_normal_2280_filtered/normal_2079.png,0.9622327089309692
/content/drive/MyDrive/MedSymmFlow_Project/synthetic_data/pneumoniamnist_normal_2280_filtered/normal_0657.png,/content/drive/MyDrive/MedSymmFlow_Project/synthetic_data/pneumoniamnist_normal_2280_filtered/normal_1228.png,0.9622327089309692
/content/drive/MyDrive/MedSymmFlow_Project/synthetic_data/pneumoniamnist_normal_2280_filtered/normal_0246.png,/content/drive/MyDrive/MedSymmFlow_Project/synthetic_data/pneumoniamnist_normal_2280_filtered/normal_1519.png,0.962224006652832
/content/drive/MyDrive/MedSymmFlow_Project/synthetic_data/pneumoniamnist_normal_2280_filtered/normal_1819.png,/content/drive/MyDrive/MedSymmFlow_Project/synthetic_data/pneumoniamnist_normal_2280_filtered/normal_2044.png,0.962221622467041
/content/drive/MyDrive/MedSymmFlow_Project/synthetic_data/pneumoniamnist_normal_2280_filtered/normal_1556.png,/content/drive/MyDrive/MedSymmFlow_Project/synthetic_data/pneumoniamnist_normal_2280_filtered/normal_1501.png,0.962213397026062
/content/drive/MyDrive/MedSymmFlow_Project/synthetic_data/pneumoniamnist_normal_2280_filtered/normal_0142.png,/content/drive/MyDrive/MedSymmFlow_Project/synthetic_data/pneumoniamnist_normal_2280_filtered/normal_0782.png,0.9621986150741577
/content/drive/MyDrive/MedSymmFlow_Project/synthetic_data/pneumoniamnist_normal_2280_filtered/normal_1427.png,/content/drive/MyDrive/MedSymmFlow_Project/synthetic_data/pneumoniamnist_normal_2280_filtered/normal_0256.png,0.9621967077255249
/content/drive/MyDrive/MedSymmFlow_Project/synthetic_data/pneumoniamnist_normal_2280_filtered/normal_0362.png,/content/drive/MyDrive/MedSymmFlow_Project/synthetic_data/pneumoniamnist_normal_2280_filtered/normal_0771.png,0.9621851444244385
/content/drive/MyDrive/MedSymmFlow_Project/synthetic_data/pneumoniamnist_normal_2280_filtered/normal_0989.png,/content/drive/MyDrive/MedSymmFlow_Project/synthetic_data/pneumoniamnist_normal_2280_filtered/normal_0034.png,0.9621753692626953
/content/drive/MyDrive/MedSymmFlow_Project/synthetic_data/pneumoniamnist_normal_2280_filtered/normal_1300.png,/content/drive/MyDrive/MedSymmFlow_Project/synthetic_data/pneumoniamnist_normal_2280_filtered/normal_0535.png,0.962169885635376
/content/drive/MyDrive/MedSymmFlow_Project/synthetic_data/pneumoniamnist_normal_2280_filtered/normal_2008.png,/content/drive/MyDrive/MedSymmFlow_Project/synthetic_data/pneumoniamnist_normal_2280_filtered/normal_0999.png,0.9621508121490479
/content/drive/MyDrive/MedSymmFlow_Project/synthetic_data/pneumoniamnist_normal_2280_filtered/normal_0781.png,/content/drive/MyDrive/MedSymmFlow_Project/synthetic_data/pneumoniamnist_normal_2280_filtered/normal_2041.png,0.9621458053588867
/content/drive/MyDrive/MedSymmFlow_Project/synthetic_data/pneumoniamnist_normal_2280_filtered/normal_1820.png,/content/drive/MyDrive/MedSymmFlow_Project/synthetic_data/pneumoniamnist_normal_2280_filtered/normal_0569.png,0.9621409177780151
/content/drive/MyDrive/MedSymmFlow_Project/synthetic_data/pneumoniamnist_normal_2280_filtered/normal_1082.png,/content/drive/MyDrive/MedSymmFlow_Project/synthetic_data/pneumoniamnist_normal_2280_filtered/normal_1358.png,0.962124228477478
/content/drive/MyDrive/MedSymmFlow_Project/synthetic_data/pneumoniamnist_normal_2280_filtered/normal_0156.png,/content/drive/MyDrive/MedSymmFlow_Project/synthetic_data/pneumoniamnist_normal_2280_filtered/normal_0624.png,0.962119460105896
/content/drive/MyDrive/MedSymmFlow_Project/synthetic_data/pneumoniamnist_normal_2280_filtered/normal_0585.png,/content/drive/MyDrive/MedSymmFlow_Project/synthetic_data/pneumoniamnist_normal_2280_filtered/normal_0871.png,0.9621070623397827
/content/drive/MyDrive/MedSymmFlow_Project/synthetic_data/pneumoniamnist_normal_2280_filtered/normal_0527.png,/content/drive/MyDrive/MedSymmFlow_Project/synthetic_data/pneumoniamnist_normal_2280_filtered/normal_0168.png,0.9621022939682007
/content/drive/MyDrive/MedSymmFlow_Project/synthetic_data/pneumoniamnist_normal_2280_filtered/normal_0467.png,/content/drive/MyDrive/MedSymmFlow_Project/synthetic_data/pneumoniamnist_normal_2280_filtered/normal_0985.png,0.9620935916900635
/content/drive/MyDrive/MedSymmFlow_Project/synthetic_data/pneumoniamnist_normal_2280_filtered/normal_2181.png,/content/drive/MyDrive/MedSymmFlow_Project/synthetic_data/pneumoniamnist_normal_2280_filtered/normal_1477.png,0.962019681930542
/content/drive/MyDrive/MedSymmFlow_Project/synthetic_data/pneumoniamnist_normal_2280_filtered/normal_0035.png,/content/drive/MyDrive/MedSymmFlow_Project/synthetic_data/pneumoniamnist_normal_2280_filtered/normal_0400.png,0.9620135426521301
/content/drive/MyDrive/MedSymmFlow_Project/synthetic_data/pneumoniamnist_normal_2280_filtered/normal_1920.png,/content/drive/MyDrive/MedSymmFlow_Project/synthetic_data/pneumoniamnist_normal_2280_filtered/normal_1746.png,0.9620108604431152
/content/drive/MyDrive/MedSymmFlow_Project/synthetic_data/pneumoniamnist_normal_2280_filtered/normal_1008.png,/content/drive/MyDrive/MedSymmFlow_Project/synthetic_data/pneumoniamnist_normal_2280_filtered/normal_1014.png,0.9619818925857544
/content/drive/MyDrive/MedSymmFlow_Project/synthetic_data/pneumoniamnist_normal_2280_filtered/normal_1447.png,/content/drive/MyDrive/MedSymmFlow_Project/synthetic_data/pneumoniamnist_normal_2280_filtered/normal_1985.png,0.9619718790054321
/content/drive/MyDrive/MedSymmFlow_Project/synthetic_data/pneumoniamnist_normal_2280_filtered/normal_2051.png,/content/drive/MyDrive/MedSymmFlow_Project/synthetic_data/pneumoniamnist_normal_2280_filtered/normal_2148.png,0.9619461297988892
/content/drive/MyDrive/MedSymmFlow_Project/synthetic_data/pneumoniamnist_normal_2280_filtered/normal_1610.png,/content/drive/MyDrive/MedSymmFlow_Project/synthetic_data/pneumoniamnist_normal_2280_filtered/normal_1925.png,0.9619166851043701
/content/drive/MyDrive/MedSymmFlow_Project/synthetic_data/pneumoniamnist_normal_2280_filtered/normal_1316.png,/content/drive/MyDrive/MedSymmFlow_Project/synthetic_data/pneumoniamnist_normal_2280_filtered/normal_0884.png,0.961915135383606
/content/drive/MyDrive/MedSymmFlow_Project/synthetic_data/pneumoniamnist_normal_2280_filtered/normal_0583.png,/content/drive/MyDrive/MedSymmFlow_Project/synthetic_data/pneumoniamnist_normal_2280_filtered/normal_0324.png,0.9619002342224121
/content/drive/MyDrive/MedSymmFlow_Project/synthetic_data/pneumoniamnist_normal_2280_filtered/normal_0716.png,/content/drive/MyDrive/MedSymmFlow_Project/synthetic_data/pneumoniamnist_normal_2280_filtered/normal_1097.png,0.9618752002716064
/content/drive/MyDrive/MedSymmFlow_Project/synthetic_data/pneumoniamnist_normal_2280_filtered/normal_1850.png,/content/drive/MyDrive/MedSymmFlow_Project/synthetic_data/pneumoniamnist_normal_2280_filtered/normal_1892.png,0.9618366360664368
/content/drive/MyDrive/MedSymmFlow_Project/synthetic_data/pneumoniamnist_normal_2280_filtered/normal_0143.png,/content/drive/MyDrive/MedSymmFlow_Project/synthetic_data/pneumoniamnist_normal_2280_filtered/normal_1826.png,0.9618275761604309
/content/drive/MyDrive/MedSymmFlow_Project/synthetic_data/pneumoniamnist_normal_2280_filtered/normal_2083.png,/content/drive/MyDrive/MedSymmFlow_Project/synthetic_data/pneumoniamnist_normal_2280_filtered/normal_2223.png,0.9618151783943176
/content/drive/MyDrive/MedSymmFlow_Project/synthetic_data/pneumoniamnist_normal_2280_filtered/normal_0418.png,/content/drive/MyDrive/MedSymmFlow_Project/synthetic_data/pneumoniamnist_normal_2280_filtered/normal_1700.png,0.9617937207221985
/content/drive/MyDrive/MedSymmFlow_Project/synthetic_data/pneumoniamnist_normal_2280_filtered/normal_1700.png,/content/drive/MyDrive/MedSymmFlow_Project/synthetic_data/pneumoniamnist_normal_2280_filtered/normal_0418.png,0.9617937207221985
/content/drive/MyDrive/MedSymmFlow_Project/synthetic_data/pneumoniamnist_normal_2280_filtered/normal_0509.png,/content/drive/MyDrive/MedSymmFlow_Project/synthetic_data/pneumoniamnist_normal_2280_filtered/normal_1341.png,0.9617934823036194
/content/drive/MyDrive/MedSymmFlow_Project/synthetic_data/pneumoniamnist_normal_2280_filtered/normal_0575.png,/content/drive/MyDrive/MedSymmFlow_Project/synthetic_data/pneumoniamnist_normal_2280_filtered/normal_0309.png,0.9617903232574463
/content/drive/MyDrive/MedSymmFlow_Project/synthetic_data/pneumoniamnist_normal_2280_filtered/normal_0515.png,/content/drive/MyDrive/MedSymmFlow_Project/synthetic_data/pneumoniamnist_normal_2280_filtered/normal_0649.png,0.9617887735366821
/content/drive/MyDrive/MedSymmFlow_Project/synthetic_data/pneumoniamnist_normal_2280_filtered/normal_0177.png,/content/drive/MyDrive/MedSymmFlow_Project/synthetic_data/pneumoniamnist_normal_2280_filtered/normal_1384.png,0.9617756605148315
/content/drive/MyDrive/MedSymmFlow_Project/synthetic_data/pneumoniamnist_normal_2280_filtered/normal_1695.png,/content/drive/MyDrive/MedSymmFlow_Project/synthetic_data/pneumoniamnist_normal_2280_filtered/normal_1088.png,0.9617670774459839
/content/drive/MyDrive/MedSymmFlow_Project/synthetic_data/pneumoniamnist_normal_2280_filtered/normal_0966.png,/content/drive/MyDrive/MedSymmFlow_Project/synthetic_data/pneumoniamnist_normal_2280_filtered/normal_0529.png,0.9617377519607544
/content/drive/MyDrive/MedSymmFlow_Project/synthetic_data/pneumoniamnist_normal_2280_filtered/normal_1173.png,/content/drive/MyDrive/MedSymmFlow_Project/synthetic_data/pneumoniamnist_normal_2280_filtered/normal_2019.png,0.9617372751235962
/content/drive/MyDrive/MedSymmFlow_Project/synthetic_data/pneumoniamnist_normal_2280_filtered/normal_0634.png,/content/drive/MyDrive/MedSymmFlow_Project/synthetic_data/pneumoniamnist_normal_2280_filtered/normal_0272.png,0.9617264866828918
/content/drive/MyDrive/MedSymmFlow_Project/synthetic_data/pneumoniamnist_normal_2280_filtered/normal_2069.png,/content/drive/MyDrive/MedSymmFlow_Project/synthetic_data/pneumoniamnist_normal_2280_filtered/normal_2007.png,0.9617128372192383
/content/drive/MyDrive/MedSymmFlow_Project/synthetic_data/pneumoniamnist_normal_2280_filtered/normal_2007.png,/content/drive/MyDrive/MedSymmFlow_Project/synthetic_data/pneumoniamnist_normal_2280_filtered/normal_2069.png,0.9617128372192383
/content/drive/MyDrive/MedSymmFlow_Project/synthetic_data/pneumoniamnist_normal_2280_filtered/normal_1983.png,/content/drive/MyDrive/MedSymmFlow_Project/synthetic_data/pneumoniamnist_normal_2280_filtered/normal_1747.png,0.9617037177085876
/content/drive/MyDrive/MedSymmFlow_Project/synthetic_data/pneumoniamnist_normal_2280_filtered/normal_0163.png,/content/drive/MyDrive/MedSymmFlow_Project/synthetic_data/pneumoniamnist_normal_2280_filtered/normal_0270.png,0.9617018699645996
/content/drive/MyDrive/MedSymmFlow_Project/synthetic_data/pneumoniamnist_normal_2280_filtered/normal_1959.png,/content/drive/MyDrive/MedSymmFlow_Project/synthetic_data/pneumoniamnist_normal_2280_filtered/normal_1038.png,0.9616807699203491
/content/drive/MyDrive/MedSymmFlow_Project/synthetic_data/pneumoniamnist_normal_2280_filtered/normal_0234.png,/content/drive/MyDrive/MedSymmFlow_Project/synthetic_data/pneumoniamnist_normal_2280_filtered/normal_0730.png,0.9616791009902954
/content/drive/MyDrive/MedSymmFlow_Project/synthetic_data/pneumoniamnist_normal_2280_filtered/normal_0925.png,/content/drive/MyDrive/MedSymmFlow_Project/synthetic_data/pneumoniamnist_normal_2280_filtered/normal_0697.png,0.9616692066192627
/content/drive/MyDrive/MedSymmFlow_Project/synthetic_data/pneumoniamnist_normal_2280_filtered/normal_0680.png,/content/drive/MyDrive/MedSymmFlow_Project/synthetic_data/pneumoniamnist_normal_2280_filtered/normal_1719.png,0.9616526961326599
/content/drive/MyDrive/MedSymmFlow_Project/synthetic_data/pneumoniamnist_normal_2280_filtered/normal_1464.png,/content/drive/MyDrive/MedSymmFlow_Project/synthetic_data/pneumoniamnist_normal_2280_filtered/normal_0896.png,0.9616521596908569
/content/drive/MyDrive/MedSymmFlow_Project/synthetic_data/pneumoniamnist_normal_2280_filtered/normal_0455.png,/content/drive/MyDrive/MedSymmFlow_Project/synthetic_data/pneumoniamnist_normal_2280_filtered/normal_1329.png,0.9616259336471558
/content/drive/MyDrive/MedSymmFlow_Project/synthetic_data/pneumoniamnist_normal_2280_filtered/normal_2183.png,/content/drive/MyDrive/MedSymmFlow_Project/synthetic_data/pneumoniamnist_normal_2280_filtered/normal_1960.png,0.9616063237190247
/content/drive/MyDrive/MedSymmFlow_Project/synthetic_data/pneumoniamnist_normal_2280_filtered/normal_1559.png,/content/drive/MyDrive/MedSymmFlow_Project/synthetic_data/pneumoniamnist_normal_2280_filtered/normal_1056.png,0.9616026282310486
/content/drive/MyDrive/MedSymmFlow_Project/synthetic_data/pneumoniamnist_normal_2280_filtered/normal_1504.png,/content/drive/MyDrive/MedSymmFlow_Project/synthetic_data/pneumoniamnist_normal_2280_filtered/normal_1505.png,0.9615978002548218
/content/drive/MyDrive/MedSymmFlow_Project/synthetic_data/pneumoniamnist_normal_2280_filtered/normal_0557.png,/content/drive/MyDrive/MedSymmFlow_Project/synthetic_data/pneumoniamnist_normal_2280_filtered/normal_0719.png,0.9615961313247681
/content/drive/MyDrive/MedSymmFlow_Project/synthetic_data/pneumoniamnist_normal_2280_filtered/normal_1877.png,/content/drive/MyDrive/MedSymmFlow_Project/synthetic_data/pneumoniamnist_normal_2280_filtered/normal_0296.png,0.961591362953186
/content/drive/MyDrive/MedSymmFlow_Project/synthetic_data/pneumoniamnist_normal_2280_filtered/normal_0783.png,/content/drive/MyDrive/MedSymmFlow_Project/synthetic_data/pneumoniamnist_normal_2280_filtered/normal_0547.png,0.9615703821182251
/content/drive/MyDrive/MedSymmFlow_Project/synthetic_data/pneumoniamnist_normal_2280_filtered/normal_1100.png,/content/drive/MyDrive/MedSymmFlow_Project/synthetic_data/pneumoniamnist_normal_2280_filtered/normal_0531.png,0.9615557193756104
/content/drive/MyDrive/MedSymmFlow_Project/synthetic_data/pneumoniamnist_normal_2280_filtered/normal_0652.png,/content/drive/MyDrive/MedSymmFlow_Project/synthetic_data/pneumoniamnist_normal_2280_filtered/normal_1058.png,0.9615521430969238
/content/drive/MyDrive/MedSymmFlow_Project/synthetic_data/pneumoniamnist_normal_2280_filtered/normal_0260.png,/content/drive/MyDrive/MedSymmFlow_Project/synthetic_data/pneumoniamnist_normal_2280_filtered/normal_1125.png,0.9615390300750732
/content/drive/MyDrive/MedSymmFlow_Project/synthetic_data/pneumoniamnist_normal_2280_filtered/normal_0219.png,/content/drive/MyDrive/MedSymmFlow_Project/synthetic_data/pneumoniamnist_normal_2280_filtered/normal_0434.png,0.9615351557731628
/content/drive/MyDrive/MedSymmFlow_Project/synthetic_data/pneumoniamnist_normal_2280_filtered/normal_0499.png,/content/drive/MyDrive/MedSymmFlow_Project/synthetic_data/pneumoniamnist_normal_2280_filtered/normal_0478.png,0.9615263938903809
/content/drive/MyDrive/MedSymmFlow_Project/synthetic_data/pneumoniamnist_normal_2280_filtered/normal_2187.png,/content/drive/MyDrive/MedSymmFlow_Project/synthetic_data/pneumoniamnist_normal_2280_filtered/normal_2113.png,0.9615106582641602
/content/drive/MyDrive/MedSymmFlow_Project/synthetic_data/pneumoniamnist_normal_2280_filtered/normal_1124.png,/content/drive/MyDrive/MedSymmFlow_Project/synthetic_data/pneumoniamnist_normal_2280_filtered/normal_2001.png,0.9614976644515991
/content/drive/MyDrive/MedSymmFlow_Project/synthetic_data/pneumoniamnist_normal_2280_filtered/normal_1909.png,/content/drive/MyDrive/MedSymmFlow_Project/synthetic_data/pneumoniamnist_normal_2280_filtered/normal_1505.png,0.9614654183387756
/content/drive/MyDrive/MedSymmFlow_Project/synthetic_data/pneumoniamnist_normal_2280_filtered/normal_1369.png,/content/drive/MyDrive/MedSymmFlow_Project/synthetic_data/pneumoniamnist_normal_2280_filtered/normal_1606.png,0.9614635705947876
/content/drive/MyDrive/MedSymmFlow_Project/synthetic_data/pneumoniamnist_normal_2280_filtered/normal_1286.png,/content/drive/MyDrive/MedSymmFlow_Project/synthetic_data/pneumoniamnist_normal_2280_filtered/normal_2022.png,0.9614614844322205
/content/drive/MyDrive/MedSymmFlow_Project/synthetic_data/pneumoniamnist_normal_2280_filtered/normal_1397.png,/content/drive/MyDrive/MedSymmFlow_Project/synthetic_data/pneumoniamnist_normal_2280_filtered/normal_0320.png,0.9614568948745728
/content/drive/MyDrive/MedSymmFlow_Project/synthetic_data/pneumoniamnist_normal_2280_filtered/normal_1664.png,/content/drive/MyDrive/MedSymmFlow_Project/synthetic_data/pneumoniamnist_normal_2280_filtered/normal_0320.png,0.9614508152008057
/content/drive/MyDrive/MedSymmFlow_Project/synthetic_data/pneumoniamnist_normal_2280_filtered/normal_2151.png,/content/drive/MyDrive/MedSymmFlow_Project/synthetic_data/pneumoniamnist_normal_2280_filtered/normal_0941.png,0.9614487886428833
/content/drive/MyDrive/MedSymmFlow_Project/synthetic_data/pneumoniamnist_normal_2280_filtered/normal_1426.png,/content/drive/MyDrive/MedSymmFlow_Project/synthetic_data/pneumoniamnist_normal_2280_filtered/normal_1575.png,0.9614441990852356
/content/drive/MyDrive/MedSymmFlow_Project/synthetic_data/pneumoniamnist_normal_2280_filtered/normal_1170.png,/content/drive/MyDrive/MedSymmFlow_Project/synthetic_data/pneumoniamnist_normal_2280_filtered/normal_0620.png,0.9614351987838745
/content/drive/MyDrive/MedSymmFlow_Project/synthetic_data/pneumoniamnist_normal_2280_filtered/normal_1833.png,/content/drive/MyDrive/MedSymmFlow_Project/synthetic_data/pneumoniamnist_normal_2280_filtered/normal_0927.png,0.9614138007164001
/content/drive/MyDrive/MedSymmFlow_Project/synthetic_data/pneumoniamnist_normal_2280_filtered/normal_0641.png,/content/drive/MyDrive/MedSymmFlow_Project/synthetic_data/pneumoniamnist_normal_2280_filtered/normal_1061.png,0.9614102840423584
/content/drive/MyDrive/MedSymmFlow_Project/synthetic_data/pneumoniamnist_normal_2280_filtered/normal_0921.png,/content/drive/MyDrive/MedSymmFlow_Project/synthetic_data/pneumoniamnist_normal_2280_filtered/normal_1298.png,0.9613989591598511
/content/drive/MyDrive/MedSymmFlow_Project/synthetic_data/pneumoniamnist_normal_2280_filtered/normal_0054.png,/content/drive/MyDrive/MedSymmFlow_Project/synthetic_data/pneumoniamnist_normal_2280_filtered/normal_0036.png,0.9613496661186218
/content/drive/MyDrive/MedSymmFlow_Project/synthetic_data/pneumoniamnist_normal_2280_filtered/normal_0036.png,/content/drive/MyDrive/MedSymmFlow_Project/synthetic_data/pneumoniamnist_normal_2280_filtered/normal_0054.png,0.9613496661186218
/content/drive/MyDrive/MedSymmFlow_Project/synthetic_data/pneumoniamnist_normal_2280_filtered/normal_1836.png,/content/drive/MyDrive/MedSymmFlow_Project/synthetic_data/pneumoniamnist_normal_2280_filtered/normal_1027.png,0.9613468647003174
/content/drive/MyDrive/MedSymmFlow_Project/synthetic_data/pneumoniamnist_normal_2280_filtered/normal_2090.png,/content/drive/MyDrive/MedSymmFlow_Project/synthetic_data/pneumoniamnist_normal_2280_filtered/normal_0699.png,0.9613200426101685
/content/drive/MyDrive/MedSymmFlow_Project/synthetic_data/pneumoniamnist_normal_2280_filtered/normal_0070.png,/content/drive/MyDrive/MedSymmFlow_Project/synthetic_data/pneumoniamnist_normal_2280_filtered/normal_0333.png,0.9613170027732849
/content/drive/MyDrive/MedSymmFlow_Project/synthetic_data/pneumoniamnist_normal_2280_filtered/normal_0104.png,/content/drive/MyDrive/MedSymmFlow_Project/synthetic_data/pneumoniamnist_normal_2280_filtered/normal_1023.png,0.9613043665885925
/content/drive/MyDrive/MedSymmFlow_Project/synthetic_data/pneumoniamnist_normal_2280_filtered/normal_0390.png,/content/drive/MyDrive/MedSymmFlow_Project/synthetic_data/pneumoniamnist_normal_2280_filtered/normal_0327.png,0.9612792730331421
/content/drive/MyDrive/MedSymmFlow_Project/synthetic_data/pneumoniamnist_normal_2280_filtered/normal_1630.png,/content/drive/MyDrive/MedSymmFlow_Project/synthetic_data/pneumoniamnist_normal_2280_filtered/normal_2214.png,0.9612758755683899
/content/drive/MyDrive/MedSymmFlow_Project/synthetic_data/pneumoniamnist_normal_2280_filtered/normal_0963.png,/content/drive/MyDrive/MedSymmFlow_Project/synthetic_data/pneumoniamnist_normal_2280_filtered/normal_0813.png,0.9612563252449036
/content/drive/MyDrive/MedSymmFlow_Project/synthetic_data/pneumoniamnist_normal_2280_filtered/normal_0372.png,/content/drive/MyDrive/MedSymmFlow_Project/synthetic_data/pneumoniamnist_normal_2280_filtered/normal_0433.png,0.9612549543380737
/content/drive/MyDrive/MedSymmFlow_Project/synthetic_data/pneumoniamnist_normal_2280_filtered/normal_1337.png,/content/drive/MyDrive/MedSymmFlow_Project/synthetic_data/pneumoniamnist_normal_2280_filtered/normal_0036.png,0.9612470865249634
/content/drive/MyDrive/MedSymmFlow_Project/synthetic_data/pneumoniamnist_normal_2280_filtered/normal_0643.png,/content/drive/MyDrive/MedSymmFlow_Project/synthetic_data/pneumoniamnist_normal_2280_filtered/normal_1750.png,0.961246132850647
/content/drive/MyDrive/MedSymmFlow_Project/synthetic_data/pneumoniamnist_normal_2280_filtered/normal_2036.png,/content/drive/MyDrive/MedSymmFlow_Project/synthetic_data/pneumoniamnist_normal_2280_filtered/normal_1473.png,0.961244523525238
/content/drive/MyDrive/MedSymmFlow_Project/synthetic_data/pneumoniamnist_normal_2280_filtered/normal_0936.png,/content/drive/MyDrive/MedSymmFlow_Project/synthetic_data/pneumoniamnist_normal_2280_filtered/normal_0087.png,0.9612428545951843
/content/drive/MyDrive/MedSymmFlow_Project/synthetic_data/pneumoniamnist_normal_2280_filtered/normal_0570.png,/content/drive/MyDrive/MedSymmFlow_Project/synthetic_data/pneumoniamnist_normal_2280_filtered/normal_2020.png,0.9612211585044861
/content/drive/MyDrive/MedSymmFlow_Project/synthetic_data/pneumoniamnist_normal_2280_filtered/normal_2020.png,/content/drive/MyDrive/MedSymmFlow_Project/synthetic_data/pneumoniamnist_normal_2280_filtered/normal_0570.png,0.9612211585044861
/content/drive/MyDrive/MedSymmFlow_Project/synthetic_data/pneumoniamnist_normal_2280_filtered/normal_0568.png,/content/drive/MyDrive/MedSymmFlow_Project/synthetic_data/pneumoniamnist_normal_2280_filtered/normal_0405.png,0.9612114429473877
/content/drive/MyDrive/MedSymmFlow_Project/synthetic_data/pneumoniamnist_normal_2280_filtered/normal_1799.png,/content/drive/MyDrive/MedSymmFlow_Project/synthetic_data/pneumoniamnist_normal_2280_filtered/normal_1532.png,0.9612091779708862
/content/drive/MyDrive/MedSymmFlow_Project/synthetic_data/pneumoniamnist_normal_2280_filtered/normal_1486.png,/content/drive/MyDrive/MedSymmFlow_Project/synthetic_data/pneumoniamnist_normal_2280_filtered/normal_2164.png,0.961195707321167
/content/drive/MyDrive/MedSymmFlow_Project/synthetic_data/pneumoniamnist_normal_2280_filtered/normal_0496.png,/content/drive/MyDrive/MedSymmFlow_Project/synthetic_data/pneumoniamnist_normal_2280_filtered/normal_0516.png,0.9611918926239014
/content/drive/MyDrive/MedSymmFlow_Project/synthetic_data/pneumoniamnist_normal_2280_filtered/normal_1879.png,/content/drive/MyDrive/MedSymmFlow_Project/synthetic_data/pneumoniamnist_normal_2280_filtered/normal_2114.png,0.9611708521842957
/content/drive/MyDrive/MedSymmFlow_Project/synthetic_data/pneumoniamnist_normal_2280_filtered/normal_0799.png,/content/drive/MyDrive/MedSymmFlow_Project/synthetic_data/pneumoniamnist_normal_2280_filtered/normal_1505.png,0.961119532585144
/content/drive/MyDrive/MedSymmFlow_Project/synthetic_data/pneumoniamnist_normal_2280_filtered/normal_2057.png,/content/drive/MyDrive/MedSymmFlow_Project/synthetic_data/pneumoniamnist_normal_2280_filtered/normal_1594.png,0.9610952734947205
/content/drive/MyDrive/MedSymmFlow_Project/synthetic_data/pneumoniamnist_normal_2280_filtered/normal_0578.png,/content/drive/MyDrive/MedSymmFlow_Project/synthetic_data/pneumoniamnist_normal_2280_filtered/normal_0907.png,0.9610662460327148
/content/drive/MyDrive/MedSymmFlow_Project/synthetic_data/pneumoniamnist_normal_2280_filtered/normal_0289.png,/content/drive/MyDrive/MedSymmFlow_Project/synthetic_data/pneumoniamnist_normal_2280_filtered/normal_0013.png,0.9610644578933716
/content/drive/MyDrive/MedSymmFlow_Project/synthetic_data/pneumoniamnist_normal_2280_filtered/normal_0007.png,/content/drive/MyDrive/MedSymmFlow_Project/synthetic_data/pneumoniamnist_normal_2280_filtered/normal_1210.png,0.961064338684082
/content/drive/MyDrive/MedSymmFlow_Project/synthetic_data/pneumoniamnist_normal_2280_filtered/normal_1355.png,/content/drive/MyDrive/MedSymmFlow_Project/synthetic_data/pneumoniamnist_normal_2280_filtered/normal_0858.png,0.96104896068573
/content/drive/MyDrive/MedSymmFlow_Project/synthetic_data/pneumoniamnist_normal_2280_filtered/normal_1962.png,/content/drive/MyDrive/MedSymmFlow_Project/synthetic_data/pneumoniamnist_normal_2280_filtered/normal_2145.png,0.9610416889190674
/content/drive/MyDrive/MedSymmFlow_Project/synthetic_data/pneumoniamnist_normal_2280_filtered/normal_1888.png,/content/drive/MyDrive/MedSymmFlow_Project/synthetic_data/pneumoniamnist_normal_2280_filtered/normal_1731.png,0.9610364437103271
/content/drive/MyDrive/MedSymmFlow_Project/synthetic_data/pneumoniamnist_normal_2280_filtered/normal_1322.png,/content/drive/MyDrive/MedSymmFlow_Project/synthetic_data/pneumoniamnist_normal_2280_filtered/normal_1494.png,0.9610341787338257
/content/drive/MyDrive/MedSymmFlow_Project/synthetic_data/pneumoniamnist_normal_2280_filtered/normal_0910.png,/content/drive/MyDrive/MedSymmFlow_Project/synthetic_data/pneumoniamnist_normal_2280_filtered/normal_1661.png,0.9610340595245361
/content/drive/MyDrive/MedSymmFlow_Project/synthetic_data/pneumoniamnist_normal_2280_filtered/normal_1200.png,/content/drive/MyDrive/MedSymmFlow_Project/synthetic_data/pneumoniamnist_normal_2280_filtered/normal_0411.png,0.9610062837600708
/content/drive/MyDrive/MedSymmFlow_Project/synthetic_data/pneumoniamnist_normal_2280_filtered/normal_1209.png,/content/drive/MyDrive/MedSymmFlow_Project/synthetic_data/pneumoniamnist_normal_2280_filtered/normal_0545.png,0.9609863758087158
/content/drive/MyDrive/MedSymmFlow_Project/synthetic_data/pneumoniamnist_normal_2280_filtered/normal_1783.png,/content/drive/MyDrive/MedSymmFlow_Project/synthetic_data/pneumoniamnist_normal_2280_filtered/normal_0854.png,0.9609839916229248
/content/drive/MyDrive/MedSymmFlow_Project/synthetic_data/pneumoniamnist_normal_2280_filtered/normal_0930.png,/content/drive/MyDrive/MedSymmFlow_Project/synthetic_data/pneumoniamnist_normal_2280_filtered/normal_0545.png,0.9609781503677368
/content/drive/MyDrive/MedSymmFlow_Project/synthetic_data/pneumoniamnist_normal_2280_filtered/normal_0912.png,/content/drive/MyDrive/MedSymmFlow_Project/synthetic_data/pneumoniamnist_normal_2280_filtered/normal_0768.png,0.9609774351119995
/content/drive/MyDrive/MedSymmFlow_Project/synthetic_data/pneumoniamnist_normal_2280_filtered/normal_2219.png,/content/drive/MyDrive/MedSymmFlow_Project/synthetic_data/pneumoniamnist_normal_2280_filtered/normal_0768.png,0.9609581828117371
/content/drive/MyDrive/MedSymmFlow_Project/synthetic_data/pneumoniamnist_normal_2280_filtered/normal_0706.png,/content/drive/MyDrive/MedSymmFlow_Project/synthetic_data/pneumoniamnist_normal_2280_filtered/normal_2081.png,0.9609271287918091
/content/drive/MyDrive/MedSymmFlow_Project/synthetic_data/pneumoniamnist_normal_2280_filtered/normal_1040.png,/content/drive/MyDrive/MedSymmFlow_Project/synthetic_data/pneumoniamnist_normal_2280_filtered/normal_0647.png,0.960917592048645
/content/drive/MyDrive/MedSymmFlow_Project/synthetic_data/pneumoniamnist_normal_2280_filtered/normal_1158.png,/content/drive/MyDrive/MedSymmFlow_Project/synthetic_data/pneumoniamnist_normal_2280_filtered/normal_0170.png,0.9608896970748901
/content/drive/MyDrive/MedSymmFlow_Project/synthetic_data/pneumoniamnist_normal_2280_filtered/normal_1419.png,/content/drive/MyDrive/MedSymmFlow_Project/synthetic_data/pneumoniamnist_normal_2280_filtered/normal_1352.png,0.960883617401123
/content/drive/MyDrive/MedSymmFlow_Project/synthetic_data/pneumoniamnist_normal_2280_filtered/normal_1375.png,/content/drive/MyDrive/MedSymmFlow_Project/synthetic_data/pneumoniamnist_normal_2280_filtered/normal_0584.png,0.9608794450759888
/content/drive/MyDrive/MedSymmFlow_Project/synthetic_data/pneumoniamnist_normal_2280_filtered/normal_1961.png,/content/drive/MyDrive/MedSymmFlow_Project/synthetic_data/pneumoniamnist_normal_2280_filtered/normal_0842.png,0.9608758687973022
/content/drive/MyDrive/MedSymmFlow_Project/synthetic_data/pneumoniamnist_normal_2280_filtered/normal_0065.png,/content/drive/MyDrive/MedSymmFlow_Project/synthetic_data/pneumoniamnist_normal_2280_filtered/normal_0062.png,0.9608690738677979
/content/drive/MyDrive/MedSymmFlow_Project/synthetic_data/pneumoniamnist_normal_2280_filtered/normal_0592.png,/content/drive/MyDrive/MedSymmFlow_Project/synthetic_data/pneumoniamnist_normal_2280_filtered/normal_0415.png,0.9608598351478577
/content/drive/MyDrive/MedSymmFlow_Project/synthetic_data/pneumoniamnist_normal_2280_filtered/normal_2224.png,/content/drive/MyDrive/MedSymmFlow_Project/synthetic_data/pneumoniamnist_normal_2280_filtered/normal_0397.png,0.9608381986618042
/content/drive/MyDrive/MedSymmFlow_Project/synthetic_data/pneumoniamnist_normal_2280_filtered/normal_0831.png,/content/drive/MyDrive/MedSymmFlow_Project/synthetic_data/pneumoniamnist_normal_2280_filtered/normal_0507.png,0.9608191251754761
/content/drive/MyDrive/MedSymmFlow_Project/synthetic_data/pneumoniamnist_normal_2280_filtered/normal_2150.png,/content/drive/MyDrive/MedSymmFlow_Project/synthetic_data/pneumoniamnist_normal_2280_filtered/normal_1268.png,0.9608145952224731
/content/drive/MyDrive/MedSymmFlow_Project/synthetic_data/pneumoniamnist_normal_2280_filtered/normal_0328.png,/content/drive/MyDrive/MedSymmFlow_Project/synthetic_data/pneumoniamnist_normal_2280_filtered/normal_2129.png,0.9608133435249329
/content/drive/MyDrive/MedSymmFlow_Project/synthetic_data/pneumoniamnist_normal_2280_filtered/normal_1076.png,/content/drive/MyDrive/MedSymmFlow_Project/synthetic_data/pneumoniamnist_normal_2280_filtered/normal_1810.png,0.9608110785484314
/content/drive/MyDrive/MedSymmFlow_Project/synthetic_data/pneumoniamnist_normal_2280_filtered/normal_1292.png,/content/drive/MyDrive/MedSymmFlow_Project/synthetic_data/pneumoniamnist_normal_2280_filtered/normal_0379.png,0.9607992768287659
/content/drive/MyDrive/MedSymmFlow_Project/synthetic_data/pneumoniamnist_normal_2280_filtered/normal_1499.png,/content/drive/MyDrive/MedSymmFlow_Project/synthetic_data/pneumoniamnist_normal_2280_filtered/normal_0392.png,0.9607887268066406
/content/drive/MyDrive/MedSymmFlow_Project/synthetic_data/pneumoniamnist_normal_2280_filtered/normal_0239.png,/content/drive/MyDrive/MedSymmFlow_Project/synthetic_data/pneumoniamnist_normal_2280_filtered/normal_1983.png,0.9607713222503662
/content/drive/MyDrive/MedSymmFlow_Project/synthetic_data/pneumoniamnist_normal_2280_filtered/normal_1980.png,/content/drive/MyDrive/MedSymmFlow_Project/synthetic_data/pneumoniamnist_normal_2280_filtered/normal_0938.png,0.9607638120651245
/content/drive/MyDrive/MedSymmFlow_Project/synthetic_data/pneumoniamnist_normal_2280_filtered/normal_0611.png,/content/drive/MyDrive/MedSymmFlow_Project/synthetic_data/pneumoniamnist_normal_2280_filtered/normal_0445.png,0.960763156414032
/content/drive/MyDrive/MedSymmFlow_Project/synthetic_data/pneumoniamnist_normal_2280_filtered/normal_0445.png,/content/drive/MyDrive/MedSymmFlow_Project/synthetic_data/pneumoniamnist_normal_2280_filtered/normal_0611.png,0.960763156414032
/content/drive/MyDrive/MedSymmFlow_Project/synthetic_data/pneumoniamnist_normal_2280_filtered/normal_0045.png,/content/drive/MyDrive/MedSymmFlow_Project/synthetic_data/pneumoniamnist_normal_2280_filtered/normal_0393.png,0.9607619047164917
/content/drive/MyDrive/MedSymmFlow_Project/synthetic_data/pneumoniamnist_normal_2280_filtered/normal_1635.png,/content/drive/MyDrive/MedSymmFlow_Project/synthetic_data/pneumoniamnist_normal_2280_filtered/normal_0198.png,0.9607564210891724
/content/drive/MyDrive/MedSymmFlow_Project/synthetic_data/pneumoniamnist_normal_2280_filtered/normal_1973.png,/content/drive/MyDrive/MedSymmFlow_Project/synthetic_data/pneumoniamnist_normal_2280_filtered/normal_0035.png,0.9607383012771606
/content/drive/MyDrive/MedSymmFlow_Project/synthetic_data/pneumoniamnist_normal_2280_filtered/normal_2244.png,/content/drive/MyDrive/MedSymmFlow_Project/synthetic_data/pneumoniamnist_normal_2280_filtered/normal_0541.png,0.960694432258606
/content/drive/MyDrive/MedSymmFlow_Project/synthetic_data/pneumoniamnist_normal_2280_filtered/normal_0819.png,/content/drive/MyDrive/MedSymmFlow_Project/synthetic_data/pneumoniamnist_normal_2280_filtered/normal_1233.png,0.960665225982666
/content/drive/MyDrive/MedSymmFlow_Project/synthetic_data/pneumoniamnist_normal_2280_filtered/normal_2073.png,/content/drive/MyDrive/MedSymmFlow_Project/synthetic_data/pneumoniamnist_normal_2280_filtered/normal_1994.png,0.9606598019599915
/content/drive/MyDrive/MedSymmFlow_Project/synthetic_data/pneumoniamnist_normal_2280_filtered/normal_1438.png,/content/drive/MyDrive/MedSymmFlow_Project/synthetic_data/pneumoniamnist_normal_2280_filtered/normal_1565.png,0.9606428146362305
/content/drive/MyDrive/MedSymmFlow_Project/synthetic_data/pneumoniamnist_normal_2280_filtered/normal_1798.png,/content/drive/MyDrive/MedSymmFlow_Project/synthetic_data/pneumoniamnist_normal_2280_filtered/normal_0468.png,0.9606319069862366
/content/drive/MyDrive/MedSymmFlow_Project/synthetic_data/pneumoniamnist_normal_2280_filtered/normal_0712.png,/content/drive/MyDrive/MedSymmFlow_Project/synthetic_data/pneumoniamnist_normal_2280_filtered/normal_1315.png,0.9606091976165771
/content/drive/MyDrive/MedSymmFlow_Project/synthetic_data/pneumoniamnist_normal_2280_filtered/normal_1413.png,/content/drive/MyDrive/MedSymmFlow_Project/synthetic_data/pneumoniamnist_normal_2280_filtered/normal_2007.png,0.9606034755706787
/content/drive/MyDrive/MedSymmFlow_Project/synthetic_data/pneumoniamnist_normal_2280_filtered/normal_0403.png,/content/drive/MyDrive/MedSymmFlow_Project/synthetic_data/pneumoniamnist_normal_2280_filtered/normal_1739.png,0.9606022834777832
/content/drive/MyDrive/MedSymmFlow_Project/synthetic_data/pneumoniamnist_normal_2280_filtered/normal_1169.png,/content/drive/MyDrive/MedSymmFlow_Project/synthetic_data/pneumoniamnist_normal_2280_filtered/normal_2152.png,0.9605980515480042
/content/drive/MyDrive/MedSymmFlow_Project/synthetic_data/pneumoniamnist_normal_2280_filtered/normal_1096.png,/content/drive/MyDrive/MedSymmFlow_Project/synthetic_data/pneumoniamnist_normal_2280_filtered/normal_0389.png,0.9605867862701416
/content/drive/MyDrive/MedSymmFlow_Project/synthetic_data/pneumoniamnist_normal_2280_filtered/normal_2277.png,/content/drive/MyDrive/MedSymmFlow_Project/synthetic_data/pneumoniamnist_normal_2280_filtered/normal_1891.png,0.9605833292007446
/content/drive/MyDrive/MedSymmFlow_Project/synthetic_data/pneumoniamnist_normal_2280_filtered/normal_1834.png,/content/drive/MyDrive/MedSymmFlow_Project/synthetic_data/pneumoniamnist_normal_2280_filtered/normal_1378.png,0.9605646133422852
/content/drive/MyDrive/MedSymmFlow_Project/synthetic_data/pneumoniamnist_normal_2280_filtered/normal_1414.png,/content/drive/MyDrive/MedSymmFlow_Project/synthetic_data/pneumoniamnist_normal_2280_filtered/normal_0492.png,0.9605637788772583
/content/drive/MyDrive/MedSymmFlow_Project/synthetic_data/pneumoniamnist_normal_2280_filtered/normal_0117.png,/content/drive/MyDrive/MedSymmFlow_Project/synthetic_data/pneumoniamnist_normal_2280_filtered/normal_1263.png,0.9605430960655212
/content/drive/MyDrive/MedSymmFlow_Project/synthetic_data/pneumoniamnist_normal_2280_filtered/normal_1938.png,/content/drive/MyDrive/MedSymmFlow_Project/synthetic_data/pneumoniamnist_normal_2280_filtered/normal_2192.png,0.9605334997177124
/content/drive/MyDrive/MedSymmFlow_Project/synthetic_data/pneumoniamnist_normal_2280_filtered/normal_0514.png,/content/drive/MyDrive/MedSymmFlow_Project/synthetic_data/pneumoniamnist_normal_2280_filtered/normal_0845.png,0.9605321884155273
/content/drive/MyDrive/MedSymmFlow_Project/synthetic_data/pneumoniamnist_normal_2280_filtered/normal_0727.png,/content/drive/MyDrive/MedSymmFlow_Project/synthetic_data/pneumoniamnist_normal_2280_filtered/normal_0682.png,0.9605293273925781
/content/drive/MyDrive/MedSymmFlow_Project/synthetic_data/pneumoniamnist_normal_2280_filtered/normal_1399.png,/content/drive/MyDrive/MedSymmFlow_Project/synthetic_data/pneumoniamnist_normal_2280_filtered/normal_0087.png,0.9605241417884827
/content/drive/MyDrive/MedSymmFlow_Project/synthetic_data/pneumoniamnist_normal_2280_filtered/normal_0855.png,/content/drive/MyDrive/MedSymmFlow_Project/synthetic_data/pneumoniamnist_normal_2280_filtered/normal_0509.png,0.9605057239532471
/content/drive/MyDrive/MedSymmFlow_Project/synthetic_data/pneumoniamnist_normal_2280_filtered/normal_1420.png,/content/drive/MyDrive/MedSymmFlow_Project/synthetic_data/pneumoniamnist_normal_2280_filtered/normal_0323.png,0.9604971408843994
/content/drive/MyDrive/MedSymmFlow_Project/synthetic_data/pneumoniamnist_normal_2280_filtered/normal_0286.png,/content/drive/MyDrive/MedSymmFlow_Project/synthetic_data/pneumoniamnist_normal_2280_filtered/normal_0096.png,0.9604748487472534
/content/drive/MyDrive/MedSymmFlow_Project/synthetic_data/pneumoniamnist_normal_2280_filtered/normal_0225.png,/content/drive/MyDrive/MedSymmFlow_Project/synthetic_data/pneumoniamnist_normal_2280_filtered/normal_0094.png,0.9604439735412598
/content/drive/MyDrive/MedSymmFlow_Project/synthetic_data/pneumoniamnist_normal_2280_filtered/normal_1035.png,/content/drive/MyDrive/MedSymmFlow_Project/synthetic_data/pneumoniamnist_normal_2280_filtered/normal_1904.png,0.9604287147521973
/content/drive/MyDrive/MedSymmFlow_Project/synthetic_data/pneumoniamnist_normal_2280_filtered/normal_0263.png,/content/drive/MyDrive/MedSymmFlow_Project/synthetic_data/pneumoniamnist_normal_2280_filtered/normal_0329.png,0.960425615310669
/content/drive/MyDrive/MedSymmFlow_Project/synthetic_data/pneumoniamnist_normal_2280_filtered/normal_0821.png,/content/drive/MyDrive/MedSymmFlow_Project/synthetic_data/pneumoniamnist_normal_2280_filtered/normal_2030.png,0.9604198932647705
/content/drive/MyDrive/MedSymmFlow_Project/synthetic_data/pneumoniamnist_normal_2280_filtered/normal_0572.png,/content/drive/MyDrive/MedSymmFlow_Project/synthetic_data/pneumoniamnist_normal_2280_filtered/normal_0778.png,0.960416316986084
/content/drive/MyDrive/MedSymmFlow_Project/synthetic_data/pneumoniamnist_normal_2280_filtered/normal_0199.png,/content/drive/MyDrive/MedSymmFlow_Project/synthetic_data/pneumoniamnist_normal_2280_filtered/normal_0135.png,0.9604161977767944
/content/drive/MyDrive/MedSymmFlow_Project/synthetic_data/pneumoniamnist_normal_2280_filtered/normal_0129.png,/content/drive/MyDrive/MedSymmFlow_Project/synthetic_data/pneumoniamnist_normal_2280_filtered/normal_0228.png,0.960396945476532
/content/drive/MyDrive/MedSymmFlow_Project/synthetic_data/pneumoniamnist_normal_2280_filtered/normal_0973.png,/content/drive/MyDrive/MedSymmFlow_Project/synthetic_data/pneumoniamnist_normal_2280_filtered/normal_0853.png,0.9603699445724487
/content/drive/MyDrive/MedSymmFlow_Project/synthetic_data/pneumoniamnist_normal_2280_filtered/normal_0047.png,/content/drive/MyDrive/MedSymmFlow_Project/synthetic_data/pneumoniamnist_normal_2280_filtered/normal_0494.png,0.9603595733642578
/content/drive/MyDrive/MedSymmFlow_Project/synthetic_data/pneumoniamnist_normal_2280_filtered/normal_0897.png,/content/drive/MyDrive/MedSymmFlow_Project/synthetic_data/pneumoniamnist_normal_2280_filtered/normal_0284.png,0.96034836769104
/content/drive/MyDrive/MedSymmFlow_Project/synthetic_data/pneumoniamnist_normal_2280_filtered/normal_1206.png,/content/drive/MyDrive/MedSymmFlow_Project/synthetic_data/pneumoniamnist_normal_2280_filtered/normal_0160.png,0.9603469371795654
/content/drive/MyDrive/MedSymmFlow_Project/synthetic_data/pneumoniamnist_normal_2280_filtered/normal_0648.png,/content/drive/MyDrive/MedSymmFlow_Project/synthetic_data/pneumoniamnist_normal_2280_filtered/normal_0145.png,0.9603427648544312
/content/drive/MyDrive/MedSymmFlow_Project/synthetic_data/pneumoniamnist_normal_2280_filtered/normal_1071.png,/content/drive/MyDrive/MedSymmFlow_Project/synthetic_data/pneumoniamnist_normal_2280_filtered/normal_0873.png,0.9603323936462402
/content/drive/MyDrive/MedSymmFlow_Project/synthetic_data/pneumoniamnist_normal_2280_filtered/normal_0383.png,/content/drive/MyDrive/MedSymmFlow_Project/synthetic_data/pneumoniamnist_normal_2280_filtered/normal_0434.png,0.9603155851364136
/content/drive/MyDrive/MedSymmFlow_Project/synthetic_data/pneumoniamnist_normal_2280_filtered/normal_0977.png,/content/drive/MyDrive/MedSymmFlow_Project/synthetic_data/pneumoniamnist_normal_2280_filtered/normal_1085.png,0.9603077173233032
/content/drive/MyDrive/MedSymmFlow_Project/synthetic_data/pneumoniamnist_normal_2280_filtered/normal_2227.png,/content/drive/MyDrive/MedSymmFlow_Project/synthetic_data/pneumoniamnist_normal_2280_filtered/normal_0623.png,0.9602667093276978
/content/drive/MyDrive/MedSymmFlow_Project/synthetic_data/pneumoniamnist_normal_2280_filtered/normal_0802.png,/content/drive/MyDrive/MedSymmFlow_Project/synthetic_data/pneumoniamnist_normal_2280_filtered/normal_0372.png,0.9602497816085815
/content/drive/MyDrive/MedSymmFlow_Project/synthetic_data/pneumoniamnist_normal_2280_filtered/normal_1019.png,/content/drive/MyDrive/MedSymmFlow_Project/synthetic_data/pneumoniamnist_normal_2280_filtered/normal_0270.png,0.9602175951004028
/content/drive/MyDrive/MedSymmFlow_Project/synthetic_data/pneumoniamnist_normal_2280_filtered/normal_1851.png,/content/drive/MyDrive/MedSymmFlow_Project/synthetic_data/pneumoniamnist_normal_2280_filtered/normal_1340.png,0.9601813554763794
/content/drive/MyDrive/MedSymmFlow_Project/synthetic_data/pneumoniamnist_normal_2280_filtered/normal_0209.png,/content/drive/MyDrive/MedSymmFlow_Project/synthetic_data/pneumoniamnist_normal_2280_filtered/normal_0264.png,0.9601693153381348
/content/drive/MyDrive/MedSymmFlow_Project/synthetic_data/pneumoniamnist_normal_2280_filtered/normal_0564.png,/content/drive/MyDrive/MedSymmFlow_Project/synthetic_data/pneumoniamnist_normal_2280_filtered/normal_0773.png,0.960149347782135
/content/drive/MyDrive/MedSymmFlow_Project/synthetic_data/pneumoniamnist_normal_2280_filtered/normal_0909.png,/content/drive/MyDrive/MedSymmFlow_Project/synthetic_data/pneumoniamnist_normal_2280_filtered/normal_0032.png,0.9601336717605591
/content/drive/MyDrive/MedSymmFlow_Project/synthetic_data/pneumoniamnist_normal_2280_filtered/normal_0954.png,/content/drive/MyDrive/MedSymmFlow_Project/synthetic_data/pneumoniamnist_normal_2280_filtered/normal_0771.png,0.9601320028305054
/content/drive/MyDrive/MedSymmFlow_Project/synthetic_data/pneumoniamnist_normal_2280_filtered/normal_0929.png,/content/drive/MyDrive/MedSymmFlow_Project/synthetic_data/pneumoniamnist_normal_2280_filtered/normal_0023.png,0.9601287841796875
/content/drive/MyDrive/MedSymmFlow_Project/synthetic_data/pneumoniamnist_normal_2280_filtered/normal_1214.png,/content/drive/MyDrive/MedSymmFlow_Project/synthetic_data/pneumoniamnist_normal_2280_filtered/normal_1099.png,0.9600956439971924
/content/drive/MyDrive/MedSymmFlow_Project/synthetic_data/pneumoniamnist_normal_2280_filtered/normal_1568.png,/content/drive/MyDrive/MedSymmFlow_Project/synthetic_data/pneumoniamnist_normal_2280_filtered/normal_1983.png,0.9600901007652283
/content/drive/MyDrive/MedSymmFlow_Project/synthetic_data/pneumoniamnist_normal_2280_filtered/normal_1412.png,/content/drive/MyDrive/MedSymmFlow_Project/synthetic_data/pneumoniamnist_normal_2280_filtered/normal_1311.png,0.9600780606269836
/content/drive/MyDrive/MedSymmFlow_Project/synthetic_data/pneumoniamnist_normal_2280_filtered/normal_0798.png,/content/drive/MyDrive/MedSymmFlow_Project/synthetic_data/pneumoniamnist_normal_2280_filtered/normal_1442.png,0.9600620269775391
/content/drive/MyDrive/MedSymmFlow_Project/synthetic_data/pneumoniamnist_normal_2280_filtered/normal_0984.png,/content/drive/MyDrive/MedSymmFlow_Project/synthetic_data/pneumoniamnist_normal_2280_filtered/normal_1719.png,0.9600611329078674
/content/drive/MyDrive/MedSymmFlow_Project/synthetic_data/pneumoniamnist_normal_2280_filtered/normal_2186.png,/content/drive/MyDrive/MedSymmFlow_Project/synthetic_data/pneumoniamnist_normal_2280_filtered/normal_1909.png,0.9600610136985779
/content/drive/MyDrive/MedSymmFlow_Project/synthetic_data/pneumoniamnist_normal_2280_filtered/normal_2257.png,/content/drive/MyDrive/MedSymmFlow_Project/synthetic_data/pneumoniamnist_normal_2280_filtered/normal_1418.png,0.9600576162338257
/content/drive/MyDrive/MedSymmFlow_Project/synthetic_data/pneumoniamnist_normal_2280_filtered/normal_1903.png,/content/drive/MyDrive/MedSymmFlow_Project/synthetic_data/pneumoniamnist_normal_2280_filtered/normal_1135.png,0.9600403904914856
/content/drive/MyDrive/MedSymmFlow_Project/synthetic_data/pneumoniamnist_normal_2280_filtered/normal_0559.png,/content/drive/MyDrive/MedSymmFlow_Project/synthetic_data/pneumoniamnist_normal_2280_filtered/normal_0029.png,0.959996223449707
/content/drive/MyDrive/MedSymmFlow_Project/synthetic_data/pneumoniamnist_normal_2280_filtered/normal_1677.png,/content/drive/MyDrive/MedSymmFlow_Project/synthetic_data/pneumoniamnist_normal_2280_filtered/normal_2220.png,0.9599881768226624
/content/drive/MyDrive/MedSymmFlow_Project/synthetic_data/pneumoniamnist_normal_2280_filtered/normal_0381.png,/content/drive/MyDrive/MedSymmFlow_Project/synthetic_data/pneumoniamnist_normal_2280_filtered/normal_1246.png,0.9599453210830688
/content/drive/MyDrive/MedSymmFlow_Project/synthetic_data/pneumoniamnist_normal_2280_filtered/normal_0319.png,/content/drive/MyDrive/MedSymmFlow_Project/synthetic_data/pneumoniamnist_normal_2280_filtered/normal_0785.png,0.9599300622940063
/content/drive/MyDrive/MedSymmFlow_Project/synthetic_data/pneumoniamnist_normal_2280_filtered/normal_0614.png,/content/drive/MyDrive/MedSymmFlow_Project/synthetic_data/pneumoniamnist_normal_2280_filtered/normal_1593.png,0.9598824977874756
/content/drive/MyDrive/MedSymmFlow_Project/synthetic_data/pneumoniamnist_normal_2280_filtered/normal_0898.png,/content/drive/MyDrive/MedSymmFlow_Project/synthetic_data/pneumoniamnist_normal_2280_filtered/normal_1537.png,0.9598785638809204
/content/drive/MyDrive/MedSymmFlow_Project/synthetic_data/pneumoniamnist_normal_2280_filtered/normal_0461.png,/content/drive/MyDrive/MedSymmFlow_Project/synthetic_data/pneumoniamnist_normal_2280_filtered/normal_0042.png,0.9598774313926697
/content/drive/MyDrive/MedSymmFlow_Project/synthetic_data/pneumoniamnist_normal_2280_filtered/normal_0003.png,/content/drive/MyDrive/MedSymmFlow_Project/synthetic_data/pneumoniamnist_normal_2280_filtered/normal_0840.png,0.9598674774169922
/content/drive/MyDrive/MedSymmFlow_Project/synthetic_data/pneumoniamnist_normal_2280_filtered/normal_0951.png,/content/drive/MyDrive/MedSymmFlow_Project/synthetic_data/pneumoniamnist_normal_2280_filtered/normal_0232.png,0.9598573446273804
/content/drive/MyDrive/MedSymmFlow_Project/synthetic_data/pneumoniamnist_normal_2280_filtered/normal_0931.png,/content/drive/MyDrive/MedSymmFlow_Project/synthetic_data/pneumoniamnist_normal_2280_filtered/normal_1395.png,0.9598300457000732
/content/drive/MyDrive/MedSymmFlow_Project/synthetic_data/pneumoniamnist_normal_2280_filtered/normal_0490.png,/content/drive/MyDrive/MedSymmFlow_Project/synthetic_data/pneumoniamnist_normal_2280_filtered/normal_0856.png,0.9598294496536255
/content/drive/MyDrive/MedSymmFlow_Project/synthetic_data/pneumoniamnist_normal_2280_filtered/normal_0856.png,/content/drive/MyDrive/MedSymmFlow_Project/synthetic_data/pneumoniamnist_normal_2280_filtered/normal_0490.png,0.9598294496536255
/content/drive/MyDrive/MedSymmFlow_Project/synthetic_data/pneumoniamnist_normal_2280_filtered/normal_1574.png,/content/drive/MyDrive/MedSymmFlow_Project/synthetic_data/pneumoniamnist_normal_2280_filtered/normal_2219.png,0.959820032119751
/content/drive/MyDrive/MedSymmFlow_Project/synthetic_data/pneumoniamnist_normal_2280_filtered/normal_1535.png,/content/drive/MyDrive/MedSymmFlow_Project/synthetic_data/pneumoniamnist_normal_2280_filtered/normal_1648.png,0.9598162174224854
/content/drive/MyDrive/MedSymmFlow_Project/synthetic_data/pneumoniamnist_normal_2280_filtered/normal_1281.png,/content/drive/MyDrive/MedSymmFlow_Project/synthetic_data/pneumoniamnist_normal_2280_filtered/normal_0996.png,0.9598151445388794
/content/drive/MyDrive/MedSymmFlow_Project/synthetic_data/pneumoniamnist_normal_2280_filtered/normal_1357.png,/content/drive/MyDrive/MedSymmFlow_Project/synthetic_data/pneumoniamnist_normal_2280_filtered/normal_0474.png,0.9598114490509033
/content/drive/MyDrive/MedSymmFlow_Project/synthetic_data/pneumoniamnist_normal_2280_filtered/normal_0474.png,/content/drive/MyDrive/MedSymmFlow_Project/synthetic_data/pneumoniamnist_normal_2280_filtered/normal_1357.png,0.9598114490509033
/content/drive/MyDrive/MedSymmFlow_Project/synthetic_data/pneumoniamnist_normal_2280_filtered/normal_0105.png,/content/drive/MyDrive/MedSymmFlow_Project/synthetic_data/pneumoniamnist_normal_2280_filtered/normal_0094.png,0.9598037600517273
/content/drive/MyDrive/MedSymmFlow_Project/synthetic_data/pneumoniamnist_normal_2280_filtered/normal_2255.png,/content/drive/MyDrive/MedSymmFlow_Project/synthetic_data/pneumoniamnist_normal_2280_filtered/normal_0398.png,0.9597762227058411
/content/drive/MyDrive/MedSymmFlow_Project/synthetic_data/pneumoniamnist_normal_2280_filtered/normal_0852.png,/content/drive/MyDrive/MedSymmFlow_Project/synthetic_data/pneumoniamnist_normal_2280_filtered/normal_0473.png,0.9597693681716919
/content/drive/MyDrive/MedSymmFlow_Project/synthetic_data/pneumoniamnist_normal_2280_filtered/normal_0134.png,/content/drive/MyDrive/MedSymmFlow_Project/synthetic_data/pneumoniamnist_normal_2280_filtered/normal_0207.png,0.9597637057304382
/content/drive/MyDrive/MedSymmFlow_Project/synthetic_data/pneumoniamnist_normal_2280_filtered/normal_1734.png,/content/drive/MyDrive/MedSymmFlow_Project/synthetic_data/pneumoniamnist_normal_2280_filtered/normal_1866.png,0.9597340822219849
/content/drive/MyDrive/MedSymmFlow_Project/synthetic_data/pneumoniamnist_normal_2280_filtered/normal_1521.png,/content/drive/MyDrive/MedSymmFlow_Project/synthetic_data/pneumoniamnist_normal_2280_filtered/normal_1832.png,0.9597296714782715
/content/drive/MyDrive/MedSymmFlow_Project/synthetic_data/pneumoniamnist_normal_2280_filtered/normal_1577.png,/content/drive/MyDrive/MedSymmFlow_Project/synthetic_data/pneumoniamnist_normal_2280_filtered/normal_0533.png,0.9597253203392029
/content/drive/MyDrive/MedSymmFlow_Project/synthetic_data/pneumoniamnist_normal_2280_filtered/normal_1122.png,/content/drive/MyDrive/MedSymmFlow_Project/synthetic_data/pneumoniamnist_normal_2280_filtered/normal_1966.png,0.9597128629684448
/content/drive/MyDrive/MedSymmFlow_Project/synthetic_data/pneumoniamnist_normal_2280_filtered/normal_1389.png,/content/drive/MyDrive/MedSymmFlow_Project/synthetic_data/pneumoniamnist_normal_2280_filtered/normal_1408.png,0.9596957564353943
/content/drive/MyDrive/MedSymmFlow_Project/synthetic_data/pneumoniamnist_normal_2280_filtered/normal_1359.png,/content/drive/MyDrive/MedSymmFlow_Project/synthetic_data/pneumoniamnist_normal_2280_filtered/normal_1344.png,0.9596688747406006
/content/drive/MyDrive/MedSymmFlow_Project/synthetic_data/pneumoniamnist_normal_2280_filtered/normal_1057.png,/content/drive/MyDrive/MedSymmFlow_Project/synthetic_data/pneumoniamnist_normal_2280_filtered/normal_0154.png,0.9596470594406128
/content/drive/MyDrive/MedSymmFlow_Project/synthetic_data/pneumoniamnist_normal_2280_filtered/normal_1589.png,/content/drive/MyDrive/MedSymmFlow_Project/synthetic_data/pneumoniamnist_normal_2280_filtered/normal_2068.png,0.9596449732780457
/content/drive/MyDrive/MedSymmFlow_Project/synthetic_data/pneumoniamnist_normal_2280_filtered/normal_1526.png,/content/drive/MyDrive/MedSymmFlow_Project/synthetic_data/pneumoniamnist_normal_2280_filtered/normal_0167.png,0.9596383571624756
/content/drive/MyDrive/MedSymmFlow_Project/synthetic_data/pneumoniamnist_normal_2280_filtered/normal_1235.png,/content/drive/MyDrive/MedSymmFlow_Project/synthetic_data/pneumoniamnist_normal_2280_filtered/normal_0677.png,0.9596352577209473
/content/drive/MyDrive/MedSymmFlow_Project/synthetic_data/pneumoniamnist_normal_2280_filtered/normal_1155.png,/content/drive/MyDrive/MedSymmFlow_Project/synthetic_data/pneumoniamnist_normal_2280_filtered/normal_1659.png,0.9596010446548462
/content/drive/MyDrive/MedSymmFlow_Project/synthetic_data/pneumoniamnist_normal_2280_filtered/normal_2122.png,/content/drive/MyDrive/MedSymmFlow_Project/synthetic_data/pneumoniamnist_normal_2280_filtered/normal_2204.png,0.9595910310745239
/content/drive/MyDrive/MedSymmFlow_Project/synthetic_data/pneumoniamnist_normal_2280_filtered/normal_0180.png,/content/drive/MyDrive/MedSymmFlow_Project/synthetic_data/pneumoniamnist_normal_2280_filtered/normal_0170.png,0.9595860838890076
/content/drive/MyDrive/MedSymmFlow_Project/synthetic_data/pneumoniamnist_normal_2280_filtered/normal_1182.png,/content/drive/MyDrive/MedSymmFlow_Project/synthetic_data/pneumoniamnist_normal_2280_filtered/normal_0483.png,0.9595545530319214
/content/drive/MyDrive/MedSymmFlow_Project/synthetic_data/pneumoniamnist_normal_2280_filtered/normal_0986.png,/content/drive/MyDrive/MedSymmFlow_Project/synthetic_data/pneumoniamnist_normal_2280_filtered/normal_1162.png,0.9595519304275513
/content/drive/MyDrive/MedSymmFlow_Project/synthetic_data/pneumoniamnist_normal_2280_filtered/normal_0952.png,/content/drive/MyDrive/MedSymmFlow_Project/synthetic_data/pneumoniamnist_normal_2280_filtered/normal_0002.png,0.9595317840576172
/content/drive/MyDrive/MedSymmFlow_Project/synthetic_data/pneumoniamnist_normal_2280_filtered/normal_0132.png,/content/drive/MyDrive/MedSymmFlow_Project/synthetic_data/pneumoniamnist_normal_2280_filtered/normal_0972.png,0.9595209956169128
/content/drive/MyDrive/MedSymmFlow_Project/synthetic_data/pneumoniamnist_normal_2280_filtered/normal_1380.png,/content/drive/MyDrive/MedSymmFlow_Project/synthetic_data/pneumoniamnist_normal_2280_filtered/normal_0423.png,0.959492564201355
/content/drive/MyDrive/MedSymmFlow_Project/synthetic_data/pneumoniamnist_normal_2280_filtered/normal_2070.png,/content/drive/MyDrive/MedSymmFlow_Project/synthetic_data/pneumoniamnist_normal_2280_filtered/normal_1236.png,0.959479570388794
/content/drive/MyDrive/MedSymmFlow_Project/synthetic_data/pneumoniamnist_normal_2280_filtered/normal_2208.png,/content/drive/MyDrive/MedSymmFlow_Project/synthetic_data/pneumoniamnist_normal_2280_filtered/normal_0398.png,0.9594614505767822
/content/drive/MyDrive/MedSymmFlow_Project/synthetic_data/pneumoniamnist_normal_2280_filtered/normal_1525.png,/content/drive/MyDrive/MedSymmFlow_Project/synthetic_data/pneumoniamnist_normal_2280_filtered/normal_2218.png,0.9594441056251526
/content/drive/MyDrive/MedSymmFlow_Project/synthetic_data/pneumoniamnist_normal_2280_filtered/normal_1529.png,/content/drive/MyDrive/MedSymmFlow_Project/synthetic_data/pneumoniamnist_normal_2280_filtered/normal_1518.png,0.9594103097915649
/content/drive/MyDrive/MedSymmFlow_Project/synthetic_data/pneumoniamnist_normal_2280_filtered/normal_0027.png,/content/drive/MyDrive/MedSymmFlow_Project/synthetic_data/pneumoniamnist_normal_2280_filtered/normal_0616.png,0.959408164024353
/content/drive/MyDrive/MedSymmFlow_Project/synthetic_data/pneumoniamnist_normal_2280_filtered/normal_2109.png,/content/drive/MyDrive/MedSymmFlow_Project/synthetic_data/pneumoniamnist_normal_2280_filtered/normal_0540.png,0.9593994617462158
/content/drive/MyDrive/MedSymmFlow_Project/synthetic_data/pneumoniamnist_normal_2280_filtered/normal_2263.png,/content/drive/MyDrive/MedSymmFlow_Project/synthetic_data/pneumoniamnist_normal_2280_filtered/normal_0317.png,0.9593925476074219
/content/drive/MyDrive/MedSymmFlow_Project/synthetic_data/pneumoniamnist_normal_2280_filtered/normal_1172.png,/content/drive/MyDrive/MedSymmFlow_Project/synthetic_data/pneumoniamnist_normal_2280_filtered/normal_1717.png,0.9593647718429565
/content/drive/MyDrive/MedSymmFlow_Project/synthetic_data/pneumoniamnist_normal_2280_filtered/normal_1781.png,/content/drive/MyDrive/MedSymmFlow_Project/synthetic_data/pneumoniamnist_normal_2280_filtered/normal_1188.png,0.9593527317047119
/content/drive/MyDrive/MedSymmFlow_Project/synthetic_data/pneumoniamnist_normal_2280_filtered/normal_1194.png,/content/drive/MyDrive/MedSymmFlow_Project/synthetic_data/pneumoniamnist_normal_2280_filtered/normal_1524.png,0.9593514204025269
/content/drive/MyDrive/MedSymmFlow_Project/synthetic_data/pneumoniamnist_normal_2280_filtered/normal_0194.png,/content/drive/MyDrive/MedSymmFlow_Project/synthetic_data/pneumoniamnist_normal_2280_filtered/normal_0555.png,0.9593137502670288
/content/drive/MyDrive/MedSymmFlow_Project/synthetic_data/pneumoniamnist_normal_2280_filtered/normal_0109.png,/content/drive/MyDrive/MedSymmFlow_Project/synthetic_data/pneumoniamnist_normal_2280_filtered/normal_0508.png,0.9592865109443665
/content/drive/MyDrive/MedSymmFlow_Project/synthetic_data/pneumoniamnist_normal_2280_filtered/normal_0330.png,/content/drive/MyDrive/MedSymmFlow_Project/synthetic_data/pneumoniamnist_normal_2280_filtered/normal_0260.png,0.959264874458313
/content/drive/MyDrive/MedSymmFlow_Project/synthetic_data/pneumoniamnist_normal_2280_filtered/normal_0672.png,/content/drive/MyDrive/MedSymmFlow_Project/synthetic_data/pneumoniamnist_normal_2280_filtered/normal_1168.png,0.9592357873916626
/content/drive/MyDrive/MedSymmFlow_Project/synthetic_data/pneumoniamnist_normal_2280_filtered/normal_2176.png,/content/drive/MyDrive/MedSymmFlow_Project/synthetic_data/pneumoniamnist_normal_2280_filtered/normal_0534.png,0.959195613861084
/content/drive/MyDrive/MedSymmFlow_Project/synthetic_data/pneumoniamnist_normal_2280_filtered/normal_0621.png,/content/drive/MyDrive/MedSymmFlow_Project/synthetic_data/pneumoniamnist_normal_2280_filtered/normal_1655.png,0.959114670753479
/content/drive/MyDrive/MedSymmFlow_Project/synthetic_data/pneumoniamnist_normal_2280_filtered/normal_1923.png,/content/drive/MyDrive/MedSymmFlow_Project/synthetic_data/pneumoniamnist_normal_2280_filtered/normal_1509.png,0.9591126441955566
/content/drive/MyDrive/MedSymmFlow_Project/synthetic_data/pneumoniamnist_normal_2280_filtered/normal_0443.png,/content/drive/MyDrive/MedSymmFlow_Project/synthetic_data/pneumoniamnist_normal_2280_filtered/normal_1014.png,0.9591104984283447
/content/drive/MyDrive/MedSymmFlow_Project/synthetic_data/pneumoniamnist_normal_2280_filtered/normal_1563.png,/content/drive/MyDrive/MedSymmFlow_Project/synthetic_data/pneumoniamnist_normal_2280_filtered/normal_0096.png,0.9591004252433777
/content/drive/MyDrive/MedSymmFlow_Project/synthetic_data/pneumoniamnist_normal_2280_filtered/normal_0038.png,/content/drive/MyDrive/MedSymmFlow_Project/synthetic_data/pneumoniamnist_normal_2280_filtered/normal_1027.png,0.9590822458267212
/content/drive/MyDrive/MedSymmFlow_Project/synthetic_data/pneumoniamnist_normal_2280_filtered/normal_1644.png,/content/drive/MyDrive/MedSymmFlow_Project/synthetic_data/pneumoniamnist_normal_2280_filtered/normal_1214.png,0.9590674638748169
/content/drive/MyDrive/MedSymmFlow_Project/synthetic_data/pneumoniamnist_normal_2280_filtered/normal_2112.png,/content/drive/MyDrive/MedSymmFlow_Project/synthetic_data/pneumoniamnist_normal_2280_filtered/normal_2261.png,0.959050178527832
/content/drive/MyDrive/MedSymmFlow_Project/synthetic_data/pneumoniamnist_normal_2280_filtered/normal_1636.png,/content/drive/MyDrive/MedSymmFlow_Project/synthetic_data/pneumoniamnist_normal_2280_filtered/normal_0649.png,0.9590429067611694
/content/drive/MyDrive/MedSymmFlow_Project/synthetic_data/pneumoniamnist_normal_2280_filtered/normal_0814.png,/content/drive/MyDrive/MedSymmFlow_Project/synthetic_data/pneumoniamnist_normal_2280_filtered/normal_0661.png,0.9590251445770264
/content/drive/MyDrive/MedSymmFlow_Project/synthetic_data/pneumoniamnist_normal_2280_filtered/normal_2006.png,/content/drive/MyDrive/MedSymmFlow_Project/synthetic_data/pneumoniamnist_normal_2280_filtered/normal_0630.png,0.959022045135498
/content/drive/MyDrive/MedSymmFlow_Project/synthetic_data/pneumoniamnist_normal_2280_filtered/normal_0469.png,/content/drive/MyDrive/MedSymmFlow_Project/synthetic_data/pneumoniamnist_normal_2280_filtered/normal_1162.png,0.9590163230895996
/content/drive/MyDrive/MedSymmFlow_Project/synthetic_data/pneumoniamnist_normal_2280_filtered/normal_1943.png,/content/drive/MyDrive/MedSymmFlow_Project/synthetic_data/pneumoniamnist_normal_2280_filtered/normal_2129.png,0.9589985013008118
/content/drive/MyDrive/MedSymmFlow_Project/synthetic_data/pneumoniamnist_normal_2280_filtered/normal_1992.png,/content/drive/MyDrive/MedSymmFlow_Project/synthetic_data/pneumoniamnist_normal_2280_filtered/normal_0260.png,0.9589745998382568
/content/drive/MyDrive/MedSymmFlow_Project/synthetic_data/pneumoniamnist_normal_2280_filtered/normal_0681.png,/content/drive/MyDrive/MedSymmFlow_Project/synthetic_data/pneumoniamnist_normal_2280_filtered/normal_0365.png,0.9589744806289673
/content/drive/MyDrive/MedSymmFlow_Project/synthetic_data/pneumoniamnist_normal_2280_filtered/normal_0273.png,/content/drive/MyDrive/MedSymmFlow_Project/synthetic_data/pneumoniamnist_normal_2280_filtered/normal_0996.png,0.9589679837226868
/content/drive/MyDrive/MedSymmFlow_Project/synthetic_data/pneumoniamnist_normal_2280_filtered/normal_1905.png,/content/drive/MyDrive/MedSymmFlow_Project/synthetic_data/pneumoniamnist_normal_2280_filtered/normal_1941.png,0.9589289426803589
/content/drive/MyDrive/MedSymmFlow_Project/synthetic_data/pneumoniamnist_normal_2280_filtered/normal_1379.png,/content/drive/MyDrive/MedSymmFlow_Project/synthetic_data/pneumoniamnist_normal_2280_filtered/normal_0335.png,0.9589123129844666
/content/drive/MyDrive/MedSymmFlow_Project/synthetic_data/pneumoniamnist_normal_2280_filtered/normal_0342.png,/content/drive/MyDrive/MedSymmFlow_Project/synthetic_data/pneumoniamnist_normal_2280_filtered/normal_1283.png,0.9589051008224487
/content/drive/MyDrive/MedSymmFlow_Project/synthetic_data/pneumoniamnist_normal_2280_filtered/normal_0236.png,/content/drive/MyDrive/MedSymmFlow_Project/synthetic_data/pneumoniamnist_normal_2280_filtered/normal_2006.png,0.9588950872421265
/content/drive/MyDrive/MedSymmFlow_Project/synthetic_data/pneumoniamnist_normal_2280_filtered/normal_1381.png,/content/drive/MyDrive/MedSymmFlow_Project/synthetic_data/pneumoniamnist_normal_2280_filtered/normal_0628.png,0.9588814377784729
/content/drive/MyDrive/MedSymmFlow_Project/synthetic_data/pneumoniamnist_normal_2280_filtered/normal_0628.png,/content/drive/MyDrive/MedSymmFlow_Project/synthetic_data/pneumoniamnist_normal_2280_filtered/normal_1381.png,0.9588814377784729
/content/drive/MyDrive/MedSymmFlow_Project/synthetic_data/pneumoniamnist_normal_2280_filtered/normal_1614.png,/content/drive/MyDrive/MedSymmFlow_Project/synthetic_data/pneumoniamnist_normal_2280_filtered/normal_1114.png,0.9588351249694824
/content/drive/MyDrive/MedSymmFlow_Project/synthetic_data/pneumoniamnist_normal_2280_filtered/normal_1669.png,/content/drive/MyDrive/MedSymmFlow_Project/synthetic_data/pneumoniamnist_normal_2280_filtered/normal_0792.png,0.9588027596473694
/content/drive/MyDrive/MedSymmFlow_Project/synthetic_data/pneumoniamnist_normal_2280_filtered/normal_1335.png,/content/drive/MyDrive/MedSymmFlow_Project/synthetic_data/pneumoniamnist_normal_2280_filtered/normal_1175.png,0.9587908983230591
/content/drive/MyDrive/MedSymmFlow_Project/synthetic_data/pneumoniamnist_normal_2280_filtered/normal_1942.png,/content/drive/MyDrive/MedSymmFlow_Project/synthetic_data/pneumoniamnist_normal_2280_filtered/normal_0882.png,0.9587671756744385
/content/drive/MyDrive/MedSymmFlow_Project/synthetic_data/pneumoniamnist_normal_2280_filtered/normal_0606.png,/content/drive/MyDrive/MedSymmFlow_Project/synthetic_data/pneumoniamnist_normal_2280_filtered/normal_0060.png,0.9587633013725281
/content/drive/MyDrive/MedSymmFlow_Project/synthetic_data/pneumoniamnist_normal_2280_filtered/normal_1239.png,/content/drive/MyDrive/MedSymmFlow_Project/synthetic_data/pneumoniamnist_normal_2280_filtered/normal_0538.png,0.958754301071167
/content/drive/MyDrive/MedSymmFlow_Project/synthetic_data/pneumoniamnist_normal_2280_filtered/normal_2249.png,/content/drive/MyDrive/MedSymmFlow_Project/synthetic_data/pneumoniamnist_normal_2280_filtered/normal_0977.png,0.9587461948394775
/content/drive/MyDrive/MedSymmFlow_Project/synthetic_data/pneumoniamnist_normal_2280_filtered/normal_1776.png,/content/drive/MyDrive/MedSymmFlow_Project/synthetic_data/pneumoniamnist_normal_2280_filtered/normal_0425.png,0.958730161190033
/content/drive/MyDrive/MedSymmFlow_Project/synthetic_data/pneumoniamnist_normal_2280_filtered/normal_1347.png,/content/drive/MyDrive/MedSymmFlow_Project/synthetic_data/pneumoniamnist_normal_2280_filtered/normal_1941.png,0.9587002992630005
/content/drive/MyDrive/MedSymmFlow_Project/synthetic_data/pneumoniamnist_normal_2280_filtered/normal_1616.png,/content/drive/MyDrive/MedSymmFlow_Project/synthetic_data/pneumoniamnist_normal_2280_filtered/normal_0155.png,0.9586997032165527
/content/drive/MyDrive/MedSymmFlow_Project/synthetic_data/pneumoniamnist_normal_2280_filtered/normal_0656.png,/content/drive/MyDrive/MedSymmFlow_Project/synthetic_data/pneumoniamnist_normal_2280_filtered/normal_0206.png,0.9586845636367798
/content/drive/MyDrive/MedSymmFlow_Project/synthetic_data/pneumoniamnist_normal_2280_filtered/normal_1867.png,/content/drive/MyDrive/MedSymmFlow_Project/synthetic_data/pneumoniamnist_normal_2280_filtered/normal_0610.png,0.9586349725723267
/content/drive/MyDrive/MedSymmFlow_Project/synthetic_data/pneumoniamnist_normal_2280_filtered/normal_0670.png,/content/drive/MyDrive/MedSymmFlow_Project/synthetic_data/pneumoniamnist_normal_2280_filtered/normal_2006.png,0.9586346745491028
/content/drive/MyDrive/MedSymmFlow_Project/synthetic_data/pneumoniamnist_normal_2280_filtered/normal_0355.png,/content/drive/MyDrive/MedSymmFlow_Project/synthetic_data/pneumoniamnist_normal_2280_filtered/normal_1049.png,0.9586147665977478
/content/drive/MyDrive/MedSymmFlow_Project/synthetic_data/pneumoniamnist_normal_2280_filtered/normal_2021.png,/content/drive/MyDrive/MedSymmFlow_Project/synthetic_data/pneumoniamnist_normal_2280_filtered/normal_0836.png,0.95857834815979
/content/drive/MyDrive/MedSymmFlow_Project/synthetic_data/pneumoniamnist_normal_2280_filtered/normal_1489.png,/content/drive/MyDrive/MedSymmFlow_Project/synthetic_data/pneumoniamnist_normal_2280_filtered/normal_2146.png,0.9585738182067871
/content/drive/MyDrive/MedSymmFlow_Project/synthetic_data/pneumoniamnist_normal_2280_filtered/normal_0993.png,/content/drive/MyDrive/MedSymmFlow_Project/synthetic_data/pneumoniamnist_normal_2280_filtered/normal_0075.png,0.958568274974823
/content/drive/MyDrive/MedSymmFlow_Project/synthetic_data/pneumoniamnist_normal_2280_filtered/normal_1685.png,/content/drive/MyDrive/MedSymmFlow_Project/synthetic_data/pneumoniamnist_normal_2280_filtered/normal_0397.png,0.9584075212478638
/content/drive/MyDrive/MedSymmFlow_Project/synthetic_data/pneumoniamnist_normal_2280_filtered/normal_1712.png,/content/drive/MyDrive/MedSymmFlow_Project/synthetic_data/pneumoniamnist_normal_2280_filtered/normal_1817.png,0.9584060907363892
/content/drive/MyDrive/MedSymmFlow_Project/synthetic_data/pneumoniamnist_normal_2280_filtered/normal_1756.png,/content/drive/MyDrive/MedSymmFlow_Project/synthetic_data/pneumoniamnist_normal_2280_filtered/normal_1072.png,0.9583867788314819
/content/drive/MyDrive/MedSymmFlow_Project/synthetic_data/pneumoniamnist_normal_2280_filtered/normal_0057.png,/content/drive/MyDrive/MedSymmFlow_Project/synthetic_data/pneumoniamnist_normal_2280_filtered/normal_1908.png,0.9583852887153625
/content/drive/MyDrive/MedSymmFlow_Project/synthetic_data/pneumoniamnist_normal_2280_filtered/normal_0254.png,/content/drive/MyDrive/MedSymmFlow_Project/synthetic_data/pneumoniamnist_normal_2280_filtered/normal_1111.png,0.9583749771118164
/content/drive/MyDrive/MedSymmFlow_Project/synthetic_data/pneumoniamnist_normal_2280_filtered/normal_0563.png,/content/drive/MyDrive/MedSymmFlow_Project/synthetic_data/pneumoniamnist_normal_2280_filtered/normal_1207.png,0.9583413600921631
/content/drive/MyDrive/MedSymmFlow_Project/synthetic_data/pneumoniamnist_normal_2280_filtered/normal_1840.png,/content/drive/MyDrive/MedSymmFlow_Project/synthetic_data/pneumoniamnist_normal_2280_filtered/normal_1936.png,0.9583404064178467
/content/drive/MyDrive/MedSymmFlow_Project/synthetic_data/pneumoniamnist_normal_2280_filtered/normal_0280.png,/content/drive/MyDrive/MedSymmFlow_Project/synthetic_data/pneumoniamnist_normal_2280_filtered/normal_0851.png,0.9583321809768677
/content/drive/MyDrive/MedSymmFlow_Project/synthetic_data/pneumoniamnist_normal_2280_filtered/normal_0082.png,/content/drive/MyDrive/MedSymmFlow_Project/synthetic_data/pneumoniamnist_normal_2280_filtered/normal_0145.png,0.9583167433738708
/content/drive/MyDrive/MedSymmFlow_Project/synthetic_data/pneumoniamnist_normal_2280_filtered/normal_0894.png,/content/drive/MyDrive/MedSymmFlow_Project/synthetic_data/pneumoniamnist_normal_2280_filtered/normal_1760.png,0.9583116769790649
/content/drive/MyDrive/MedSymmFlow_Project/synthetic_data/pneumoniamnist_normal_2280_filtered/normal_1743.png,/content/drive/MyDrive/MedSymmFlow_Project/synthetic_data/pneumoniamnist_normal_2280_filtered/normal_0605.png,0.958307683467865
/content/drive/MyDrive/MedSymmFlow_Project/synthetic_data/pneumoniamnist_normal_2280_filtered/normal_0349.png,/content/drive/MyDrive/MedSymmFlow_Project/synthetic_data/pneumoniamnist_normal_2280_filtered/normal_0702.png,0.9583035707473755
/content/drive/MyDrive/MedSymmFlow_Project/synthetic_data/pneumoniamnist_normal_2280_filtered/normal_1492.png,/content/drive/MyDrive/MedSymmFlow_Project/synthetic_data/pneumoniamnist_normal_2280_filtered/normal_1023.png,0.9582986831665039
/content/drive/MyDrive/MedSymmFlow_Project/synthetic_data/pneumoniamnist_normal_2280_filtered/normal_1517.png,/content/drive/MyDrive/MedSymmFlow_Project/synthetic_data/pneumoniamnist_normal_2280_filtered/normal_0697.png,0.9582839012145996
/content/drive/MyDrive/MedSymmFlow_Project/synthetic_data/pneumoniamnist_normal_2280_filtered/normal_1660.png,/content/drive/MyDrive/MedSymmFlow_Project/synthetic_data/pneumoniamnist_normal_2280_filtered/normal_0663.png,0.9582620859146118
/content/drive/MyDrive/MedSymmFlow_Project/synthetic_data/pneumoniamnist_normal_2280_filtered/normal_2232.png,/content/drive/MyDrive/MedSymmFlow_Project/synthetic_data/pneumoniamnist_normal_2280_filtered/normal_0691.png,0.9582411646842957
/content/drive/MyDrive/MedSymmFlow_Project/synthetic_data/pneumoniamnist_normal_2280_filtered/normal_1230.png,/content/drive/MyDrive/MedSymmFlow_Project/synthetic_data/pneumoniamnist_normal_2280_filtered/normal_1316.png,0.958210289478302
/content/drive/MyDrive/MedSymmFlow_Project/synthetic_data/pneumoniamnist_normal_2280_filtered/normal_1146.png,/content/drive/MyDrive/MedSymmFlow_Project/synthetic_data/pneumoniamnist_normal_2280_filtered/normal_0461.png,0.9581543803215027
/content/drive/MyDrive/MedSymmFlow_Project/synthetic_data/pneumoniamnist_normal_2280_filtered/normal_0511.png,/content/drive/MyDrive/MedSymmFlow_Project/synthetic_data/pneumoniamnist_normal_2280_filtered/normal_1716.png,0.9580904841423035
/content/drive/MyDrive/MedSymmFlow_Project/synthetic_data/pneumoniamnist_normal_2280_filtered/normal_0110.png,/content/drive/MyDrive/MedSymmFlow_Project/synthetic_data/pneumoniamnist_normal_2280_filtered/normal_1731.png,0.958087682723999
/content/drive/MyDrive/MedSymmFlow_Project/synthetic_data/pneumoniamnist_normal_2280_filtered/normal_1554.png,/content/drive/MyDrive/MedSymmFlow_Project/synthetic_data/pneumoniamnist_normal_2280_filtered/normal_0101.png,0.9580854773521423
/content/drive/MyDrive/MedSymmFlow_Project/synthetic_data/pneumoniamnist_normal_2280_filtered/normal_2099.png,/content/drive/MyDrive/MedSymmFlow_Project/synthetic_data/pneumoniamnist_normal_2280_filtered/normal_0324.png,0.9580506086349487
/content/drive/MyDrive/MedSymmFlow_Project/synthetic_data/pneumoniamnist_normal_2280_filtered/normal_1308.png,/content/drive/MyDrive/MedSymmFlow_Project/synthetic_data/pneumoniamnist_normal_2280_filtered/normal_1163.png,0.957974910736084
/content/drive/MyDrive/MedSymmFlow_Project/synthetic_data/pneumoniamnist_normal_2280_filtered/normal_0444.png,/content/drive/MyDrive/MedSymmFlow_Project/synthetic_data/pneumoniamnist_normal_2280_filtered/normal_0393.png,0.9578986763954163
/content/drive/MyDrive/MedSymmFlow_Project/synthetic_data/pneumoniamnist_normal_2280_filtered/normal_1599.png,/content/drive/MyDrive/MedSymmFlow_Project/synthetic_data/pneumoniamnist_normal_2280_filtered/normal_0191.png,0.9578284025192261
/content/drive/MyDrive/MedSymmFlow_Project/synthetic_data/pneumoniamnist_normal_2280_filtered/normal_1192.png,/content/drive/MyDrive/MedSymmFlow_Project/synthetic_data/pneumoniamnist_normal_2280_filtered/normal_0207.png,0.9578213691711426
/content/drive/MyDrive/MedSymmFlow_Project/synthetic_data/pneumoniamnist_normal_2280_filtered/normal_0666.png,/content/drive/MyDrive/MedSymmFlow_Project/synthetic_data/pneumoniamnist_normal_2280_filtered/normal_1937.png,0.9577968120574951
/content/drive/MyDrive/MedSymmFlow_Project/synthetic_data/pneumoniamnist_normal_2280_filtered/normal_1651.png,/content/drive/MyDrive/MedSymmFlow_Project/synthetic_data/pneumoniamnist_normal_2280_filtered/normal_0759.png,0.9576812386512756
/content/drive/MyDrive/MedSymmFlow_Project/synthetic_data/pneumoniamnist_normal_2280_filtered/normal_0380.png,/content/drive/MyDrive/MedSymmFlow_Project/synthetic_data/pneumoniamnist_normal_2280_filtered/normal_0809.png,0.9576449394226074
/content/drive/MyDrive/MedSymmFlow_Project/synthetic_data/pneumoniamnist_normal_2280_filtered/normal_1804.png,/content/drive/MyDrive/MedSymmFlow_Project/synthetic_data/pneumoniamnist_normal_2280_filtered/normal_0259.png,0.9576092958450317
/content/drive/MyDrive/MedSymmFlow_Project/synthetic_data/pneumoniamnist_normal_2280_filtered/normal_2072.png,/content/drive/MyDrive/MedSymmFlow_Project/synthetic_data/pneumoniamnist_normal_2280_filtered/normal_1435.png,0.957578182220459
/content/drive/MyDrive/MedSymmFlow_Project/synthetic_data/pneumoniamnist_normal_2280_filtered/normal_0107.png,/content/drive/MyDrive/MedSymmFlow_Project/synthetic_data/pneumoniamnist_normal_2280_filtered/normal_0569.png,0.9575644135475159
/content/drive/MyDrive/MedSymmFlow_Project/synthetic_data/pneumoniamnist_normal_2280_filtered/normal_1839.png,/content/drive/MyDrive/MedSymmFlow_Project/synthetic_data/pneumoniamnist_normal_2280_filtered/normal_1857.png,0.9575397968292236
/content/drive/MyDrive/MedSymmFlow_Project/synthetic_data/pneumoniamnist_normal_2280_filtered/normal_1022.png,/content/drive/MyDrive/MedSymmFlow_Project/synthetic_data/pneumoniamnist_normal_2280_filtered/normal_0624.png,0.9574309587478638
/content/drive/MyDrive/MedSymmFlow_Project/synthetic_data/pneumoniamnist_normal_2280_filtered/normal_1516.png,/content/drive/MyDrive/MedSymmFlow_Project/synthetic_data/pneumoniamnist_normal_2280_filtered/normal_2196.png,0.9574153423309326
/content/drive/MyDrive/MedSymmFlow_Project/synthetic_data/pneumoniamnist_normal_2280_filtered/normal_2077.png,/content/drive/MyDrive/MedSymmFlow_Project/synthetic_data/pneumoniamnist_normal_2280_filtered/normal_0152.png,0.9573777318000793
/content/drive/MyDrive/MedSymmFlow_Project/synthetic_data/pneumoniamnist_normal_2280_filtered/normal_0006.png,/content/drive/MyDrive/MedSymmFlow_Project/synthetic_data/pneumoniamnist_normal_2280_filtered/normal_0710.png,0.957355260848999
/content/drive/MyDrive/MedSymmFlow_Project/synthetic_data/pneumoniamnist_normal_2280_filtered/normal_2278.png,/content/drive/MyDrive/MedSymmFlow_Project/synthetic_data/pneumoniamnist_normal_2280_filtered/normal_1336.png,0.9573142528533936
/content/drive/MyDrive/MedSymmFlow_Project/synthetic_data/pneumoniamnist_normal_2280_filtered/normal_1613.png,/content/drive/MyDrive/MedSymmFlow_Project/synthetic_data/pneumoniamnist_normal_2280_filtered/normal_0713.png,0.9572606682777405
/content/drive/MyDrive/MedSymmFlow_Project/synthetic_data/pneumoniamnist_normal_2280_filtered/normal_2106.png,/content/drive/MyDrive/MedSymmFlow_Project/synthetic_data/pneumoniamnist_normal_2280_filtered/normal_0693.png,0.9572411179542542
/content/drive/MyDrive/MedSymmFlow_Project/synthetic_data/pneumoniamnist_normal_2280_filtered/normal_1201.png,/content/drive/MyDrive/MedSymmFlow_Project/synthetic_data/pneumoniamnist_normal_2280_filtered/normal_1657.png,0.9572404623031616
/content/drive/MyDrive/MedSymmFlow_Project/synthetic_data/pneumoniamnist_normal_2280_filtered/normal_1939.png,/content/drive/MyDrive/MedSymmFlow_Project/synthetic_data/pneumoniamnist_normal_2280_filtered/normal_1202.png,0.9572300910949707
/content/drive/MyDrive/MedSymmFlow_Project/synthetic_data/pneumoniamnist_normal_2280_filtered/normal_1202.png,/content/drive/MyDrive/MedSymmFlow_Project/synthetic_data/pneumoniamnist_normal_2280_filtered/normal_1939.png,0.9572300910949707
/content/drive/MyDrive/MedSymmFlow_Project/synthetic_data/pneumoniamnist_normal_2280_filtered/normal_1824.png,/content/drive/MyDrive/MedSymmFlow_Project/synthetic_data/pneumoniamnist_normal_2280_filtered/normal_0159.png,0.9572032690048218
/content/drive/MyDrive/MedSymmFlow_Project/synthetic_data/pneumoniamnist_normal_2280_filtered/normal_0881.png,/content/drive/MyDrive/MedSymmFlow_Project/synthetic_data/pneumoniamnist_normal_2280_filtered/normal_1656.png,0.9571863412857056
/content/drive/MyDrive/MedSymmFlow_Project/synthetic_data/pneumoniamnist_normal_2280_filtered/normal_1313.png,/content/drive/MyDrive/MedSymmFlow_Project/synthetic_data/pneumoniamnist_normal_2280_filtered/normal_0065.png,0.9571852684020996
/content/drive/MyDrive/MedSymmFlow_Project/synthetic_data/pneumoniamnist_normal_2280_filtered/normal_0311.png,/content/drive/MyDrive/MedSymmFlow_Project/synthetic_data/pneumoniamnist_normal_2280_filtered/normal_1199.png,0.9571754932403564
/content/drive/MyDrive/MedSymmFlow_Project/synthetic_data/pneumoniamnist_normal_2280_filtered/normal_0039.png,/content/drive/MyDrive/MedSymmFlow_Project/synthetic_data/pneumoniamnist_normal_2280_filtered/normal_0094.png,0.9571332335472107
/content/drive/MyDrive/MedSymmFlow_Project/synthetic_data/pneumoniamnist_normal_2280_filtered/normal_1768.png,/content/drive/MyDrive/MedSymmFlow_Project/synthetic_data/pneumoniamnist_normal_2280_filtered/normal_0887.png,0.9571200609207153
/content/drive/MyDrive/MedSymmFlow_Project/synthetic_data/pneumoniamnist_normal_2280_filtered/normal_0830.png,/content/drive/MyDrive/MedSymmFlow_Project/synthetic_data/pneumoniamnist_normal_2280_filtered/normal_0860.png,0.957106351852417
/content/drive/MyDrive/MedSymmFlow_Project/synthetic_data/pneumoniamnist_normal_2280_filtered/normal_0947.png,/content/drive/MyDrive/MedSymmFlow_Project/synthetic_data/pneumoniamnist_normal_2280_filtered/normal_2018.png,0.9570469856262207
/content/drive/MyDrive/MedSymmFlow_Project/synthetic_data/pneumoniamnist_normal_2280_filtered/normal_1690.png,/content/drive/MyDrive/MedSymmFlow_Project/synthetic_data/pneumoniamnist_normal_2280_filtered/normal_2019.png,0.9570392966270447
/content/drive/MyDrive/MedSymmFlow_Project/synthetic_data/pneumoniamnist_normal_2280_filtered/normal_1552.png,/content/drive/MyDrive/MedSymmFlow_Project/synthetic_data/pneumoniamnist_normal_2280_filtered/normal_0214.png,0.9570162296295166
/content/drive/MyDrive/MedSymmFlow_Project/synthetic_data/pneumoniamnist_normal_2280_filtered/normal_2233.png,/content/drive/MyDrive/MedSymmFlow_Project/synthetic_data/pneumoniamnist_normal_2280_filtered/normal_0709.png,0.9569860696792603
/content/drive/MyDrive/MedSymmFlow_Project/synthetic_data/pneumoniamnist_normal_2280_filtered/normal_1350.png,/content/drive/MyDrive/MedSymmFlow_Project/synthetic_data/pneumoniamnist_normal_2280_filtered/normal_0157.png,0.9569820761680603
/content/drive/MyDrive/MedSymmFlow_Project/synthetic_data/pneumoniamnist_normal_2280_filtered/normal_0146.png,/content/drive/MyDrive/MedSymmFlow_Project/synthetic_data/pneumoniamnist_normal_2280_filtered/normal_1198.png,0.956978440284729
/content/drive/MyDrive/MedSymmFlow_Project/synthetic_data/pneumoniamnist_normal_2280_filtered/normal_0231.png,/content/drive/MyDrive/MedSymmFlow_Project/synthetic_data/pneumoniamnist_normal_2280_filtered/normal_0383.png,0.9569491147994995
/content/drive/MyDrive/MedSymmFlow_Project/synthetic_data/pneumoniamnist_normal_2280_filtered/normal_0457.png,/content/drive/MyDrive/MedSymmFlow_Project/synthetic_data/pneumoniamnist_normal_2280_filtered/normal_0998.png,0.9569032192230225
/content/drive/MyDrive/MedSymmFlow_Project/synthetic_data/pneumoniamnist_normal_2280_filtered/normal_0406.png,/content/drive/MyDrive/MedSymmFlow_Project/synthetic_data/pneumoniamnist_normal_2280_filtered/normal_0237.png,0.9568368196487427
/content/drive/MyDrive/MedSymmFlow_Project/synthetic_data/pneumoniamnist_normal_2280_filtered/normal_1933.png,/content/drive/MyDrive/MedSymmFlow_Project/synthetic_data/pneumoniamnist_normal_2280_filtered/normal_0793.png,0.9567764401435852
/content/drive/MyDrive/MedSymmFlow_Project/synthetic_data/pneumoniamnist_normal_2280_filtered/normal_0077.png,/content/drive/MyDrive/MedSymmFlow_Project/synthetic_data/pneumoniamnist_normal_2280_filtered/normal_0418.png,0.9567694067955017
/content/drive/MyDrive/MedSymmFlow_Project/synthetic_data/pneumoniamnist_normal_2280_filtered/normal_0777.png,/content/drive/MyDrive/MedSymmFlow_Project/synthetic_data/pneumoniamnist_normal_2280_filtered/normal_1874.png,0.9567570686340332
/content/drive/MyDrive/MedSymmFlow_Project/synthetic_data/pneumoniamnist_normal_2280_filtered/normal_1915.png,/content/drive/MyDrive/MedSymmFlow_Project/synthetic_data/pneumoniamnist_normal_2280_filtered/normal_0302.png,0.9566845893859863
/content/drive/MyDrive/MedSymmFlow_Project/synthetic_data/pneumoniamnist_normal_2280_filtered/normal_1457.png,/content/drive/MyDrive/MedSymmFlow_Project/synthetic_data/pneumoniamnist_normal_2280_filtered/normal_1482.png,0.9566742777824402
/content/drive/MyDrive/MedSymmFlow_Project/synthetic_data/pneumoniamnist_normal_2280_filtered/normal_0427.png,/content/drive/MyDrive/MedSymmFlow_Project/synthetic_data/pneumoniamnist_normal_2280_filtered/normal_2032.png,0.9565999507904053
/content/drive/MyDrive/MedSymmFlow_Project/synthetic_data/pneumoniamnist_normal_2280_filtered/normal_1063.png,/content/drive/MyDrive/MedSymmFlow_Project/synthetic_data/pneumoniamnist_normal_2280_filtered/normal_1366.png,0.9565334320068359
/content/drive/MyDrive/MedSymmFlow_Project/synthetic_data/pneumoniamnist_normal_2280_filtered/normal_0249.png,/content/drive/MyDrive/MedSymmFlow_Project/synthetic_data/pneumoniamnist_normal_2280_filtered/normal_0149.png,0.9565166234970093
/content/drive/MyDrive/MedSymmFlow_Project/synthetic_data/pneumoniamnist_normal_2280_filtered/normal_0558.png,/content/drive/MyDrive/MedSymmFlow_Project/synthetic_data/pneumoniamnist_normal_2280_filtered/normal_1151.png,0.9564757347106934
/content/drive/MyDrive/MedSymmFlow_Project/synthetic_data/pneumoniamnist_normal_2280_filtered/normal_1434.png,/content/drive/MyDrive/MedSymmFlow_Project/synthetic_data/pneumoniamnist_normal_2280_filtered/normal_0785.png,0.9564733505249023
/content/drive/MyDrive/MedSymmFlow_Project/synthetic_data/pneumoniamnist_normal_2280_filtered/normal_1002.png,/content/drive/MyDrive/MedSymmFlow_Project/synthetic_data/pneumoniamnist_normal_2280_filtered/normal_0289.png,0.9564293622970581
/content/drive/MyDrive/MedSymmFlow_Project/synthetic_data/pneumoniamnist_normal_2280_filtered/normal_0937.png,/content/drive/MyDrive/MedSymmFlow_Project/synthetic_data/pneumoniamnist_normal_2280_filtered/normal_1099.png,0.9563555717468262
/content/drive/MyDrive/MedSymmFlow_Project/synthetic_data/pneumoniamnist_normal_2280_filtered/normal_2276.png,/content/drive/MyDrive/MedSymmFlow_Project/synthetic_data/pneumoniamnist_normal_2280_filtered/normal_1268.png,0.9563542008399963
/content/drive/MyDrive/MedSymmFlow_Project/synthetic_data/pneumoniamnist_normal_2280_filtered/normal_1450.png,/content/drive/MyDrive/MedSymmFlow_Project/synthetic_data/pneumoniamnist_normal_2280_filtered/normal_0978.png,0.9563335180282593
/content/drive/MyDrive/MedSymmFlow_Project/synthetic_data/pneumoniamnist_normal_2280_filtered/normal_1736.png,/content/drive/MyDrive/MedSymmFlow_Project/synthetic_data/pneumoniamnist_normal_2280_filtered/normal_1739.png,0.9563102722167969
/content/drive/MyDrive/MedSymmFlow_Project/synthetic_data/pneumoniamnist_normal_2280_filtered/normal_0674.png,/content/drive/MyDrive/MedSymmFlow_Project/synthetic_data/pneumoniamnist_normal_2280_filtered/normal_0978.png,0.9563003778457642
/content/drive/MyDrive/MedSymmFlow_Project/synthetic_data/pneumoniamnist_normal_2280_filtered/normal_0843.png,/content/drive/MyDrive/MedSymmFlow_Project/synthetic_data/pneumoniamnist_normal_2280_filtered/normal_0380.png,0.9562990069389343
/content/drive/MyDrive/MedSymmFlow_Project/synthetic_data/pneumoniamnist_normal_2280_filtered/normal_0992.png,/content/drive/MyDrive/MedSymmFlow_Project/synthetic_data/pneumoniamnist_normal_2280_filtered/normal_0838.png,0.9562968015670776
/content/drive/MyDrive/MedSymmFlow_Project/synthetic_data/pneumoniamnist_normal_2280_filtered/normal_0230.png,/content/drive/MyDrive/MedSymmFlow_Project/synthetic_data/pneumoniamnist_normal_2280_filtered/normal_0986.png,0.9562764763832092
/content/drive/MyDrive/MedSymmFlow_Project/synthetic_data/pneumoniamnist_normal_2280_filtered/normal_1887.png,/content/drive/MyDrive/MedSymmFlow_Project/synthetic_data/pneumoniamnist_normal_2280_filtered/normal_0347.png,0.9562715291976929
/content/drive/MyDrive/MedSymmFlow_Project/synthetic_data/pneumoniamnist_normal_2280_filtered/normal_0505.png,/content/drive/MyDrive/MedSymmFlow_Project/synthetic_data/pneumoniamnist_normal_2280_filtered/normal_1576.png,0.9562270045280457
/content/drive/MyDrive/MedSymmFlow_Project/synthetic_data/pneumoniamnist_normal_2280_filtered/normal_0056.png,/content/drive/MyDrive/MedSymmFlow_Project/synthetic_data/pneumoniamnist_normal_2280_filtered/normal_0232.png,0.9561365842819214
/content/drive/MyDrive/MedSymmFlow_Project/synthetic_data/pneumoniamnist_normal_2280_filtered/normal_1338.png,/content/drive/MyDrive/MedSymmFlow_Project/synthetic_data/pneumoniamnist_normal_2280_filtered/normal_0707.png,0.9561084508895874
/content/drive/MyDrive/MedSymmFlow_Project/synthetic_data/pneumoniamnist_normal_2280_filtered/normal_1253.png,/content/drive/MyDrive/MedSymmFlow_Project/synthetic_data/pneumoniamnist_normal_2280_filtered/normal_1678.png,0.956102192401886
/content/drive/MyDrive/MedSymmFlow_Project/synthetic_data/pneumoniamnist_normal_2280_filtered/normal_0602.png,/content/drive/MyDrive/MedSymmFlow_Project/synthetic_data/pneumoniamnist_normal_2280_filtered/normal_0492.png,0.9560891389846802
/content/drive/MyDrive/MedSymmFlow_Project/synthetic_data/pneumoniamnist_normal_2280_filtered/normal_0556.png,/content/drive/MyDrive/MedSymmFlow_Project/synthetic_data/pneumoniamnist_normal_2280_filtered/normal_0365.png,0.956018328666687
/content/drive/MyDrive/MedSymmFlow_Project/synthetic_data/pneumoniamnist_normal_2280_filtered/normal_1328.png,/content/drive/MyDrive/MedSymmFlow_Project/synthetic_data/pneumoniamnist_normal_2280_filtered/normal_0626.png,0.956000566482544
/content/drive/MyDrive/MedSymmFlow_Project/synthetic_data/pneumoniamnist_normal_2280_filtered/normal_0028.png,/content/drive/MyDrive/MedSymmFlow_Project/synthetic_data/pneumoniamnist_normal_2280_filtered/normal_0469.png,0.9559054970741272
/content/drive/MyDrive/MedSymmFlow_Project/synthetic_data/pneumoniamnist_normal_2280_filtered/normal_2117.png,/content/drive/MyDrive/MedSymmFlow_Project/synthetic_data/pneumoniamnist_normal_2280_filtered/normal_0646.png,0.9558779001235962
/content/drive/MyDrive/MedSymmFlow_Project/synthetic_data/pneumoniamnist_normal_2280_filtered/normal_0945.png,/content/drive/MyDrive/MedSymmFlow_Project/synthetic_data/pneumoniamnist_normal_2280_filtered/normal_0210.png,0.9557679891586304
/content/drive/MyDrive/MedSymmFlow_Project/synthetic_data/pneumoniamnist_normal_2280_filtered/normal_2236.png,/content/drive/MyDrive/MedSymmFlow_Project/synthetic_data/pneumoniamnist_normal_2280_filtered/normal_1277.png,0.9557214975357056
/content/drive/MyDrive/MedSymmFlow_Project/synthetic_data/pneumoniamnist_normal_2280_filtered/normal_1092.png,/content/drive/MyDrive/MedSymmFlow_Project/synthetic_data/pneumoniamnist_normal_2280_filtered/normal_1430.png,0.9557033777236938
/content/drive/MyDrive/MedSymmFlow_Project/synthetic_data/pneumoniamnist_normal_2280_filtered/normal_0686.png,/content/drive/MyDrive/MedSymmFlow_Project/synthetic_data/pneumoniamnist_normal_2280_filtered/normal_2262.png,0.9554956555366516
/content/drive/MyDrive/MedSymmFlow_Project/synthetic_data/pneumoniamnist_normal_2280_filtered/normal_1979.png,/content/drive/MyDrive/MedSymmFlow_Project/synthetic_data/pneumoniamnist_normal_2280_filtered/normal_0762.png,0.9554884433746338
/content/drive/MyDrive/MedSymmFlow_Project/synthetic_data/pneumoniamnist_normal_2280_filtered/normal_0321.png,/content/drive/MyDrive/MedSymmFlow_Project/synthetic_data/pneumoniamnist_normal_2280_filtered/normal_0104.png,0.955469012260437
/content/drive/MyDrive/MedSymmFlow_Project/synthetic_data/pneumoniamnist_normal_2280_filtered/normal_2180.png,/content/drive/MyDrive/MedSymmFlow_Project/synthetic_data/pneumoniamnist_normal_2280_filtered/normal_1281.png,0.9554294347763062
/content/drive/MyDrive/MedSymmFlow_Project/synthetic_data/pneumoniamnist_normal_2280_filtered/normal_0715.png,/content/drive/MyDrive/MedSymmFlow_Project/synthetic_data/pneumoniamnist_normal_2280_filtered/normal_1739.png,0.9553914070129395
/content/drive/MyDrive/MedSymmFlow_Project/synthetic_data/pneumoniamnist_normal_2280_filtered/normal_2126.png,/content/drive/MyDrive/MedSymmFlow_Project/synthetic_data/pneumoniamnist_normal_2280_filtered/normal_1943.png,0.9553567171096802
/content/drive/MyDrive/MedSymmFlow_Project/synthetic_data/pneumoniamnist_normal_2280_filtered/normal_0816.png,/content/drive/MyDrive/MedSymmFlow_Project/synthetic_data/pneumoniamnist_normal_2280_filtered/normal_2144.png,0.9552552103996277
/content/drive/MyDrive/MedSymmFlow_Project/synthetic_data/pneumoniamnist_normal_2280_filtered/normal_1030.png,/content/drive/MyDrive/MedSymmFlow_Project/synthetic_data/pneumoniamnist_normal_2280_filtered/normal_0516.png,0.9551982283592224
/content/drive/MyDrive/MedSymmFlow_Project/synthetic_data/pneumoniamnist_normal_2280_filtered/normal_1184.png,/content/drive/MyDrive/MedSymmFlow_Project/synthetic_data/pneumoniamnist_normal_2280_filtered/normal_0243.png,0.9549896121025085
/content/drive/MyDrive/MedSymmFlow_Project/synthetic_data/pneumoniamnist_normal_2280_filtered/normal_0336.png,/content/drive/MyDrive/MedSymmFlow_Project/synthetic_data/pneumoniamnist_normal_2280_filtered/normal_0449.png,0.95490562915802
/content/drive/MyDrive/MedSymmFlow_Project/synthetic_data/pneumoniamnist_normal_2280_filtered/normal_1570.png,/content/drive/MyDrive/MedSymmFlow_Project/synthetic_data/pneumoniamnist_normal_2280_filtered/normal_1760.png,0.9548532962799072
/content/drive/MyDrive/MedSymmFlow_Project/synthetic_data/pneumoniamnist_normal_2280_filtered/normal_2055.png,/content/drive/MyDrive/MedSymmFlow_Project/synthetic_data/pneumoniamnist_normal_2280_filtered/normal_0479.png,0.9547834396362305
/content/drive/MyDrive/MedSymmFlow_Project/synthetic_data/pneumoniamnist_normal_2280_filtered/normal_1733.png,/content/drive/MyDrive/MedSymmFlow_Project/synthetic_data/pneumoniamnist_normal_2280_filtered/normal_2158.png,0.954766035079956
/content/drive/MyDrive/MedSymmFlow_Project/synthetic_data/pneumoniamnist_normal_2280_filtered/normal_2201.png,/content/drive/MyDrive/MedSymmFlow_Project/synthetic_data/pneumoniamnist_normal_2280_filtered/normal_1685.png,0.9546084403991699
/content/drive/MyDrive/MedSymmFlow_Project/synthetic_data/pneumoniamnist_normal_2280_filtered/normal_1256.png,/content/drive/MyDrive/MedSymmFlow_Project/synthetic_data/pneumoniamnist_normal_2280_filtered/normal_0715.png,0.9545916318893433
/content/drive/MyDrive/MedSymmFlow_Project/synthetic_data/pneumoniamnist_normal_2280_filtered/normal_1793.png,/content/drive/MyDrive/MedSymmFlow_Project/synthetic_data/pneumoniamnist_normal_2280_filtered/normal_1760.png,0.9545167684555054
/content/drive/MyDrive/MedSymmFlow_Project/synthetic_data/pneumoniamnist_normal_2280_filtered/normal_1365.png,/content/drive/MyDrive/MedSymmFlow_Project/synthetic_data/pneumoniamnist_normal_2280_filtered/normal_0714.png,0.9545152187347412
/content/drive/MyDrive/MedSymmFlow_Project/synthetic_data/pneumoniamnist_normal_2280_filtered/normal_0364.png,/content/drive/MyDrive/MedSymmFlow_Project/synthetic_data/pneumoniamnist_normal_2280_filtered/normal_1804.png,0.9544963240623474
/content/drive/MyDrive/MedSymmFlow_Project/synthetic_data/pneumoniamnist_normal_2280_filtered/normal_0103.png,/content/drive/MyDrive/MedSymmFlow_Project/synthetic_data/pneumoniamnist_normal_2280_filtered/normal_0873.png,0.9544670581817627
/content/drive/MyDrive/MedSymmFlow_Project/synthetic_data/pneumoniamnist_normal_2280_filtered/normal_1312.png,/content/drive/MyDrive/MedSymmFlow_Project/synthetic_data/pneumoniamnist_normal_2280_filtered/normal_0936.png,0.9544442892074585
/content/drive/MyDrive/MedSymmFlow_Project/synthetic_data/pneumoniamnist_normal_2280_filtered/normal_2003.png,/content/drive/MyDrive/MedSymmFlow_Project/synthetic_data/pneumoniamnist_normal_2280_filtered/normal_0454.png,0.9544352293014526
/content/drive/MyDrive/MedSymmFlow_Project/synthetic_data/pneumoniamnist_normal_2280_filtered/normal_0914.png,/content/drive/MyDrive/MedSymmFlow_Project/synthetic_data/pneumoniamnist_normal_2280_filtered/normal_0241.png,0.9544138312339783
/content/drive/MyDrive/MedSymmFlow_Project/synthetic_data/pneumoniamnist_normal_2280_filtered/normal_1167.png,/content/drive/MyDrive/MedSymmFlow_Project/synthetic_data/pneumoniamnist_normal_2280_filtered/normal_0250.png,0.9543261528015137
/content/drive/MyDrive/MedSymmFlow_Project/synthetic_data/pneumoniamnist_normal_2280_filtered/normal_0369.png,/content/drive/MyDrive/MedSymmFlow_Project/synthetic_data/pneumoniamnist_normal_2280_filtered/normal_0105.png,0.9542348384857178
/content/drive/MyDrive/MedSymmFlow_Project/synthetic_data/pneumoniamnist_normal_2280_filtered/normal_0041.png,/content/drive/MyDrive/MedSymmFlow_Project/synthetic_data/pneumoniamnist_normal_2280_filtered/normal_0443.png,0.9540685415267944
/content/drive/MyDrive/MedSymmFlow_Project/synthetic_data/pneumoniamnist_normal_2280_filtered/normal_2215.png,/content/drive/MyDrive/MedSymmFlow_Project/synthetic_data/pneumoniamnist_normal_2280_filtered/normal_0051.png,0.9539936780929565
/content/drive/MyDrive/MedSymmFlow_Project/synthetic_data/pneumoniamnist_normal_2280_filtered/normal_1343.png,/content/drive/MyDrive/MedSymmFlow_Project/synthetic_data/pneumoniamnist_normal_2280_filtered/normal_2189.png,0.9539518356323242
/content/drive/MyDrive/MedSymmFlow_Project/synthetic_data/pneumoniamnist_normal_2280_filtered/normal_0769.png,/content/drive/MyDrive/MedSymmFlow_Project/synthetic_data/pneumoniamnist_normal_2280_filtered/normal_1824.png,0.9537464380264282
/content/drive/MyDrive/MedSymmFlow_Project/synthetic_data/pneumoniamnist_normal_2280_filtered/normal_1740.png,/content/drive/MyDrive/MedSymmFlow_Project/synthetic_data/pneumoniamnist_normal_2280_filtered/normal_0168.png,0.953734815120697
/content/drive/MyDrive/MedSymmFlow_Project/synthetic_data/pneumoniamnist_normal_2280_filtered/normal_1411.png,/content/drive/MyDrive/MedSymmFlow_Project/synthetic_data/pneumoniamnist_normal_2280_filtered/normal_1891.png,0.9536131024360657
/content/drive/MyDrive/MedSymmFlow_Project/synthetic_data/pneumoniamnist_normal_2280_filtered/normal_0875.png,/content/drive/MyDrive/MedSymmFlow_Project/synthetic_data/pneumoniamnist_normal_2280_filtered/normal_1917.png,0.9535585641860962
/content/drive/MyDrive/MedSymmFlow_Project/synthetic_data/pneumoniamnist_normal_2280_filtered/normal_0827.png,/content/drive/MyDrive/MedSymmFlow_Project/synthetic_data/pneumoniamnist_normal_2280_filtered/normal_2075.png,0.9534624814987183
/content/drive/MyDrive/MedSymmFlow_Project/synthetic_data/pneumoniamnist_normal_2280_filtered/normal_0600.png,/content/drive/MyDrive/MedSymmFlow_Project/synthetic_data/pneumoniamnist_normal_2280_filtered/normal_0210.png,0.9533969759941101
/content/drive/MyDrive/MedSymmFlow_Project/synthetic_data/pneumoniamnist_normal_2280_filtered/normal_0872.png,/content/drive/MyDrive/MedSymmFlow_Project/synthetic_data/pneumoniamnist_normal_2280_filtered/normal_0849.png,0.9532155990600586
/content/drive/MyDrive/MedSymmFlow_Project/synthetic_data/pneumoniamnist_normal_2280_filtered/normal_1965.png,/content/drive/MyDrive/MedSymmFlow_Project/synthetic_data/pneumoniamnist_normal_2280_filtered/normal_1475.png,0.9532061219215393
/content/drive/MyDrive/MedSymmFlow_Project/synthetic_data/pneumoniamnist_normal_2280_filtered/normal_1480.png,/content/drive/MyDrive/MedSymmFlow_Project/synthetic_data/pneumoniamnist_normal_2280_filtered/normal_0267.png,0.9532009363174438
/content/drive/MyDrive/MedSymmFlow_Project/synthetic_data/pneumoniamnist_normal_2280_filtered/normal_1006.png,/content/drive/MyDrive/MedSymmFlow_Project/synthetic_data/pneumoniamnist_normal_2280_filtered/normal_0350.png,0.9529350996017456
/content/drive/MyDrive/MedSymmFlow_Project/synthetic_data/pneumoniamnist_normal_2280_filtered/normal_1293.png,/content/drive/MyDrive/MedSymmFlow_Project/synthetic_data/pneumoniamnist_normal_2280_filtered/normal_1972.png,0.9523339867591858
/content/drive/MyDrive/MedSymmFlow_Project/synthetic_data/pneumoniamnist_normal_2280_filtered/normal_0776.png,/content/drive/MyDrive/MedSymmFlow_Project/synthetic_data/pneumoniamnist_normal_2280_filtered/normal_0533.png,0.9522833824157715
/content/drive/MyDrive/MedSymmFlow_Project/synthetic_data/pneumoniamnist_normal_2280_filtered/normal_0636.png,/content/drive/MyDrive/MedSymmFlow_Project/synthetic_data/pneumoniamnist_normal_2280_filtered/normal_0928.png,0.9522171020507812
/content/drive/MyDrive/MedSymmFlow_Project/synthetic_data/pneumoniamnist_normal_2280_filtered/normal_1873.png,/content/drive/MyDrive/MedSymmFlow_Project/synthetic_data/pneumoniamnist_normal_2280_filtered/normal_0892.png,0.9521646499633789
/content/drive/MyDrive/MedSymmFlow_Project/synthetic_data/pneumoniamnist_normal_2280_filtered/normal_0523.png,/content/drive/MyDrive/MedSymmFlow_Project/synthetic_data/pneumoniamnist_normal_2280_filtered/normal_0323.png,0.9517354965209961
/content/drive/MyDrive/MedSymmFlow_Project/synthetic_data/pneumoniamnist_normal_2280_filtered/normal_0638.png,/content/drive/MyDrive/MedSymmFlow_Project/synthetic_data/pneumoniamnist_normal_2280_filtered/normal_2249.png,0.9514131546020508
/content/drive/MyDrive/MedSymmFlow_Project/synthetic_data/pneumoniamnist_normal_2280_filtered/normal_0803.png,/content/drive/MyDrive/MedSymmFlow_Project/synthetic_data/pneumoniamnist_normal_2280_filtered/normal_0625.png,0.95110023021698
/content/drive/MyDrive/MedSymmFlow_Project/synthetic_data/pneumoniamnist_normal_2280_filtered/normal_2221.png,/content/drive/MyDrive/MedSymmFlow_Project/synthetic_data/pneumoniamnist_normal_2280_filtered/normal_2033.png,0.9507896900177002
/content/drive/MyDrive/MedSymmFlow_Project/synthetic_data/pneumoniamnist_normal_2280_filtered/normal_0491.png,/content/drive/MyDrive/MedSymmFlow_Project/synthetic_data/pneumoniamnist_normal_2280_filtered/normal_0036.png,0.9505609273910522
/content/drive/MyDrive/MedSymmFlow_Project/synthetic_data/pneumoniamnist_normal_2280_filtered/normal_0615.png,/content/drive/MyDrive/MedSymmFlow_Project/synthetic_data/pneumoniamnist_normal_2280_filtered/normal_1819.png,0.950448215007782
/content/drive/MyDrive/MedSymmFlow_Project/synthetic_data/pneumoniamnist_normal_2280_filtered/normal_2064.png,/content/drive/MyDrive/MedSymmFlow_Project/synthetic_data/pneumoniamnist_normal_2280_filtered/normal_0357.png,0.9501362442970276
/content/drive/MyDrive/MedSymmFlow_Project/synthetic_data/pneumoniamnist_normal_2280_filtered/normal_1495.png,/content/drive/MyDrive/MedSymmFlow_Project/synthetic_data/pneumoniamnist_normal_2280_filtered/normal_0585.png,0.9497833251953125
/content/drive/MyDrive/MedSymmFlow_Project/synthetic_data/pneumoniamnist_normal_2280_filtered/normal_0589.png,/content/drive/MyDrive/MedSymmFlow_Project/synthetic_data/pneumoniamnist_normal_2280_filtered/normal_1102.png,0.9493987560272217
/content/drive/MyDrive/MedSymmFlow_Project/synthetic_data/pneumoniamnist_normal_2280_filtered/normal_2125.png,/content/drive/MyDrive/MedSymmFlow_Project/synthetic_data/pneumoniamnist_normal_2280_filtered/normal_1966.png,0.9492020010948181
/content/drive/MyDrive/MedSymmFlow_Project/synthetic_data/pneumoniamnist_normal_2280_filtered/normal_1995.png,/content/drive/MyDrive/MedSymmFlow_Project/synthetic_data/pneumoniamnist_normal_2280_filtered/normal_1682.png,0.9490259289741516
/content/drive/MyDrive/MedSymmFlow_Project/synthetic_data/pneumoniamnist_normal_2280_filtered/normal_0115.png,/content/drive/MyDrive/MedSymmFlow_Project/synthetic_data/pneumoniamnist_normal_2280_filtered/normal_1162.png,0.9487483501434326
/content/drive/MyDrive/MedSymmFlow_Project/synthetic_data/pneumoniamnist_normal_2280_filtered/normal_0720.png,/content/drive/MyDrive/MedSymmFlow_Project/synthetic_data/pneumoniamnist_normal_2280_filtered/normal_0490.png,0.9487214088439941
/content/drive/MyDrive/MedSymmFlow_Project/synthetic_data/pneumoniamnist_normal_2280_filtered/normal_2097.png,/content/drive/MyDrive/MedSymmFlow_Project/synthetic_data/pneumoniamnist_normal_2280_filtered/normal_1385.png,0.9486792087554932
/content/drive/MyDrive/MedSymmFlow_Project/synthetic_data/pneumoniamnist_normal_2280_filtered/normal_1658.png,/content/drive/MyDrive/MedSymmFlow_Project/synthetic_data/pneumoniamnist_normal_2280_filtered/normal_2070.png,0.948039174079895
/content/drive/MyDrive/MedSymmFlow_Project/synthetic_data/pneumoniamnist_normal_2280_filtered/normal_2268.png,/content/drive/MyDrive/MedSymmFlow_Project/synthetic_data/pneumoniamnist_normal_2280_filtered/normal_0073.png,0.9475947022438049
/content/drive/MyDrive/MedSymmFlow_Project/synthetic_data/pneumoniamnist_normal_2280_filtered/normal_1195.png,/content/drive/MyDrive/MedSymmFlow_Project/synthetic_data/pneumoniamnist_normal_2280_filtered/normal_1309.png,0.9472451210021973
/content/drive/MyDrive/MedSymmFlow_Project/synthetic_data/pneumoniamnist_normal_2280_filtered/normal_1957.png,/content/drive/MyDrive/MedSymmFlow_Project/synthetic_data/pneumoniamnist_normal_2280_filtered/normal_1637.png,0.9461218118667603
/content/drive/MyDrive/MedSymmFlow_Project/synthetic_data/pneumoniamnist_normal_2280_filtered/normal_1691.png,/content/drive/MyDrive/MedSymmFlow_Project/synthetic_data/pneumoniamnist_normal_2280_filtered/normal_1797.png,0.9460490942001343
/content/drive/MyDrive/MedSymmFlow_Project/synthetic_data/pneumoniamnist_normal_2280_filtered/normal_0218.png,/content/drive/MyDrive/MedSymmFlow_Project/synthetic_data/pneumoniamnist_normal_2280_filtered/normal_0434.png,0.9458268880844116
/content/drive/MyDrive/MedSymmFlow_Project/synthetic_data/pneumoniamnist_normal_2280_filtered/normal_0081.png,/content/drive/MyDrive/MedSymmFlow_Project/synthetic_data/pneumoniamnist_normal_2280_filtered/normal_0028.png,0.9458087682723999
/content/drive/MyDrive/MedSymmFlow_Project/synthetic_data/pneumoniamnist_normal_2280_filtered/normal_1588.png,/content/drive/MyDrive/MedSymmFlow_Project/synthetic_data/pneumoniamnist_normal_2280_filtered/normal_1345.png,0.9450545310974121
/content/drive/MyDrive/MedSymmFlow_Project/synthetic_data/pneumoniamnist_normal_2280_filtered/normal_1615.png,/content/drive/MyDrive/MedSymmFlow_Project/synthetic_data/pneumoniamnist_normal_2280_filtered/normal_2158.png,0.9449303150177002
/content/drive/MyDrive/MedSymmFlow_Project/synthetic_data/pneumoniamnist_normal_2280_filtered/normal_1737.png,/content/drive/MyDrive/MedSymmFlow_Project/synthetic_data/pneumoniamnist_normal_2280_filtered/normal_0095.png,0.9430114030838013

